attendance_id,employee_id,attendance_year,attendance_month,working_days,present_days,leave_days,absentee_days,wfh_days
1,1,2023,4,23,19,2,2,4
2,1,2023,5,20,17,1,2,3
3,1,2023,6,22,16,4,2,6
4,1,2023,7,22,20,0,2,2
5,1,2023,8,20,18,1,1,4
6,1,2023,9,23,21,0,2,7
7,1,2023,10,20,16,3,1,4
8,1,2023,11,22,18,4,0,5
9,1,2023,12,21,20,0,1,4
10,1,2024,1,21,20,1,0,6
11,1,2024,2,22,21,0,1,1
12,1,2024,3,22,20,2,0,3
13,1,2024,4,22,21,0,1,7
14,1,2024,5,22,17,3,2,6
15,1,2024,6,21,15,4,2,2
16,1,2024,7,23,19,2,2,8
17,1,2024,8,21,18,3,0,8
18,1,2024,9,20,18,2,0,1
19,1,2024,10,20,19,0,1,7
20,1,2024,11,22,19,2,1,6
21,1,2024,12,20,17,3,0,4
22,1,2025,1,20,19,1,0,4
23,1,2025,2,20,19,1,0,5
24,1,2025,3,21,19,0,2,7
25,1,2025,4,21,18,2,1,6
26,1,2025,5,20,14,4,2,4
27,1,2025,6,23,19,3,1,3
28,1,2025,7,21,21,0,0,2
29,1,2025,8,23,20,1,2,2
30,1,2025,9,22,17,4,1,8
31,1,2025,10,23,23,0,0,6
32,1,2025,11,22,21,1,0,6
33,1,2025,12,20,18,2,0,3
34,2,2023,7,23,21,0,2,0
35,2,2023,8,21,16,4,1,1
36,2,2023,9,21,17,3,1,2
37,2,2023,10,21,18,2,1,1
38,2,2023,11,23,22,0,1,0
39,2,2023,12,20,15,3,2,8
40,2,2024,1,20,19,0,1,2
41,2,2024,2,22,16,4,2,4
42,2,2024,3,23,18,3,2,5
43,2,2024,4,21,18,2,1,8
44,2,2024,5,23,19,3,1,4
45,2,2024,6,22,22,0,0,5
46,2,2024,7,23,20,1,2,8
47,2,2024,8,22,17,4,1,1
48,2,2024,9,23,22,1,0,7
49,2,2024,10,23,20,3,0,2
50,2,2024,11,20,18,2,0,7
51,2,2024,12,20,15,4,1,8
52,2,2025,1,21,17,2,2,7
53,2,2025,2,20,15,4,1,1
54,2,2025,3,23,20,2,1,4
55,2,2025,4,23,19,3,1,5
56,2,2025,5,23,20,3,0,1
57,2,2025,6,20,19,0,1,0
58,2,2025,7,22,20,0,2,4
59,2,2025,8,21,17,4,0,1
60,2,2025,9,20,16,4,0,1
61,2,2025,10,20,16,2,2,1
62,2,2025,11,22,17,4,1,1
63,2,2025,12,22,16,4,2,5
64,3,2025,4,22,18,2,2,4
65,3,2025,5,22,16,4,2,6
66,3,2025,6,20,18,0,2,5
67,3,2025,7,20,16,4,0,6
68,3,2025,8,22,17,4,1,0
69,3,2025,9,20,17,3,0,1
70,3,2025,10,20,15,4,1,3
71,3,2025,11,21,18,1,2,3
72,3,2025,12,22,22,0,0,3
73,4,2023,10,21,17,2,2,6
74,4,2023,11,23,20,1,2,8
75,4,2023,12,23,19,2,2,1
76,4,2024,1,22,20,0,2,7
77,4,2024,2,20,19,1,0,1
78,4,2024,3,21,20,0,1,6
79,4,2024,4,20,17,1,2,1
80,4,2024,5,21,21,0,0,8
81,4,2024,6,21,15,4,2,1
82,4,2024,7,22,19,1,2,1
83,4,2024,8,23,22,1,0,1
84,4,2024,9,23,21,1,1,5
85,4,2024,10,21,15,4,2,3
86,4,2024,11,20,18,0,2,3
87,4,2024,12,22,20,1,1,7
88,4,2025,1,23,19,3,1,1
89,5,2024,9,21,18,3,0,7
90,5,2024,10,20,19,0,1,2
91,5,2024,11,20,18,0,2,7
92,5,2024,12,20,18,0,2,2
93,5,2025,1,22,19,1,2,4
94,5,2025,2,23,19,2,2,1
95,5,2025,3,20,15,3,2,5
96,5,2025,4,23,19,4,0,6
97,5,2025,5,21,15,4,2,0
98,5,2025,6,23,21,0,2,7
99,5,2025,7,20,19,1,0,1
100,5,2025,8,21,18,2,1,4
101,5,2025,9,21,18,3,0,5
102,5,2025,10,23,20,3,0,4
103,5,2025,11,23,23,0,0,1
104,5,2025,12,20,17,3,0,6
105,6,2022,7,22,20,0,2,2
106,6,2022,8,20,19,1,0,0
107,6,2022,9,22,17,3,2,3
108,6,2022,10,20,16,2,2,6
109,6,2022,11,22,22,0,0,3
110,6,2022,12,20,16,4,0,3
111,6,2023,1,22,19,1,2,4
112,6,2023,2,23,19,2,2,1
113,6,2023,3,20,16,4,0,4
114,6,2023,4,20,17,3,0,8
115,6,2023,5,20,17,2,1,1
116,6,2023,6,21,16,4,1,2
117,6,2023,7,21,18,2,1,6
118,6,2023,8,21,17,2,2,2
119,6,2023,9,23,22,0,1,8
120,6,2023,10,20,15,3,2,5
121,6,2023,11,20,20,0,0,2
122,6,2023,12,23,23,0,0,8
123,6,2024,1,22,18,3,1,4
124,6,2024,2,21,21,0,0,4
125,6,2024,3,21,19,2,0,7
126,6,2024,4,22,19,1,2,5
127,6,2024,5,22,18,4,0,0
128,6,2024,6,23,21,1,1,1
129,6,2024,7,20,16,3,1,1
130,6,2024,8,21,17,4,0,1
131,6,2024,9,23,21,0,2,2
132,6,2024,10,22,16,4,2,5
133,6,2024,11,22,17,3,2,0
134,6,2024,12,22,17,4,1,0
135,6,2025,1,23,19,4,0,1
136,6,2025,2,21,21,0,0,2
137,6,2025,3,20,16,4,0,2
138,6,2025,4,20,18,1,1,0
139,6,2025,5,22,19,3,0,8
140,6,2025,6,22,21,1,0,1
141,6,2025,7,21,17,3,1,2
142,6,2025,8,23,20,3,0,0
143,6,2025,9,22,18,2,2,7
144,6,2025,10,22,17,3,2,1
145,6,2025,11,23,20,1,2,7
146,6,2025,12,20,14,4,2,3
147,7,2023,8,20,18,0,2,5
148,7,2023,9,21,20,0,1,5
149,7,2023,10,23,17,4,2,1
150,7,2023,11,22,17,3,2,8
151,7,2023,12,22,22,0,0,3
152,7,2024,1,21,19,0,2,0
153,7,2024,2,22,17,4,1,6
154,7,2024,3,23,21,2,0,3
155,7,2024,4,20,16,4,0,0
156,7,2024,5,23,22,0,1,5
157,7,2024,6,23,19,4,0,4
158,7,2024,7,22,16,4,2,3
159,7,2024,8,20,15,4,1,2
160,7,2024,9,22,17,3,2,2
161,7,2024,10,23,21,2,0,0
162,7,2024,11,23,22,1,0,4
163,7,2024,12,23,18,4,1,1
164,7,2025,1,20,15,3,2,1
165,7,2025,2,23,18,4,1,3
166,7,2025,3,21,17,4,0,2
167,7,2025,4,21,19,2,0,1
168,7,2025,5,22,20,1,1,1
169,7,2025,6,21,16,3,2,7
170,7,2025,7,23,18,4,1,8
171,7,2025,8,23,22,0,1,4
172,7,2025,9,23,22,0,1,5
173,7,2025,10,20,14,4,2,0
174,7,2025,11,21,17,2,2,1
175,7,2025,12,21,18,1,2,2
176,8,2025,3,22,22,0,0,4
177,8,2025,4,22,19,3,0,0
178,8,2025,5,21,20,0,1,4
179,8,2025,6,23,19,3,1,4
180,9,2021,12,22,20,1,1,7
181,9,2022,1,21,15,4,2,6
182,9,2022,2,22,19,1,2,0
183,9,2022,3,23,20,3,0,0
184,9,2022,4,21,16,3,2,5
185,9,2022,5,22,21,1,0,6
186,9,2022,6,21,19,1,1,6
187,9,2022,7,23,21,2,0,7
188,9,2022,8,22,17,4,1,7
189,9,2022,9,23,19,3,1,4
190,9,2022,10,20,19,0,1,1
191,9,2022,11,20,20,0,0,6
192,9,2022,12,22,18,3,1,5
193,9,2023,1,20,15,4,1,0
194,9,2023,2,20,15,4,1,7
195,9,2023,3,22,22,0,0,3
196,9,2023,4,21,15,4,2,7
197,9,2023,5,21,18,1,2,8
198,9,2023,6,21,20,1,0,1
199,9,2023,7,20,18,2,0,6
200,9,2023,8,21,16,3,2,6
201,9,2023,9,22,20,1,1,0
202,9,2023,10,21,15,4,2,0
203,9,2023,11,20,14,4,2,1
204,9,2023,12,20,15,3,2,2
205,9,2024,1,20,19,1,0,4
206,9,2024,2,22,19,3,0,8
207,9,2024,3,20,15,4,1,6
208,9,2024,4,23,17,4,2,3
209,9,2024,5,21,18,1,2,1
210,10,2025,11,23,19,2,2,0
211,10,2025,12,22,19,1,2,6
212,11,2025,8,20,18,0,2,1
213,11,2025,9,22,22,0,0,0
214,11,2025,10,21,19,0,2,1
215,11,2025,11,20,18,2,0,7
216,11,2025,12,20,17,2,1,0
217,12,2024,2,23,20,1,2,1
218,12,2024,3,23,20,2,1,6
219,12,2024,4,22,21,1,0,4
220,12,2024,5,22,21,0,1,0
221,13,2025,7,21,19,0,2,5
222,13,2025,8,23,22,0,1,0
223,13,2025,9,21,19,1,1,4
224,13,2025,10,21,19,1,1,5
225,13,2025,11,23,20,2,1,5
226,13,2025,12,21,18,3,0,1
227,14,2023,4,23,22,0,1,1
228,14,2023,5,23,20,1,2,6
229,14,2023,6,23,19,4,0,7
230,14,2023,7,21,18,3,0,0
231,14,2023,8,23,17,4,2,2
232,14,2023,9,23,19,2,2,4
233,14,2023,10,21,17,2,2,4
234,14,2023,11,20,16,2,2,3
235,14,2023,12,21,16,4,1,0
236,14,2024,1,21,16,4,1,5
237,14,2024,2,21,19,0,2,3
238,14,2024,3,22,21,1,0,4
239,14,2024,4,21,20,0,1,0
240,14,2024,5,22,18,3,1,6
241,14,2024,6,23,21,1,1,3
242,14,2024,7,21,17,3,1,0
243,14,2024,8,22,20,1,1,4
244,14,2024,9,21,18,1,2,7
245,14,2024,10,21,17,3,1,1
246,14,2024,11,21,17,2,2,4
247,14,2024,12,22,17,3,2,8
248,14,2025,1,21,17,4,0,2
249,14,2025,2,23,22,1,0,5
250,14,2025,3,23,22,1,0,5
251,14,2025,4,20,15,3,2,8
252,14,2025,5,22,19,2,1,8
253,14,2025,6,23,23,0,0,8
254,14,2025,7,23,19,3,1,5
255,14,2025,8,21,19,1,1,2
256,14,2025,9,20,16,2,2,1
257,14,2025,10,20,16,4,0,7
258,14,2025,11,22,18,2,2,6
259,14,2025,12,23,18,3,2,5
260,15,2023,4,21,19,2,0,7
261,15,2023,5,22,21,0,1,3
262,15,2023,6,23,21,1,1,2
263,15,2023,7,22,17,3,2,4
264,15,2023,8,20,18,0,2,5
265,15,2023,9,22,18,4,0,4
266,15,2023,10,23,22,0,1,1
267,15,2023,11,21,18,2,1,7
268,15,2023,12,23,19,4,0,1
269,15,2024,1,20,16,4,0,6
270,15,2024,2,22,21,0,1,0
271,15,2024,3,20,17,3,0,3
272,15,2024,4,23,18,4,1,4
273,15,2024,5,20,19,1,0,2
274,15,2024,6,23,21,0,2,4
275,15,2024,7,22,17,4,1,2
276,15,2024,8,21,15,4,2,4
277,15,2024,9,20,18,1,1,8
278,15,2024,10,21,17,4,0,2
279,15,2024,11,20,18,0,2,2
280,15,2024,12,20,16,2,2,7
281,15,2025,1,22,18,2,2,2
282,15,2025,2,23,19,4,0,4
283,15,2025,3,21,17,4,0,3
284,15,2025,4,23,21,0,2,2
285,15,2025,5,23,18,4,1,3
286,15,2025,6,21,19,1,1,7
287,15,2025,7,22,21,1,0,2
288,15,2025,8,21,17,2,2,0
289,15,2025,9,22,17,3,2,7
290,15,2025,10,20,16,4,0,2
291,15,2025,11,23,22,0,1,8
292,15,2025,12,22,21,0,1,6
293,16,2021,10,21,16,3,2,5
294,16,2021,11,20,15,3,2,6
295,16,2021,12,22,20,0,2,7
296,16,2022,1,20,17,1,2,8
297,16,2022,2,22,20,2,0,6
298,16,2022,3,21,20,0,1,5
299,16,2022,4,23,21,2,0,3
300,16,2022,5,22,21,0,1,5
301,16,2022,6,22,19,3,0,3
302,16,2022,7,22,18,3,1,2
303,16,2022,8,23,22,1,0,1
304,16,2022,9,22,20,0,2,4
305,16,2022,10,22,18,2,2,1
306,16,2022,11,23,20,3,0,3
307,16,2022,12,23,19,2,2,1
308,16,2023,1,22,19,2,1,0
309,16,2023,2,21,15,4,2,6
310,16,2023,3,23,22,1,0,7
311,16,2023,4,20,18,0,2,2
312,16,2023,5,21,20,0,1,3
313,16,2023,6,22,22,0,0,4
314,16,2023,7,23,23,0,0,6
315,16,2023,8,20,17,2,1,1
316,16,2023,9,22,17,3,2,6
317,16,2023,10,22,17,3,2,1
318,16,2023,11,20,18,1,1,8
319,16,2023,12,21,17,2,2,2
320,16,2024,1,23,22,0,1,1
321,16,2024,2,23,20,2,1,8
322,16,2024,3,21,20,0,1,0
323,16,2024,4,20,18,0,2,2
324,16,2024,5,23,21,0,2,6
325,16,2024,6,21,20,1,0,6
326,16,2024,7,23,19,4,0,6
327,16,2024,8,23,19,3,1,3
328,16,2024,9,22,19,3,0,1
329,16,2024,10,20,16,3,1,7
330,16,2024,11,20,17,1,2,7
331,16,2024,12,20,16,4,0,8
332,16,2025,1,20,17,2,1,5
333,16,2025,2,22,22,0,0,1
334,16,2025,3,21,15,4,2,6
335,16,2025,4,23,22,1,0,7
336,16,2025,5,23,21,0,2,3
337,16,2025,6,21,20,1,0,1
338,16,2025,7,20,16,2,2,7
339,16,2025,8,20,18,0,2,0
340,16,2025,9,21,20,1,0,2
341,16,2025,10,22,19,1,2,5
342,16,2025,11,22,21,1,0,1
343,16,2025,12,20,18,2,0,0
344,17,2022,10,22,21,0,1,6
345,17,2022,11,20,14,4,2,7
346,17,2022,12,23,17,4,2,6
347,17,2023,1,23,19,4,0,3
348,17,2023,2,22,19,3,0,0
349,17,2023,3,22,20,0,2,1
350,17,2023,4,23,19,3,1,1
351,17,2023,5,22,18,4,0,5
352,17,2023,6,20,19,0,1,4
353,17,2023,7,21,19,1,1,1
354,17,2023,8,23,20,1,2,6
355,17,2023,9,23,18,4,1,2
356,17,2023,10,21,17,4,0,0
357,17,2023,11,21,20,1,0,1
358,17,2023,12,23,21,2,0,4
359,17,2024,1,22,18,4,0,2
360,17,2024,2,21,15,4,2,2
361,17,2024,3,23,22,1,0,8
362,17,2024,4,23,21,1,1,8
363,17,2024,5,22,22,0,0,1
364,17,2024,6,22,21,1,0,3
365,17,2024,7,21,17,2,2,6
366,17,2024,8,23,21,1,1,4
367,17,2024,9,23,19,4,0,6
368,17,2024,10,20,19,1,0,6
369,17,2024,11,21,19,1,1,8
370,17,2024,12,21,18,2,1,4
371,17,2025,1,21,17,3,1,3
372,17,2025,2,23,21,1,1,2
373,17,2025,3,21,18,1,2,3
374,17,2025,4,20,14,4,2,3
375,17,2025,5,20,18,1,1,4
376,17,2025,6,23,18,4,1,0
377,17,2025,7,23,19,4,0,1
378,17,2025,8,21,18,2,1,6
379,17,2025,9,22,18,4,0,6
380,17,2025,10,22,20,0,2,2
381,17,2025,11,21,16,3,2,6
382,17,2025,12,23,20,3,0,7
383,18,2023,12,22,18,2,2,6
384,18,2024,1,23,22,1,0,5
385,18,2024,2,20,17,2,1,7
386,18,2024,3,21,18,1,2,4
387,18,2024,4,20,16,4,0,4
388,18,2024,5,23,21,1,1,4
389,18,2024,6,21,17,2,2,5
390,18,2024,7,20,17,2,1,4
391,18,2024,8,20,20,0,0,6
392,18,2024,9,22,16,4,2,2
393,18,2024,10,20,16,3,1,5
394,18,2024,11,20,18,2,0,3
395,18,2024,12,23,19,2,2,3
396,18,2025,1,22,21,0,1,7
397,18,2025,2,21,15,4,2,8
398,18,2025,3,23,20,1,2,7
399,18,2025,4,21,15,4,2,0
400,18,2025,5,21,19,2,0,4
401,18,2025,6,22,17,3,2,2
402,18,2025,7,23,21,2,0,7
403,18,2025,8,22,20,0,2,1
404,18,2025,9,23,20,2,1,0
405,18,2025,10,21,16,3,2,8
406,18,2025,11,20,16,3,1,3
407,18,2025,12,23,23,0,0,1
408,19,2024,10,22,16,4,2,2
409,19,2024,11,23,23,0,0,1
410,19,2024,12,23,17,4,2,1
411,19,2025,1,22,22,0,0,3
412,19,2025,2,23,20,1,2,4
413,19,2025,3,23,20,2,1,6
414,19,2025,4,23,19,4,0,7
415,19,2025,5,22,16,4,2,8
416,19,2025,6,21,20,0,1,4
417,20,2021,1,22,20,2,0,7
418,20,2021,2,23,20,3,0,2
419,20,2021,3,20,18,1,1,2
420,20,2021,4,21,18,3,0,0
421,20,2021,5,21,17,3,1,7
422,20,2021,6,22,19,1,2,1
423,20,2021,7,23,21,2,0,6
424,20,2021,8,22,20,1,1,3
425,20,2021,9,22,18,4,0,0
426,20,2021,10,21,17,2,2,1
427,20,2021,11,23,19,4,0,5
428,20,2021,12,20,17,1,2,6
429,20,2022,1,20,16,4,0,8
430,20,2022,2,21,17,3,1,3
431,20,2022,3,23,21,0,2,6
432,20,2022,4,23,20,3,0,0
433,20,2022,5,23,20,2,1,0
434,20,2022,6,20,16,4,0,7
435,20,2022,7,23,21,0,2,1
436,20,2022,8,23,19,4,0,1
437,20,2022,9,23,21,2,0,2
438,20,2022,10,21,20,0,1,0
439,20,2022,11,22,21,0,1,2
440,20,2022,12,23,21,0,2,5
441,20,2023,1,22,22,0,0,6
442,20,2023,2,22,20,2,0,8
443,20,2023,3,20,16,2,2,3
444,20,2023,4,22,19,2,1,3
445,21,2025,9,20,16,3,1,0
446,21,2025,10,23,19,4,0,5
447,21,2025,11,20,19,0,1,5
448,22,2024,4,21,16,3,2,7
449,22,2024,5,20,18,0,2,1
450,22,2024,6,22,21,1,0,6
451,22,2024,7,23,19,4,0,6
452,22,2024,8,23,18,4,1,5
453,22,2024,9,21,20,1,0,8
454,22,2024,10,23,23,0,0,2
455,22,2024,11,22,17,3,2,8
456,22,2024,12,21,21,0,0,7
457,22,2025,1,22,19,1,2,3
458,22,2025,2,20,16,2,2,6
459,22,2025,3,22,22,0,0,8
460,22,2025,4,22,21,0,1,0
461,22,2025,5,22,19,2,1,0
462,22,2025,6,22,19,3,0,0
463,22,2025,7,22,17,4,1,6
464,22,2025,8,21,18,3,0,3
465,22,2025,9,20,17,3,0,0
466,22,2025,10,21,15,4,2,0
467,22,2025,11,22,17,3,2,1
468,23,2023,8,22,20,0,2,4
469,23,2023,9,21,17,4,0,3
470,23,2023,10,20,17,1,2,7
471,23,2023,11,23,18,3,2,6
472,23,2023,12,22,19,3,0,7
473,23,2024,1,22,21,0,1,0
474,23,2024,2,20,16,3,1,2
475,23,2024,3,23,22,0,1,5
476,23,2024,4,20,18,2,0,2
477,23,2024,5,22,19,1,2,2
478,23,2024,6,23,21,1,1,6
479,23,2024,7,23,23,0,0,8
480,23,2024,8,23,22,1,0,2
481,23,2024,9,20,18,0,2,6
482,23,2024,10,23,23,0,0,8
483,23,2024,11,23,23,0,0,0
484,23,2024,12,23,21,1,1,1
485,23,2025,1,22,22,0,0,6
486,23,2025,2,22,17,4,1,8
487,23,2025,3,23,21,2,0,6
488,23,2025,4,21,18,2,1,1
489,23,2025,5,22,19,1,2,5
490,23,2025,6,21,18,2,1,0
491,23,2025,7,23,23,0,0,8
492,23,2025,8,23,22,1,0,0
493,23,2025,9,22,17,4,1,3
494,23,2025,10,21,19,2,0,2
495,23,2025,11,23,20,1,2,3
496,23,2025,12,21,18,3,0,0
497,24,2025,10,23,18,3,2,1
498,24,2025,11,21,18,3,0,0
499,24,2025,12,22,21,0,1,1
500,25,2022,1,21,18,2,1,8
501,25,2022,2,23,18,4,1,0
502,25,2022,3,23,21,2,0,2
503,25,2022,4,20,17,2,1,8
504,25,2022,5,22,21,1,0,2
505,25,2022,6,23,19,4,0,8
506,25,2022,7,22,21,0,1,2
507,25,2022,8,20,16,3,1,0
508,25,2022,9,20,15,4,1,8
509,25,2022,10,22,17,4,1,6
510,25,2022,11,22,20,1,1,1
511,25,2022,12,22,20,2,0,0
512,25,2023,1,23,23,0,0,2
513,25,2023,2,21,17,3,1,4
514,25,2023,3,23,21,2,0,0
515,25,2023,4,23,21,0,2,8
516,25,2023,5,22,17,3,2,4
517,25,2023,6,20,17,3,0,2
518,25,2023,7,23,21,1,1,3
519,25,2023,8,20,17,1,2,2
520,25,2023,9,23,19,4,0,2
521,25,2023,10,21,16,3,2,1
522,25,2023,11,21,19,1,1,3
523,25,2023,12,20,16,3,1,2
524,25,2024,1,21,16,4,1,4
525,25,2024,2,21,17,2,2,7
526,25,2024,3,21,15,4,2,4
527,25,2024,4,22,20,2,0,2
528,25,2024,5,20,18,1,1,7
529,25,2024,6,23,18,3,2,5
530,25,2024,7,21,15,4,2,8
531,25,2024,8,20,18,2,0,6
532,25,2024,9,22,18,4,0,1
533,25,2024,10,23,20,1,2,5
534,25,2024,11,20,17,2,1,2
535,25,2024,12,20,16,3,1,6
536,25,2025,1,21,18,1,2,1
537,25,2025,2,21,20,1,0,6
538,25,2025,3,20,15,4,1,8
539,25,2025,4,23,18,3,2,7
540,25,2025,5,21,19,0,2,6
541,25,2025,6,23,21,2,0,3
542,25,2025,7,23,23,0,0,1
543,25,2025,8,20,18,0,2,2
544,25,2025,9,21,20,0,1,5
545,25,2025,10,21,18,1,2,1
546,25,2025,11,20,20,0,0,5
547,25,2025,12,20,18,2,0,8
548,26,2021,8,20,18,0,2,8
549,26,2021,9,22,22,0,0,8
550,26,2021,10,22,20,2,0,4
551,26,2021,11,21,19,1,1,5
552,26,2021,12,20,16,3,1,2
553,26,2022,1,22,18,3,1,8
554,26,2022,2,22,18,2,2,2
555,26,2022,3,23,21,0,2,7
556,26,2022,4,23,20,2,1,2
557,26,2022,5,23,22,0,1,6
558,26,2022,6,20,18,1,1,6
559,26,2022,7,20,18,0,2,6
560,26,2022,8,23,18,3,2,0
561,26,2022,9,23,20,2,1,5
562,26,2022,10,23,17,4,2,1
563,26,2022,11,20,17,1,2,7
564,26,2022,12,22,18,2,2,6
565,26,2023,1,23,19,2,2,6
566,26,2023,2,20,15,4,1,6
567,26,2023,3,22,18,3,1,4
568,26,2023,4,20,18,0,2,4
569,26,2023,5,23,23,0,0,6
570,26,2023,6,21,17,2,2,3
571,26,2023,7,20,19,1,0,8
572,26,2023,8,23,21,1,1,3
573,26,2023,9,22,22,0,0,8
574,26,2023,10,23,18,4,1,7
575,26,2023,11,22,20,2,0,3
576,26,2023,12,22,22,0,0,4
577,26,2024,1,23,20,3,0,1
578,26,2024,2,21,20,0,1,4
579,26,2024,3,21,19,2,0,2
580,26,2024,4,22,18,2,2,2
581,26,2024,5,23,21,0,2,5
582,26,2024,6,22,17,4,1,8
583,26,2024,7,22,17,4,1,2
584,26,2024,8,20,18,2,0,2
585,26,2024,9,22,19,3,0,6
586,26,2024,10,22,22,0,0,8
587,26,2024,11,20,15,4,1,2
588,26,2024,12,21,19,2,0,7
589,26,2025,1,20,18,2,0,5
590,26,2025,2,21,19,1,1,7
591,26,2025,3,21,18,2,1,5
592,26,2025,4,23,23,0,0,1
593,26,2025,5,20,17,1,2,7
594,26,2025,6,21,21,0,0,1
595,26,2025,7,21,19,2,0,3
596,26,2025,8,23,20,2,1,4
597,26,2025,9,21,15,4,2,3
598,26,2025,10,20,18,1,1,8
599,26,2025,11,21,17,2,2,2
600,26,2025,12,20,16,2,2,3
601,27,2023,3,21,16,4,1,6
602,27,2023,4,21,19,1,1,0
603,27,2023,5,22,20,2,0,6
604,27,2023,6,20,14,4,2,3
605,27,2023,7,23,23,0,0,6
606,27,2023,8,20,17,2,1,3
607,27,2023,9,22,18,2,2,5
608,27,2023,10,20,15,4,1,7
609,27,2023,11,22,20,0,2,5
610,27,2023,12,22,16,4,2,2
611,27,2024,1,20,19,1,0,6
612,27,2024,2,20,15,4,1,5
613,27,2024,3,21,18,2,1,5
614,27,2024,4,20,15,4,1,3
615,27,2024,5,23,19,2,2,1
616,27,2024,6,22,21,1,0,8
617,27,2024,7,22,20,1,1,0
618,27,2024,8,21,21,0,0,2
619,27,2024,9,23,17,4,2,6
620,27,2024,10,21,17,3,1,1
621,27,2024,11,23,19,3,1,4
622,27,2024,12,20,18,2,0,2
623,27,2025,1,20,17,2,1,5
624,27,2025,2,21,20,0,1,1
625,27,2025,3,21,18,3,0,8
626,27,2025,4,23,19,4,0,0
627,27,2025,5,23,19,2,2,7
628,27,2025,6,21,19,1,1,7
629,27,2025,7,21,19,2,0,7
630,27,2025,8,22,18,3,1,7
631,27,2025,9,23,19,3,1,4
632,27,2025,10,23,22,0,1,8
633,27,2025,11,21,20,0,1,1
634,27,2025,12,20,20,0,0,1
635,28,2025,4,22,20,0,2,2
636,28,2025,5,21,16,3,2,2
637,28,2025,6,20,15,3,2,5
638,28,2025,7,23,21,0,2,1
639,28,2025,8,22,19,3,0,5
640,28,2025,9,21,19,1,1,8
641,28,2025,10,22,20,2,0,0
642,28,2025,11,21,17,2,2,3
643,28,2025,12,21,18,3,0,8
644,29,2021,2,21,19,1,1,3
645,29,2021,3,23,20,3,0,5
646,29,2021,4,23,22,0,1,5
647,29,2021,5,21,20,0,1,2
648,29,2021,6,22,20,2,0,4
649,29,2021,7,21,16,3,2,5
650,29,2021,8,21,16,3,2,0
651,29,2021,9,22,17,4,1,8
652,29,2021,10,23,17,4,2,2
653,29,2021,11,21,17,3,1,8
654,29,2021,12,23,20,1,2,1
655,29,2022,1,21,17,3,1,2
656,29,2022,2,22,17,4,1,0
657,29,2022,3,23,22,0,1,1
658,29,2022,4,21,15,4,2,8
659,29,2022,5,20,19,1,0,1
660,29,2022,6,20,16,3,1,5
661,29,2022,7,22,17,4,1,7
662,29,2022,8,21,16,4,1,5
663,29,2022,9,23,19,2,2,1
664,29,2022,10,21,15,4,2,5
665,29,2022,11,22,17,3,2,2
666,29,2022,12,21,17,2,2,7
667,29,2023,1,20,15,4,1,5
668,29,2023,2,23,18,3,2,1
669,29,2023,3,20,18,2,0,1
670,29,2023,4,22,21,1,0,7
671,29,2023,5,20,17,2,1,4
672,29,2023,6,23,23,0,0,3
673,29,2023,7,22,20,0,2,0
674,29,2023,8,23,21,1,1,8
675,29,2023,9,22,17,4,1,1
676,29,2023,10,20,15,3,2,4
677,29,2023,11,21,21,0,0,7
678,29,2023,12,22,17,4,1,1
679,29,2024,1,21,19,0,2,5
680,29,2024,2,20,18,1,1,6
681,29,2024,3,20,17,1,2,1
682,29,2024,4,21,17,3,1,1
683,29,2024,5,21,18,3,0,7
684,29,2024,6,20,16,3,1,3
685,29,2024,7,22,21,0,1,8
686,29,2024,8,22,22,0,0,6
687,29,2024,9,22,18,2,2,3
688,29,2024,10,21,18,3,0,2
689,29,2024,11,21,19,0,2,7
690,29,2024,12,23,22,1,0,3
691,29,2025,1,22,20,0,2,4
692,29,2025,2,20,19,1,0,4
693,29,2025,3,21,17,3,1,1
694,29,2025,4,20,20,0,0,8
695,29,2025,5,23,19,2,2,0
696,29,2025,6,23,21,0,2,5
697,29,2025,7,23,20,3,0,6
698,29,2025,8,23,21,0,2,6
699,29,2025,9,21,15,4,2,3
700,29,2025,10,21,20,1,0,3
701,29,2025,11,22,16,4,2,4
702,29,2025,12,21,19,2,0,1
703,30,2021,9,23,19,4,0,7
704,30,2021,10,23,22,1,0,1
705,30,2021,11,22,18,4,0,0
706,30,2021,12,20,14,4,2,4
707,30,2022,1,21,19,2,0,4
708,30,2022,2,22,17,4,1,6
709,30,2022,3,21,19,2,0,7
710,30,2022,4,21,20,1,0,0
711,30,2022,5,20,18,2,0,7
712,30,2022,6,23,21,0,2,3
713,30,2022,7,21,17,3,1,6
714,30,2022,8,21,19,2,0,7
715,30,2022,9,21,15,4,2,5
716,30,2022,10,22,17,3,2,0
717,30,2022,11,20,18,1,1,2
718,30,2022,12,21,17,2,2,1
719,30,2023,1,22,18,3,1,1
720,30,2023,2,23,20,1,2,4
721,31,2025,9,21,18,3,0,4
722,31,2025,10,22,20,0,2,1
723,31,2025,11,22,20,0,2,2
724,31,2025,12,23,19,4,0,2
725,32,2025,1,21,16,3,2,6
726,32,2025,2,21,18,2,1,4
727,32,2025,3,22,20,1,1,5
728,32,2025,4,20,20,0,0,3
729,32,2025,5,22,17,3,2,4
730,32,2025,6,22,19,3,0,2
731,32,2025,7,20,14,4,2,0
732,33,2025,9,23,20,1,2,8
733,33,2025,10,23,21,0,2,8
734,33,2025,11,20,17,3,0,3
735,33,2025,12,22,17,3,2,6
736,34,2023,12,23,23,0,0,0
737,34,2024,1,23,22,1,0,2
738,34,2024,2,21,18,1,2,7
739,34,2024,3,22,19,2,1,4
740,34,2024,4,22,19,1,2,1
741,34,2024,5,21,16,4,1,0
742,34,2024,6,23,22,1,0,7
743,34,2024,7,21,16,3,2,0
744,34,2024,8,21,19,2,0,4
745,34,2024,9,21,16,3,2,4
746,34,2024,10,21,20,1,0,7
747,34,2024,11,21,19,1,1,8
748,34,2024,12,21,17,3,1,1
749,34,2025,1,22,19,3,0,0
750,34,2025,2,21,16,3,2,0
751,34,2025,3,22,18,4,0,6
752,34,2025,4,21,17,2,2,2
753,34,2025,5,22,20,0,2,6
754,34,2025,6,23,19,3,1,6
755,34,2025,7,23,23,0,0,0
756,34,2025,8,23,20,2,1,0
757,34,2025,9,21,17,2,2,3
758,34,2025,10,23,19,3,1,8
759,34,2025,11,21,15,4,2,5
760,34,2025,12,23,21,1,1,8
761,35,2022,2,22,17,4,1,4
762,35,2022,3,20,15,4,1,5
763,35,2022,4,23,21,2,0,5
764,35,2022,5,23,19,2,2,1
765,35,2022,6,22,21,1,0,8
766,35,2022,7,22,18,4,0,6
767,35,2022,8,22,16,4,2,7
768,35,2022,9,23,18,4,1,8
769,35,2022,10,21,16,3,2,1
770,35,2022,11,22,20,0,2,5
771,35,2022,12,23,22,1,0,4
772,35,2023,1,22,19,3,0,2
773,35,2023,2,22,17,3,2,7
774,35,2023,3,20,19,1,0,1
775,35,2023,4,22,17,3,2,4
776,35,2023,5,21,20,0,1,8
777,35,2023,6,21,16,4,1,7
778,35,2023,7,23,21,0,2,5
779,35,2023,8,23,21,1,1,2
780,35,2023,9,23,17,4,2,0
781,35,2023,10,23,23,0,0,7
782,35,2023,11,22,22,0,0,5
783,35,2023,12,22,22,0,0,0
784,35,2024,1,21,19,0,2,3
785,35,2024,2,23,20,2,1,5
786,35,2024,3,20,16,2,2,5
787,35,2024,4,23,18,3,2,4
788,35,2024,5,23,19,4,0,4
789,35,2024,6,20,19,0,1,5
790,35,2024,7,23,18,3,2,4
791,35,2024,8,23,20,1,2,4
792,35,2024,9,21,15,4,2,8
793,35,2024,10,23,17,4,2,7
794,35,2024,11,20,18,2,0,1
795,35,2024,12,21,17,3,1,7
796,35,2025,1,21,17,4,0,5
797,35,2025,2,23,23,0,0,2
798,35,2025,3,22,19,1,2,2
799,35,2025,4,21,17,2,2,7
800,35,2025,5,20,18,2,0,2
801,35,2025,6,21,18,3,0,4
802,35,2025,7,23,22,0,1,6
803,35,2025,8,20,20,0,0,5
804,35,2025,9,23,19,4,0,1
805,35,2025,10,23,22,1,0,0
806,35,2025,11,23,19,4,0,7
807,35,2025,12,20,17,2,1,4
808,36,2024,1,21,18,3,0,0
809,36,2024,2,22,19,3,0,8
810,36,2024,3,22,19,2,1,3
811,36,2024,4,20,17,3,0,0
812,36,2024,5,21,21,0,0,3
813,36,2024,6,20,16,3,1,7
814,36,2024,7,21,17,4,0,0
815,36,2024,8,20,16,2,2,4
816,36,2024,9,23,20,3,0,2
817,36,2024,10,21,17,3,1,6
818,36,2024,11,22,20,0,2,4
819,36,2024,12,23,17,4,2,8
820,36,2025,1,23,21,0,2,6
821,36,2025,2,23,18,4,1,7
822,36,2025,3,21,20,0,1,0
823,36,2025,4,20,19,0,1,4
824,36,2025,5,22,20,1,1,6
825,36,2025,6,22,20,2,0,1
826,36,2025,7,20,17,2,1,7
827,36,2025,8,23,19,4,0,8
828,36,2025,9,23,20,2,1,5
829,36,2025,10,20,15,3,2,5
830,36,2025,11,23,19,4,0,5
831,36,2025,12,20,15,4,1,8
832,37,2022,10,21,20,0,1,8
833,37,2022,11,21,20,1,0,6
834,37,2022,12,20,14,4,2,4
835,37,2023,1,23,21,2,0,0
836,37,2023,2,21,15,4,2,5
837,37,2023,3,21,19,0,2,8
838,37,2023,4,20,16,4,0,7
839,37,2023,5,23,20,3,0,1
840,37,2023,6,20,19,0,1,6
841,37,2023,7,23,22,1,0,5
842,37,2023,8,21,20,0,1,4
843,37,2023,9,21,17,3,1,0
844,37,2023,10,21,17,3,1,7
845,37,2023,11,22,22,0,0,2
846,38,2024,9,22,20,0,2,4
847,38,2024,10,23,20,3,0,3
848,38,2024,11,22,19,3,0,4
849,38,2024,12,22,19,1,2,2
850,38,2025,1,21,15,4,2,3
851,38,2025,2,21,16,3,2,6
852,38,2025,3,22,21,0,1,6
853,38,2025,4,20,17,3,0,4
854,38,2025,5,23,17,4,2,5
855,38,2025,6,21,16,3,2,5
856,38,2025,7,23,20,3,0,2
857,38,2025,8,22,17,4,1,0
858,38,2025,9,22,21,1,0,3
859,38,2025,10,23,22,1,0,2
860,38,2025,11,20,19,1,0,7
861,39,2025,11,21,18,3,0,0
862,39,2025,12,23,21,2,0,8
863,40,2023,12,21,17,2,2,1
864,40,2024,1,20,17,1,2,2
865,40,2024,2,20,18,0,2,2
866,40,2024,3,22,22,0,0,0
867,40,2024,4,23,23,0,0,6
868,40,2024,5,21,18,3,0,6
869,40,2024,6,23,19,2,2,8
870,40,2024,7,22,22,0,0,8
871,40,2024,8,23,19,2,2,3
872,40,2024,9,20,16,4,0,7
873,40,2024,10,23,23,0,0,2
874,40,2024,11,23,19,2,2,4
875,40,2024,12,22,18,2,2,7
876,40,2025,1,20,15,3,2,6
877,40,2025,2,20,15,4,1,7
878,40,2025,3,20,15,3,2,0
879,40,2025,4,22,17,4,1,7
880,40,2025,5,23,19,4,0,4
881,40,2025,6,22,16,4,2,3
882,40,2025,7,20,19,1,0,7
883,40,2025,8,21,17,2,2,7
884,40,2025,9,20,15,4,1,0
885,40,2025,10,23,18,4,1,8
886,40,2025,11,23,20,1,2,5
887,40,2025,12,20,19,1,0,5
888,41,2025,10,23,17,4,2,5
889,41,2025,11,20,15,4,1,5
890,41,2025,12,23,23,0,0,7
891,42,2025,1,23,19,4,0,1
892,42,2025,2,22,20,2,0,6
893,42,2025,3,23,20,1,2,4
894,42,2025,4,23,19,4,0,0
895,42,2025,5,20,18,0,2,6
896,42,2025,6,20,16,4,0,7
897,42,2025,7,23,19,4,0,3
898,42,2025,8,20,17,2,1,8
899,42,2025,9,22,17,4,1,1
900,42,2025,10,21,17,3,1,6
901,42,2025,11,22,18,3,1,5
902,42,2025,12,22,21,0,1,6
903,43,2022,10,22,19,3,0,7
904,43,2022,11,22,19,1,2,2
905,43,2022,12,23,21,2,0,3
906,43,2023,1,21,17,3,1,2
907,43,2023,2,22,21,1,0,6
908,43,2023,3,20,15,4,1,0
909,43,2023,4,22,17,3,2,2
910,43,2023,5,20,14,4,2,8
911,43,2023,6,22,16,4,2,1
912,43,2023,7,21,15,4,2,4
913,43,2023,8,20,17,1,2,0
914,43,2023,9,20,19,1,0,7
915,43,2023,10,21,17,2,2,5
916,43,2023,11,23,20,1,2,6
917,43,2023,12,23,19,3,1,5
918,43,2024,1,23,19,3,1,1
919,43,2024,2,21,21,0,0,3
920,43,2024,3,21,19,1,1,5
921,43,2024,4,22,20,0,2,3
922,43,2024,5,21,18,1,2,8
923,43,2024,6,20,16,2,2,1
924,43,2024,7,23,20,3,0,6
925,43,2024,8,22,21,1,0,1
926,43,2024,9,20,17,2,1,2
927,43,2024,10,21,17,3,1,7
928,43,2024,11,23,17,4,2,5
929,43,2024,12,20,18,1,1,7
930,43,2025,1,21,15,4,2,7
931,43,2025,2,22,21,0,1,7
932,43,2025,3,21,21,0,0,7
933,43,2025,4,21,20,0,1,8
934,43,2025,5,20,20,0,0,0
935,43,2025,6,20,20,0,0,2
936,43,2025,7,23,21,0,2,4
937,43,2025,8,23,21,0,2,1
938,43,2025,9,22,21,0,1,2
939,43,2025,10,23,19,4,0,3
940,43,2025,11,22,21,1,0,3
941,43,2025,12,23,18,3,2,7
942,44,2025,9,22,19,1,2,0
943,44,2025,10,23,18,4,1,2
944,44,2025,11,20,16,3,1,7
945,44,2025,12,20,16,4,0,2
946,45,2021,2,22,19,2,1,3
947,45,2021,3,20,17,3,0,1
948,45,2021,4,23,21,2,0,0
949,45,2021,5,23,22,0,1,8
950,45,2021,6,20,19,1,0,2
951,45,2021,7,20,16,2,2,3
952,45,2021,8,20,17,2,1,8
953,45,2021,9,20,19,0,1,8
954,45,2021,10,21,18,1,2,2
955,45,2021,11,20,17,1,2,6
956,45,2021,12,22,18,4,0,6
957,45,2022,1,20,15,4,1,4
958,45,2022,2,23,20,2,1,3
959,45,2022,3,21,17,4,0,4
960,45,2022,4,23,20,2,1,3
961,45,2022,5,21,16,4,1,8
962,45,2022,6,22,20,2,0,3
963,45,2022,7,22,17,4,1,3
964,45,2022,8,22,19,3,0,0
965,45,2022,9,21,19,2,0,8
966,45,2022,10,23,19,4,0,4
967,45,2022,11,22,19,3,0,6
968,45,2022,12,22,19,3,0,0
969,45,2023,1,20,16,4,0,3
970,45,2023,2,23,19,2,2,4
971,45,2023,3,20,14,4,2,5
972,45,2023,4,21,16,4,1,0
973,45,2023,5,22,20,1,1,7
974,45,2023,6,23,20,2,1,4
975,45,2023,7,22,22,0,0,8
976,45,2023,8,20,19,0,1,3
977,45,2023,9,22,18,4,0,4
978,45,2023,10,21,20,1,0,2
979,45,2023,11,20,16,2,2,4
980,45,2023,12,20,16,4,0,3
981,45,2024,1,21,19,1,1,7
982,45,2024,2,23,21,1,1,7
983,45,2024,3,23,23,0,0,4
984,45,2024,4,21,18,3,0,1
985,45,2024,5,20,19,1,0,2
986,45,2024,6,21,17,4,0,0
987,45,2024,7,20,19,0,1,4
988,45,2024,8,23,22,1,0,2
989,45,2024,9,21,18,3,0,8
990,45,2024,10,20,18,2,0,7
991,45,2024,11,22,20,0,2,3
992,45,2024,12,23,19,2,2,2
993,45,2025,1,23,19,3,1,0
994,45,2025,2,21,18,3,0,4
995,45,2025,3,20,19,1,0,0
996,45,2025,4,21,17,3,1,1
997,45,2025,5,23,20,3,0,5
998,45,2025,6,22,18,3,1,2
999,45,2025,7,20,17,3,0,3
1000,45,2025,8,21,18,3,0,2
1001,45,2025,9,20,16,4,0,3
1002,45,2025,10,20,15,4,1,3
1003,45,2025,11,22,18,4,0,6
1004,45,2025,12,20,17,3,0,4
1005,46,2021,8,22,21,0,1,4
1006,46,2021,9,22,20,2,0,5
1007,46,2021,10,21,17,3,1,3
1008,46,2021,11,21,17,3,1,5
1009,46,2021,12,23,18,3,2,8
1010,46,2022,1,20,15,4,1,0
1011,47,2021,6,22,18,4,0,3
1012,47,2021,7,20,17,3,0,5
1013,47,2021,8,21,17,4,0,3
1014,47,2021,9,20,17,2,1,4
1015,47,2021,10,23,17,4,2,5
1016,47,2021,11,21,18,1,2,6
1017,47,2021,12,22,16,4,2,3
1018,47,2022,1,20,16,4,0,6
1019,47,2022,2,21,15,4,2,4
1020,47,2022,3,21,20,0,1,1
1021,47,2022,4,23,21,2,0,6
1022,47,2022,5,21,21,0,0,3
1023,47,2022,6,22,18,3,1,4
1024,47,2022,7,23,18,4,1,3
1025,47,2022,8,21,20,0,1,8
1026,47,2022,9,21,18,2,1,6
1027,47,2022,10,22,19,2,1,3
1028,47,2022,11,23,19,4,0,3
1029,47,2022,12,22,22,0,0,7
1030,47,2023,1,22,16,4,2,1
1031,47,2023,2,20,18,0,2,1
1032,47,2023,3,21,17,4,0,1
1033,47,2023,4,23,20,3,0,8
1034,47,2023,5,22,17,3,2,2
1035,47,2023,6,22,18,4,0,2
1036,47,2023,7,22,21,1,0,6
1037,47,2023,8,22,18,3,1,3
1038,47,2023,9,20,15,4,1,0
1039,47,2023,10,20,17,1,2,8
1040,47,2023,11,20,19,0,1,0
1041,47,2023,12,22,20,2,0,3
1042,47,2024,1,23,19,4,0,2
1043,47,2024,2,20,18,2,0,8
1044,47,2024,3,23,21,1,1,3
1045,47,2024,4,21,17,2,2,2
1046,47,2024,5,23,19,2,2,0
1047,47,2024,6,20,19,1,0,4
1048,47,2024,7,22,21,1,0,7
1049,47,2024,8,22,18,4,0,4
1050,47,2024,9,20,17,1,2,2
1051,47,2024,10,22,18,3,1,5
1052,47,2024,11,22,16,4,2,4
1053,47,2024,12,21,16,4,1,2
1054,47,2025,1,22,18,4,0,4
1055,47,2025,2,22,17,4,1,4
1056,47,2025,3,22,18,3,1,0
1057,47,2025,4,22,22,0,0,3
1058,47,2025,5,22,17,3,2,8
1059,47,2025,6,20,17,3,0,4
1060,47,2025,7,22,19,2,1,0
1061,47,2025,8,22,19,2,1,2
1062,47,2025,9,20,14,4,2,0
1063,47,2025,10,20,17,3,0,7
1064,47,2025,11,21,18,3,0,1
1065,47,2025,12,20,14,4,2,5
1066,48,2024,7,20,18,0,2,6
1067,48,2024,8,21,19,0,2,4
1068,48,2024,9,22,21,0,1,6
1069,48,2024,10,22,20,1,1,7
1070,48,2024,11,21,21,0,0,5
1071,49,2023,8,23,18,3,2,1
1072,49,2023,9,23,18,3,2,5
1073,49,2023,10,22,20,1,1,0
1074,49,2023,11,22,19,2,1,2
1075,49,2023,12,23,20,1,2,6
1076,49,2024,1,20,18,0,2,5
1077,49,2024,2,23,18,4,1,8
1078,49,2024,3,21,19,2,0,0
1079,49,2024,4,20,16,3,1,8
1080,49,2024,5,23,22,1,0,5
1081,49,2024,6,21,21,0,0,7
1082,49,2024,7,21,17,4,0,2
1083,49,2024,8,20,17,1,2,1
1084,49,2024,9,21,21,0,0,5
1085,49,2024,10,21,19,0,2,3
1086,49,2024,11,21,17,4,0,7
1087,49,2024,12,21,19,2,0,4
1088,49,2025,1,22,18,4,0,0
1089,49,2025,2,20,16,3,1,0
1090,49,2025,3,20,16,3,1,3
1091,49,2025,4,22,17,4,1,6
1092,49,2025,5,20,19,1,0,1
1093,49,2025,6,20,18,1,1,4
1094,49,2025,7,20,16,3,1,2
1095,49,2025,8,20,15,3,2,7
1096,49,2025,9,22,21,0,1,6
1097,49,2025,10,22,18,2,2,0
1098,49,2025,11,20,17,2,1,0
1099,49,2025,12,22,20,0,2,5
1100,50,2025,3,21,17,2,2,2
1101,50,2025,4,21,21,0,0,0
1102,50,2025,5,20,19,0,1,8
1103,50,2025,6,21,19,1,1,3
1104,50,2025,7,22,18,3,1,3
1105,50,2025,8,22,19,2,1,8
1106,50,2025,9,21,20,0,1,0
1107,50,2025,10,23,19,4,0,1
1108,50,2025,11,22,18,3,1,2
1109,50,2025,12,22,21,1,0,0
1110,51,2021,3,23,19,3,1,1
1111,51,2021,4,22,18,3,1,7
1112,51,2021,5,23,19,3,1,6
1113,51,2021,6,23,21,0,2,4
1114,51,2021,7,22,20,0,2,5
1115,51,2021,8,22,20,1,1,7
1116,51,2021,9,20,18,2,0,0
1117,51,2021,10,20,17,3,0,1
1118,51,2021,11,21,15,4,2,5
1119,51,2021,12,23,20,1,2,6
1120,51,2022,1,23,19,3,1,7
1121,51,2022,2,22,19,3,0,5
1122,51,2022,3,23,21,0,2,3
1123,51,2022,4,23,19,3,1,8
1124,51,2022,5,21,17,3,1,3
1125,51,2022,6,21,18,1,2,6
1126,51,2022,7,22,20,1,1,3
1127,51,2022,8,22,21,0,1,5
1128,51,2022,9,21,18,2,1,8
1129,51,2022,10,21,19,0,2,1
1130,51,2022,11,23,21,1,1,1
1131,51,2022,12,22,18,2,2,1
1132,51,2023,1,22,17,4,1,3
1133,51,2023,2,21,15,4,2,1
1134,51,2023,3,22,22,0,0,3
1135,51,2023,4,22,19,1,2,0
1136,51,2023,5,20,16,4,0,2
1137,51,2023,6,22,18,3,1,8
1138,51,2023,7,21,17,4,0,8
1139,51,2023,8,22,22,0,0,7
1140,51,2023,9,22,16,4,2,7
1141,51,2023,10,21,17,4,0,0
1142,51,2023,11,22,18,2,2,3
1143,51,2023,12,23,18,3,2,3
1144,51,2024,1,22,17,4,1,4
1145,51,2024,2,20,17,1,2,0
1146,51,2024,3,21,18,3,0,2
1147,51,2024,4,21,20,1,0,1
1148,51,2024,5,20,14,4,2,1
1149,51,2024,6,22,19,3,0,1
1150,51,2024,7,22,19,1,2,2
1151,51,2024,8,21,17,2,2,8
1152,51,2024,9,21,17,4,0,1
1153,51,2024,10,22,19,1,2,7
1154,51,2024,11,23,18,4,1,7
1155,51,2024,12,22,20,1,1,3
1156,51,2025,1,20,19,0,1,6
1157,51,2025,2,22,18,4,0,0
1158,51,2025,3,20,18,2,0,6
1159,51,2025,4,20,19,1,0,8
1160,51,2025,5,20,16,3,1,1
1161,51,2025,6,20,14,4,2,1
1162,51,2025,7,20,17,2,1,7
1163,51,2025,8,22,18,3,1,6
1164,51,2025,9,21,17,4,0,8
1165,51,2025,10,22,20,0,2,5
1166,51,2025,11,21,18,2,1,6
1167,51,2025,12,20,16,4,0,3
1168,52,2022,10,23,19,4,0,4
1169,52,2022,11,21,18,3,0,7
1170,52,2022,12,23,19,2,2,0
1171,52,2023,1,22,19,3,0,8
1172,52,2023,2,20,14,4,2,1
1173,52,2023,3,22,20,2,0,3
1174,52,2023,4,20,20,0,0,4
1175,52,2023,5,21,16,3,2,0
1176,52,2023,6,23,21,1,1,0
1177,52,2023,7,22,19,3,0,3
1178,52,2023,8,23,23,0,0,6
1179,52,2023,9,21,19,1,1,1
1180,52,2023,10,20,19,1,0,1
1181,52,2023,11,21,21,0,0,3
1182,52,2023,12,23,17,4,2,8
1183,52,2024,1,21,20,0,1,6
1184,52,2024,2,20,16,2,2,5
1185,52,2024,3,20,16,2,2,0
1186,52,2024,4,20,20,0,0,6
1187,52,2024,5,21,19,0,2,8
1188,52,2024,6,22,21,1,0,4
1189,52,2024,7,23,19,4,0,1
1190,52,2024,8,20,16,3,1,0
1191,52,2024,9,21,19,0,2,0
1192,52,2024,10,20,18,0,2,7
1193,52,2024,11,21,19,1,1,4
1194,52,2024,12,20,20,0,0,2
1195,52,2025,1,22,20,0,2,4
1196,52,2025,2,22,21,1,0,7
1197,52,2025,3,20,19,1,0,6
1198,52,2025,4,22,18,2,2,7
1199,52,2025,5,23,20,2,1,0
1200,52,2025,6,21,16,4,1,0
1201,52,2025,7,22,18,4,0,6
1202,52,2025,8,23,21,0,2,2
1203,52,2025,9,23,21,1,1,6
1204,52,2025,10,23,18,4,1,8
1205,52,2025,11,23,22,1,0,7
1206,52,2025,12,23,22,0,1,5
1207,53,2023,1,22,21,0,1,4
1208,53,2023,2,20,17,2,1,6
1209,53,2023,3,21,16,4,1,0
1210,53,2023,4,23,21,2,0,4
1211,53,2023,5,23,19,2,2,2
1212,53,2023,6,20,18,2,0,5
1213,53,2023,7,20,14,4,2,7
1214,53,2023,8,23,20,3,0,8
1215,53,2023,9,22,17,3,2,1
1216,53,2023,10,21,19,1,1,8
1217,53,2023,11,20,16,2,2,3
1218,53,2023,12,21,16,4,1,2
1219,53,2024,1,23,21,0,2,0
1220,53,2024,2,20,18,1,1,4
1221,53,2024,3,21,17,4,0,6
1222,53,2024,4,21,18,2,1,5
1223,53,2024,5,22,19,2,1,8
1224,53,2024,6,21,21,0,0,3
1225,53,2024,7,20,19,0,1,6
1226,53,2024,8,22,17,3,2,7
1227,53,2024,9,21,21,0,0,7
1228,53,2024,10,20,17,3,0,8
1229,53,2024,11,22,18,3,1,8
1230,53,2024,12,20,18,2,0,8
1231,53,2025,1,21,16,4,1,3
1232,54,2024,9,23,18,4,1,0
1233,54,2024,10,22,18,4,0,8
1234,54,2024,11,23,22,0,1,5
1235,54,2024,12,21,19,1,1,1
1236,54,2025,1,20,15,3,2,7
1237,54,2025,2,22,19,2,1,4
1238,54,2025,3,21,17,2,2,5
1239,54,2025,4,21,18,2,1,0
1240,54,2025,5,22,18,3,1,6
1241,54,2025,6,21,16,4,1,1
1242,54,2025,7,21,21,0,0,1
1243,54,2025,8,21,21,0,0,6
1244,54,2025,9,23,20,1,2,5
1245,54,2025,10,21,17,2,2,2
1246,54,2025,11,22,21,1,0,2
1247,54,2025,12,23,20,3,0,2
1248,55,2022,12,20,16,2,2,3
1249,55,2023,1,23,22,1,0,8
1250,55,2023,2,20,19,1,0,7
1251,55,2023,3,21,20,1,0,4
1252,55,2023,4,22,21,0,1,8
1253,55,2023,5,20,17,3,0,8
1254,55,2023,6,23,19,4,0,7
1255,55,2023,7,21,19,0,2,4
1256,55,2023,8,20,16,2,2,5
1257,55,2023,9,23,19,3,1,2
1258,55,2023,10,23,18,3,2,2
1259,55,2023,11,22,21,0,1,7
1260,55,2023,12,22,17,3,2,1
1261,55,2024,1,21,16,4,1,1
1262,55,2024,2,22,19,3,0,2
1263,55,2024,3,22,22,0,0,8
1264,55,2024,4,21,18,1,2,3
1265,55,2024,5,20,20,0,0,5
1266,55,2024,6,21,15,4,2,7
1267,55,2024,7,20,16,2,2,0
1268,55,2024,8,21,19,2,0,1
1269,55,2024,9,21,19,0,2,7
1270,55,2024,10,20,17,1,2,4
1271,55,2024,11,23,20,3,0,7
1272,55,2024,12,20,15,3,2,4
1273,55,2025,1,21,20,1,0,8
1274,55,2025,2,22,19,2,1,6
1275,55,2025,3,23,21,1,1,2
1276,55,2025,4,20,16,3,1,6
1277,55,2025,5,21,18,3,0,5
1278,55,2025,6,21,17,2,2,2
1279,55,2025,7,21,19,1,1,3
1280,55,2025,8,21,19,1,1,5
1281,55,2025,9,22,21,1,0,5
1282,55,2025,10,22,20,2,0,0
1283,55,2025,11,20,20,0,0,6
1284,55,2025,12,20,17,2,1,8
1285,56,2025,8,23,19,2,2,7
1286,56,2025,9,21,17,4,0,7
1287,56,2025,10,23,22,1,0,8
1288,56,2025,11,21,16,4,1,7
1289,56,2025,12,22,19,3,0,3
1290,57,2022,3,20,16,3,1,7
1291,57,2022,4,23,17,4,2,3
1292,57,2022,5,20,18,1,1,8
1293,57,2022,6,22,17,3,2,0
1294,57,2022,7,23,21,2,0,4
1295,57,2022,8,23,20,2,1,0
1296,57,2022,9,23,22,0,1,5
1297,58,2021,12,23,21,2,0,0
1298,58,2022,1,22,20,2,0,0
1299,58,2022,2,23,19,4,0,3
1300,58,2022,3,20,17,1,2,2
1301,58,2022,4,20,17,2,1,7
1302,58,2022,5,23,19,3,1,8
1303,58,2022,6,23,20,3,0,1
1304,58,2022,7,22,18,2,2,4
1305,58,2022,8,20,16,2,2,4
1306,58,2022,9,22,16,4,2,7
1307,58,2022,10,21,19,1,1,8
1308,58,2022,11,23,20,2,1,0
1309,58,2022,12,23,20,1,2,6
1310,58,2023,1,22,18,2,2,5
1311,58,2023,2,23,22,1,0,8
1312,58,2023,3,22,20,2,0,1
1313,58,2023,4,20,18,2,0,7
1314,58,2023,5,20,18,0,2,0
1315,58,2023,6,21,15,4,2,2
1316,58,2023,7,22,20,1,1,5
1317,58,2023,8,23,19,3,1,5
1318,58,2023,9,22,18,3,1,5
1319,58,2023,10,23,20,1,2,6
1320,58,2023,11,23,21,1,1,0
1321,58,2023,12,20,15,3,2,6
1322,58,2024,1,23,22,0,1,4
1323,58,2024,2,22,19,2,1,3
1324,58,2024,3,22,19,1,2,3
1325,58,2024,4,21,17,2,2,5
1326,58,2024,5,23,22,1,0,6
1327,58,2024,6,23,20,1,2,6
1328,58,2024,7,23,17,4,2,8
1329,58,2024,8,20,17,2,1,7
1330,58,2024,9,22,18,3,1,0
1331,58,2024,10,22,22,0,0,4
1332,58,2024,11,23,21,1,1,7
1333,58,2024,12,21,19,1,1,8
1334,58,2025,1,22,19,3,0,3
1335,58,2025,2,22,21,0,1,8
1336,58,2025,3,20,15,3,2,4
1337,58,2025,4,22,21,1,0,6
1338,58,2025,5,20,18,0,2,8
1339,58,2025,6,22,18,2,2,8
1340,58,2025,7,23,18,4,1,4
1341,58,2025,8,20,17,1,2,6
1342,58,2025,9,23,23,0,0,7
1343,58,2025,10,20,20,0,0,7
1344,58,2025,11,20,19,1,0,6
1345,58,2025,12,20,18,2,0,0
1346,59,2022,8,22,19,3,0,1
1347,59,2022,9,23,18,4,1,1
1348,59,2022,10,22,19,3,0,4
1349,59,2022,11,21,15,4,2,1
1350,59,2022,12,20,16,3,1,0
1351,59,2023,1,20,17,1,2,2
1352,59,2023,2,20,18,2,0,2
1353,59,2023,3,21,18,2,1,2
1354,59,2023,4,21,17,4,0,0
1355,59,2023,5,22,18,2,2,2
1356,59,2023,6,23,19,3,1,1
1357,59,2023,7,21,17,3,1,5
1358,59,2023,8,23,18,3,2,7
1359,59,2023,9,21,18,2,1,1
1360,59,2023,10,20,18,1,1,3
1361,59,2023,11,20,16,2,2,3
1362,59,2023,12,20,18,0,2,5
1363,59,2024,1,20,20,0,0,6
1364,59,2024,2,21,17,3,1,5
1365,59,2024,3,22,18,2,2,2
1366,59,2024,4,20,19,1,0,5
1367,59,2024,5,20,16,4,0,5
1368,59,2024,6,23,23,0,0,4
1369,59,2024,7,20,19,0,1,3
1370,59,2024,8,23,20,3,0,7
1371,59,2024,9,21,17,2,2,4
1372,59,2024,10,22,17,3,2,8
1373,59,2024,11,23,23,0,0,5
1374,59,2024,12,21,18,1,2,8
1375,59,2025,1,22,18,2,2,6
1376,59,2025,2,23,19,4,0,1
1377,59,2025,3,22,19,3,0,5
1378,59,2025,4,23,23,0,0,1
1379,59,2025,5,23,18,4,1,7
1380,60,2023,1,22,20,0,2,2
1381,60,2023,2,21,17,4,0,8
1382,60,2023,3,22,21,0,1,3
1383,60,2023,4,21,19,2,0,2
1384,60,2023,5,20,14,4,2,7
1385,60,2023,6,22,20,0,2,2
1386,60,2023,7,20,17,2,1,4
1387,60,2023,8,21,15,4,2,8
1388,60,2023,9,22,22,0,0,5
1389,60,2023,10,20,18,0,2,1
1390,60,2023,11,23,19,4,0,3
1391,60,2023,12,22,20,1,1,6
1392,60,2024,1,20,18,2,0,2
1393,60,2024,2,20,15,4,1,4
1394,60,2024,3,22,19,3,0,2
1395,60,2024,4,20,19,0,1,1
1396,60,2024,5,22,19,1,2,0
1397,60,2024,6,20,19,0,1,0
1398,60,2024,7,22,20,1,1,6
1399,60,2024,8,23,23,0,0,5
1400,60,2024,9,22,19,3,0,1
1401,60,2024,10,22,20,0,2,7
1402,60,2024,11,21,19,1,1,2
1403,60,2024,12,23,20,2,1,1
1404,60,2025,1,23,18,4,1,8
1405,60,2025,2,22,19,3,0,6
1406,60,2025,3,23,19,4,0,1
1407,60,2025,4,23,19,3,1,8
1408,60,2025,5,20,15,3,2,3
1409,60,2025,6,22,21,0,1,7
1410,60,2025,7,20,16,2,2,4
1411,60,2025,8,20,17,3,0,2
1412,60,2025,9,21,16,3,2,0
1413,60,2025,10,21,20,0,1,3
1414,60,2025,11,23,21,1,1,0
1415,60,2025,12,21,17,2,2,4
1416,61,2022,6,21,18,3,0,3
1417,61,2022,7,22,19,3,0,2
1418,61,2022,8,20,20,0,0,0
1419,61,2022,9,23,19,3,1,4
1420,61,2022,10,23,18,3,2,0
1421,61,2022,11,21,17,2,2,8
1422,61,2022,12,20,19,0,1,3
1423,61,2023,1,23,21,2,0,8
1424,62,2021,8,20,17,1,2,3
1425,62,2021,9,23,22,1,0,3
1426,62,2021,10,23,22,1,0,6
1427,62,2021,11,22,19,3,0,8
1428,62,2021,12,23,22,0,1,3
1429,62,2022,1,22,21,0,1,7
1430,62,2022,2,20,19,0,1,2
1431,62,2022,3,23,21,2,0,4
1432,62,2022,4,22,20,1,1,5
1433,62,2022,5,22,22,0,0,7
1434,62,2022,6,20,16,3,1,1
1435,62,2022,7,20,19,0,1,5
1436,62,2022,8,20,15,3,2,0
1437,62,2022,9,23,19,2,2,2
1438,62,2022,10,22,19,2,1,1
1439,62,2022,11,22,21,1,0,8
1440,62,2022,12,22,18,4,0,2
1441,62,2023,1,21,17,2,2,7
1442,62,2023,2,23,20,3,0,8
1443,62,2023,3,20,19,1,0,3
1444,62,2023,4,23,17,4,2,4
1445,62,2023,5,20,15,4,1,7
1446,62,2023,6,21,17,4,0,8
1447,62,2023,7,23,20,3,0,0
1448,62,2023,8,21,16,3,2,0
1449,62,2023,9,22,21,1,0,7
1450,62,2023,10,22,18,2,2,7
1451,62,2023,11,21,18,1,2,5
1452,62,2023,12,21,20,1,0,4
1453,62,2024,1,22,18,4,0,2
1454,62,2024,2,22,18,3,1,6
1455,62,2024,3,22,21,1,0,4
1456,62,2024,4,20,18,1,1,1
1457,62,2024,5,23,18,4,1,4
1458,62,2024,6,23,18,4,1,4
1459,62,2024,7,22,19,1,2,8
1460,62,2024,8,23,22,1,0,3
1461,62,2024,9,20,15,3,2,8
1462,62,2024,10,23,20,2,1,0
1463,62,2024,11,23,21,2,0,0
1464,62,2024,12,21,17,2,2,5
1465,62,2025,1,22,19,2,1,5
1466,62,2025,2,21,17,4,0,8
1467,62,2025,3,22,19,1,2,2
1468,62,2025,4,20,16,2,2,4
1469,62,2025,5,21,17,3,1,1
1470,62,2025,6,20,18,1,1,4
1471,62,2025,7,22,20,2,0,6
1472,62,2025,8,21,17,4,0,7
1473,62,2025,9,22,20,2,0,4
1474,62,2025,10,20,17,1,2,3
1475,62,2025,11,22,20,1,1,0
1476,62,2025,12,23,20,2,1,6
1477,63,2023,11,23,18,3,2,6
1478,63,2023,12,20,16,4,0,8
1479,63,2024,1,21,19,0,2,0
1480,63,2024,2,22,19,3,0,8
1481,63,2024,3,20,17,1,2,8
1482,63,2024,4,23,21,0,2,3
1483,63,2024,5,21,20,0,1,5
1484,63,2024,6,23,19,3,1,3
1485,63,2024,7,20,16,2,2,3
1486,63,2024,8,23,20,3,0,5
1487,63,2024,9,23,22,1,0,5
1488,63,2024,10,22,20,0,2,5
1489,63,2024,11,21,19,1,1,5
1490,63,2024,12,23,19,2,2,3
1491,63,2025,1,20,19,0,1,1
1492,63,2025,2,21,17,2,2,4
1493,63,2025,3,21,18,2,1,3
1494,63,2025,4,22,20,1,1,3
1495,63,2025,5,22,19,1,2,6
1496,63,2025,6,20,15,3,2,2
1497,64,2024,8,22,19,2,1,3
1498,64,2024,9,22,18,2,2,4
1499,64,2024,10,21,16,3,2,1
1500,64,2024,11,23,21,1,1,6
1501,64,2024,12,21,20,1,0,2
1502,64,2025,1,23,20,3,0,2
1503,64,2025,2,21,19,2,0,8
1504,64,2025,3,20,18,0,2,7
1505,64,2025,4,20,17,1,2,5
1506,64,2025,5,23,20,3,0,2
1507,64,2025,6,22,20,2,0,8
1508,64,2025,7,22,19,1,2,7
1509,64,2025,8,20,17,2,1,3
1510,64,2025,9,23,19,4,0,0
1511,64,2025,10,22,22,0,0,1
1512,64,2025,11,23,23,0,0,1
1513,64,2025,12,22,17,3,2,0
1514,65,2025,4,22,18,3,1,0
1515,65,2025,5,21,18,1,2,4
1516,65,2025,6,23,18,3,2,5
1517,65,2025,7,22,19,3,0,1
1518,65,2025,8,22,22,0,0,6
1519,65,2025,9,22,22,0,0,6
1520,65,2025,10,20,14,4,2,0
1521,65,2025,11,23,21,2,0,2
1522,65,2025,12,21,20,0,1,3
1523,66,2025,9,21,18,1,2,7
1524,66,2025,10,23,19,2,2,2
1525,66,2025,11,21,20,1,0,4
1526,66,2025,12,20,17,3,0,4
1527,67,2023,4,22,18,4,0,0
1528,67,2023,5,20,14,4,2,3
1529,67,2023,6,20,18,2,0,1
1530,67,2023,7,20,17,2,1,1
1531,67,2023,8,21,17,3,1,6
1532,67,2023,9,21,16,3,2,6
1533,67,2023,10,23,19,2,2,1
1534,67,2023,11,22,22,0,0,2
1535,67,2023,12,22,19,3,0,2
1536,67,2024,1,21,17,2,2,3
1537,67,2024,2,21,15,4,2,8
1538,67,2024,3,22,16,4,2,0
1539,67,2024,4,22,20,1,1,3
1540,67,2024,5,23,22,0,1,8
1541,67,2024,6,23,19,3,1,3
1542,67,2024,7,21,21,0,0,3
1543,67,2024,8,21,18,3,0,2
1544,67,2024,9,23,19,4,0,0
1545,67,2024,10,23,22,1,0,5
1546,67,2024,11,21,18,3,0,8
1547,67,2024,12,20,17,3,0,7
1548,67,2025,1,22,19,2,1,3
1549,67,2025,2,23,20,1,2,8
1550,67,2025,3,23,21,0,2,3
1551,67,2025,4,21,21,0,0,8
1552,67,2025,5,20,19,1,0,2
1553,67,2025,6,21,20,1,0,2
1554,67,2025,7,20,18,0,2,3
1555,67,2025,8,23,22,0,1,1
1556,67,2025,9,22,16,4,2,2
1557,67,2025,10,20,17,2,1,3
1558,67,2025,11,21,15,4,2,5
1559,67,2025,12,23,18,4,1,1
1560,68,2025,2,22,19,2,1,5
1561,68,2025,3,22,21,1,0,6
1562,68,2025,4,22,20,0,2,1
1563,68,2025,5,22,19,1,2,6
1564,68,2025,6,23,20,2,1,8
1565,68,2025,7,20,18,2,0,1
1566,68,2025,8,23,18,3,2,4
1567,68,2025,9,22,18,3,1,7
1568,68,2025,10,22,21,0,1,2
1569,68,2025,11,22,17,4,1,1
1570,68,2025,12,21,17,4,0,2
1571,69,2024,8,23,17,4,2,8
1572,69,2024,9,20,15,3,2,6
1573,69,2024,10,20,16,3,1,3
1574,69,2024,11,22,20,1,1,4
1575,69,2024,12,21,18,2,1,4
1576,69,2025,1,22,21,1,0,0
1577,69,2025,2,23,20,2,1,1
1578,69,2025,3,22,16,4,2,6
1579,69,2025,4,23,19,3,1,5
1580,69,2025,5,23,20,3,0,6
1581,69,2025,6,20,16,4,0,7
1582,69,2025,7,22,20,1,1,6
1583,69,2025,8,22,17,3,2,8
1584,69,2025,9,20,18,1,1,7
1585,69,2025,10,23,21,1,1,6
1586,69,2025,11,21,17,4,0,1
1587,69,2025,12,21,18,2,1,6
1588,70,2022,1,20,15,4,1,0
1589,70,2022,2,21,18,1,2,5
1590,70,2022,3,23,21,2,0,6
1591,70,2022,4,22,18,3,1,1
1592,70,2022,5,23,20,1,2,6
1593,70,2022,6,23,19,2,2,0
1594,70,2022,7,22,22,0,0,8
1595,70,2022,8,20,19,0,1,5
1596,70,2022,9,23,18,3,2,4
1597,70,2022,10,23,19,2,2,2
1598,70,2022,11,23,19,4,0,6
1599,70,2022,12,20,14,4,2,6
1600,70,2023,1,22,18,4,0,3
1601,70,2023,2,22,20,0,2,2
1602,70,2023,3,21,16,3,2,0
1603,70,2023,4,23,17,4,2,5
1604,70,2023,5,23,20,2,1,4
1605,70,2023,6,23,20,3,0,8
1606,70,2023,7,21,16,4,1,6
1607,70,2023,8,22,18,3,1,0
1608,70,2023,9,21,16,4,1,6
1609,70,2023,10,20,15,4,1,2
1610,70,2023,11,20,19,1,0,8
1611,70,2023,12,23,20,2,1,0
1612,70,2024,1,21,21,0,0,1
1613,70,2024,2,23,18,4,1,2
1614,70,2024,3,23,21,2,0,1
1615,70,2024,4,20,16,2,2,7
1616,70,2024,5,20,17,3,0,6
1617,70,2024,6,22,16,4,2,6
1618,70,2024,7,20,18,1,1,3
1619,70,2024,8,21,16,4,1,7
1620,70,2024,9,22,17,4,1,5
1621,70,2024,10,21,21,0,0,5
1622,70,2024,11,21,17,4,0,4
1623,70,2024,12,21,19,0,2,7
1624,70,2025,1,21,17,2,2,1
1625,70,2025,2,22,18,3,1,6
1626,70,2025,3,23,19,4,0,8
1627,70,2025,4,20,17,3,0,4
1628,70,2025,5,20,17,1,2,4
1629,70,2025,6,20,16,4,0,0
1630,70,2025,7,20,16,2,2,6
1631,70,2025,8,22,17,4,1,7
1632,70,2025,9,20,15,3,2,3
1633,70,2025,10,22,18,4,0,2
1634,70,2025,11,23,20,3,0,7
1635,70,2025,12,23,21,1,1,0
1636,71,2021,7,23,20,1,2,0
1637,71,2021,8,20,18,1,1,8
1638,71,2021,9,20,15,4,1,8
1639,71,2021,10,21,19,0,2,5
1640,71,2021,11,21,18,3,0,6
1641,71,2021,12,23,21,1,1,4
1642,71,2022,1,23,21,1,1,5
1643,71,2022,2,21,17,4,0,1
1644,71,2022,3,22,20,2,0,0
1645,71,2022,4,20,17,2,1,6
1646,71,2022,5,22,18,2,2,3
1647,71,2022,6,22,21,0,1,5
1648,71,2022,7,21,18,3,0,6
1649,71,2022,8,20,16,4,0,6
1650,71,2022,9,22,21,1,0,7
1651,71,2022,10,20,17,1,2,1
1652,71,2022,11,23,21,1,1,6
1653,71,2022,12,23,19,3,1,4
1654,71,2023,1,20,19,1,0,4
1655,71,2023,2,21,17,3,1,2
1656,71,2023,3,21,17,2,2,8
1657,71,2023,4,22,20,0,2,1
1658,71,2023,5,20,18,2,0,8
1659,71,2023,6,20,19,0,1,3
1660,71,2023,7,21,15,4,2,2
1661,71,2023,8,23,20,2,1,4
1662,71,2023,9,23,17,4,2,5
1663,71,2023,10,22,19,3,0,5
1664,71,2023,11,22,21,0,1,0
1665,71,2023,12,20,17,2,1,3
1666,71,2024,1,22,20,0,2,4
1667,71,2024,2,21,16,4,1,8
1668,71,2024,3,21,18,1,2,6
1669,71,2024,4,22,18,3,1,4
1670,71,2024,5,21,18,2,1,2
1671,71,2024,6,22,20,2,0,2
1672,71,2024,7,21,18,2,1,4
1673,71,2024,8,20,16,4,0,3
1674,71,2024,9,21,19,1,1,0
1675,71,2024,10,22,20,0,2,4
1676,71,2024,11,23,21,0,2,3
1677,71,2024,12,23,18,4,1,7
1678,71,2025,1,21,17,2,2,7
1679,71,2025,2,22,18,2,2,3
1680,71,2025,3,20,16,2,2,2
1681,71,2025,4,21,19,2,0,5
1682,71,2025,5,21,17,2,2,6
1683,71,2025,6,21,17,2,2,6
1684,71,2025,7,23,20,2,1,3
1685,71,2025,8,22,21,0,1,1
1686,71,2025,9,22,22,0,0,4
1687,71,2025,10,21,18,1,2,6
1688,71,2025,11,23,19,3,1,3
1689,71,2025,12,20,18,0,2,8
1690,72,2022,10,21,17,2,2,0
1691,72,2022,11,23,21,2,0,7
1692,72,2022,12,23,22,1,0,7
1693,72,2023,1,20,18,2,0,7
1694,72,2023,2,20,18,1,1,0
1695,72,2023,3,23,22,1,0,0
1696,72,2023,4,23,20,3,0,7
1697,72,2023,5,21,17,4,0,3
1698,72,2023,6,20,19,0,1,5
1699,72,2023,7,21,21,0,0,6
1700,72,2023,8,22,20,0,2,5
1701,72,2023,9,21,17,4,0,8
1702,72,2023,10,22,16,4,2,8
1703,72,2023,11,23,21,2,0,2
1704,72,2023,12,23,17,4,2,2
1705,72,2024,1,22,19,2,1,2
1706,72,2024,2,23,23,0,0,3
1707,72,2024,3,22,22,0,0,6
1708,72,2024,4,22,16,4,2,8
1709,72,2024,5,22,20,1,1,1
1710,72,2024,6,23,22,0,1,6
1711,72,2024,7,23,21,0,2,7
1712,72,2024,8,21,17,4,0,5
1713,72,2024,9,23,20,3,0,2
1714,72,2024,10,22,22,0,0,7
1715,72,2024,11,21,18,1,2,2
1716,72,2024,12,21,19,0,2,7
1717,72,2025,1,21,16,4,1,5
1718,72,2025,2,20,16,2,2,5
1719,72,2025,3,22,20,2,0,5
1720,72,2025,4,22,17,4,1,5
1721,72,2025,5,21,18,1,2,8
1722,72,2025,6,20,17,3,0,3
1723,72,2025,7,23,19,4,0,5
1724,72,2025,8,21,20,0,1,6
1725,72,2025,9,22,18,2,2,3
1726,72,2025,10,21,16,4,1,5
1727,72,2025,11,21,17,4,0,2
1728,72,2025,12,21,19,0,2,2
1729,73,2023,5,22,21,1,0,6
1730,73,2023,6,23,20,1,2,0
1731,73,2023,7,20,19,0,1,1
1732,73,2023,8,20,17,3,0,0
1733,73,2023,9,22,18,4,0,7
1734,73,2023,10,23,22,0,1,7
1735,73,2023,11,22,20,1,1,1
1736,73,2023,12,20,16,2,2,6
1737,73,2024,1,23,21,0,2,7
1738,73,2024,2,23,23,0,0,7
1739,73,2024,3,23,18,3,2,4
1740,73,2024,4,20,19,0,1,6
1741,73,2024,5,22,18,4,0,3
1742,73,2024,6,23,17,4,2,5
1743,73,2024,7,22,20,2,0,0
1744,73,2024,8,20,17,1,2,1
1745,73,2024,9,20,16,2,2,2
1746,73,2024,10,20,19,0,1,6
1747,73,2024,11,20,20,0,0,0
1748,73,2024,12,20,15,3,2,0
1749,73,2025,1,22,21,0,1,5
1750,73,2025,2,22,20,0,2,0
1751,73,2025,3,20,16,2,2,4
1752,73,2025,4,22,21,1,0,8
1753,73,2025,5,23,20,2,1,4
1754,73,2025,6,21,20,0,1,6
1755,73,2025,7,21,20,0,1,6
1756,73,2025,8,22,19,1,2,8
1757,73,2025,9,20,20,0,0,2
1758,73,2025,10,23,20,1,2,7
1759,73,2025,11,23,19,4,0,4
1760,73,2025,12,20,17,3,0,3
1761,74,2022,8,20,18,1,1,8
1762,74,2022,9,22,16,4,2,7
1763,74,2022,10,21,19,2,0,5
1764,74,2022,11,20,16,3,1,5
1765,74,2022,12,21,16,3,2,8
1766,74,2023,1,23,18,4,1,1
1767,74,2023,2,23,17,4,2,4
1768,74,2023,3,23,22,1,0,5
1769,75,2023,5,23,21,1,1,4
1770,75,2023,6,20,17,3,0,6
1771,75,2023,7,22,20,2,0,2
1772,75,2023,8,21,18,1,2,6
1773,75,2023,9,23,21,2,0,0
1774,75,2023,10,21,17,2,2,8
1775,75,2023,11,22,21,1,0,3
1776,75,2023,12,22,19,3,0,4
1777,75,2024,1,21,17,3,1,8
1778,75,2024,2,20,15,3,2,7
1779,75,2024,3,23,23,0,0,7
1780,75,2024,4,22,21,1,0,0
1781,75,2024,5,23,21,1,1,7
1782,75,2024,6,20,17,2,1,6
1783,75,2024,7,22,22,0,0,7
1784,75,2024,8,22,18,3,1,0
1785,75,2024,9,23,21,1,1,1
1786,75,2024,10,20,16,2,2,2
1787,75,2024,11,23,17,4,2,3
1788,75,2024,12,20,18,2,0,6
1789,75,2025,1,21,16,4,1,8
1790,75,2025,2,23,23,0,0,7
1791,75,2025,3,21,18,1,2,7
1792,75,2025,4,21,15,4,2,7
1793,75,2025,5,23,23,0,0,2
1794,75,2025,6,20,14,4,2,7
1795,75,2025,7,22,21,1,0,3
1796,75,2025,8,20,17,2,1,1
1797,75,2025,9,20,18,1,1,5
1798,75,2025,10,23,19,2,2,5
1799,75,2025,11,20,14,4,2,2
1800,75,2025,12,21,18,2,1,7
1801,76,2022,8,23,20,2,1,6
1802,76,2022,9,20,16,4,0,7
1803,76,2022,10,20,19,0,1,2
1804,76,2022,11,23,22,0,1,7
1805,76,2022,12,21,18,2,1,8
1806,76,2023,1,22,17,3,2,0
1807,76,2023,2,23,17,4,2,7
1808,76,2023,3,21,19,1,1,5
1809,76,2023,4,23,22,1,0,5
1810,76,2023,5,20,19,1,0,0
1811,76,2023,6,22,19,3,0,1
1812,76,2023,7,21,18,3,0,0
1813,76,2023,8,22,21,0,1,7
1814,76,2023,9,21,15,4,2,0
1815,76,2023,10,20,20,0,0,1
1816,76,2023,11,22,19,2,1,7
1817,76,2023,12,23,20,3,0,8
1818,76,2024,1,21,15,4,2,5
1819,76,2024,2,21,20,1,0,7
1820,76,2024,3,23,21,1,1,4
1821,76,2024,4,22,17,4,1,4
1822,76,2024,5,23,21,0,2,4
1823,76,2024,6,23,20,1,2,7
1824,76,2024,7,22,22,0,0,0
1825,76,2024,8,23,20,2,1,5
1826,76,2024,9,21,17,4,0,8
1827,76,2024,10,22,19,1,2,0
1828,76,2024,11,21,19,1,1,4
1829,76,2024,12,20,20,0,0,1
1830,76,2025,1,22,18,2,2,5
1831,76,2025,2,22,22,0,0,1
1832,76,2025,3,23,22,0,1,4
1833,76,2025,4,20,19,1,0,6
1834,76,2025,5,20,20,0,0,8
1835,76,2025,6,23,18,4,1,2
1836,76,2025,7,20,18,0,2,3
1837,76,2025,8,20,16,3,1,1
1838,76,2025,9,20,17,1,2,5
1839,76,2025,10,20,16,2,2,1
1840,76,2025,11,20,17,1,2,3
1841,76,2025,12,22,20,2,0,8
1842,77,2024,4,20,19,0,1,8
1843,77,2024,5,22,18,4,0,4
1844,77,2024,6,22,20,0,2,8
1845,77,2024,7,20,16,2,2,8
1846,77,2024,8,22,18,3,1,7
1847,77,2024,9,20,16,3,1,0
1848,77,2024,10,21,17,2,2,0
1849,77,2024,11,22,17,3,2,5
1850,77,2024,12,21,19,1,1,7
1851,77,2025,1,21,17,3,1,6
1852,77,2025,2,23,21,2,0,1
1853,77,2025,3,22,21,1,0,2
1854,77,2025,4,21,18,1,2,2
1855,77,2025,5,22,16,4,2,3
1856,77,2025,6,23,21,0,2,4
1857,77,2025,7,21,18,1,2,4
1858,77,2025,8,20,17,3,0,4
1859,77,2025,9,20,15,4,1,4
1860,77,2025,10,23,18,4,1,8
1861,77,2025,11,22,18,3,1,5
1862,77,2025,12,22,17,4,1,6
1863,78,2023,4,21,20,0,1,1
1864,78,2023,5,20,17,1,2,7
1865,78,2023,6,20,14,4,2,4
1866,78,2023,7,23,20,1,2,8
1867,78,2023,8,22,18,3,1,0
1868,78,2023,9,22,22,0,0,2
1869,78,2023,10,22,21,0,1,6
1870,78,2023,11,22,16,4,2,8
1871,78,2023,12,22,19,2,1,8
1872,78,2024,1,23,18,4,1,1
1873,78,2024,2,22,18,3,1,2
1874,78,2024,3,20,18,0,2,8
1875,78,2024,4,22,21,0,1,8
1876,78,2024,5,22,20,0,2,3
1877,78,2024,6,20,18,2,0,8
1878,78,2024,7,20,15,4,1,2
1879,78,2024,8,22,18,3,1,8
1880,78,2024,9,21,18,2,1,3
1881,78,2024,10,23,22,0,1,5
1882,78,2024,11,21,20,0,1,2
1883,78,2024,12,22,20,1,1,1
1884,78,2025,1,22,18,2,2,6
1885,78,2025,2,21,17,4,0,7
1886,78,2025,3,21,19,2,0,3
1887,78,2025,4,22,19,2,1,1
1888,78,2025,5,20,16,3,1,2
1889,78,2025,6,23,23,0,0,6
1890,78,2025,7,22,19,3,0,6
1891,78,2025,8,23,19,3,1,7
1892,78,2025,9,23,18,3,2,0
1893,78,2025,10,20,15,3,2,1
1894,78,2025,11,21,18,2,1,4
1895,78,2025,12,20,17,1,2,3
1896,79,2021,11,20,20,0,0,2
1897,79,2021,12,22,18,2,2,2
1898,79,2022,1,23,21,2,0,5
1899,79,2022,2,23,19,2,2,0
1900,79,2022,3,23,23,0,0,7
1901,79,2022,4,21,20,0,1,5
1902,79,2022,5,20,19,0,1,3
1903,79,2022,6,23,21,1,1,8
1904,79,2022,7,22,19,1,2,6
1905,79,2022,8,23,20,3,0,5
1906,79,2022,9,23,19,3,1,4
1907,79,2022,10,23,21,2,0,6
1908,79,2022,11,20,17,1,2,3
1909,79,2022,12,22,19,1,2,5
1910,79,2023,1,21,20,1,0,3
1911,79,2023,2,23,21,1,1,7
1912,79,2023,3,20,16,2,2,4
1913,79,2023,4,22,18,2,2,2
1914,79,2023,5,20,15,3,2,8
1915,79,2023,6,23,22,1,0,3
1916,79,2023,7,22,19,1,2,6
1917,79,2023,8,22,18,4,0,3
1918,79,2023,9,23,17,4,2,3
1919,79,2023,10,20,15,4,1,1
1920,79,2023,11,22,20,0,2,3
1921,79,2023,12,23,21,1,1,5
1922,79,2024,1,22,17,4,1,8
1923,79,2024,2,20,20,0,0,8
1924,80,2022,9,23,23,0,0,5
1925,80,2022,10,21,21,0,0,6
1926,80,2022,11,22,20,0,2,6
1927,80,2022,12,20,18,1,1,4
1928,80,2023,1,22,20,0,2,2
1929,80,2023,2,21,17,4,0,8
1930,80,2023,3,20,19,1,0,5
1931,80,2023,4,21,21,0,0,5
1932,80,2023,5,23,22,0,1,8
1933,80,2023,6,20,19,1,0,6
1934,80,2023,7,22,18,4,0,4
1935,80,2023,8,21,17,2,2,0
1936,80,2023,9,22,21,0,1,2
1937,80,2023,10,20,16,2,2,2
1938,80,2023,11,20,20,0,0,0
1939,80,2023,12,21,17,2,2,2
1940,80,2024,1,22,18,2,2,7
1941,80,2024,2,21,15,4,2,7
1942,80,2024,3,23,18,3,2,0
1943,80,2024,4,23,22,1,0,1
1944,80,2024,5,21,17,4,0,7
1945,80,2024,6,22,20,0,2,0
1946,80,2024,7,22,22,0,0,4
1947,80,2024,8,23,20,3,0,5
1948,80,2024,9,21,17,3,1,5
1949,80,2024,10,23,22,1,0,4
1950,80,2024,11,22,18,4,0,2
1951,80,2024,12,21,15,4,2,3
1952,80,2025,1,23,23,0,0,3
1953,80,2025,2,21,20,1,0,1
1954,80,2025,3,21,18,2,1,8
1955,80,2025,4,23,18,4,1,5
1956,80,2025,5,20,19,1,0,6
1957,80,2025,6,23,19,2,2,5
1958,80,2025,7,23,18,3,2,5
1959,80,2025,8,20,18,0,2,3
1960,80,2025,9,20,17,1,2,7
1961,80,2025,10,22,18,4,0,8
1962,80,2025,11,23,20,2,1,3
1963,80,2025,12,22,19,2,1,1
1964,81,2025,2,21,17,4,0,2
1965,81,2025,3,21,17,3,1,3
1966,81,2025,4,23,20,1,2,5
1967,81,2025,5,22,17,4,1,5
1968,81,2025,6,20,16,3,1,8
1969,81,2025,7,21,18,2,1,1
1970,82,2022,7,20,17,1,2,6
1971,82,2022,8,23,17,4,2,7
1972,82,2022,9,20,16,4,0,2
1973,82,2022,10,23,19,2,2,1
1974,82,2022,11,22,18,3,1,7
1975,82,2022,12,22,17,3,2,6
1976,82,2023,1,20,15,3,2,4
1977,82,2023,2,22,20,1,1,1
1978,82,2023,3,23,19,3,1,7
1979,82,2023,4,21,17,4,0,7
1980,82,2023,5,23,20,3,0,7
1981,82,2023,6,21,16,3,2,4
1982,82,2023,7,22,20,0,2,6
1983,82,2023,8,20,15,3,2,5
1984,82,2023,9,23,20,3,0,1
1985,82,2023,10,20,17,3,0,6
1986,82,2023,11,21,20,0,1,3
1987,82,2023,12,20,15,4,1,8
1988,82,2024,1,22,19,3,0,2
1989,82,2024,2,20,19,1,0,8
1990,82,2024,3,20,18,1,1,8
1991,82,2024,4,21,17,4,0,1
1992,82,2024,5,23,22,0,1,7
1993,82,2024,6,23,19,2,2,5
1994,82,2024,7,22,20,1,1,7
1995,82,2024,8,23,22,0,1,1
1996,82,2024,9,21,19,1,1,4
1997,82,2024,10,20,17,3,0,6
1998,82,2024,11,22,19,2,1,1
1999,82,2024,12,21,21,0,0,8
2000,82,2025,1,22,17,4,1,3
2001,82,2025,2,22,18,2,2,3
2002,82,2025,3,21,17,4,0,7
2003,82,2025,4,21,18,1,2,4
2004,82,2025,5,23,18,4,1,1
2005,82,2025,6,23,21,2,0,5
2006,82,2025,7,23,22,1,0,7
2007,82,2025,8,23,17,4,2,5
2008,82,2025,9,21,18,2,1,7
2009,82,2025,10,21,17,4,0,4
2010,82,2025,11,23,19,2,2,5
2011,82,2025,12,23,18,4,1,2
2012,83,2024,3,20,19,1,0,5
2013,83,2024,4,22,19,3,0,8
2014,83,2024,5,22,19,2,1,4
2015,83,2024,6,21,18,1,2,6
2016,83,2024,7,21,17,3,1,3
2017,83,2024,8,21,20,1,0,1
2018,83,2024,9,23,18,3,2,8
2019,83,2024,10,22,22,0,0,3
2020,83,2024,11,21,21,0,0,3
2021,83,2024,12,21,18,2,1,4
2022,83,2025,1,22,19,3,0,0
2023,83,2025,2,22,21,0,1,8
2024,83,2025,3,21,20,0,1,2
2025,83,2025,4,21,18,1,2,4
2026,83,2025,5,21,18,1,2,4
2027,83,2025,6,21,19,0,2,4
2028,83,2025,7,21,18,2,1,3
2029,83,2025,8,20,18,0,2,4
2030,83,2025,9,21,17,2,2,0
2031,83,2025,10,22,19,3,0,3
2032,83,2025,11,21,18,1,2,4
2033,83,2025,12,23,21,0,2,7
2034,84,2022,10,20,17,1,2,7
2035,84,2022,11,23,20,1,2,2
2036,84,2022,12,22,17,3,2,5
2037,84,2023,1,20,15,3,2,1
2038,84,2023,2,21,16,4,1,1
2039,84,2023,3,21,17,3,1,8
2040,84,2023,4,21,17,3,1,7
2041,84,2023,5,21,16,4,1,2
2042,84,2023,6,20,19,1,0,3
2043,84,2023,7,23,19,2,2,0
2044,84,2023,8,21,21,0,0,2
2045,84,2023,9,22,21,0,1,1
2046,84,2023,10,21,18,3,0,8
2047,84,2023,11,21,17,4,0,3
2048,84,2023,12,21,16,4,1,8
2049,84,2024,1,23,22,0,1,8
2050,84,2024,2,21,18,3,0,0
2051,84,2024,3,23,23,0,0,7
2052,84,2024,4,23,23,0,0,5
2053,84,2024,5,21,18,3,0,1
2054,84,2024,6,22,18,3,1,1
2055,84,2024,7,20,19,1,0,4
2056,84,2024,8,20,17,2,1,0
2057,84,2024,9,22,19,1,2,6
2058,84,2024,10,22,17,3,2,8
2059,84,2024,11,22,22,0,0,4
2060,84,2024,12,22,19,2,1,7
2061,84,2025,1,22,17,3,2,4
2062,84,2025,2,21,18,3,0,1
2063,84,2025,3,23,19,3,1,6
2064,84,2025,4,20,18,0,2,5
2065,84,2025,5,23,21,1,1,8
2066,84,2025,6,21,15,4,2,6
2067,84,2025,7,21,18,3,0,4
2068,84,2025,8,23,21,2,0,3
2069,84,2025,9,20,18,0,2,4
2070,84,2025,10,23,19,3,1,5
2071,84,2025,11,21,20,1,0,4
2072,84,2025,12,21,18,2,1,3
2073,85,2022,12,22,20,0,2,8
2074,85,2023,1,23,20,1,2,1
2075,85,2023,2,20,15,3,2,7
2076,85,2023,3,22,20,0,2,0
2077,85,2023,4,22,17,3,2,4
2078,85,2023,5,22,18,4,0,0
2079,85,2023,6,22,18,2,2,5
2080,85,2023,7,22,18,4,0,5
2081,85,2023,8,23,23,0,0,2
2082,85,2023,9,23,23,0,0,8
2083,85,2023,10,20,16,3,1,3
2084,85,2023,11,20,18,0,2,5
2085,85,2023,12,22,21,0,1,1
2086,85,2024,1,21,15,4,2,1
2087,85,2024,2,23,20,2,1,7
2088,85,2024,3,21,19,2,0,6
2089,85,2024,4,20,20,0,0,2
2090,85,2024,5,21,15,4,2,1
2091,85,2024,6,20,16,4,0,6
2092,85,2024,7,22,19,2,1,7
2093,85,2024,8,20,19,1,0,2
2094,85,2024,9,23,19,3,1,4
2095,85,2024,10,23,19,3,1,5
2096,85,2024,11,23,21,0,2,0
2097,85,2024,12,21,19,2,0,8
2098,85,2025,1,20,15,4,1,0
2099,85,2025,2,23,19,4,0,4
2100,85,2025,3,22,20,2,0,4
2101,85,2025,4,21,18,3,0,6
2102,85,2025,5,20,19,1,0,5
2103,85,2025,6,21,18,1,2,7
2104,85,2025,7,21,16,3,2,3
2105,85,2025,8,23,21,1,1,1
2106,85,2025,9,22,17,3,2,6
2107,85,2025,10,23,19,4,0,1
2108,85,2025,11,23,19,3,1,7
2109,85,2025,12,22,19,2,1,6
2110,86,2024,12,22,18,3,1,2
2111,86,2025,1,22,18,4,0,2
2112,86,2025,2,20,17,1,2,4
2113,86,2025,3,21,17,3,1,0
2114,86,2025,4,20,16,2,2,0
2115,86,2025,5,21,17,3,1,6
2116,86,2025,6,20,16,2,2,0
2117,86,2025,7,22,20,2,0,7
2118,86,2025,8,20,18,0,2,7
2119,86,2025,9,20,18,1,1,0
2120,86,2025,10,22,21,1,0,5
2121,86,2025,11,22,20,0,2,7
2122,86,2025,12,20,17,1,2,2
2123,87,2021,5,23,19,4,0,4
2124,87,2021,6,22,22,0,0,5
2125,87,2021,7,22,18,2,2,0
2126,87,2021,8,20,20,0,0,8
2127,87,2021,9,22,21,0,1,8
2128,87,2021,10,20,14,4,2,0
2129,87,2021,11,21,16,4,1,5
2130,87,2021,12,22,19,2,1,5
2131,87,2022,1,20,14,4,2,7
2132,87,2022,2,20,19,0,1,0
2133,87,2022,3,20,19,0,1,6
2134,87,2022,4,22,19,3,0,6
2135,87,2022,5,21,17,3,1,2
2136,87,2022,6,22,22,0,0,7
2137,87,2022,7,21,21,0,0,5
2138,87,2022,8,21,19,1,1,1
2139,87,2022,9,20,18,2,0,1
2140,87,2022,10,23,18,3,2,3
2141,87,2022,11,21,16,4,1,6
2142,87,2022,12,21,15,4,2,6
2143,87,2023,1,20,16,4,0,1
2144,87,2023,2,22,22,0,0,1
2145,87,2023,3,22,20,0,2,4
2146,87,2023,4,23,20,3,0,7
2147,87,2023,5,21,20,1,0,6
2148,87,2023,6,22,20,2,0,3
2149,87,2023,7,23,21,1,1,0
2150,87,2023,8,21,19,1,1,4
2151,87,2023,9,21,20,0,1,5
2152,87,2023,10,20,16,2,2,4
2153,87,2023,11,22,20,1,1,0
2154,87,2023,12,22,18,4,0,5
2155,87,2024,1,22,20,1,1,7
2156,87,2024,2,22,19,1,2,5
2157,87,2024,3,21,19,1,1,1
2158,87,2024,4,22,21,0,1,4
2159,87,2024,5,22,21,0,1,0
2160,87,2024,6,21,15,4,2,2
2161,87,2024,7,20,16,3,1,3
2162,87,2024,8,21,20,1,0,2
2163,87,2024,9,20,15,4,1,7
2164,87,2024,10,20,18,1,1,2
2165,87,2024,11,21,19,2,0,5
2166,87,2024,12,22,20,0,2,1
2167,87,2025,1,21,16,4,1,0
2168,87,2025,2,20,17,2,1,7
2169,87,2025,3,20,19,1,0,4
2170,87,2025,4,22,22,0,0,5
2171,87,2025,5,23,17,4,2,5
2172,87,2025,6,22,16,4,2,0
2173,87,2025,7,21,16,4,1,3
2174,87,2025,8,20,19,0,1,6
2175,87,2025,9,22,17,3,2,8
2176,87,2025,10,22,16,4,2,5
2177,87,2025,11,21,20,0,1,3
2178,87,2025,12,23,23,0,0,5
2179,88,2021,7,20,20,0,0,2
2180,88,2021,8,23,21,2,0,2
2181,88,2021,9,20,17,2,1,2
2182,88,2021,10,22,19,1,2,0
2183,88,2021,11,20,19,0,1,3
2184,88,2021,12,22,21,0,1,0
2185,88,2022,1,20,17,3,0,4
2186,88,2022,2,22,18,4,0,5
2187,88,2022,3,22,16,4,2,5
2188,88,2022,4,22,17,4,1,2
2189,88,2022,5,21,18,3,0,2
2190,88,2022,6,22,21,0,1,0
2191,88,2022,7,22,20,2,0,0
2192,88,2022,8,22,20,0,2,2
2193,88,2022,9,21,16,4,1,6
2194,88,2022,10,20,20,0,0,8
2195,88,2022,11,21,18,3,0,1
2196,88,2022,12,20,18,0,2,4
2197,88,2023,1,20,18,1,1,1
2198,88,2023,2,20,16,4,0,6
2199,88,2023,3,20,17,2,1,1
2200,88,2023,4,22,19,2,1,3
2201,88,2023,5,21,21,0,0,4
2202,88,2023,6,20,17,3,0,5
2203,88,2023,7,23,23,0,0,2
2204,88,2023,8,20,16,4,0,4
2205,88,2023,9,21,20,1,0,4
2206,88,2023,10,20,16,3,1,5
2207,88,2023,11,21,17,4,0,2
2208,88,2023,12,20,16,3,1,2
2209,88,2024,1,23,19,4,0,1
2210,88,2024,2,21,17,2,2,7
2211,88,2024,3,21,15,4,2,5
2212,88,2024,4,23,18,4,1,7
2213,88,2024,5,21,21,0,0,6
2214,88,2024,6,22,18,4,0,4
2215,88,2024,7,23,21,1,1,5
2216,88,2024,8,22,21,1,0,3
2217,88,2024,9,20,16,3,1,4
2218,88,2024,10,22,19,3,0,6
2219,88,2024,11,22,19,2,1,0
2220,88,2024,12,23,19,3,1,0
2221,88,2025,1,21,17,3,1,7
2222,89,2022,1,20,20,0,0,8
2223,89,2022,2,21,21,0,0,2
2224,89,2022,3,21,17,2,2,7
2225,89,2022,4,20,15,4,1,7
2226,89,2022,5,21,18,1,2,3
2227,89,2022,6,23,20,1,2,5
2228,89,2022,7,20,17,2,1,6
2229,89,2022,8,23,18,3,2,1
2230,89,2022,9,22,20,1,1,7
2231,89,2022,10,22,22,0,0,5
2232,89,2022,11,22,21,0,1,1
2233,89,2022,12,22,17,4,1,3
2234,89,2023,1,20,15,4,1,0
2235,89,2023,2,21,19,0,2,5
2236,89,2023,3,22,19,3,0,2
2237,89,2023,4,23,19,2,2,5
2238,89,2023,5,22,21,1,0,3
2239,89,2023,6,21,18,2,1,7
2240,89,2023,7,21,18,2,1,3
2241,89,2023,8,21,18,2,1,4
2242,89,2023,9,23,20,2,1,1
2243,89,2023,10,23,17,4,2,4
2244,89,2023,11,20,16,3,1,5
2245,89,2023,12,22,19,1,2,5
2246,89,2024,1,23,19,2,2,3
2247,89,2024,2,21,15,4,2,8
2248,89,2024,3,20,15,4,1,7
2249,89,2024,4,21,17,3,1,0
2250,89,2024,5,20,19,1,0,5
2251,89,2024,6,21,16,4,1,6
2252,89,2024,7,21,18,1,2,0
2253,89,2024,8,23,18,4,1,3
2254,89,2024,9,21,20,0,1,2
2255,89,2024,10,22,18,3,1,5
2256,89,2024,11,22,19,1,2,2
2257,89,2024,12,21,17,2,2,6
2258,89,2025,1,21,18,2,1,8
2259,89,2025,2,21,15,4,2,7
2260,89,2025,3,21,17,2,2,7
2261,89,2025,4,21,21,0,0,4
2262,89,2025,5,20,15,3,2,2
2263,89,2025,6,23,20,3,0,2
2264,89,2025,7,20,20,0,0,6
2265,89,2025,8,21,19,2,0,1
2266,89,2025,9,20,17,3,0,8
2267,89,2025,10,21,17,3,1,2
2268,89,2025,11,21,17,4,0,8
2269,89,2025,12,20,15,3,2,2
2270,90,2023,7,20,18,0,2,5
2271,90,2023,8,21,18,3,0,8
2272,90,2023,9,21,19,1,1,3
2273,90,2023,10,21,19,2,0,4
2274,90,2023,11,22,22,0,0,0
2275,90,2023,12,20,15,4,1,2
2276,90,2024,1,22,16,4,2,2
2277,90,2024,2,21,19,1,1,7
2278,90,2024,3,20,15,3,2,2
2279,90,2024,4,20,17,3,0,2
2280,90,2024,5,21,16,4,1,0
2281,90,2024,6,22,21,1,0,7
2282,90,2024,7,20,18,1,1,2
2283,90,2024,8,22,18,4,0,7
2284,90,2024,9,22,19,2,1,0
2285,90,2024,10,23,17,4,2,6
2286,90,2024,11,21,17,4,0,5
2287,90,2024,12,20,17,2,1,1
2288,90,2025,1,22,20,0,2,1
2289,90,2025,2,21,17,3,1,8
2290,90,2025,3,22,21,0,1,1
2291,90,2025,4,21,15,4,2,4
2292,90,2025,5,22,21,1,0,8
2293,90,2025,6,22,20,2,0,2
2294,90,2025,7,20,16,3,1,5
2295,90,2025,8,21,16,4,1,2
2296,90,2025,9,23,21,0,2,0
2297,90,2025,10,20,19,0,1,6
2298,90,2025,11,23,21,1,1,6
2299,90,2025,12,22,18,4,0,7
2300,91,2021,2,23,17,4,2,2
2301,91,2021,3,21,19,0,2,0
2302,91,2021,4,21,16,4,1,0
2303,91,2021,5,21,17,2,2,4
2304,91,2021,6,22,19,3,0,6
2305,91,2021,7,21,17,4,0,0
2306,91,2021,8,23,19,3,1,3
2307,91,2021,9,20,17,2,1,4
2308,91,2021,10,23,18,3,2,3
2309,91,2021,11,20,17,2,1,4
2310,91,2021,12,21,20,1,0,3
2311,91,2022,1,21,18,3,0,1
2312,91,2022,2,20,18,0,2,5
2313,91,2022,3,23,20,3,0,5
2314,91,2022,4,21,19,2,0,3
2315,91,2022,5,21,18,3,0,4
2316,91,2022,6,21,19,0,2,1
2317,91,2022,7,21,17,2,2,0
2318,91,2022,8,23,21,2,0,0
2319,91,2022,9,21,18,2,1,1
2320,91,2022,10,23,19,2,2,8
2321,91,2022,11,20,14,4,2,0
2322,91,2022,12,21,19,2,0,5
2323,91,2023,1,20,14,4,2,7
2324,91,2023,2,20,19,0,1,2
2325,91,2023,3,22,21,1,0,4
2326,91,2023,4,23,18,3,2,5
2327,91,2023,5,20,16,4,0,6
2328,91,2023,6,23,19,2,2,0
2329,91,2023,7,20,17,3,0,4
2330,91,2023,8,20,18,0,2,8
2331,91,2023,9,21,21,0,0,2
2332,91,2023,10,23,22,0,1,8
2333,91,2023,11,22,20,0,2,0
2334,91,2023,12,23,19,4,0,8
2335,91,2024,1,21,18,1,2,2
2336,91,2024,2,22,18,3,1,5
2337,91,2024,3,21,16,3,2,4
2338,91,2024,4,22,16,4,2,2
2339,91,2024,5,23,19,4,0,1
2340,91,2024,6,23,22,0,1,6
2341,91,2024,7,21,19,2,0,4
2342,91,2024,8,23,21,0,2,8
2343,91,2024,9,21,18,3,0,3
2344,91,2024,10,21,20,0,1,4
2345,91,2024,11,20,17,3,0,5
2346,91,2024,12,22,19,3,0,7
2347,91,2025,1,20,19,1,0,3
2348,91,2025,2,22,20,0,2,0
2349,91,2025,3,21,17,2,2,7
2350,91,2025,4,21,19,0,2,7
2351,91,2025,5,23,18,4,1,4
2352,92,2024,10,20,17,2,1,7
2353,92,2024,11,22,21,0,1,3
2354,92,2024,12,20,20,0,0,7
2355,92,2025,1,23,19,3,1,2
2356,92,2025,2,20,16,2,2,0
2357,92,2025,3,21,18,1,2,0
2358,92,2025,4,23,22,0,1,2
2359,92,2025,5,23,20,3,0,8
2360,92,2025,6,20,15,4,1,4
2361,92,2025,7,21,15,4,2,1
2362,92,2025,8,20,17,3,0,8
2363,92,2025,9,22,19,3,0,7
2364,92,2025,10,21,21,0,0,4
2365,92,2025,11,21,19,0,2,0
2366,92,2025,12,21,17,3,1,0
2367,93,2021,6,23,18,3,2,6
2368,93,2021,7,22,17,4,1,6
2369,93,2021,8,22,21,0,1,3
2370,93,2021,9,23,19,2,2,8
2371,93,2021,10,21,19,2,0,5
2372,93,2021,11,22,18,3,1,5
2373,93,2021,12,23,21,2,0,2
2374,93,2022,1,23,17,4,2,5
2375,93,2022,2,22,22,0,0,1
2376,93,2022,3,22,22,0,0,1
2377,93,2022,4,23,20,2,1,0
2378,93,2022,5,21,20,0,1,6
2379,93,2022,6,22,18,3,1,7
2380,93,2022,7,22,19,1,2,4
2381,93,2022,8,21,19,1,1,6
2382,93,2022,9,21,19,0,2,2
2383,93,2022,10,22,20,0,2,8
2384,93,2022,11,22,22,0,0,7
2385,93,2022,12,21,15,4,2,5
2386,93,2023,1,21,19,1,1,5
2387,93,2023,2,20,18,2,0,4
2388,93,2023,3,22,18,3,1,8
2389,93,2023,4,20,19,0,1,1
2390,93,2023,5,22,20,2,0,4
2391,93,2023,6,23,19,2,2,7
2392,93,2023,7,20,19,0,1,8
2393,93,2023,8,23,23,0,0,1
2394,93,2023,9,23,19,2,2,7
2395,93,2023,10,23,20,2,1,3
2396,93,2023,11,21,19,2,0,4
2397,93,2023,12,21,18,3,0,6
2398,93,2024,1,22,18,4,0,7
2399,93,2024,2,20,16,4,0,4
2400,93,2024,3,21,16,4,1,5
2401,93,2024,4,21,18,1,2,5
2402,93,2024,5,22,21,0,1,7
2403,93,2024,6,21,17,3,1,1
2404,93,2024,7,20,19,1,0,3
2405,93,2024,8,20,20,0,0,2
2406,94,2023,1,23,19,3,1,3
2407,94,2023,2,22,18,2,2,1
2408,94,2023,3,22,16,4,2,4
2409,94,2023,4,23,20,1,2,4
2410,94,2023,5,22,17,3,2,3
2411,94,2023,6,22,20,1,1,0
2412,94,2023,7,21,18,1,2,1
2413,94,2023,8,21,18,3,0,3
2414,94,2023,9,21,19,0,2,2
2415,94,2023,10,21,17,2,2,8
2416,94,2023,11,20,19,1,0,4
2417,94,2023,12,23,22,1,0,5
2418,94,2024,1,20,16,3,1,6
2419,94,2024,2,22,18,2,2,7
2420,94,2024,3,20,16,4,0,5
2421,94,2024,4,21,19,0,2,7
2422,94,2024,5,21,19,0,2,8
2423,94,2024,6,23,20,1,2,0
2424,94,2024,7,21,21,0,0,7
2425,94,2024,8,21,18,3,0,8
2426,94,2024,9,21,20,0,1,1
2427,94,2024,10,20,18,2,0,0
2428,94,2024,11,22,20,0,2,8
2429,94,2024,12,22,21,0,1,6
2430,94,2025,1,21,16,4,1,0
2431,94,2025,2,20,14,4,2,1
2432,94,2025,3,23,20,1,2,5
2433,94,2025,4,23,19,4,0,1
2434,94,2025,5,23,18,3,2,1
2435,94,2025,6,22,18,3,1,5
2436,94,2025,7,23,22,1,0,4
2437,94,2025,8,21,16,4,1,7
2438,94,2025,9,23,18,4,1,1
2439,94,2025,10,20,17,3,0,6
2440,94,2025,11,21,20,1,0,5
2441,94,2025,12,20,17,2,1,8
2442,95,2025,8,21,20,1,0,2
2443,95,2025,9,20,15,4,1,4
2444,95,2025,10,21,20,1,0,4
2445,95,2025,11,23,21,0,2,3
2446,96,2022,6,22,21,1,0,4
2447,96,2022,7,23,22,0,1,6
2448,96,2022,8,20,19,1,0,8
2449,96,2022,9,22,18,2,2,2
2450,96,2022,10,21,17,3,1,7
2451,96,2022,11,20,18,2,0,6
2452,96,2022,12,22,18,4,0,1
2453,96,2023,1,22,21,1,0,5
2454,96,2023,2,20,18,2,0,8
2455,96,2023,3,21,16,3,2,3
2456,96,2023,4,22,20,0,2,8
2457,96,2023,5,20,16,2,2,5
2458,96,2023,6,23,18,4,1,0
2459,96,2023,7,21,19,2,0,4
2460,96,2023,8,23,20,2,1,4
2461,96,2023,9,22,20,1,1,1
2462,96,2023,10,21,20,1,0,3
2463,96,2023,11,23,21,2,0,6
2464,96,2023,12,21,20,0,1,7
2465,96,2024,1,22,20,0,2,3
2466,96,2024,2,23,23,0,0,1
2467,96,2024,3,20,15,3,2,3
2468,96,2024,4,22,17,4,1,2
2469,96,2024,5,20,16,4,0,3
2470,96,2024,6,21,19,0,2,2
2471,96,2024,7,22,20,0,2,0
2472,96,2024,8,20,18,2,0,7
2473,96,2024,9,22,17,3,2,1
2474,96,2024,10,21,18,1,2,2
2475,96,2024,11,20,19,0,1,7
2476,96,2024,12,23,18,4,1,6
2477,96,2025,1,20,16,2,2,5
2478,96,2025,2,20,14,4,2,5
2479,96,2025,3,20,14,4,2,3
2480,96,2025,4,22,19,2,1,5
2481,96,2025,5,23,21,1,1,8
2482,96,2025,6,23,17,4,2,4
2483,96,2025,7,23,22,0,1,2
2484,96,2025,8,21,17,4,0,1
2485,96,2025,9,20,20,0,0,2
2486,96,2025,10,21,19,0,2,1
2487,96,2025,11,22,21,1,0,1
2488,96,2025,12,20,16,3,1,5
2489,97,2024,10,23,21,1,1,0
2490,97,2024,11,21,18,1,2,3
2491,97,2024,12,21,15,4,2,4
2492,97,2025,1,22,18,2,2,7
2493,97,2025,2,22,17,3,2,1
2494,97,2025,3,20,17,1,2,3
2495,97,2025,4,22,17,3,2,6
2496,97,2025,5,23,19,4,0,2
2497,97,2025,6,22,18,2,2,6
2498,97,2025,7,23,19,2,2,4
2499,97,2025,8,20,17,3,0,5
2500,97,2025,9,21,18,2,1,4
2501,97,2025,10,21,18,3,0,8
2502,97,2025,11,23,21,1,1,5
2503,97,2025,12,22,18,2,2,7
2504,98,2025,1,23,18,3,2,2
2505,98,2025,2,22,22,0,0,8
2506,98,2025,3,20,20,0,0,8
2507,98,2025,4,22,16,4,2,1
2508,98,2025,5,22,20,0,2,5
2509,98,2025,6,20,18,2,0,7
2510,98,2025,7,20,19,0,1,8
2511,98,2025,8,20,17,3,0,4
2512,98,2025,9,22,17,3,2,4
2513,98,2025,10,21,19,2,0,3
2514,98,2025,11,21,19,0,2,7
2515,98,2025,12,22,20,0,2,3
2516,99,2024,8,22,16,4,2,8
2517,99,2024,9,21,19,0,2,8
2518,99,2024,10,23,17,4,2,8
2519,99,2024,11,23,19,2,2,4
2520,99,2024,12,22,20,1,1,5
2521,99,2025,1,23,22,0,1,8
2522,99,2025,2,22,17,3,2,8
2523,99,2025,3,22,22,0,0,6
2524,99,2025,4,21,19,0,2,4
2525,99,2025,5,23,23,0,0,1
2526,99,2025,6,20,14,4,2,5
2527,100,2023,3,21,20,1,0,7
2528,100,2023,4,22,21,0,1,7
2529,100,2023,5,21,18,1,2,6
2530,100,2023,6,22,17,4,1,3
2531,100,2023,7,20,15,3,2,3
2532,100,2023,8,22,17,4,1,4
2533,100,2023,9,21,20,1,0,5
2534,100,2023,10,20,18,1,1,5
2535,100,2023,11,23,21,2,0,4
2536,100,2023,12,22,16,4,2,3
2537,100,2024,1,23,23,0,0,3
2538,100,2024,2,22,18,2,2,8
2539,100,2024,3,22,20,2,0,8
2540,100,2024,4,23,20,1,2,3
2541,100,2024,5,21,16,4,1,3
2542,100,2024,6,22,22,0,0,4
2543,100,2024,7,23,20,2,1,0
2544,100,2024,8,22,21,0,1,3
2545,100,2024,9,20,18,2,0,3
2546,100,2024,10,21,18,1,2,6
2547,100,2024,11,23,18,4,1,8
2548,100,2024,12,23,19,2,2,3
2549,100,2025,1,23,21,0,2,7
2550,100,2025,2,23,19,4,0,4
2551,100,2025,3,20,16,4,0,0
2552,100,2025,4,20,17,1,2,1
2553,100,2025,5,20,17,1,2,4
2554,100,2025,6,21,15,4,2,2
2555,100,2025,7,23,20,1,2,0
2556,100,2025,8,23,22,0,1,4
2557,100,2025,9,21,18,1,2,2
2558,100,2025,10,22,20,2,0,8
2559,100,2025,11,22,16,4,2,2
2560,100,2025,12,22,21,0,1,4
2561,101,2024,10,21,17,4,0,5
2562,101,2024,11,21,17,3,1,3
2563,101,2024,12,23,21,0,2,3
2564,101,2025,1,21,21,0,0,4
2565,101,2025,2,22,18,2,2,1
2566,101,2025,3,23,21,2,0,0
2567,101,2025,4,20,17,2,1,8
2568,101,2025,5,23,20,1,2,4
2569,101,2025,6,20,19,1,0,6
2570,101,2025,7,23,22,1,0,7
2571,101,2025,8,21,16,3,2,8
2572,101,2025,9,23,22,0,1,8
2573,101,2025,10,23,21,2,0,1
2574,101,2025,11,21,17,4,0,5
2575,101,2025,12,23,21,2,0,4
2576,102,2025,9,21,19,1,1,7
2577,102,2025,10,21,19,2,0,7
2578,102,2025,11,23,20,2,1,5
2579,102,2025,12,21,17,2,2,3
2580,103,2021,1,21,19,1,1,3
2581,103,2021,2,23,19,2,2,7
2582,103,2021,3,21,15,4,2,3
2583,103,2021,4,22,22,0,0,4
2584,103,2021,5,20,18,0,2,0
2585,103,2021,6,23,23,0,0,3
2586,103,2021,7,20,16,3,1,4
2587,103,2021,8,23,21,1,1,6
2588,103,2021,9,23,21,0,2,1
2589,103,2021,10,20,15,3,2,2
2590,103,2021,11,21,20,1,0,5
2591,103,2021,12,22,19,1,2,1
2592,103,2022,1,22,21,0,1,8
2593,103,2022,2,22,20,2,0,7
2594,103,2022,3,23,20,2,1,1
2595,103,2022,4,23,22,0,1,0
2596,103,2022,5,20,17,3,0,2
2597,103,2022,6,21,21,0,0,6
2598,103,2022,7,21,19,1,1,1
2599,103,2022,8,20,15,4,1,4
2600,103,2022,9,20,15,4,1,3
2601,103,2022,10,23,19,4,0,0
2602,103,2022,11,23,22,1,0,7
2603,103,2022,12,22,22,0,0,7
2604,103,2023,1,20,14,4,2,4
2605,103,2023,2,22,17,4,1,0
2606,103,2023,3,20,18,0,2,4
2607,103,2023,4,23,21,2,0,2
2608,103,2023,5,22,20,2,0,2
2609,103,2023,6,23,20,3,0,7
2610,103,2023,7,20,17,2,1,2
2611,103,2023,8,23,23,0,0,7
2612,103,2023,9,23,18,3,2,6
2613,103,2023,10,22,20,0,2,3
2614,103,2023,11,23,23,0,0,0
2615,103,2023,12,21,15,4,2,1
2616,103,2024,1,21,18,3,0,1
2617,103,2024,2,23,21,1,1,7
2618,103,2024,3,20,14,4,2,7
2619,103,2024,4,21,16,4,1,4
2620,103,2024,5,20,17,2,1,1
2621,103,2024,6,20,16,4,0,0
2622,103,2024,7,21,21,0,0,8
2623,103,2024,8,22,18,4,0,7
2624,103,2024,9,21,17,4,0,1
2625,103,2024,10,20,18,0,2,4
2626,103,2024,11,23,17,4,2,8
2627,103,2024,12,23,22,0,1,3
2628,103,2025,1,20,20,0,0,4
2629,103,2025,2,22,18,3,1,6
2630,103,2025,3,21,18,1,2,7
2631,103,2025,4,23,21,1,1,3
2632,103,2025,5,20,17,2,1,6
2633,103,2025,6,21,15,4,2,7
2634,103,2025,7,20,17,3,0,8
2635,103,2025,8,23,21,0,2,6
2636,103,2025,9,23,22,0,1,4
2637,103,2025,10,22,17,4,1,2
2638,103,2025,11,20,18,1,1,3
2639,103,2025,12,20,17,2,1,3
2640,104,2025,10,21,20,0,1,1
2641,104,2025,11,23,20,1,2,8
2642,104,2025,12,23,20,1,2,1
2643,105,2021,8,22,22,0,0,2
2644,105,2021,9,23,23,0,0,6
2645,105,2021,10,23,19,3,1,0
2646,105,2021,11,23,17,4,2,0
2647,105,2021,12,20,17,1,2,5
2648,105,2022,1,23,20,1,2,0
2649,105,2022,2,20,16,4,0,3
2650,105,2022,3,23,22,0,1,5
2651,105,2022,4,23,18,3,2,5
2652,105,2022,5,22,17,4,1,0
2653,105,2022,6,21,19,2,0,3
2654,105,2022,7,22,18,2,2,5
2655,105,2022,8,22,21,0,1,5
2656,105,2022,9,20,15,4,1,7
2657,105,2022,10,20,18,1,1,3
2658,105,2022,11,23,20,3,0,8
2659,105,2022,12,22,16,4,2,5
2660,105,2023,1,22,20,1,1,7
2661,105,2023,2,23,20,1,2,7
2662,105,2023,3,23,22,0,1,5
2663,105,2023,4,23,20,2,1,6
2664,105,2023,5,21,20,0,1,7
2665,105,2023,6,20,17,2,1,8
2666,105,2023,7,21,21,0,0,7
2667,105,2023,8,21,17,2,2,7
2668,105,2023,9,23,17,4,2,5
2669,105,2023,10,23,20,1,2,5
2670,105,2023,11,20,17,2,1,5
2671,105,2023,12,20,17,3,0,5
2672,105,2024,1,21,21,0,0,7
2673,105,2024,2,23,23,0,0,2
2674,105,2024,3,20,16,2,2,4
2675,105,2024,4,21,19,2,0,2
2676,105,2024,5,22,18,3,1,4
2677,105,2024,6,23,21,1,1,0
2678,105,2024,7,23,23,0,0,7
2679,105,2024,8,23,18,3,2,8
2680,105,2024,9,20,18,1,1,0
2681,105,2024,10,23,20,3,0,5
2682,105,2024,11,23,19,4,0,7
2683,105,2024,12,23,20,1,2,8
2684,105,2025,1,23,23,0,0,5
2685,105,2025,2,21,18,3,0,0
2686,105,2025,3,20,16,4,0,0
2687,105,2025,4,23,22,1,0,2
2688,105,2025,5,20,15,3,2,8
2689,105,2025,6,20,17,1,2,4
2690,105,2025,7,20,17,3,0,1
2691,105,2025,8,20,17,2,1,8
2692,105,2025,9,23,19,2,2,2
2693,105,2025,10,20,18,1,1,3
2694,105,2025,11,22,20,0,2,7
2695,105,2025,12,22,18,2,2,8
2696,106,2024,1,22,17,4,1,5
2697,106,2024,2,23,17,4,2,1
2698,106,2024,3,23,17,4,2,3
2699,106,2024,4,20,19,0,1,7
2700,106,2024,5,20,18,0,2,2
2701,106,2024,6,23,19,4,0,7
2702,106,2024,7,21,18,1,2,3
2703,106,2024,8,20,14,4,2,6
2704,106,2024,9,23,22,1,0,7
2705,106,2024,10,22,21,1,0,3
2706,106,2024,11,23,17,4,2,2
2707,106,2024,12,22,19,1,2,5
2708,106,2025,1,22,17,4,1,4
2709,106,2025,2,20,20,0,0,4
2710,106,2025,3,20,16,2,2,5
2711,106,2025,4,20,15,4,1,8
2712,106,2025,5,21,19,0,2,6
2713,106,2025,6,22,18,3,1,8
2714,106,2025,7,21,16,3,2,2
2715,106,2025,8,21,17,3,1,5
2716,106,2025,9,20,19,0,1,4
2717,106,2025,10,20,17,3,0,5
2718,106,2025,11,23,18,3,2,8
2719,106,2025,12,22,17,4,1,2
2720,107,2025,6,20,19,0,1,5
2721,107,2025,7,22,18,2,2,3
2722,107,2025,8,20,14,4,2,3
2723,107,2025,9,22,21,0,1,6
2724,107,2025,10,23,21,1,1,2
2725,107,2025,11,22,19,3,0,7
2726,107,2025,12,23,23,0,0,7
2727,108,2023,6,21,21,0,0,5
2728,108,2023,7,20,19,1,0,2
2729,108,2023,8,21,20,0,1,8
2730,108,2023,9,20,17,1,2,1
2731,108,2023,10,23,22,0,1,3
2732,108,2023,11,20,18,0,2,0
2733,108,2023,12,22,18,3,1,6
2734,108,2024,1,23,22,1,0,4
2735,108,2024,2,22,20,2,0,8
2736,108,2024,3,23,18,4,1,2
2737,108,2024,4,22,17,3,2,3
2738,108,2024,5,22,17,4,1,0
2739,108,2024,6,22,20,2,0,7
2740,108,2024,7,23,21,2,0,2
2741,108,2024,8,23,17,4,2,7
2742,108,2024,9,20,19,1,0,4
2743,108,2024,10,20,16,2,2,1
2744,108,2024,11,21,16,4,1,1
2745,108,2024,12,20,17,2,1,4
2746,108,2025,1,21,16,3,2,7
2747,108,2025,2,22,18,3,1,8
2748,108,2025,3,21,16,4,1,0
2749,108,2025,4,23,21,1,1,5
2750,108,2025,5,22,20,0,2,6
2751,108,2025,6,20,15,3,2,8
2752,108,2025,7,20,17,1,2,4
2753,108,2025,8,21,18,3,0,4
2754,108,2025,9,20,20,0,0,7
2755,108,2025,10,22,20,0,2,5
2756,108,2025,11,22,17,3,2,6
2757,108,2025,12,20,18,1,1,6
2758,109,2022,8,20,20,0,0,7
2759,109,2022,9,23,19,3,1,7
2760,109,2022,10,22,20,2,0,0
2761,109,2022,11,22,20,1,1,4
2762,109,2022,12,22,20,0,2,8
2763,109,2023,1,21,18,1,2,5
2764,109,2023,2,23,21,2,0,5
2765,109,2023,3,20,16,2,2,1
2766,109,2023,4,23,18,3,2,4
2767,109,2023,5,21,19,0,2,5
2768,109,2023,6,23,21,2,0,8
2769,109,2023,7,22,22,0,0,0
2770,109,2023,8,21,20,0,1,1
2771,109,2023,9,20,19,1,0,1
2772,109,2023,10,22,18,4,0,2
2773,109,2023,11,20,17,3,0,4
2774,109,2023,12,20,16,4,0,8
2775,109,2024,1,23,19,4,0,7
2776,109,2024,2,20,15,4,1,4
2777,109,2024,3,21,18,1,2,8
2778,109,2024,4,22,21,1,0,6
2779,109,2024,5,21,15,4,2,2
2780,109,2024,6,23,19,3,1,2
2781,109,2024,7,23,19,4,0,1
2782,109,2024,8,23,19,3,1,7
2783,109,2024,9,21,19,0,2,8
2784,109,2024,10,23,19,2,2,4
2785,109,2024,11,21,19,0,2,8
2786,109,2024,12,20,18,0,2,3
2787,109,2025,1,20,16,2,2,8
2788,109,2025,2,20,18,1,1,5
2789,109,2025,3,22,19,3,0,2
2790,109,2025,4,21,17,4,0,4
2791,109,2025,5,20,19,1,0,7
2792,109,2025,6,23,20,2,1,6
2793,109,2025,7,23,21,2,0,4
2794,109,2025,8,23,22,1,0,0
2795,109,2025,9,23,23,0,0,5
2796,109,2025,10,21,17,2,2,4
2797,109,2025,11,22,20,0,2,4
2798,109,2025,12,20,17,3,0,2
2799,110,2021,11,23,22,1,0,6
2800,110,2021,12,22,19,2,1,1
2801,110,2022,1,20,18,1,1,5
2802,110,2022,2,22,22,0,0,6
2803,110,2022,3,22,20,2,0,8
2804,110,2022,4,23,20,2,1,8
2805,110,2022,5,22,20,1,1,2
2806,110,2022,6,20,17,2,1,2
2807,110,2022,7,22,21,1,0,5
2808,110,2022,8,20,14,4,2,0
2809,110,2022,9,22,21,1,0,1
2810,110,2022,10,20,18,1,1,1
2811,110,2022,11,20,14,4,2,8
2812,110,2022,12,22,16,4,2,8
2813,110,2023,1,20,17,1,2,2
2814,110,2023,2,21,21,0,0,5
2815,110,2023,3,20,18,1,1,0
2816,110,2023,4,20,17,3,0,2
2817,110,2023,5,22,19,3,0,0
2818,110,2023,6,23,21,2,0,6
2819,110,2023,7,22,20,1,1,7
2820,110,2023,8,22,19,1,2,6
2821,110,2023,9,20,20,0,0,8
2822,110,2023,10,21,20,0,1,2
2823,110,2023,11,22,17,3,2,5
2824,110,2023,12,23,22,1,0,1
2825,110,2024,1,22,18,2,2,2
2826,110,2024,2,21,18,3,0,1
2827,110,2024,3,22,20,0,2,0
2828,110,2024,4,21,19,0,2,4
2829,110,2024,5,20,17,3,0,2
2830,110,2024,6,23,20,2,1,8
2831,110,2024,7,22,19,3,0,2
2832,110,2024,8,20,17,1,2,6
2833,110,2024,9,23,22,1,0,6
2834,110,2024,10,22,21,0,1,6
2835,110,2024,11,21,20,1,0,8
2836,110,2024,12,20,20,0,0,5
2837,110,2025,1,20,15,4,1,4
2838,110,2025,2,21,16,4,1,1
2839,110,2025,3,22,16,4,2,5
2840,110,2025,4,20,17,1,2,4
2841,110,2025,5,22,20,1,1,7
2842,110,2025,6,20,18,2,0,4
2843,110,2025,7,22,18,2,2,0
2844,110,2025,8,20,17,3,0,2
2845,110,2025,9,21,16,3,2,6
2846,110,2025,10,23,23,0,0,8
2847,110,2025,11,23,18,3,2,3
2848,110,2025,12,22,22,0,0,0
2849,111,2021,3,21,18,1,2,1
2850,111,2021,4,22,16,4,2,3
2851,111,2021,5,21,18,2,1,6
2852,111,2021,6,20,18,2,0,8
2853,111,2021,7,21,17,4,0,1
2854,111,2021,8,21,16,4,1,0
2855,111,2021,9,21,18,2,1,3
2856,111,2021,10,20,15,4,1,2
2857,111,2021,11,20,16,4,0,7
2858,111,2021,12,22,21,0,1,5
2859,111,2022,1,23,19,4,0,4
2860,111,2022,2,23,20,2,1,6
2861,111,2022,3,22,17,3,2,8
2862,111,2022,4,20,17,2,1,3
2863,111,2022,5,21,17,4,0,1
2864,111,2022,6,22,18,2,2,8
2865,111,2022,7,23,17,4,2,1
2866,111,2022,8,20,19,0,1,6
2867,111,2022,9,23,21,0,2,0
2868,111,2022,10,22,20,2,0,3
2869,111,2022,11,22,19,3,0,2
2870,111,2022,12,23,19,4,0,8
2871,111,2023,1,20,19,0,1,5
2872,111,2023,2,23,21,1,1,6
2873,111,2023,3,20,19,1,0,1
2874,111,2023,4,23,21,2,0,3
2875,111,2023,5,23,21,0,2,0
2876,111,2023,6,20,15,4,1,8
2877,111,2023,7,20,17,3,0,0
2878,111,2023,8,23,20,2,1,6
2879,111,2023,9,21,16,3,2,5
2880,111,2023,10,20,15,3,2,6
2881,112,2025,5,20,18,0,2,2
2882,112,2025,6,21,19,2,0,8
2883,112,2025,7,21,17,3,1,1
2884,112,2025,8,22,22,0,0,2
2885,112,2025,9,21,17,4,0,7
2886,112,2025,10,21,17,2,2,7
2887,112,2025,11,21,19,1,1,4
2888,112,2025,12,23,23,0,0,7
2889,113,2022,4,20,18,1,1,5
2890,113,2022,5,22,19,3,0,8
2891,113,2022,6,23,21,2,0,6
2892,113,2022,7,21,20,0,1,0
2893,113,2022,8,22,21,0,1,3
2894,113,2022,9,20,18,1,1,4
2895,113,2022,10,20,18,2,0,7
2896,113,2022,11,22,18,3,1,0
2897,113,2022,12,21,18,2,1,7
2898,113,2023,1,23,20,3,0,1
2899,113,2023,2,23,22,0,1,3
2900,113,2023,3,21,17,3,1,3
2901,113,2023,4,20,18,1,1,7
2902,113,2023,5,20,14,4,2,8
2903,113,2023,6,20,14,4,2,2
2904,113,2023,7,23,19,2,2,7
2905,113,2023,8,21,18,2,1,6
2906,113,2023,9,20,15,3,2,0
2907,113,2023,10,21,16,4,1,5
2908,113,2023,11,20,14,4,2,0
2909,113,2023,12,20,16,3,1,6
2910,113,2024,1,21,16,3,2,3
2911,113,2024,2,20,19,1,0,7
2912,113,2024,3,20,17,3,0,8
2913,113,2024,4,21,16,4,1,2
2914,113,2024,5,20,20,0,0,2
2915,113,2024,6,22,16,4,2,3
2916,113,2024,7,21,19,2,0,3
2917,113,2024,8,20,16,2,2,4
2918,113,2024,9,20,18,2,0,7
2919,113,2024,10,23,19,4,0,7
2920,113,2024,11,20,20,0,0,1
2921,113,2024,12,21,16,4,1,0
2922,113,2025,1,20,17,3,0,6
2923,113,2025,2,20,18,0,2,0
2924,113,2025,3,23,20,1,2,5
2925,113,2025,4,22,18,4,0,7
2926,113,2025,5,23,19,4,0,5
2927,113,2025,6,20,14,4,2,7
2928,113,2025,7,21,18,1,2,5
2929,113,2025,8,20,15,3,2,2
2930,113,2025,9,22,19,1,2,4
2931,113,2025,10,22,17,3,2,6
2932,113,2025,11,22,20,2,0,5
2933,113,2025,12,23,18,3,2,0
2934,114,2025,10,20,15,4,1,6
2935,114,2025,11,20,20,0,0,0
2936,114,2025,12,23,19,4,0,1
2937,115,2025,7,23,19,4,0,6
2938,115,2025,8,22,17,3,2,3
2939,115,2025,9,23,17,4,2,6
2940,115,2025,10,22,16,4,2,7
2941,115,2025,11,20,17,3,0,2
2942,115,2025,12,23,19,4,0,2
2943,116,2025,5,22,20,0,2,6
2944,116,2025,6,22,21,0,1,2
2945,116,2025,7,23,18,4,1,8
2946,116,2025,8,21,19,1,1,8
2947,116,2025,9,22,20,2,0,0
2948,116,2025,10,23,20,1,2,3
2949,116,2025,11,23,21,1,1,1
2950,116,2025,12,23,23,0,0,6
2951,117,2024,2,20,16,3,1,0
2952,117,2024,3,20,20,0,0,8
2953,117,2024,4,22,18,3,1,8
2954,117,2024,5,20,19,1,0,4
2955,117,2024,6,22,20,1,1,3
2956,117,2024,7,23,19,2,2,5
2957,117,2024,8,22,18,4,0,5
2958,117,2024,9,20,17,2,1,1
2959,117,2024,10,20,16,2,2,5
2960,117,2024,11,22,17,4,1,4
2961,117,2024,12,22,16,4,2,3
2962,117,2025,1,22,18,2,2,7
2963,117,2025,2,22,18,2,2,1
2964,117,2025,3,23,23,0,0,2
2965,117,2025,4,23,19,2,2,6
2966,117,2025,5,22,19,1,2,8
2967,117,2025,6,20,17,2,1,4
2968,117,2025,7,20,18,0,2,2
2969,117,2025,8,23,23,0,0,2
2970,117,2025,9,22,20,0,2,5
2971,117,2025,10,23,20,3,0,7
2972,117,2025,11,21,19,2,0,0
2973,117,2025,12,22,20,2,0,6
2974,118,2023,5,23,21,1,1,8
2975,118,2023,6,22,19,1,2,1
2976,118,2023,7,22,20,0,2,8
2977,118,2023,8,21,19,1,1,0
2978,118,2023,9,21,21,0,0,2
2979,118,2023,10,23,18,3,2,0
2980,118,2023,11,22,21,1,0,8
2981,118,2023,12,20,18,0,2,5
2982,118,2024,1,22,20,0,2,5
2983,118,2024,2,22,18,4,0,1
2984,118,2024,3,22,21,0,1,7
2985,118,2024,4,22,21,0,1,3
2986,118,2024,5,20,18,2,0,0
2987,118,2024,6,21,20,1,0,7
2988,118,2024,7,21,18,2,1,7
2989,118,2024,8,23,22,1,0,1
2990,118,2024,9,20,18,2,0,8
2991,118,2024,10,22,18,4,0,5
2992,118,2024,11,20,15,4,1,2
2993,118,2024,12,20,18,2,0,8
2994,118,2025,1,21,21,0,0,4
2995,118,2025,2,20,19,1,0,7
2996,118,2025,3,22,18,4,0,7
2997,118,2025,4,22,20,1,1,0
2998,118,2025,5,21,19,0,2,4
2999,118,2025,6,23,22,1,0,3
3000,118,2025,7,23,22,1,0,1
3001,118,2025,8,21,19,2,0,5
3002,118,2025,9,23,20,2,1,8
3003,118,2025,10,22,19,3,0,3
3004,118,2025,11,21,20,1,0,3
3005,118,2025,12,22,19,2,1,2
3006,119,2025,7,22,22,0,0,5
3007,119,2025,8,20,15,4,1,6
3008,119,2025,9,22,18,2,2,5
3009,119,2025,10,22,20,0,2,2
3010,119,2025,11,20,15,3,2,7
3011,119,2025,12,23,21,1,1,8
3012,120,2025,6,23,22,1,0,3
3013,120,2025,7,22,20,1,1,5
3014,120,2025,8,21,17,2,2,2
3015,120,2025,9,23,19,2,2,2
3016,120,2025,10,20,18,1,1,6
3017,120,2025,11,23,23,0,0,6
3018,120,2025,12,22,19,3,0,2
3019,121,2023,10,21,17,4,0,1
3020,121,2023,11,23,17,4,2,0
3021,121,2023,12,23,18,4,1,1
3022,121,2024,1,20,17,2,1,6
3023,121,2024,2,21,20,0,1,7
3024,121,2024,3,22,18,4,0,2
3025,121,2024,4,20,18,0,2,5
3026,121,2024,5,23,19,2,2,0
3027,121,2024,6,23,19,3,1,8
3028,121,2024,7,21,18,1,2,0
3029,121,2024,8,22,21,0,1,4
3030,121,2024,9,23,21,1,1,6
3031,121,2024,10,20,19,0,1,1
3032,121,2024,11,22,21,0,1,6
3033,121,2024,12,21,16,3,2,3
3034,121,2025,1,23,20,3,0,4
3035,121,2025,2,22,20,1,1,7
3036,121,2025,3,23,19,2,2,7
3037,121,2025,4,21,19,2,0,2
3038,121,2025,5,21,18,1,2,6
3039,121,2025,6,20,19,0,1,2
3040,122,2021,8,20,16,3,1,0
3041,122,2021,9,23,22,0,1,6
3042,122,2021,10,20,17,3,0,0
3043,122,2021,11,22,16,4,2,4
3044,122,2021,12,21,16,4,1,0
3045,122,2022,1,21,17,3,1,0
3046,122,2022,2,22,20,0,2,2
3047,122,2022,3,21,20,0,1,5
3048,122,2022,4,21,18,1,2,3
3049,122,2022,5,23,21,0,2,7
3050,122,2022,6,21,18,1,2,8
3051,122,2022,7,22,16,4,2,0
3052,122,2022,8,20,18,2,0,8
3053,122,2022,9,22,20,0,2,3
3054,122,2022,10,22,19,3,0,2
3055,122,2022,11,20,19,0,1,0
3056,122,2022,12,21,17,2,2,1
3057,122,2023,1,20,16,4,0,0
3058,122,2023,2,23,23,0,0,8
3059,122,2023,3,22,21,0,1,1
3060,122,2023,4,21,18,3,0,4
3061,122,2023,5,20,17,1,2,0
3062,122,2023,6,23,21,2,0,4
3063,122,2023,7,22,21,0,1,3
3064,122,2023,8,23,20,3,0,4
3065,122,2023,9,20,17,1,2,8
3066,122,2023,10,22,17,3,2,2
3067,122,2023,11,21,17,2,2,0
3068,122,2023,12,23,19,3,1,1
3069,122,2024,1,22,20,1,1,4
3070,122,2024,2,20,17,1,2,5
3071,122,2024,3,21,16,3,2,2
3072,122,2024,4,22,17,4,1,4
3073,122,2024,5,22,21,0,1,0
3074,122,2024,6,23,21,1,1,3
3075,122,2024,7,23,20,1,2,4
3076,122,2024,8,21,21,0,0,4
3077,122,2024,9,21,20,0,1,5
3078,122,2024,10,20,14,4,2,0
3079,122,2024,11,21,15,4,2,0
3080,122,2024,12,23,21,0,2,5
3081,122,2025,1,23,19,3,1,1
3082,122,2025,2,23,17,4,2,0
3083,122,2025,3,22,20,2,0,6
3084,122,2025,4,23,18,4,1,7
3085,122,2025,5,21,17,3,1,2
3086,122,2025,6,23,19,4,0,7
3087,122,2025,7,21,18,2,1,4
3088,122,2025,8,22,16,4,2,8
3089,122,2025,9,23,20,3,0,5
3090,122,2025,10,22,18,2,2,7
3091,122,2025,11,22,16,4,2,0
3092,122,2025,12,22,18,4,0,2
3093,123,2022,6,22,19,2,1,0
3094,123,2022,7,23,22,0,1,5
3095,123,2022,8,22,18,4,0,5
3096,123,2022,9,20,15,3,2,8
3097,123,2022,10,21,16,4,1,5
3098,123,2022,11,20,19,0,1,7
3099,123,2022,12,22,22,0,0,5
3100,123,2023,1,21,20,1,0,4
3101,123,2023,2,20,16,3,1,5
3102,123,2023,3,22,19,2,1,3
3103,123,2023,4,23,17,4,2,4
3104,123,2023,5,23,17,4,2,4
3105,123,2023,6,22,19,1,2,2
3106,123,2023,7,20,17,3,0,2
3107,123,2023,8,23,17,4,2,5
3108,123,2023,9,21,17,2,2,6
3109,123,2023,10,23,21,1,1,0
3110,123,2023,11,22,20,1,1,4
3111,123,2023,12,22,19,2,1,5
3112,123,2024,1,21,18,2,1,8
3113,123,2024,2,23,20,2,1,0
3114,123,2024,3,21,18,2,1,0
3115,123,2024,4,22,21,0,1,1
3116,123,2024,5,23,19,2,2,4
3117,123,2024,6,23,18,4,1,5
3118,123,2024,7,21,16,4,1,1
3119,123,2024,8,23,19,4,0,0
3120,123,2024,9,23,18,4,1,8
3121,123,2024,10,21,18,3,0,7
3122,123,2024,11,21,17,3,1,7
3123,123,2024,12,20,15,3,2,8
3124,123,2025,1,21,17,4,0,8
3125,123,2025,2,21,17,2,2,4
3126,123,2025,3,22,18,4,0,8
3127,123,2025,4,20,19,0,1,6
3128,123,2025,5,22,20,2,0,3
3129,123,2025,6,20,18,0,2,2
3130,123,2025,7,21,18,2,1,6
3131,123,2025,8,22,18,3,1,1
3132,123,2025,9,22,17,4,1,1
3133,123,2025,10,23,20,3,0,1
3134,123,2025,11,20,16,2,2,5
3135,123,2025,12,22,20,2,0,6
3136,124,2023,11,23,19,3,1,3
3137,124,2023,12,23,21,2,0,7
3138,124,2024,1,23,21,0,2,0
3139,124,2024,2,22,19,2,1,5
3140,124,2024,3,22,18,3,1,5
3141,124,2024,4,22,19,1,2,2
3142,124,2024,5,21,16,4,1,6
3143,124,2024,6,20,18,1,1,1
3144,124,2024,7,21,16,3,2,1
3145,124,2024,8,21,19,1,1,5
3146,124,2024,9,21,18,1,2,1
3147,124,2024,10,22,17,4,1,5
3148,124,2024,11,21,18,3,0,8
3149,124,2024,12,22,21,0,1,4
3150,124,2025,1,22,18,3,1,0
3151,124,2025,2,22,17,3,2,1
3152,124,2025,3,21,19,2,0,0
3153,124,2025,4,21,17,2,2,5
3154,124,2025,5,22,18,2,2,0
3155,124,2025,6,22,20,2,0,3
3156,124,2025,7,20,15,4,1,0
3157,124,2025,8,21,18,2,1,1
3158,124,2025,9,20,19,0,1,5
3159,124,2025,10,22,16,4,2,6
3160,124,2025,11,23,22,1,0,6
3161,124,2025,12,20,18,2,0,8
3162,125,2023,11,23,23,0,0,1
3163,125,2023,12,23,22,1,0,4
3164,125,2024,1,21,17,2,2,1
3165,125,2024,2,23,21,0,2,7
3166,125,2024,3,22,20,0,2,4
3167,125,2024,4,23,20,3,0,2
3168,125,2024,5,22,19,1,2,7
3169,125,2024,6,21,18,3,0,3
3170,125,2024,7,21,21,0,0,6
3171,125,2024,8,20,16,4,0,1
3172,125,2024,9,23,22,0,1,3
3173,125,2024,10,20,15,3,2,0
3174,125,2024,11,23,19,2,2,1
3175,125,2024,12,21,18,3,0,0
3176,125,2025,1,21,21,0,0,7
3177,125,2025,2,23,19,2,2,1
3178,125,2025,3,22,19,2,1,0
3179,125,2025,4,23,19,4,0,3
3180,125,2025,5,23,19,2,2,1
3181,125,2025,6,23,19,4,0,1
3182,125,2025,7,22,20,2,0,5
3183,125,2025,8,20,14,4,2,4
3184,125,2025,9,22,19,3,0,3
3185,125,2025,10,21,17,4,0,7
3186,125,2025,11,22,18,2,2,1
3187,125,2025,12,22,19,1,2,5
3188,126,2023,6,23,19,4,0,3
3189,126,2023,7,20,16,3,1,0
3190,126,2023,8,23,19,3,1,8
3191,126,2023,9,21,18,2,1,1
3192,126,2023,10,21,16,4,1,7
3193,126,2023,11,22,19,1,2,1
3194,126,2023,12,23,18,4,1,2
3195,126,2024,1,22,17,4,1,1
3196,126,2024,2,23,21,2,0,0
3197,126,2024,3,20,16,2,2,4
3198,126,2024,4,20,17,2,1,5
3199,126,2024,5,22,21,0,1,4
3200,126,2024,6,21,15,4,2,3
3201,126,2024,7,21,20,0,1,5
3202,126,2024,8,23,22,0,1,0
3203,126,2024,9,22,20,1,1,2
3204,126,2024,10,21,17,2,2,7
3205,126,2024,11,23,19,3,1,5
3206,126,2024,12,23,18,3,2,3
3207,126,2025,1,20,16,4,0,1
3208,126,2025,2,21,16,3,2,0
3209,126,2025,3,23,19,3,1,0
3210,126,2025,4,22,18,3,1,7
3211,126,2025,5,21,16,4,1,2
3212,126,2025,6,23,22,1,0,8
3213,126,2025,7,20,18,2,0,2
3214,126,2025,8,23,19,2,2,6
3215,126,2025,9,20,16,2,2,2
3216,126,2025,10,20,15,4,1,6
3217,126,2025,11,22,19,3,0,3
3218,126,2025,12,23,17,4,2,2
3219,127,2024,7,21,17,3,1,7
3220,127,2024,8,20,16,4,0,3
3221,127,2024,9,21,17,2,2,3
3222,127,2024,10,23,19,4,0,6
3223,127,2024,11,22,19,3,0,7
3224,127,2024,12,22,18,4,0,5
3225,127,2025,1,20,16,4,0,7
3226,127,2025,2,20,17,2,1,3
3227,127,2025,3,20,18,2,0,3
3228,127,2025,4,22,18,3,1,4
3229,127,2025,5,21,17,3,1,2
3230,127,2025,6,22,19,3,0,2
3231,127,2025,7,22,21,1,0,6
3232,127,2025,8,22,20,0,2,8
3233,127,2025,9,20,14,4,2,8
3234,127,2025,10,21,19,0,2,5
3235,127,2025,11,20,16,4,0,7
3236,127,2025,12,23,23,0,0,3
3237,128,2024,7,20,18,1,1,4
3238,128,2024,8,23,19,2,2,3
3239,128,2024,9,21,17,4,0,3
3240,128,2024,10,22,20,0,2,7
3241,128,2024,11,22,19,2,1,0
3242,128,2024,12,23,19,2,2,1
3243,128,2025,1,20,15,3,2,7
3244,128,2025,2,20,16,2,2,4
3245,128,2025,3,22,19,3,0,3
3246,128,2025,4,21,16,4,1,8
3247,128,2025,5,22,19,2,1,7
3248,128,2025,6,20,18,0,2,0
3249,128,2025,7,20,16,3,1,3
3250,128,2025,8,21,18,2,1,4
3251,128,2025,9,23,18,4,1,2
3252,128,2025,10,20,18,2,0,6
3253,128,2025,11,23,21,2,0,4
3254,128,2025,12,23,18,4,1,4
3255,129,2023,8,21,20,0,1,8
3256,129,2023,9,22,22,0,0,7
3257,129,2023,10,23,19,4,0,5
3258,129,2023,11,22,21,1,0,6
3259,129,2023,12,21,18,2,1,0
3260,129,2024,1,23,18,3,2,4
3261,129,2024,2,20,16,2,2,6
3262,129,2024,3,20,16,3,1,2
3263,129,2024,4,23,20,2,1,2
3264,129,2024,5,21,19,0,2,2
3265,129,2024,6,21,18,3,0,8
3266,129,2024,7,22,21,0,1,6
3267,129,2024,8,22,20,0,2,1
3268,129,2024,9,23,20,3,0,0
3269,129,2024,10,21,20,0,1,4
3270,129,2024,11,21,15,4,2,3
3271,129,2024,12,22,16,4,2,0
3272,129,2025,1,23,19,3,1,2
3273,129,2025,2,22,18,3,1,1
3274,129,2025,3,21,17,3,1,5
3275,129,2025,4,20,15,3,2,6
3276,129,2025,5,22,18,3,1,3
3277,129,2025,6,21,20,1,0,0
3278,129,2025,7,20,19,1,0,8
3279,129,2025,8,21,19,0,2,4
3280,129,2025,9,20,19,1,0,7
3281,129,2025,10,22,17,4,1,4
3282,129,2025,11,22,22,0,0,8
3283,129,2025,12,20,16,2,2,5
3284,130,2025,2,23,19,2,2,0
3285,130,2025,3,23,21,2,0,0
3286,130,2025,4,20,15,3,2,5
3287,131,2021,12,23,17,4,2,7
3288,131,2022,1,20,18,1,1,0
3289,131,2022,2,22,20,2,0,4
3290,131,2022,3,21,17,4,0,4
3291,131,2022,4,21,18,1,2,1
3292,131,2022,5,22,17,4,1,1
3293,131,2022,6,22,22,0,0,5
3294,131,2022,7,22,18,3,1,5
3295,131,2022,8,22,18,3,1,0
3296,131,2022,9,20,14,4,2,1
3297,131,2022,10,22,22,0,0,3
3298,131,2022,11,21,16,4,1,1
3299,131,2022,12,23,19,4,0,3
3300,131,2023,1,20,16,4,0,2
3301,131,2023,2,22,17,4,1,5
3302,131,2023,3,20,19,0,1,2
3303,131,2023,4,20,18,2,0,2
3304,131,2023,5,23,21,2,0,8
3305,131,2023,6,23,21,2,0,5
3306,131,2023,7,20,18,0,2,3
3307,131,2023,8,23,19,4,0,8
3308,131,2023,9,23,18,3,2,6
3309,131,2023,10,21,21,0,0,4
3310,131,2023,11,21,18,3,0,8
3311,131,2023,12,21,18,1,2,0
3312,131,2024,1,21,15,4,2,3
3313,131,2024,2,21,21,0,0,8
3314,131,2024,3,22,20,0,2,5
3315,131,2024,4,23,23,0,0,6
3316,131,2024,5,21,19,0,2,2
3317,131,2024,6,20,18,0,2,3
3318,131,2024,7,21,16,3,2,6
3319,131,2024,8,20,19,0,1,4
3320,131,2024,9,20,17,2,1,1
3321,131,2024,10,23,18,3,2,4
3322,131,2024,11,23,21,1,1,4
3323,131,2024,12,21,21,0,0,5
3324,131,2025,1,20,17,1,2,6
3325,131,2025,2,22,22,0,0,1
3326,131,2025,3,20,18,2,0,0
3327,131,2025,4,20,16,3,1,4
3328,131,2025,5,23,18,3,2,5
3329,131,2025,6,20,15,3,2,1
3330,131,2025,7,20,17,3,0,1
3331,131,2025,8,22,18,2,2,6
3332,131,2025,9,20,20,0,0,6
3333,131,2025,10,21,18,2,1,1
3334,131,2025,11,22,19,2,1,3
3335,131,2025,12,20,18,0,2,6
3336,132,2022,11,21,16,4,1,2
3337,132,2022,12,23,21,1,1,6
3338,132,2023,1,22,19,3,0,5
3339,132,2023,2,20,14,4,2,7
3340,132,2023,3,22,22,0,0,5
3341,132,2023,4,21,20,0,1,3
3342,132,2023,5,21,18,2,1,6
3343,132,2023,6,21,18,2,1,5
3344,132,2023,7,20,18,1,1,4
3345,132,2023,8,22,18,4,0,6
3346,132,2023,9,20,18,1,1,1
3347,132,2023,10,21,17,3,1,4
3348,132,2023,11,21,18,1,2,3
3349,132,2023,12,21,21,0,0,6
3350,132,2024,1,22,20,1,1,4
3351,132,2024,2,20,16,4,0,5
3352,132,2024,3,22,16,4,2,6
3353,132,2024,4,20,19,1,0,2
3354,132,2024,5,20,18,2,0,1
3355,132,2024,6,23,20,1,2,5
3356,132,2024,7,22,19,3,0,3
3357,132,2024,8,23,20,3,0,1
3358,132,2024,9,21,18,1,2,1
3359,132,2024,10,20,18,2,0,8
3360,132,2024,11,21,18,3,0,3
3361,132,2024,12,22,18,2,2,3
3362,132,2025,1,23,18,3,2,6
3363,132,2025,2,21,18,3,0,1
3364,132,2025,3,22,19,2,1,3
3365,132,2025,4,23,22,0,1,7
3366,132,2025,5,23,21,1,1,7
3367,132,2025,6,20,18,0,2,1
3368,132,2025,7,20,20,0,0,6
3369,132,2025,8,21,19,2,0,0
3370,132,2025,9,22,17,3,2,6
3371,132,2025,10,21,16,4,1,5
3372,132,2025,11,22,18,4,0,3
3373,132,2025,12,22,19,3,0,8
3374,133,2022,9,21,15,4,2,3
3375,133,2022,10,23,19,3,1,0
3376,133,2022,11,20,19,1,0,5
3377,133,2022,12,20,16,4,0,4
3378,133,2023,1,20,16,2,2,8
3379,133,2023,2,23,20,3,0,5
3380,133,2023,3,21,19,0,2,5
3381,133,2023,4,20,20,0,0,1
3382,133,2023,5,20,17,3,0,0
3383,133,2023,6,22,18,4,0,6
3384,133,2023,7,20,17,3,0,0
3385,133,2023,8,22,18,4,0,1
3386,133,2023,9,22,19,1,2,5
3387,133,2023,10,23,19,2,2,6
3388,133,2023,11,23,18,4,1,0
3389,133,2023,12,20,19,0,1,8
3390,134,2024,1,23,19,4,0,2
3391,134,2024,2,21,18,3,0,0
3392,134,2024,3,20,18,1,1,2
3393,134,2024,4,20,18,2,0,4
3394,134,2024,5,21,18,3,0,5
3395,134,2024,6,20,16,3,1,1
3396,134,2024,7,21,19,1,1,4
3397,134,2024,8,21,16,4,1,1
3398,134,2024,9,22,20,1,1,3
3399,134,2024,10,21,20,1,0,0
3400,134,2024,11,20,15,4,1,8
3401,134,2024,12,22,18,2,2,6
3402,134,2025,1,22,18,2,2,1
3403,134,2025,2,21,20,1,0,2
3404,134,2025,3,23,20,1,2,3
3405,134,2025,4,22,21,1,0,8
3406,134,2025,5,21,16,4,1,3
3407,134,2025,6,21,16,4,1,4
3408,134,2025,7,20,15,4,1,0
3409,134,2025,8,21,18,1,2,6
3410,134,2025,9,21,17,3,1,6
3411,134,2025,10,23,19,2,2,8
3412,134,2025,11,22,20,0,2,5
3413,134,2025,12,20,16,4,0,8
3414,135,2022,6,20,19,0,1,7
3415,135,2022,7,21,17,3,1,5
3416,135,2022,8,20,16,4,0,8
3417,135,2022,9,21,21,0,0,1
3418,135,2022,10,20,17,2,1,6
3419,135,2022,11,23,20,2,1,6
3420,135,2022,12,21,19,2,0,7
3421,135,2023,1,22,18,3,1,4
3422,135,2023,2,20,17,2,1,8
3423,135,2023,3,20,20,0,0,4
3424,135,2023,4,20,14,4,2,3
3425,135,2023,5,23,23,0,0,8
3426,135,2023,6,22,19,1,2,3
3427,135,2023,7,20,19,1,0,1
3428,135,2023,8,20,16,4,0,5
3429,135,2023,9,23,20,1,2,6
3430,135,2023,10,21,19,0,2,4
3431,135,2023,11,22,19,3,0,5
3432,135,2023,12,21,19,0,2,6
3433,135,2024,1,23,22,1,0,3
3434,135,2024,2,22,20,1,1,6
3435,135,2024,3,20,17,1,2,4
3436,135,2024,4,23,19,4,0,6
3437,135,2024,5,20,17,2,1,4
3438,135,2024,6,23,23,0,0,0
3439,135,2024,7,22,18,3,1,0
3440,135,2024,8,21,18,3,0,0
3441,135,2024,9,23,22,0,1,6
3442,135,2024,10,21,18,2,1,5
3443,135,2024,11,23,21,1,1,0
3444,135,2024,12,22,20,2,0,7
3445,135,2025,1,20,15,4,1,7
3446,135,2025,2,22,21,1,0,0
3447,135,2025,3,20,16,3,1,3
3448,135,2025,4,21,18,1,2,6
3449,135,2025,5,20,18,0,2,0
3450,135,2025,6,22,20,2,0,4
3451,135,2025,7,21,18,1,2,8
3452,135,2025,8,22,18,3,1,6
3453,135,2025,9,23,20,3,0,4
3454,135,2025,10,21,18,1,2,8
3455,135,2025,11,22,19,3,0,8
3456,135,2025,12,21,19,2,0,7
3457,136,2024,2,21,18,3,0,1
3458,136,2024,3,22,20,2,0,3
3459,136,2024,4,22,17,3,2,0
3460,136,2024,5,20,16,4,0,8
3461,136,2024,6,22,21,1,0,7
3462,136,2024,7,23,20,1,2,8
3463,136,2024,8,21,20,1,0,8
3464,136,2024,9,23,19,3,1,5
3465,136,2024,10,21,21,0,0,0
3466,136,2024,11,20,16,2,2,6
3467,136,2024,12,21,19,2,0,1
3468,137,2024,9,20,14,4,2,3
3469,137,2024,10,20,17,3,0,8
3470,137,2024,11,22,21,1,0,3
3471,137,2024,12,21,18,1,2,7
3472,137,2025,1,21,19,0,2,3
3473,137,2025,2,22,16,4,2,4
3474,137,2025,3,21,18,2,1,0
3475,137,2025,4,23,22,0,1,0
3476,137,2025,5,23,21,0,2,0
3477,137,2025,6,20,18,1,1,2
3478,137,2025,7,21,15,4,2,7
3479,137,2025,8,21,20,0,1,1
3480,137,2025,9,20,14,4,2,5
3481,137,2025,10,20,17,2,1,8
3482,137,2025,11,23,21,2,0,6
3483,137,2025,12,21,19,1,1,4
3484,138,2021,9,20,14,4,2,6
3485,138,2021,10,23,19,3,1,2
3486,138,2021,11,21,19,2,0,3
3487,138,2021,12,22,18,2,2,6
3488,138,2022,1,20,18,1,1,4
3489,138,2022,2,21,17,3,1,8
3490,138,2022,3,21,18,1,2,7
3491,138,2022,4,22,19,1,2,7
3492,138,2022,5,20,18,1,1,4
3493,138,2022,6,21,17,2,2,2
3494,138,2022,7,22,20,0,2,0
3495,138,2022,8,22,18,2,2,3
3496,138,2022,9,23,19,3,1,4
3497,138,2022,10,22,17,3,2,6
3498,138,2022,11,20,14,4,2,6
3499,138,2022,12,20,19,0,1,0
3500,138,2023,1,22,22,0,0,0
3501,138,2023,2,22,19,2,1,0
3502,138,2023,3,22,19,2,1,7
3503,138,2023,4,20,18,1,1,8
3504,138,2023,5,23,19,2,2,5
3505,138,2023,6,21,19,1,1,6
3506,138,2023,7,20,19,1,0,7
3507,138,2023,8,22,17,3,2,4
3508,138,2023,9,23,23,0,0,1
3509,138,2023,10,23,22,1,0,0
3510,138,2023,11,22,17,3,2,5
3511,138,2023,12,20,15,4,1,1
3512,138,2024,1,23,19,2,2,3
3513,138,2024,2,21,21,0,0,0
3514,138,2024,3,23,20,1,2,3
3515,138,2024,4,22,18,4,0,3
3516,138,2024,5,22,20,2,0,6
3517,138,2024,6,20,15,3,2,6
3518,138,2024,7,22,22,0,0,8
3519,138,2024,8,20,15,3,2,6
3520,138,2024,9,20,14,4,2,5
3521,138,2024,10,20,16,2,2,0
3522,138,2024,11,20,18,2,0,1
3523,138,2024,12,20,20,0,0,6
3524,138,2025,1,23,20,1,2,1
3525,138,2025,2,23,22,0,1,3
3526,138,2025,3,23,22,1,0,7
3527,138,2025,4,21,17,4,0,3
3528,138,2025,5,21,19,1,1,6
3529,138,2025,6,22,21,1,0,0
3530,138,2025,7,23,18,4,1,0
3531,138,2025,8,21,16,3,2,2
3532,138,2025,9,21,19,0,2,8
3533,138,2025,10,22,19,2,1,0
3534,138,2025,11,21,16,4,1,4
3535,138,2025,12,22,18,4,0,1
3536,139,2023,10,23,18,4,1,8
3537,139,2023,11,20,19,0,1,0
3538,139,2023,12,22,21,0,1,4
3539,139,2024,1,20,16,3,1,7
3540,139,2024,2,20,16,2,2,2
3541,139,2024,3,20,14,4,2,3
3542,139,2024,4,22,18,2,2,7
3543,139,2024,5,21,18,2,1,1
3544,139,2024,6,20,16,3,1,8
3545,139,2024,7,22,20,1,1,0
3546,139,2024,8,23,20,1,2,1
3547,139,2024,9,21,18,3,0,2
3548,139,2024,10,23,18,4,1,5
3549,139,2024,11,21,19,1,1,7
3550,139,2024,12,21,18,3,0,7
3551,139,2025,1,23,22,1,0,8
3552,139,2025,2,21,18,3,0,1
3553,139,2025,3,21,17,3,1,3
3554,139,2025,4,21,16,3,2,1
3555,139,2025,5,21,17,4,0,4
3556,139,2025,6,21,17,4,0,6
3557,139,2025,7,23,20,3,0,7
3558,139,2025,8,20,19,0,1,7
3559,139,2025,9,23,22,1,0,4
3560,139,2025,10,23,17,4,2,2
3561,139,2025,11,22,20,1,1,0
3562,139,2025,12,21,19,2,0,0
3563,140,2024,7,23,21,2,0,8
3564,140,2024,8,22,19,2,1,8
3565,140,2024,9,23,20,3,0,5
3566,140,2024,10,23,21,2,0,2
3567,140,2024,11,23,18,4,1,6
3568,140,2024,12,23,18,4,1,4
3569,140,2025,1,21,19,1,1,3
3570,140,2025,2,22,20,2,0,6
3571,140,2025,3,23,20,3,0,5
3572,140,2025,4,23,20,1,2,6
3573,140,2025,5,23,22,0,1,8
3574,140,2025,6,22,20,1,1,5
3575,140,2025,7,23,22,1,0,5
3576,140,2025,8,21,15,4,2,5
3577,140,2025,9,21,19,2,0,0
3578,140,2025,10,23,21,1,1,3
3579,140,2025,11,22,19,3,0,2
3580,140,2025,12,22,16,4,2,2
3581,141,2021,3,20,17,1,2,6
3582,141,2021,4,21,19,1,1,5
3583,141,2021,5,22,18,4,0,2
3584,141,2021,6,22,22,0,0,7
3585,141,2021,7,22,17,3,2,5
3586,141,2021,8,21,18,3,0,2
3587,141,2021,9,22,18,3,1,8
3588,141,2021,10,20,20,0,0,6
3589,141,2021,11,21,18,1,2,2
3590,141,2021,12,20,19,0,1,1
3591,141,2022,1,20,19,0,1,4
3592,141,2022,2,22,18,3,1,8
3593,141,2022,3,23,19,2,2,8
3594,141,2022,4,21,16,4,1,3
3595,141,2022,5,21,17,2,2,4
3596,141,2022,6,23,20,3,0,5
3597,141,2022,7,23,19,4,0,4
3598,141,2022,8,23,22,0,1,3
3599,141,2022,9,23,19,3,1,2
3600,141,2022,10,20,15,4,1,5
3601,141,2022,11,21,16,4,1,8
3602,141,2022,12,21,16,3,2,8
3603,141,2023,1,22,20,0,2,6
3604,141,2023,2,23,17,4,2,4
3605,141,2023,3,20,20,0,0,3
3606,141,2023,4,20,18,0,2,5
3607,141,2023,5,22,17,3,2,5
3608,141,2023,6,22,18,3,1,6
3609,141,2023,7,23,20,2,1,4
3610,141,2023,8,20,17,3,0,6
3611,141,2023,9,21,19,1,1,1
3612,141,2023,10,22,19,3,0,8
3613,141,2023,11,22,21,1,0,1
3614,141,2023,12,22,20,0,2,4
3615,141,2024,1,23,17,4,2,5
3616,141,2024,2,21,19,0,2,7
3617,141,2024,3,20,17,3,0,3
3618,141,2024,4,21,15,4,2,5
3619,141,2024,5,21,16,3,2,0
3620,141,2024,6,21,21,0,0,7
3621,141,2024,7,20,17,1,2,4
3622,141,2024,8,22,20,2,0,6
3623,141,2024,9,20,18,1,1,3
3624,141,2024,10,21,18,3,0,5
3625,141,2024,11,22,21,0,1,8
3626,141,2024,12,21,18,2,1,3
3627,141,2025,1,22,19,3,0,8
3628,141,2025,2,20,18,0,2,3
3629,141,2025,3,23,19,3,1,7
3630,141,2025,4,23,20,1,2,5
3631,141,2025,5,23,18,4,1,6
3632,141,2025,6,23,20,3,0,3
3633,141,2025,7,23,20,2,1,7
3634,141,2025,8,22,18,4,0,6
3635,141,2025,9,21,19,0,2,2
3636,141,2025,10,22,20,0,2,6
3637,141,2025,11,21,18,1,2,1
3638,141,2025,12,23,19,4,0,7
3639,142,2025,9,23,22,1,0,7
3640,142,2025,10,21,18,2,1,3
3641,142,2025,11,21,17,2,2,3
3642,142,2025,12,22,22,0,0,7
3643,143,2023,6,21,15,4,2,5
3644,143,2023,7,22,18,4,0,2
3645,143,2023,8,20,18,0,2,5
3646,143,2023,9,23,22,1,0,8
3647,143,2023,10,21,17,3,1,5
3648,143,2023,11,23,20,2,1,4
3649,143,2023,12,20,20,0,0,0
3650,143,2024,1,21,18,2,1,3
3651,143,2024,2,21,18,1,2,2
3652,143,2024,3,23,21,1,1,2
3653,143,2024,4,23,21,0,2,3
3654,143,2024,5,20,14,4,2,7
3655,143,2024,6,21,17,2,2,8
3656,143,2024,7,21,16,3,2,0
3657,143,2024,8,20,18,2,0,1
3658,143,2024,9,23,20,3,0,5
3659,143,2024,10,20,16,2,2,2
3660,143,2024,11,21,19,2,0,3
3661,143,2024,12,21,20,1,0,0
3662,143,2025,1,22,22,0,0,2
3663,143,2025,2,21,17,2,2,5
3664,143,2025,3,21,16,4,1,2
3665,143,2025,4,21,19,2,0,0
3666,143,2025,5,20,14,4,2,5
3667,143,2025,6,21,19,1,1,7
3668,143,2025,7,23,18,3,2,6
3669,143,2025,8,20,19,1,0,6
3670,143,2025,9,22,18,2,2,0
3671,143,2025,10,23,22,0,1,7
3672,143,2025,11,21,19,1,1,2
3673,143,2025,12,23,18,4,1,4
3674,144,2025,11,23,19,2,2,0
3675,144,2025,12,22,20,2,0,1
3676,145,2025,8,20,15,4,1,7
3677,145,2025,9,22,19,1,2,5
3678,145,2025,10,22,21,0,1,5
3679,145,2025,11,21,20,1,0,0
3680,145,2025,12,22,16,4,2,8
3681,146,2021,6,23,20,3,0,3
3682,146,2021,7,20,16,4,0,5
3683,146,2021,8,21,20,1,0,8
3684,146,2021,9,23,19,3,1,5
3685,146,2021,10,21,16,3,2,1
3686,146,2021,11,20,19,1,0,1
3687,146,2021,12,23,20,3,0,3
3688,146,2022,1,21,19,1,1,7
3689,146,2022,2,21,21,0,0,6
3690,146,2022,3,21,16,4,1,0
3691,146,2022,4,20,19,0,1,8
3692,146,2022,5,23,23,0,0,4
3693,146,2022,6,20,17,2,1,6
3694,146,2022,7,22,18,4,0,3
3695,146,2022,8,22,21,0,1,7
3696,146,2022,9,21,18,1,2,4
3697,146,2022,10,21,17,3,1,8
3698,146,2022,11,22,18,3,1,2
3699,146,2022,12,23,23,0,0,1
3700,146,2023,1,22,18,4,0,1
3701,146,2023,2,23,19,4,0,5
3702,146,2023,3,21,18,1,2,6
3703,146,2023,4,21,19,0,2,5
3704,146,2023,5,23,19,4,0,0
3705,146,2023,6,20,17,2,1,1
3706,146,2023,7,20,17,3,0,8
3707,146,2023,8,23,21,2,0,0
3708,146,2023,9,21,20,1,0,4
3709,146,2023,10,20,15,3,2,2
3710,146,2023,11,23,18,3,2,3
3711,146,2023,12,22,18,2,2,5
3712,146,2024,1,21,18,3,0,2
3713,146,2024,2,23,21,1,1,1
3714,146,2024,3,21,16,3,2,8
3715,146,2024,4,22,18,4,0,1
3716,146,2024,5,23,18,3,2,5
3717,146,2024,6,23,19,4,0,2
3718,146,2024,7,21,20,1,0,6
3719,146,2024,8,20,16,4,0,1
3720,146,2024,9,20,16,2,2,2
3721,146,2024,10,22,20,2,0,0
3722,146,2024,11,20,17,2,1,0
3723,146,2024,12,20,17,3,0,3
3724,146,2025,1,20,17,2,1,0
3725,146,2025,2,22,17,4,1,5
3726,146,2025,3,20,16,4,0,2
3727,146,2025,4,21,19,1,1,4
3728,146,2025,5,21,16,4,1,3
3729,146,2025,6,23,18,4,1,8
3730,146,2025,7,22,18,4,0,7
3731,146,2025,8,23,19,2,2,5
3732,146,2025,9,20,18,2,0,8
3733,146,2025,10,22,22,0,0,3
3734,146,2025,11,22,21,1,0,2
3735,146,2025,12,22,17,4,1,7
3736,147,2023,5,20,16,3,1,2
3737,147,2023,6,21,19,1,1,8
3738,147,2023,7,22,16,4,2,5
3739,147,2023,8,22,21,1,0,4
3740,147,2023,9,22,21,1,0,4
3741,147,2023,10,23,21,0,2,4
3742,147,2023,11,20,19,1,0,8
3743,147,2023,12,22,22,0,0,3
3744,147,2024,1,22,18,2,2,0
3745,147,2024,2,22,19,3,0,6
3746,147,2024,3,21,17,2,2,5
3747,147,2024,4,20,19,1,0,2
3748,147,2024,5,23,21,1,1,8
3749,147,2024,6,21,20,1,0,7
3750,147,2024,7,22,20,1,1,0
3751,147,2024,8,20,17,3,0,0
3752,147,2024,9,22,21,1,0,4
3753,147,2024,10,21,18,1,2,1
3754,147,2024,11,21,17,2,2,7
3755,147,2024,12,20,15,4,1,6
3756,147,2025,1,21,16,3,2,2
3757,147,2025,2,23,19,3,1,4
3758,147,2025,3,20,15,4,1,8
3759,147,2025,4,20,19,0,1,2
3760,147,2025,5,22,17,4,1,1
3761,147,2025,6,21,19,0,2,7
3762,147,2025,7,23,21,1,1,2
3763,147,2025,8,21,17,4,0,2
3764,147,2025,9,23,22,0,1,5
3765,147,2025,10,21,20,0,1,6
3766,147,2025,11,21,18,2,1,0
3767,147,2025,12,22,20,0,2,7
3768,148,2025,2,22,20,1,1,7
3769,148,2025,3,22,21,0,1,8
3770,148,2025,4,21,20,0,1,5
3771,148,2025,5,22,17,4,1,6
3772,149,2022,2,20,19,0,1,1
3773,149,2022,3,23,23,0,0,3
3774,149,2022,4,22,19,3,0,3
3775,149,2022,5,21,17,2,2,7
3776,149,2022,6,20,16,3,1,2
3777,149,2022,7,22,18,3,1,1
3778,149,2022,8,23,22,0,1,1
3779,149,2022,9,21,16,4,1,7
3780,149,2022,10,22,19,1,2,4
3781,149,2022,11,20,19,1,0,2
3782,149,2022,12,21,19,1,1,5
3783,149,2023,1,23,21,1,1,8
3784,149,2023,2,21,19,1,1,2
3785,149,2023,3,20,20,0,0,5
3786,149,2023,4,22,20,2,0,3
3787,149,2023,5,22,20,2,0,2
3788,149,2023,6,22,17,4,1,7
3789,149,2023,7,21,15,4,2,5
3790,149,2023,8,20,18,0,2,6
3791,149,2023,9,22,21,0,1,0
3792,149,2023,10,20,18,0,2,0
3793,149,2023,11,23,21,1,1,3
3794,149,2023,12,20,16,4,0,1
3795,149,2024,1,22,19,1,2,8
3796,149,2024,2,23,20,3,0,0
3797,149,2024,3,21,16,4,1,4
3798,149,2024,4,22,18,3,1,4
3799,149,2024,5,22,21,0,1,4
3800,149,2024,6,22,18,2,2,1
3801,149,2024,7,20,19,1,0,8
3802,149,2024,8,23,17,4,2,6
3803,149,2024,9,23,20,1,2,4
3804,149,2024,10,20,14,4,2,4
3805,149,2024,11,20,18,1,1,2
3806,149,2024,12,21,16,3,2,1
3807,149,2025,1,20,18,1,1,6
3808,149,2025,2,23,23,0,0,0
3809,149,2025,3,21,19,1,1,0
3810,149,2025,4,20,19,1,0,5
3811,149,2025,5,21,19,2,0,4
3812,149,2025,6,23,22,0,1,7
3813,149,2025,7,21,17,4,0,3
3814,149,2025,8,23,18,4,1,3
3815,149,2025,9,20,16,3,1,6
3816,149,2025,10,21,20,1,0,6
3817,149,2025,11,21,19,0,2,2
3818,149,2025,12,21,20,1,0,7
3819,150,2021,2,23,18,4,1,1
3820,150,2021,3,21,17,3,1,7
3821,150,2021,4,21,18,2,1,5
3822,150,2021,5,20,16,2,2,1
3823,150,2021,6,23,22,1,0,0
3824,150,2021,7,23,21,0,2,5
3825,150,2021,8,22,18,4,0,7
3826,150,2021,9,22,20,2,0,6
3827,150,2021,10,20,17,1,2,1
3828,150,2021,11,22,19,1,2,0
3829,150,2021,12,22,19,3,0,8
3830,150,2022,1,23,22,1,0,0
3831,150,2022,2,22,18,2,2,5
3832,150,2022,3,22,19,1,2,1
3833,150,2022,4,21,18,2,1,6
3834,150,2022,5,21,21,0,0,6
3835,150,2022,6,20,19,1,0,5
3836,150,2022,7,20,16,3,1,2
3837,150,2022,8,21,17,2,2,5
3838,150,2022,9,21,16,4,1,4
3839,150,2022,10,21,18,1,2,4
3840,150,2022,11,22,22,0,0,8
3841,150,2022,12,23,19,3,1,0
3842,150,2023,1,21,21,0,0,7
3843,150,2023,2,20,14,4,2,2
3844,150,2023,3,21,16,4,1,3
3845,150,2023,4,21,21,0,0,1
3846,150,2023,5,23,21,1,1,1
3847,150,2023,6,21,15,4,2,0
3848,150,2023,7,20,17,1,2,7
3849,150,2023,8,22,18,3,1,1
3850,150,2023,9,21,17,4,0,6
3851,150,2023,10,20,18,2,0,5
3852,150,2023,11,20,16,2,2,7
3853,150,2023,12,21,20,1,0,3
3854,150,2024,1,23,21,0,2,1
3855,150,2024,2,20,17,2,1,1
3856,150,2024,3,22,18,4,0,7
3857,150,2024,4,21,19,0,2,2
3858,150,2024,5,23,18,3,2,3
3859,150,2024,6,23,20,2,1,3
3860,150,2024,7,23,18,4,1,0
3861,150,2024,8,21,19,1,1,6
3862,150,2024,9,20,18,1,1,4
3863,150,2024,10,21,16,3,2,8
3864,150,2024,11,23,18,4,1,1
3865,150,2024,12,20,14,4,2,2
3866,150,2025,1,22,20,0,2,3
3867,150,2025,2,21,16,3,2,2
3868,150,2025,3,21,18,2,1,8
3869,150,2025,4,23,18,3,2,0
3870,150,2025,5,21,18,2,1,4
3871,150,2025,6,21,17,2,2,4
3872,150,2025,7,23,19,2,2,8
3873,150,2025,8,22,21,0,1,6
3874,150,2025,9,23,18,3,2,0
3875,151,2021,1,20,16,4,0,0
3876,151,2021,2,22,19,3,0,6
3877,151,2021,3,23,21,0,2,0
3878,151,2021,4,22,17,3,2,1
3879,151,2021,5,22,19,2,1,8
3880,151,2021,6,23,19,2,2,6
3881,151,2021,7,20,16,2,2,4
3882,151,2021,8,21,19,0,2,1
3883,151,2021,9,20,19,0,1,4
3884,151,2021,10,23,20,1,2,4
3885,151,2021,11,20,18,0,2,4
3886,151,2021,12,21,18,2,1,6
3887,151,2022,1,22,18,4,0,7
3888,151,2022,2,21,17,4,0,2
3889,151,2022,3,23,19,2,2,5
3890,151,2022,4,23,21,2,0,3
3891,151,2022,5,21,18,3,0,4
3892,151,2022,6,22,19,3,0,2
3893,151,2022,7,22,19,2,1,5
3894,151,2022,8,21,18,1,2,4
3895,151,2022,9,21,19,1,1,6
3896,151,2022,10,20,17,2,1,4
3897,151,2022,11,21,19,0,2,5
3898,151,2022,12,22,21,0,1,4
3899,151,2023,1,20,15,3,2,4
3900,151,2023,2,23,18,4,1,6
3901,151,2023,3,22,20,1,1,7
3902,151,2023,4,21,18,3,0,2
3903,151,2023,5,22,20,1,1,4
3904,151,2023,6,20,14,4,2,8
3905,151,2023,7,22,22,0,0,1
3906,151,2023,8,20,14,4,2,0
3907,151,2023,9,22,20,0,2,6
3908,151,2023,10,21,17,2,2,2
3909,151,2023,11,22,18,3,1,3
3910,151,2023,12,22,17,4,1,6
3911,151,2024,1,21,20,0,1,5
3912,151,2024,2,21,17,4,0,6
3913,151,2024,3,22,19,1,2,4
3914,151,2024,4,22,21,1,0,7
3915,151,2024,5,22,17,3,2,7
3916,151,2024,6,22,21,0,1,6
3917,151,2024,7,20,15,4,1,4
3918,151,2024,8,23,22,1,0,7
3919,151,2024,9,20,19,0,1,0
3920,151,2024,10,20,15,3,2,6
3921,151,2024,11,23,22,0,1,1
3922,151,2024,12,23,18,3,2,2
3923,151,2025,1,20,18,1,1,5
3924,151,2025,2,21,16,3,2,2
3925,151,2025,3,21,16,4,1,1
3926,151,2025,4,21,16,3,2,7
3927,151,2025,5,21,21,0,0,8
3928,151,2025,6,20,19,0,1,1
3929,151,2025,7,20,14,4,2,2
3930,151,2025,8,22,22,0,0,8
3931,151,2025,9,23,19,4,0,0
3932,151,2025,10,20,15,3,2,4
3933,151,2025,11,21,17,3,1,5
3934,151,2025,12,21,21,0,0,4
3935,152,2025,2,20,17,1,2,6
3936,152,2025,3,23,17,4,2,5
3937,152,2025,4,21,16,3,2,8
3938,152,2025,5,20,14,4,2,0
3939,152,2025,6,23,20,1,2,1
3940,152,2025,7,23,18,3,2,1
3941,152,2025,8,21,21,0,0,8
3942,152,2025,9,23,22,0,1,7
3943,152,2025,10,21,18,3,0,8
3944,152,2025,11,20,18,1,1,7
3945,152,2025,12,22,22,0,0,4
3946,153,2023,1,20,17,1,2,8
3947,153,2023,2,21,20,0,1,6
3948,153,2023,3,23,19,3,1,3
3949,153,2023,4,23,21,2,0,4
3950,153,2023,5,22,17,3,2,2
3951,153,2023,6,22,22,0,0,0
3952,153,2023,7,23,21,1,1,5
3953,153,2023,8,23,20,2,1,2
3954,153,2023,9,23,18,3,2,3
3955,153,2023,10,20,16,2,2,1
3956,153,2023,11,23,18,4,1,8
3957,153,2023,12,23,22,0,1,4
3958,153,2024,1,20,14,4,2,7
3959,153,2024,2,20,17,1,2,8
3960,153,2024,3,20,18,1,1,7
3961,153,2024,4,23,22,0,1,2
3962,153,2024,5,23,21,2,0,3
3963,153,2024,6,20,19,1,0,2
3964,153,2024,7,20,15,3,2,6
3965,153,2024,8,22,20,2,0,2
3966,153,2024,9,22,21,1,0,2
3967,153,2024,10,23,22,0,1,1
3968,153,2024,11,21,16,3,2,0
3969,153,2024,12,23,19,2,2,3
3970,153,2025,1,20,19,0,1,3
3971,153,2025,2,22,21,0,1,1
3972,153,2025,3,21,20,0,1,1
3973,153,2025,4,23,19,3,1,2
3974,153,2025,5,22,17,3,2,2
3975,153,2025,6,20,18,2,0,2
3976,153,2025,7,21,20,0,1,2
3977,153,2025,8,22,20,2,0,2
3978,153,2025,9,23,17,4,2,6
3979,153,2025,10,21,16,4,1,7
3980,153,2025,11,23,19,2,2,2
3981,153,2025,12,23,21,2,0,6
3982,154,2024,10,20,16,4,0,0
3983,154,2024,11,21,15,4,2,8
3984,154,2024,12,21,18,2,1,2
3985,154,2025,1,22,20,1,1,2
3986,155,2025,8,22,19,1,2,5
3987,155,2025,9,21,19,0,2,2
3988,155,2025,10,20,16,3,1,1
3989,155,2025,11,23,19,2,2,4
3990,155,2025,12,22,21,0,1,2
3991,156,2023,5,22,17,3,2,8
3992,156,2023,6,23,21,1,1,4
3993,156,2023,7,23,20,3,0,7
3994,156,2023,8,22,21,0,1,5
3995,156,2023,9,20,17,2,1,5
3996,156,2023,10,20,19,1,0,7
3997,156,2023,11,23,23,0,0,1
3998,156,2023,12,21,17,3,1,5
3999,156,2024,1,20,19,1,0,8
4000,156,2024,2,20,17,1,2,8
4001,156,2024,3,23,22,0,1,1
4002,156,2024,4,22,20,2,0,4
4003,156,2024,5,22,19,2,1,5
4004,156,2024,6,23,21,2,0,1
4005,156,2024,7,22,19,2,1,2
4006,156,2024,8,20,20,0,0,7
4007,156,2024,9,21,15,4,2,7
4008,156,2024,10,23,18,3,2,5
4009,156,2024,11,20,17,1,2,2
4010,156,2024,12,20,18,1,1,0
4011,156,2025,1,20,14,4,2,5
4012,156,2025,2,21,20,1,0,4
4013,156,2025,3,20,18,2,0,6
4014,156,2025,4,20,16,4,0,3
4015,156,2025,5,21,17,3,1,5
4016,156,2025,6,21,18,2,1,7
4017,156,2025,7,23,21,2,0,5
4018,156,2025,8,21,20,0,1,8
4019,156,2025,9,21,18,1,2,2
4020,156,2025,10,20,16,3,1,4
4021,157,2021,3,20,17,2,1,4
4022,157,2021,4,22,21,1,0,8
4023,157,2021,5,22,21,0,1,4
4024,157,2021,6,20,16,2,2,1
4025,157,2021,7,20,17,3,0,2
4026,157,2021,8,23,21,0,2,4
4027,157,2021,9,23,19,3,1,8
4028,157,2021,10,23,21,2,0,8
4029,157,2021,11,23,22,0,1,0
4030,157,2021,12,20,17,2,1,2
4031,157,2022,1,21,20,1,0,1
4032,157,2022,2,21,15,4,2,3
4033,157,2022,3,21,18,3,0,2
4034,157,2022,4,20,19,1,0,8
4035,157,2022,5,21,16,3,2,1
4036,157,2022,6,23,20,3,0,6
4037,157,2022,7,22,20,1,1,8
4038,157,2022,8,20,17,2,1,3
4039,157,2022,9,20,20,0,0,5
4040,157,2022,10,22,22,0,0,5
4041,157,2022,11,20,16,4,0,5
4042,157,2022,12,22,22,0,0,2
4043,157,2023,1,20,18,0,2,4
4044,157,2023,2,22,18,3,1,6
4045,157,2023,3,21,20,1,0,0
4046,157,2023,4,22,18,3,1,6
4047,157,2023,5,21,17,4,0,2
4048,157,2023,6,23,20,1,2,0
4049,157,2023,7,23,21,2,0,0
4050,157,2023,8,20,18,1,1,2
4051,157,2023,9,22,21,1,0,2
4052,157,2023,10,23,21,1,1,7
4053,157,2023,11,20,17,2,1,0
4054,157,2023,12,23,23,0,0,2
4055,157,2024,1,20,19,0,1,1
4056,157,2024,2,21,18,1,2,4
4057,157,2024,3,23,19,2,2,0
4058,157,2024,4,22,17,4,1,8
4059,157,2024,5,22,18,2,2,2
4060,157,2024,6,22,21,1,0,5
4061,157,2024,7,23,20,2,1,7
4062,157,2024,8,23,21,0,2,2
4063,157,2024,9,22,18,4,0,3
4064,157,2024,10,21,17,3,1,4
4065,157,2024,11,23,18,3,2,7
4066,157,2024,12,21,19,0,2,4
4067,157,2025,1,23,23,0,0,6
4068,157,2025,2,23,17,4,2,7
4069,157,2025,3,21,18,1,2,4
4070,157,2025,4,23,21,0,2,0
4071,157,2025,5,22,22,0,0,0
4072,157,2025,6,20,15,4,1,2
4073,157,2025,7,22,20,2,0,3
4074,157,2025,8,21,17,3,1,4
4075,157,2025,9,21,16,3,2,8
4076,157,2025,10,20,16,3,1,8
4077,157,2025,11,21,16,3,2,8
4078,157,2025,12,20,18,0,2,0
4079,158,2022,12,23,21,2,0,8
4080,158,2023,1,23,22,1,0,0
4081,158,2023,2,21,15,4,2,7
4082,158,2023,3,21,18,2,1,7
4083,158,2023,4,21,19,2,0,8
4084,158,2023,5,20,15,4,1,8
4085,158,2023,6,20,18,0,2,3
4086,158,2023,7,22,19,2,1,7
4087,158,2023,8,23,20,3,0,6
4088,158,2023,9,23,19,4,0,4
4089,158,2023,10,22,19,3,0,2
4090,158,2023,11,21,17,2,2,1
4091,158,2023,12,21,17,3,1,7
4092,158,2024,1,20,17,1,2,5
4093,158,2024,2,23,20,2,1,6
4094,158,2024,3,20,16,4,0,2
4095,158,2024,4,21,19,1,1,6
4096,158,2024,5,20,15,3,2,7
4097,158,2024,6,22,18,3,1,7
4098,158,2024,7,20,15,3,2,4
4099,158,2024,8,20,16,2,2,4
4100,158,2024,9,22,18,4,0,4
4101,158,2024,10,23,19,4,0,6
4102,158,2024,11,21,15,4,2,6
4103,158,2024,12,23,19,2,2,4
4104,158,2025,1,20,14,4,2,0
4105,158,2025,2,20,19,1,0,2
4106,158,2025,3,20,16,3,1,6
4107,158,2025,4,21,20,1,0,2
4108,158,2025,5,23,22,1,0,8
4109,158,2025,6,21,16,3,2,2
4110,158,2025,7,22,19,2,1,3
4111,158,2025,8,23,19,4,0,6
4112,158,2025,9,21,19,2,0,1
4113,158,2025,10,21,19,2,0,4
4114,158,2025,11,20,17,1,2,7
4115,158,2025,12,22,20,2,0,2
4116,159,2022,1,23,22,1,0,7
4117,159,2022,2,20,18,2,0,5
4118,159,2022,3,23,21,0,2,8
4119,159,2022,4,23,17,4,2,7
4120,159,2022,5,20,16,3,1,3
4121,159,2022,6,20,17,3,0,0
4122,159,2022,7,22,19,2,1,4
4123,159,2022,8,22,22,0,0,6
4124,159,2022,9,20,20,0,0,4
4125,159,2022,10,21,17,4,0,8
4126,159,2022,11,21,17,4,0,2
4127,159,2022,12,20,18,1,1,4
4128,159,2023,1,21,18,3,0,5
4129,159,2023,2,20,16,3,1,7
4130,159,2023,3,22,18,4,0,5
4131,159,2023,4,20,15,4,1,5
4132,159,2023,5,21,20,0,1,0
4133,159,2023,6,21,17,4,0,5
4134,159,2023,7,22,18,2,2,2
4135,159,2023,8,20,18,0,2,7
4136,159,2023,9,23,19,4,0,8
4137,159,2023,10,22,21,0,1,4
4138,159,2023,11,23,21,2,0,2
4139,159,2023,12,23,20,3,0,5
4140,159,2024,1,22,17,3,2,7
4141,159,2024,2,22,19,3,0,5
4142,159,2024,3,21,17,3,1,8
4143,159,2024,4,20,19,1,0,0
4144,159,2024,5,21,21,0,0,0
4145,159,2024,6,21,17,4,0,1
4146,159,2024,7,22,18,3,1,7
4147,159,2024,8,21,21,0,0,0
4148,159,2024,9,22,17,4,1,7
4149,159,2024,10,22,17,3,2,5
4150,159,2024,11,22,22,0,0,7
4151,159,2024,12,23,21,1,1,6
4152,159,2025,1,21,17,3,1,2
4153,159,2025,2,23,22,1,0,7
4154,159,2025,3,20,20,0,0,6
4155,159,2025,4,23,23,0,0,7
4156,159,2025,5,22,20,0,2,8
4157,159,2025,6,22,20,1,1,7
4158,159,2025,7,21,16,4,1,3
4159,159,2025,8,22,17,3,2,3
4160,159,2025,9,23,19,3,1,2
4161,159,2025,10,22,20,2,0,4
4162,159,2025,11,22,18,4,0,3
4163,159,2025,12,22,21,0,1,0
4164,160,2024,7,22,16,4,2,1
4165,160,2024,8,20,17,3,0,1
4166,160,2024,9,22,18,2,2,2
4167,160,2024,10,23,21,0,2,0
4168,160,2024,11,22,18,3,1,4
4169,160,2024,12,20,20,0,0,5
4170,160,2025,1,23,21,0,2,0
4171,160,2025,2,22,19,3,0,7
4172,160,2025,3,23,21,1,1,0
4173,160,2025,4,20,16,4,0,0
4174,160,2025,5,23,22,1,0,3
4175,160,2025,6,22,16,4,2,0
4176,160,2025,7,23,22,1,0,2
4177,160,2025,8,20,16,3,1,4
4178,160,2025,9,22,21,0,1,1
4179,160,2025,10,21,16,4,1,6
4180,160,2025,11,20,20,0,0,4
4181,160,2025,12,23,21,0,2,1
4182,161,2025,9,20,15,4,1,7
4183,161,2025,10,23,18,3,2,3
4184,161,2025,11,23,20,2,1,5
4185,161,2025,12,20,16,3,1,8
4186,162,2021,3,20,18,1,1,0
4187,162,2021,4,20,18,1,1,8
4188,162,2021,5,21,21,0,0,4
4189,162,2021,6,22,22,0,0,3
4190,162,2021,7,20,17,2,1,2
4191,162,2021,8,22,18,2,2,6
4192,162,2021,9,20,16,3,1,1
4193,162,2021,10,21,17,4,0,1
4194,162,2021,11,23,22,1,0,0
4195,162,2021,12,21,19,1,1,2
4196,162,2022,1,23,18,4,1,8
4197,162,2022,2,22,19,1,2,8
4198,162,2022,3,23,21,0,2,0
4199,162,2022,4,20,17,1,2,2
4200,162,2022,5,21,18,1,2,1
4201,162,2022,6,22,22,0,0,0
4202,162,2022,7,21,21,0,0,3
4203,162,2022,8,23,21,2,0,4
4204,162,2022,9,21,17,2,2,7
4205,162,2022,10,21,18,2,1,5
4206,162,2022,11,21,15,4,2,7
4207,162,2022,12,21,20,0,1,4
4208,162,2023,1,20,19,1,0,5
4209,162,2023,2,23,19,2,2,1
4210,162,2023,3,20,16,4,0,3
4211,162,2023,4,23,22,0,1,6
4212,162,2023,5,22,21,1,0,3
4213,162,2023,6,22,17,3,2,8
4214,162,2023,7,21,20,1,0,4
4215,162,2023,8,22,17,4,1,6
4216,162,2023,9,23,19,3,1,1
4217,162,2023,10,21,16,4,1,5
4218,162,2023,11,20,15,4,1,2
4219,162,2023,12,22,20,1,1,3
4220,162,2024,1,22,21,0,1,4
4221,162,2024,2,20,18,0,2,8
4222,162,2024,3,20,17,2,1,8
4223,162,2024,4,21,16,4,1,1
4224,162,2024,5,20,17,2,1,5
4225,162,2024,6,20,18,1,1,8
4226,162,2024,7,22,18,2,2,2
4227,162,2024,8,21,19,0,2,7
4228,162,2024,9,22,19,3,0,7
4229,162,2024,10,23,17,4,2,1
4230,162,2024,11,21,16,4,1,6
4231,162,2024,12,23,21,0,2,8
4232,162,2025,1,20,16,2,2,4
4233,162,2025,2,22,18,4,0,5
4234,162,2025,3,21,20,0,1,8
4235,162,2025,4,23,21,0,2,1
4236,162,2025,5,20,18,1,1,7
4237,162,2025,6,20,14,4,2,8
4238,162,2025,7,22,20,2,0,4
4239,162,2025,8,21,19,2,0,4
4240,162,2025,9,22,22,0,0,3
4241,162,2025,10,23,18,3,2,6
4242,162,2025,11,21,18,3,0,8
4243,162,2025,12,23,20,2,1,7
4244,163,2025,11,21,19,0,2,8
4245,163,2025,12,23,21,2,0,8
4246,164,2021,1,20,15,3,2,2
4247,164,2021,2,22,19,1,2,3
4248,164,2021,3,20,15,3,2,6
4249,164,2021,4,22,17,3,2,4
4250,164,2021,5,20,18,2,0,3
4251,164,2021,6,23,21,0,2,8
4252,164,2021,7,22,19,2,1,7
4253,164,2021,8,22,19,3,0,3
4254,164,2021,9,23,20,1,2,1
4255,164,2021,10,23,22,1,0,1
4256,164,2021,11,22,21,1,0,5
4257,164,2021,12,21,17,2,2,8
4258,164,2022,1,23,20,2,1,8
4259,164,2022,2,22,19,2,1,6
4260,164,2022,3,23,17,4,2,5
4261,164,2022,4,21,20,1,0,4
4262,164,2022,5,23,20,1,2,2
4263,164,2022,6,23,20,2,1,0
4264,164,2022,7,20,17,3,0,7
4265,164,2022,8,22,20,2,0,6
4266,164,2022,9,23,20,3,0,0
4267,164,2022,10,21,18,1,2,8
4268,164,2022,11,22,21,0,1,3
4269,164,2022,12,21,18,2,1,2
4270,164,2023,1,23,18,4,1,3
4271,164,2023,2,20,17,1,2,3
4272,164,2023,3,22,20,0,2,0
4273,164,2023,4,21,19,1,1,6
4274,164,2023,5,23,19,2,2,5
4275,164,2023,6,20,17,1,2,8
4276,164,2023,7,22,19,1,2,5
4277,164,2023,8,20,18,1,1,5
4278,164,2023,9,20,15,4,1,3
4279,164,2023,10,22,19,1,2,7
4280,164,2023,11,20,18,1,1,1
4281,164,2023,12,21,20,0,1,5
4282,164,2024,1,20,20,0,0,5
4283,164,2024,2,22,19,1,2,2
4284,164,2024,3,21,17,4,0,2
4285,164,2024,4,21,19,2,0,6
4286,164,2024,5,23,22,1,0,1
4287,164,2024,6,21,17,3,1,7
4288,164,2024,7,20,14,4,2,1
4289,164,2024,8,23,19,2,2,3
4290,164,2024,9,22,18,4,0,0
4291,164,2024,10,23,20,2,1,3
4292,164,2024,11,23,21,0,2,1
4293,164,2024,12,23,20,2,1,8
4294,164,2025,1,23,22,1,0,0
4295,164,2025,2,21,19,2,0,3
4296,164,2025,3,22,17,4,1,0
4297,164,2025,4,22,17,4,1,0
4298,164,2025,5,20,19,1,0,0
4299,164,2025,6,21,16,3,2,0
4300,164,2025,7,23,20,2,1,1
4301,164,2025,8,22,17,4,1,7
4302,164,2025,9,23,21,0,2,0
4303,164,2025,10,23,21,0,2,0
4304,164,2025,11,23,19,4,0,7
4305,164,2025,12,22,18,3,1,7
4306,165,2021,10,22,18,4,0,6
4307,165,2021,11,20,17,2,1,6
4308,165,2021,12,21,15,4,2,7
4309,165,2022,1,22,18,4,0,2
4310,165,2022,2,20,18,2,0,4
4311,165,2022,3,22,19,1,2,0
4312,165,2022,4,22,20,2,0,1
4313,165,2022,5,22,17,4,1,8
4314,165,2022,6,23,23,0,0,0
4315,165,2022,7,23,20,3,0,8
4316,165,2022,8,22,18,4,0,6
4317,165,2022,9,23,22,1,0,1
4318,165,2022,10,20,17,2,1,4
4319,165,2022,11,21,20,1,0,6
4320,165,2022,12,20,19,1,0,4
4321,165,2023,1,22,18,3,1,1
4322,165,2023,2,22,22,0,0,2
4323,165,2023,3,20,15,3,2,2
4324,165,2023,4,22,17,4,1,3
4325,165,2023,5,21,20,1,0,3
4326,165,2023,6,20,15,4,1,0
4327,165,2023,7,22,20,1,1,5
4328,165,2023,8,22,20,1,1,3
4329,165,2023,9,22,18,3,1,8
4330,165,2023,10,23,18,3,2,1
4331,165,2023,11,23,19,4,0,3
4332,165,2023,12,21,18,2,1,2
4333,165,2024,1,22,21,0,1,5
4334,165,2024,2,22,18,2,2,6
4335,165,2024,3,23,18,3,2,3
4336,165,2024,4,22,21,1,0,3
4337,165,2024,5,20,16,3,1,7
4338,165,2024,6,20,15,4,1,8
4339,165,2024,7,20,16,2,2,7
4340,165,2024,8,20,16,2,2,0
4341,165,2024,9,23,21,1,1,5
4342,165,2024,10,22,17,4,1,1
4343,165,2024,11,21,17,4,0,0
4344,165,2024,12,22,18,2,2,0
4345,165,2025,1,21,16,3,2,7
4346,165,2025,2,22,21,1,0,0
4347,165,2025,3,20,16,3,1,3
4348,165,2025,4,21,19,2,0,0
4349,165,2025,5,21,16,4,1,7
4350,165,2025,6,22,16,4,2,7
4351,165,2025,7,20,17,2,1,1
4352,165,2025,8,22,19,2,1,4
4353,165,2025,9,21,17,2,2,7
4354,165,2025,10,22,16,4,2,1
4355,165,2025,11,22,21,1,0,5
4356,165,2025,12,23,19,2,2,6
4357,166,2023,12,22,17,3,2,8
4358,166,2024,1,22,18,4,0,5
4359,166,2024,2,22,18,2,2,1
4360,166,2024,3,20,17,2,1,1
4361,166,2024,4,22,16,4,2,6
4362,166,2024,5,21,18,2,1,3
4363,166,2024,6,20,19,1,0,5
4364,166,2024,7,21,17,2,2,0
4365,166,2024,8,21,21,0,0,7
4366,166,2024,9,23,22,1,0,5
4367,166,2024,10,21,20,1,0,8
4368,166,2024,11,23,21,2,0,7
4369,166,2024,12,21,18,2,1,3
4370,166,2025,1,20,17,3,0,1
4371,166,2025,2,20,18,2,0,4
4372,166,2025,3,20,14,4,2,0
4373,166,2025,4,21,18,1,2,6
4374,166,2025,5,20,17,1,2,7
4375,166,2025,6,23,21,1,1,0
4376,166,2025,7,22,19,2,1,8
4377,166,2025,8,20,18,0,2,0
4378,166,2025,9,20,14,4,2,4
4379,166,2025,10,22,17,4,1,8
4380,166,2025,11,21,21,0,0,5
4381,166,2025,12,22,20,0,2,5
4382,167,2022,10,22,21,1,0,4
4383,167,2022,11,23,22,1,0,4
4384,167,2022,12,21,20,1,0,1
4385,167,2023,1,23,17,4,2,7
4386,167,2023,2,21,17,2,2,6
4387,167,2023,3,22,17,4,1,6
4388,167,2023,4,20,16,3,1,7
4389,167,2023,5,21,18,3,0,1
4390,167,2023,6,21,21,0,0,7
4391,167,2023,7,22,18,3,1,2
4392,167,2023,8,20,19,0,1,1
4393,167,2023,9,23,19,2,2,6
4394,167,2023,10,23,20,1,2,8
4395,167,2023,11,21,17,2,2,2
4396,167,2023,12,21,20,1,0,5
4397,167,2024,1,23,21,1,1,0
4398,167,2024,2,22,19,3,0,7
4399,167,2024,3,20,17,3,0,6
4400,167,2024,4,23,22,1,0,6
4401,167,2024,5,23,21,1,1,5
4402,167,2024,6,20,19,1,0,8
4403,167,2024,7,22,20,1,1,7
4404,167,2024,8,23,19,3,1,1
4405,167,2024,9,20,15,4,1,2
4406,167,2024,10,22,21,0,1,6
4407,167,2024,11,20,17,3,0,2
4408,167,2024,12,23,22,1,0,6
4409,167,2025,1,21,17,2,2,4
4410,167,2025,2,22,22,0,0,3
4411,167,2025,3,21,15,4,2,2
4412,167,2025,4,20,19,0,1,1
4413,167,2025,5,23,20,2,1,7
4414,167,2025,6,23,18,4,1,6
4415,167,2025,7,21,21,0,0,4
4416,167,2025,8,21,21,0,0,1
4417,167,2025,9,23,20,3,0,7
4418,167,2025,10,22,22,0,0,0
4419,167,2025,11,21,18,3,0,4
4420,167,2025,12,23,18,4,1,0
4421,168,2025,10,23,19,3,1,5
4422,168,2025,11,22,19,1,2,8
4423,168,2025,12,23,21,1,1,6
4424,169,2021,7,23,21,2,0,4
4425,169,2021,8,20,18,2,0,7
4426,169,2021,9,20,18,2,0,4
4427,169,2021,10,21,19,0,2,6
4428,169,2021,11,20,17,3,0,3
4429,169,2021,12,23,20,3,0,0
4430,169,2022,1,22,19,2,1,4
4431,169,2022,2,22,20,2,0,1
4432,169,2022,3,21,19,0,2,8
4433,169,2022,4,23,19,3,1,3
4434,169,2022,5,23,22,0,1,0
4435,169,2022,6,23,18,4,1,6
4436,169,2022,7,21,19,0,2,8
4437,169,2022,8,20,16,2,2,4
4438,169,2022,9,22,17,3,2,0
4439,169,2022,10,23,22,0,1,3
4440,169,2022,11,21,20,1,0,0
4441,170,2023,3,23,19,2,2,5
4442,170,2023,4,21,17,3,1,7
4443,170,2023,5,23,22,0,1,7
4444,170,2023,6,22,20,2,0,3
4445,170,2023,7,22,19,1,2,3
4446,170,2023,8,23,18,3,2,2
4447,170,2023,9,21,18,1,2,7
4448,170,2023,10,21,17,3,1,1
4449,170,2023,11,21,21,0,0,6
4450,170,2023,12,20,19,1,0,6
4451,170,2024,1,22,17,3,2,8
4452,170,2024,2,22,19,3,0,0
4453,170,2024,3,22,18,3,1,8
4454,170,2024,4,20,16,2,2,1
4455,170,2024,5,20,19,0,1,3
4456,170,2024,6,22,21,1,0,1
4457,170,2024,7,20,16,2,2,4
4458,170,2024,8,21,17,4,0,2
4459,170,2024,9,21,19,2,0,7
4460,170,2024,10,23,18,4,1,8
4461,170,2024,11,22,20,0,2,4
4462,170,2024,12,22,21,1,0,2
4463,170,2025,1,21,17,2,2,7
4464,170,2025,2,20,19,1,0,0
4465,170,2025,3,21,20,0,1,5
4466,170,2025,4,22,19,3,0,5
4467,170,2025,5,20,18,1,1,1
4468,170,2025,6,23,20,2,1,8
4469,170,2025,7,22,21,0,1,8
4470,170,2025,8,21,18,3,0,0
4471,170,2025,9,22,17,4,1,0
4472,170,2025,10,21,17,4,0,1
4473,170,2025,11,23,20,3,0,8
4474,170,2025,12,22,21,0,1,4
4475,171,2025,1,21,17,4,0,4
4476,171,2025,2,22,19,3,0,1
4477,171,2025,3,20,17,3,0,1
4478,171,2025,4,22,18,2,2,1
4479,171,2025,5,23,20,3,0,7
4480,171,2025,6,23,20,1,2,7
4481,171,2025,7,23,19,4,0,6
4482,171,2025,8,21,21,0,0,0
4483,171,2025,9,23,23,0,0,7
4484,171,2025,10,22,19,3,0,7
4485,171,2025,11,21,19,1,1,5
4486,171,2025,12,21,21,0,0,2
4487,172,2021,12,22,21,1,0,5
4488,172,2022,1,21,16,4,1,4
4489,172,2022,2,23,20,1,2,0
4490,172,2022,3,23,20,1,2,4
4491,172,2022,4,22,19,3,0,0
4492,172,2022,5,21,18,2,1,4
4493,172,2022,6,21,21,0,0,8
4494,172,2022,7,23,21,0,2,4
4495,172,2022,8,23,20,2,1,2
4496,172,2022,9,21,17,2,2,1
4497,173,2022,7,20,18,2,0,3
4498,173,2022,8,20,15,3,2,7
4499,173,2022,9,22,21,1,0,4
4500,173,2022,10,23,23,0,0,4
4501,173,2022,11,21,19,0,2,8
4502,173,2022,12,23,22,1,0,0
4503,173,2023,1,23,20,2,1,1
4504,173,2023,2,23,20,3,0,0
4505,173,2023,3,20,17,1,2,6
4506,173,2023,4,20,15,3,2,1
4507,173,2023,5,21,19,2,0,2
4508,173,2023,6,22,21,1,0,7
4509,173,2023,7,23,20,1,2,1
4510,173,2023,8,21,20,1,0,1
4511,173,2023,9,21,18,3,0,6
4512,173,2023,10,23,21,0,2,5
4513,173,2023,11,22,19,1,2,2
4514,173,2023,12,22,19,1,2,2
4515,173,2024,1,21,15,4,2,4
4516,173,2024,2,22,21,1,0,4
4517,173,2024,3,21,17,2,2,8
4518,173,2024,4,22,19,3,0,0
4519,173,2024,5,21,17,3,1,3
4520,173,2024,6,22,22,0,0,1
4521,173,2024,7,22,21,0,1,6
4522,173,2024,8,22,18,2,2,2
4523,173,2024,9,20,14,4,2,6
4524,173,2024,10,21,17,3,1,5
4525,173,2024,11,21,20,1,0,4
4526,173,2024,12,21,19,1,1,6
4527,173,2025,1,22,19,2,1,1
4528,173,2025,2,20,19,0,1,8
4529,173,2025,3,23,20,2,1,7
4530,173,2025,4,21,19,1,1,1
4531,173,2025,5,23,20,1,2,8
4532,173,2025,6,22,17,3,2,3
4533,173,2025,7,23,20,3,0,8
4534,173,2025,8,20,19,0,1,3
4535,173,2025,9,20,15,3,2,5
4536,173,2025,10,20,17,3,0,6
4537,173,2025,11,23,18,3,2,1
4538,173,2025,12,20,17,2,1,8
4539,174,2023,1,23,20,1,2,5
4540,174,2023,2,20,17,3,0,1
4541,174,2023,3,21,20,0,1,1
4542,174,2023,4,22,20,1,1,0
4543,174,2023,5,20,15,3,2,0
4544,174,2023,6,23,18,3,2,1
4545,174,2023,7,20,16,2,2,2
4546,174,2023,8,22,20,1,1,2
4547,174,2023,9,23,21,1,1,6
4548,174,2023,10,20,15,3,2,7
4549,174,2023,11,20,16,4,0,3
4550,174,2023,12,22,16,4,2,6
4551,174,2024,1,20,14,4,2,8
4552,174,2024,2,20,17,1,2,0
4553,174,2024,3,21,17,3,1,8
4554,174,2024,4,22,20,2,0,1
4555,174,2024,5,21,18,3,0,1
4556,174,2024,6,23,20,2,1,5
4557,174,2024,7,22,22,0,0,4
4558,174,2024,8,23,23,0,0,1
4559,174,2024,9,21,18,1,2,0
4560,174,2024,10,23,20,2,1,1
4561,174,2024,11,20,15,4,1,7
4562,174,2024,12,23,20,3,0,3
4563,174,2025,1,20,16,4,0,8
4564,175,2023,8,22,22,0,0,4
4565,175,2023,9,20,18,0,2,6
4566,175,2023,10,20,17,3,0,0
4567,175,2023,11,21,21,0,0,5
4568,175,2023,12,23,18,3,2,1
4569,175,2024,1,20,19,0,1,2
4570,175,2024,2,22,17,3,2,0
4571,175,2024,3,21,21,0,0,0
4572,175,2024,4,23,18,4,1,3
4573,175,2024,5,20,18,0,2,6
4574,175,2024,6,21,18,3,0,7
4575,175,2024,7,20,19,0,1,2
4576,175,2024,8,20,19,0,1,8
4577,175,2024,9,22,18,3,1,5
4578,175,2024,10,23,22,1,0,0
4579,175,2024,11,23,21,0,2,3
4580,175,2024,12,22,17,3,2,6
4581,175,2025,1,22,21,0,1,2
4582,175,2025,2,22,19,3,0,2
4583,175,2025,3,21,17,4,0,4
4584,175,2025,4,23,19,4,0,3
4585,175,2025,5,22,17,4,1,3
4586,175,2025,6,20,15,4,1,0
4587,175,2025,7,22,19,3,0,1
4588,175,2025,8,21,21,0,0,5
4589,175,2025,9,20,18,1,1,8
4590,175,2025,10,22,16,4,2,3
4591,175,2025,11,20,20,0,0,6
4592,175,2025,12,22,19,3,0,3
4593,176,2021,3,23,17,4,2,5
4594,176,2021,4,21,15,4,2,0
4595,176,2021,5,22,19,1,2,0
4596,176,2021,6,23,20,3,0,3
4597,176,2021,7,20,16,2,2,7
4598,176,2021,8,23,21,2,0,8
4599,176,2021,9,22,16,4,2,2
4600,176,2021,10,21,19,1,1,2
4601,176,2021,11,20,17,1,2,3
4602,176,2021,12,20,18,1,1,8
4603,176,2022,1,22,19,3,0,3
4604,176,2022,2,21,19,2,0,2
4605,176,2022,3,21,17,4,0,8
4606,176,2022,4,20,18,0,2,5
4607,176,2022,5,23,22,0,1,4
4608,176,2022,6,22,21,0,1,7
4609,176,2022,7,20,16,4,0,4
4610,176,2022,8,21,21,0,0,8
4611,176,2022,9,20,17,3,0,5
4612,176,2022,10,20,15,3,2,5
4613,176,2022,11,23,22,0,1,7
4614,176,2022,12,20,18,0,2,2
4615,176,2023,1,20,18,0,2,4
4616,176,2023,2,23,20,3,0,8
4617,176,2023,3,21,20,1,0,3
4618,176,2023,4,22,18,3,1,4
4619,176,2023,5,20,19,0,1,4
4620,176,2023,6,21,18,1,2,5
4621,176,2023,7,23,20,3,0,7
4622,176,2023,8,23,20,1,2,7
4623,176,2023,9,23,22,1,0,7
4624,176,2023,10,22,17,4,1,1
4625,176,2023,11,20,18,2,0,6
4626,176,2023,12,22,20,0,2,4
4627,176,2024,1,22,19,2,1,1
4628,176,2024,2,21,15,4,2,3
4629,176,2024,3,22,17,3,2,8
4630,176,2024,4,21,16,4,1,3
4631,176,2024,5,22,20,2,0,4
4632,176,2024,6,21,17,2,2,1
4633,176,2024,7,21,17,3,1,5
4634,176,2024,8,23,17,4,2,6
4635,176,2024,9,23,23,0,0,2
4636,176,2024,10,21,17,3,1,0
4637,176,2024,11,20,17,2,1,8
4638,176,2024,12,20,16,3,1,5
4639,176,2025,1,20,17,1,2,1
4640,176,2025,2,20,15,3,2,5
4641,176,2025,3,20,14,4,2,5
4642,176,2025,4,21,19,2,0,6
4643,176,2025,5,22,18,3,1,1
4644,176,2025,6,21,16,3,2,8
4645,176,2025,7,23,20,1,2,0
4646,176,2025,8,20,16,2,2,4
4647,176,2025,9,20,17,2,1,7
4648,176,2025,10,20,18,1,1,6
4649,176,2025,11,21,20,0,1,7
4650,176,2025,12,23,19,2,2,6
4651,177,2022,4,23,19,3,1,5
4652,177,2022,5,23,21,2,0,8
4653,177,2022,6,20,20,0,0,3
4654,177,2022,7,22,19,1,2,8
4655,177,2022,8,21,16,3,2,4
4656,177,2022,9,21,18,2,1,7
4657,177,2022,10,23,22,0,1,7
4658,177,2022,11,22,20,2,0,6
4659,177,2022,12,21,16,4,1,1
4660,177,2023,1,22,17,4,1,0
4661,177,2023,2,20,15,3,2,4
4662,177,2023,3,22,19,3,0,7
4663,177,2023,4,20,18,1,1,6
4664,177,2023,5,23,17,4,2,2
4665,177,2023,6,20,18,0,2,5
4666,177,2023,7,20,17,1,2,0
4667,177,2023,8,22,17,4,1,5
4668,177,2023,9,22,17,4,1,4
4669,177,2023,10,22,20,2,0,5
4670,177,2023,11,22,18,3,1,1
4671,177,2023,12,20,19,0,1,6
4672,177,2024,1,23,20,2,1,6
4673,177,2024,2,21,15,4,2,2
4674,177,2024,3,22,20,1,1,2
4675,177,2024,4,22,17,3,2,8
4676,177,2024,5,22,19,3,0,6
4677,177,2024,6,22,20,2,0,1
4678,177,2024,7,22,20,1,1,1
4679,177,2024,8,21,20,0,1,2
4680,177,2024,9,23,19,4,0,5
4681,177,2024,10,21,18,2,1,5
4682,177,2024,11,22,21,0,1,5
4683,177,2024,12,22,21,0,1,0
4684,177,2025,1,21,17,4,0,5
4685,177,2025,2,20,19,0,1,7
4686,177,2025,3,23,21,0,2,8
4687,177,2025,4,23,22,0,1,5
4688,177,2025,5,20,18,1,1,0
4689,177,2025,6,20,19,0,1,7
4690,177,2025,7,23,19,4,0,8
4691,177,2025,8,20,18,1,1,2
4692,177,2025,9,23,19,3,1,5
4693,177,2025,10,22,19,1,2,1
4694,177,2025,11,22,17,4,1,5
4695,177,2025,12,20,18,0,2,1
4696,178,2025,6,21,18,2,1,4
4697,178,2025,7,22,19,2,1,5
4698,178,2025,8,23,18,3,2,0
4699,178,2025,9,23,23,0,0,1
4700,178,2025,10,23,21,0,2,1
4701,178,2025,11,22,21,1,0,3
4702,178,2025,12,20,16,4,0,0
4703,179,2023,3,23,23,0,0,0
4704,179,2023,4,21,16,4,1,7
4705,179,2023,5,20,17,1,2,5
4706,179,2023,6,22,20,2,0,2
4707,179,2023,7,22,19,2,1,0
4708,179,2023,8,22,20,2,0,8
4709,179,2023,9,23,18,4,1,6
4710,179,2023,10,23,19,2,2,1
4711,179,2023,11,23,19,2,2,8
4712,179,2023,12,20,17,2,1,6
4713,179,2024,1,20,15,4,1,6
4714,179,2024,2,20,19,1,0,2
4715,179,2024,3,21,19,1,1,6
4716,179,2024,4,21,20,0,1,8
4717,179,2024,5,20,19,1,0,1
4718,179,2024,6,22,16,4,2,4
4719,179,2024,7,21,19,0,2,0
4720,179,2024,8,20,16,3,1,7
4721,179,2024,9,22,22,0,0,8
4722,179,2024,10,20,15,3,2,5
4723,179,2024,11,20,18,1,1,5
4724,179,2024,12,22,18,3,1,2
4725,179,2025,1,20,18,0,2,3
4726,179,2025,2,21,19,0,2,2
4727,179,2025,3,23,19,4,0,8
4728,179,2025,4,21,17,4,0,7
4729,179,2025,5,20,15,4,1,6
4730,179,2025,6,22,21,0,1,0
4731,179,2025,7,20,15,4,1,2
4732,179,2025,8,23,22,0,1,5
4733,179,2025,9,20,20,0,0,3
4734,179,2025,10,23,19,4,0,3
4735,179,2025,11,23,18,3,2,3
4736,179,2025,12,23,19,3,1,5
4737,180,2021,10,22,21,1,0,2
4738,180,2021,11,22,18,3,1,6
4739,180,2021,12,20,17,3,0,4
4740,180,2022,1,22,17,3,2,4
4741,180,2022,2,23,19,3,1,3
4742,180,2022,3,20,17,2,1,7
4743,180,2022,4,22,16,4,2,6
4744,180,2022,5,23,18,4,1,8
4745,180,2022,6,20,16,4,0,6
4746,180,2022,7,21,17,2,2,0
4747,180,2022,8,23,22,0,1,3
4748,180,2022,9,20,17,2,1,7
4749,180,2022,10,20,18,2,0,0
4750,180,2022,11,22,17,3,2,8
4751,180,2022,12,20,18,2,0,8
4752,180,2023,1,22,17,4,1,5
4753,180,2023,2,22,21,0,1,5
4754,180,2023,3,20,16,3,1,7
4755,180,2023,4,22,18,3,1,7
4756,180,2023,5,23,20,2,1,0
4757,180,2023,6,22,18,2,2,0
4758,180,2023,7,21,16,3,2,5
4759,180,2023,8,20,20,0,0,1
4760,180,2023,9,22,21,1,0,0
4761,180,2023,10,22,21,1,0,8
4762,180,2023,11,22,21,0,1,0
4763,180,2023,12,23,19,4,0,7
4764,180,2024,1,21,18,2,1,2
4765,180,2024,2,20,19,0,1,8
4766,181,2025,4,21,17,2,2,8
4767,181,2025,5,21,16,3,2,1
4768,181,2025,6,21,18,3,0,1
4769,181,2025,7,21,19,2,0,0
4770,181,2025,8,20,19,1,0,2
4771,181,2025,9,22,22,0,0,2
4772,181,2025,10,20,14,4,2,2
4773,181,2025,11,22,20,2,0,3
4774,181,2025,12,22,18,2,2,2
4775,182,2021,2,23,17,4,2,5
4776,182,2021,3,22,18,4,0,4
4777,182,2021,4,21,19,2,0,5
4778,182,2021,5,22,22,0,0,4
4779,182,2021,6,20,14,4,2,4
4780,182,2021,7,21,15,4,2,2
4781,182,2021,8,22,19,2,1,4
4782,182,2021,9,21,19,0,2,7
4783,182,2021,10,22,20,0,2,1
4784,182,2021,11,22,18,2,2,8
4785,182,2021,12,23,20,3,0,8
4786,182,2022,1,21,17,2,2,0
4787,182,2022,2,22,20,1,1,5
4788,182,2022,3,23,18,3,2,6
4789,182,2022,4,23,22,1,0,1
4790,182,2022,5,22,18,2,2,3
4791,182,2022,6,21,20,1,0,1
4792,182,2022,7,23,21,2,0,7
4793,182,2022,8,22,18,3,1,6
4794,182,2022,9,22,18,3,1,8
4795,182,2022,10,23,21,0,2,2
4796,182,2022,11,22,19,1,2,1
4797,182,2022,12,23,20,2,1,2
4798,182,2023,1,20,17,2,1,8
4799,182,2023,2,23,20,2,1,7
4800,182,2023,3,23,21,2,0,3
4801,182,2023,4,20,16,3,1,4
4802,182,2023,5,21,18,2,1,2
4803,182,2023,6,20,16,4,0,0
4804,182,2023,7,22,18,2,2,7
4805,182,2023,8,20,16,3,1,7
4806,182,2023,9,23,21,0,2,6
4807,182,2023,10,20,18,2,0,4
4808,182,2023,11,22,20,0,2,2
4809,182,2023,12,22,18,2,2,6
4810,182,2024,1,23,22,0,1,6
4811,182,2024,2,20,16,2,2,4
4812,182,2024,3,21,21,0,0,8
4813,182,2024,4,22,17,4,1,5
4814,182,2024,5,20,19,1,0,7
4815,182,2024,6,20,20,0,0,8
4816,182,2024,7,22,21,1,0,8
4817,182,2024,8,22,19,2,1,2
4818,182,2024,9,22,16,4,2,1
4819,182,2024,10,22,21,1,0,6
4820,182,2024,11,20,18,1,1,4
4821,182,2024,12,20,16,3,1,4
4822,182,2025,1,21,15,4,2,0
4823,182,2025,2,22,21,1,0,7
4824,182,2025,3,23,22,1,0,0
4825,182,2025,4,22,18,4,0,1
4826,182,2025,5,23,22,1,0,6
4827,182,2025,6,23,21,2,0,3
4828,182,2025,7,21,18,1,2,3
4829,182,2025,8,20,19,1,0,8
4830,182,2025,9,23,21,2,0,2
4831,182,2025,10,20,19,0,1,0
4832,182,2025,11,22,17,4,1,1
4833,182,2025,12,23,23,0,0,6
4834,183,2022,4,21,19,2,0,0
4835,183,2022,5,22,21,1,0,1
4836,183,2022,6,23,21,2,0,6
4837,183,2022,7,21,19,1,1,0
4838,183,2022,8,21,17,3,1,6
4839,183,2022,9,21,19,1,1,6
4840,183,2022,10,23,18,4,1,1
4841,183,2022,11,23,20,1,2,5
4842,183,2022,12,21,19,0,2,7
4843,183,2023,1,21,18,3,0,6
4844,183,2023,2,20,18,0,2,7
4845,183,2023,3,22,19,1,2,4
4846,183,2023,4,21,16,4,1,2
4847,183,2023,5,21,21,0,0,4
4848,183,2023,6,20,15,3,2,1
4849,183,2023,7,22,17,4,1,0
4850,183,2023,8,20,18,2,0,4
4851,183,2023,9,22,18,2,2,2
4852,183,2023,10,22,18,3,1,8
4853,183,2023,11,23,20,1,2,1
4854,183,2023,12,22,19,3,0,6
4855,183,2024,1,20,17,2,1,5
4856,183,2024,2,21,19,2,0,1
4857,183,2024,3,20,14,4,2,0
4858,183,2024,4,20,20,0,0,6
4859,183,2024,5,22,19,3,0,5
4860,183,2024,6,21,21,0,0,7
4861,183,2024,7,23,19,3,1,1
4862,183,2024,8,23,17,4,2,4
4863,183,2024,9,22,18,4,0,4
4864,183,2024,10,21,21,0,0,4
4865,183,2024,11,21,17,2,2,8
4866,183,2024,12,21,19,1,1,0
4867,183,2025,1,22,21,0,1,2
4868,183,2025,2,22,19,1,2,6
4869,183,2025,3,21,16,3,2,4
4870,183,2025,4,23,20,1,2,1
4871,183,2025,5,23,20,3,0,5
4872,183,2025,6,20,18,0,2,7
4873,183,2025,7,22,20,2,0,5
4874,183,2025,8,21,18,2,1,4
4875,183,2025,9,23,23,0,0,1
4876,183,2025,10,23,20,1,2,5
4877,183,2025,11,23,20,3,0,6
4878,183,2025,12,23,18,3,2,5
4879,184,2022,2,23,20,2,1,1
4880,184,2022,3,22,22,0,0,3
4881,184,2022,4,21,16,3,2,2
4882,184,2022,5,23,19,3,1,5
4883,184,2022,6,21,21,0,0,7
4884,184,2022,7,21,19,0,2,1
4885,184,2022,8,22,21,1,0,8
4886,184,2022,9,21,17,2,2,1
4887,184,2022,10,23,23,0,0,4
4888,184,2022,11,23,21,0,2,3
4889,184,2022,12,21,16,3,2,8
4890,184,2023,1,20,15,4,1,1
4891,184,2023,2,23,22,0,1,2
4892,184,2023,3,23,18,3,2,8
4893,184,2023,4,21,20,1,0,8
4894,184,2023,5,21,15,4,2,3
4895,184,2023,6,23,22,1,0,8
4896,184,2023,7,23,19,4,0,8
4897,184,2023,8,20,17,2,1,8
4898,184,2023,9,20,17,2,1,3
4899,184,2023,10,22,21,1,0,5
4900,184,2023,11,22,18,4,0,5
4901,184,2023,12,21,20,0,1,2
4902,184,2024,1,23,19,2,2,6
4903,184,2024,2,22,17,4,1,2
4904,184,2024,3,23,19,3,1,4
4905,184,2024,4,20,19,0,1,2
4906,184,2024,5,22,18,3,1,0
4907,184,2024,6,23,19,3,1,1
4908,184,2024,7,21,19,2,0,4
4909,184,2024,8,23,21,1,1,0
4910,184,2024,9,22,20,1,1,6
4911,184,2024,10,20,16,4,0,1
4912,184,2024,11,22,16,4,2,5
4913,184,2024,12,22,18,4,0,5
4914,184,2025,1,20,17,1,2,8
4915,184,2025,2,23,21,1,1,4
4916,184,2025,3,22,20,1,1,6
4917,184,2025,4,22,21,0,1,4
4918,184,2025,5,23,20,1,2,6
4919,184,2025,6,20,19,1,0,1
4920,184,2025,7,22,21,1,0,1
4921,184,2025,8,23,20,2,1,3
4922,184,2025,9,22,21,1,0,4
4923,184,2025,10,22,16,4,2,4
4924,184,2025,11,21,19,0,2,4
4925,184,2025,12,21,21,0,0,6
4926,185,2024,12,23,23,0,0,4
4927,185,2025,1,21,20,1,0,6
4928,185,2025,2,20,18,1,1,7
4929,185,2025,3,23,19,2,2,5
4930,185,2025,4,22,17,3,2,1
4931,185,2025,5,21,19,2,0,6
4932,185,2025,6,21,17,2,2,3
4933,185,2025,7,21,15,4,2,6
4934,185,2025,8,23,22,0,1,3
4935,185,2025,9,22,18,3,1,4
4936,185,2025,10,21,20,0,1,6
4937,185,2025,11,20,17,2,1,0
4938,185,2025,12,23,22,1,0,4
4939,186,2021,7,21,18,3,0,7
4940,186,2021,8,20,18,2,0,2
4941,186,2021,9,23,18,3,2,4
4942,186,2021,10,21,20,0,1,4
4943,186,2021,11,23,18,4,1,0
4944,186,2021,12,20,19,1,0,3
4945,186,2022,1,23,17,4,2,5
4946,186,2022,2,22,18,3,1,2
4947,186,2022,3,23,19,2,2,6
4948,186,2022,4,20,17,1,2,7
4949,186,2022,5,23,20,1,2,4
4950,186,2022,6,21,16,3,2,3
4951,186,2022,7,21,17,3,1,8
4952,186,2022,8,23,22,0,1,0
4953,186,2022,9,21,18,1,2,1
4954,186,2022,10,23,18,3,2,1
4955,186,2022,11,23,19,3,1,5
4956,186,2022,12,23,17,4,2,8
4957,186,2023,1,21,17,2,2,5
4958,186,2023,2,21,18,1,2,1
4959,186,2023,3,20,19,0,1,5
4960,186,2023,4,21,17,4,0,6
4961,186,2023,5,20,17,3,0,8
4962,186,2023,6,23,23,0,0,2
4963,186,2023,7,21,18,1,2,6
4964,186,2023,8,21,18,1,2,7
4965,186,2023,9,20,16,3,1,6
4966,186,2023,10,21,19,2,0,7
4967,186,2023,11,20,16,4,0,7
4968,186,2023,12,20,14,4,2,2
4969,186,2024,1,23,18,3,2,4
4970,186,2024,2,21,18,2,1,4
4971,186,2024,3,23,20,1,2,7
4972,186,2024,4,23,17,4,2,7
4973,186,2024,5,22,16,4,2,1
4974,186,2024,6,22,16,4,2,4
4975,186,2024,7,20,16,2,2,5
4976,186,2024,8,21,19,0,2,7
4977,186,2024,9,22,20,0,2,0
4978,186,2024,10,22,20,0,2,3
4979,186,2024,11,23,21,1,1,3
4980,186,2024,12,23,20,1,2,8
4981,186,2025,1,22,17,3,2,6
4982,186,2025,2,21,19,1,1,8
4983,186,2025,3,23,20,3,0,6
4984,186,2025,4,23,19,2,2,4
4985,186,2025,5,21,20,0,1,0
4986,186,2025,6,20,18,2,0,6
4987,186,2025,7,20,18,1,1,0
4988,186,2025,8,20,20,0,0,0
4989,186,2025,9,20,16,3,1,2
4990,186,2025,10,22,22,0,0,0
4991,187,2023,12,23,21,2,0,5
4992,187,2024,1,23,21,1,1,7
4993,187,2024,2,23,20,1,2,1
4994,187,2024,3,21,19,2,0,4
4995,187,2024,4,20,18,1,1,6
4996,187,2024,5,23,19,2,2,1
4997,187,2024,6,20,19,0,1,4
4998,187,2024,7,20,18,1,1,2
4999,187,2024,8,20,18,1,1,2
5000,187,2024,9,23,20,3,0,0
5001,187,2024,10,21,15,4,2,4
5002,187,2024,11,22,21,1,0,4
5003,187,2024,12,23,19,2,2,3
5004,187,2025,1,23,19,4,0,2
5005,187,2025,2,21,17,4,0,0
5006,187,2025,3,22,21,1,0,3
5007,187,2025,4,23,21,1,1,0
5008,187,2025,5,22,20,2,0,1
5009,187,2025,6,20,17,3,0,4
5010,187,2025,7,23,21,0,2,5
5011,187,2025,8,20,14,4,2,5
5012,187,2025,9,22,18,4,0,5
5013,187,2025,10,22,16,4,2,0
5014,187,2025,11,20,18,0,2,0
5015,187,2025,12,23,22,1,0,2
5016,188,2021,3,20,16,4,0,8
5017,188,2021,4,23,22,1,0,2
5018,188,2021,5,20,16,3,1,0
5019,188,2021,6,22,18,3,1,0
5020,188,2021,7,22,20,0,2,8
5021,188,2021,8,20,15,3,2,6
5022,188,2021,9,21,16,3,2,1
5023,188,2021,10,23,20,3,0,5
5024,188,2021,11,21,19,0,2,0
5025,188,2021,12,22,20,1,1,5
5026,188,2022,1,20,19,1,0,8
5027,188,2022,2,22,20,0,2,5
5028,188,2022,3,20,20,0,0,3
5029,188,2022,4,21,19,2,0,8
5030,188,2022,5,20,16,4,0,6
5031,188,2022,6,23,20,1,2,0
5032,188,2022,7,23,22,0,1,2
5033,188,2022,8,23,17,4,2,8
5034,188,2022,9,21,16,4,1,2
5035,188,2022,10,21,17,2,2,1
5036,188,2022,11,21,17,3,1,7
5037,188,2022,12,22,21,1,0,8
5038,188,2023,1,20,18,0,2,6
5039,188,2023,2,22,17,4,1,1
5040,188,2023,3,20,15,4,1,4
5041,188,2023,4,20,16,2,2,8
5042,188,2023,5,22,19,3,0,4
5043,188,2023,6,20,16,4,0,5
5044,188,2023,7,20,18,1,1,4
5045,188,2023,8,21,20,0,1,2
5046,188,2023,9,21,15,4,2,5
5047,188,2023,10,22,18,2,2,1
5048,188,2023,11,23,20,1,2,3
5049,188,2023,12,22,19,1,2,7
5050,188,2024,1,22,16,4,2,6
5051,188,2024,2,20,16,4,0,8
5052,188,2024,3,20,17,2,1,7
5053,188,2024,4,20,19,1,0,1
5054,188,2024,5,22,20,0,2,4
5055,188,2024,6,20,16,3,1,5
5056,188,2024,7,21,18,3,0,0
5057,188,2024,8,21,16,4,1,1
5058,188,2024,9,21,16,3,2,2
5059,188,2024,10,23,22,1,0,3
5060,188,2024,11,23,22,0,1,3
5061,188,2024,12,21,19,0,2,4
5062,188,2025,1,22,20,1,1,1
5063,188,2025,2,21,19,0,2,2
5064,188,2025,3,20,20,0,0,8
5065,188,2025,4,20,14,4,2,3
5066,188,2025,5,22,17,4,1,2
5067,188,2025,6,23,21,1,1,5
5068,188,2025,7,21,19,1,1,6
5069,188,2025,8,21,16,4,1,6
5070,188,2025,9,21,19,2,0,1
5071,188,2025,10,20,16,2,2,0
5072,188,2025,11,20,20,0,0,0
5073,189,2023,4,22,20,2,0,5
5074,189,2023,5,23,19,2,2,7
5075,189,2023,6,23,21,2,0,6
5076,189,2023,7,23,21,2,0,6
5077,189,2023,8,23,19,4,0,0
5078,189,2023,9,22,16,4,2,0
5079,189,2023,10,20,20,0,0,6
5080,189,2023,11,22,18,3,1,8
5081,189,2023,12,20,17,3,0,8
5082,189,2024,1,23,17,4,2,6
5083,189,2024,2,23,21,2,0,2
5084,189,2024,3,20,19,1,0,5
5085,189,2024,4,23,18,4,1,6
5086,189,2024,5,22,20,2,0,0
5087,189,2024,6,21,18,1,2,1
5088,189,2024,7,21,20,0,1,6
5089,189,2024,8,21,19,2,0,5
5090,189,2024,9,20,17,2,1,4
5091,189,2024,10,23,18,4,1,4
5092,189,2024,11,23,22,0,1,7
5093,189,2024,12,23,18,4,1,6
5094,189,2025,1,20,16,3,1,7
5095,189,2025,2,21,17,3,1,6
5096,189,2025,3,22,18,2,2,5
5097,189,2025,4,20,18,1,1,7
5098,189,2025,5,23,20,3,0,5
5099,189,2025,6,23,18,3,2,4
5100,189,2025,7,22,22,0,0,0
5101,189,2025,8,20,18,0,2,2
5102,189,2025,9,20,16,3,1,4
5103,189,2025,10,21,19,0,2,8
5104,189,2025,11,22,19,1,2,8
5105,189,2025,12,23,23,0,0,2
5106,190,2021,11,22,19,3,0,7
5107,190,2021,12,23,19,2,2,2
5108,190,2022,1,22,18,4,0,4
5109,190,2022,2,21,16,3,2,1
5110,190,2022,3,20,18,0,2,5
5111,190,2022,4,20,17,1,2,4
5112,190,2022,5,20,15,4,1,8
5113,190,2022,6,23,22,1,0,8
5114,190,2022,7,23,20,2,1,1
5115,190,2022,8,21,15,4,2,3
5116,190,2022,9,23,22,0,1,5
5117,190,2022,10,22,17,3,2,6
5118,190,2022,11,22,18,2,2,4
5119,190,2022,12,21,21,0,0,6
5120,190,2023,1,21,15,4,2,7
5121,190,2023,2,22,18,4,0,4
5122,190,2023,3,20,20,0,0,7
5123,190,2023,4,22,19,3,0,1
5124,190,2023,5,20,17,1,2,0
5125,190,2023,6,20,16,4,0,7
5126,190,2023,7,23,17,4,2,4
5127,190,2023,8,20,18,1,1,1
5128,190,2023,9,20,17,1,2,8
5129,190,2023,10,21,21,0,0,2
5130,190,2023,11,21,17,3,1,6
5131,190,2023,12,20,14,4,2,6
5132,190,2024,1,21,20,1,0,7
5133,190,2024,2,20,15,4,1,5
5134,190,2024,3,20,19,1,0,1
5135,190,2024,4,22,18,3,1,3
5136,190,2024,5,23,19,3,1,5
5137,190,2024,6,22,22,0,0,0
5138,190,2024,7,23,19,4,0,2
5139,190,2024,8,22,19,1,2,8
5140,190,2024,9,23,21,0,2,0
5141,190,2024,10,20,17,1,2,6
5142,190,2024,11,22,20,1,1,4
5143,190,2024,12,23,18,3,2,7
5144,190,2025,1,22,21,0,1,4
5145,190,2025,2,21,19,2,0,6
5146,190,2025,3,22,21,1,0,0
5147,190,2025,4,23,17,4,2,1
5148,190,2025,5,20,18,0,2,8
5149,190,2025,6,20,18,1,1,0
5150,190,2025,7,23,21,1,1,6
5151,190,2025,8,23,21,0,2,7
5152,190,2025,9,20,20,0,0,2
5153,190,2025,10,21,16,4,1,8
5154,190,2025,11,21,19,2,0,1
5155,190,2025,12,20,17,2,1,7
5156,191,2021,6,22,19,1,2,6
5157,191,2021,7,22,20,2,0,1
5158,191,2021,8,22,18,3,1,8
5159,191,2021,9,23,19,3,1,3
5160,191,2021,10,22,19,2,1,5
5161,191,2021,11,22,17,3,2,4
5162,191,2021,12,20,19,1,0,5
5163,191,2022,1,23,18,3,2,6
5164,191,2022,2,22,19,3,0,0
5165,191,2022,3,23,22,0,1,1
5166,191,2022,4,21,20,0,1,6
5167,191,2022,5,21,16,4,1,2
5168,191,2022,6,23,21,0,2,2
5169,191,2022,7,21,19,1,1,7
5170,191,2022,8,20,17,3,0,6
5171,191,2022,9,23,21,0,2,0
5172,191,2022,10,23,17,4,2,5
5173,191,2022,11,21,15,4,2,2
5174,191,2022,12,21,18,2,1,3
5175,191,2023,1,21,18,1,2,6
5176,191,2023,2,21,20,0,1,6
5177,191,2023,3,21,15,4,2,4
5178,191,2023,4,23,22,0,1,4
5179,191,2023,5,23,17,4,2,3
5180,191,2023,6,22,17,4,1,6
5181,191,2023,7,20,18,1,1,7
5182,191,2023,8,22,18,4,0,5
5183,191,2023,9,23,20,1,2,0
5184,191,2023,10,22,20,2,0,7
5185,191,2023,11,20,17,2,1,6
5186,192,2025,7,22,18,4,0,5
5187,192,2025,8,22,16,4,2,1
5188,192,2025,9,22,20,2,0,8
5189,192,2025,10,23,19,3,1,6
5190,192,2025,11,20,20,0,0,7
5191,193,2022,3,22,18,4,0,6
5192,193,2022,4,22,17,3,2,0
5193,193,2022,5,21,20,1,0,2
5194,193,2022,6,23,22,1,0,4
5195,193,2022,7,23,22,0,1,1
5196,193,2022,8,23,22,1,0,2
5197,193,2022,9,20,16,4,0,8
5198,193,2022,10,21,20,1,0,6
5199,193,2022,11,20,15,4,1,8
5200,193,2022,12,22,18,4,0,7
5201,193,2023,1,20,20,0,0,2
5202,193,2023,2,20,16,2,2,6
5203,193,2023,3,22,18,2,2,8
5204,193,2023,4,23,19,3,1,0
5205,193,2023,5,22,21,1,0,0
5206,193,2023,6,20,18,0,2,6
5207,193,2023,7,20,17,1,2,3
5208,193,2023,8,22,22,0,0,1
5209,193,2023,9,22,22,0,0,4
5210,193,2023,10,21,19,1,1,2
5211,193,2023,11,23,22,1,0,2
5212,193,2023,12,20,15,3,2,8
5213,193,2024,1,23,17,4,2,3
5214,193,2024,2,22,18,4,0,7
5215,193,2024,3,23,19,2,2,1
5216,193,2024,4,22,21,0,1,6
5217,193,2024,5,22,22,0,0,0
5218,193,2024,6,20,18,0,2,3
5219,193,2024,7,22,19,1,2,2
5220,194,2022,11,23,18,4,1,6
5221,194,2022,12,22,16,4,2,4
5222,194,2023,1,22,19,3,0,7
5223,194,2023,2,23,19,2,2,0
5224,194,2023,3,22,19,2,1,0
5225,194,2023,4,21,17,2,2,1
5226,194,2023,5,23,19,4,0,2
5227,194,2023,6,23,18,4,1,8
5228,194,2023,7,21,18,1,2,0
5229,194,2023,8,21,18,2,1,3
5230,194,2023,9,20,18,2,0,5
5231,194,2023,10,21,20,1,0,3
5232,194,2023,11,23,20,2,1,7
5233,194,2023,12,23,22,0,1,1
5234,194,2024,1,22,20,2,0,5
5235,194,2024,2,23,19,3,1,2
5236,194,2024,3,23,17,4,2,1
5237,194,2024,4,23,22,0,1,3
5238,194,2024,5,23,18,4,1,7
5239,194,2024,6,22,22,0,0,1
5240,194,2024,7,20,19,0,1,7
5241,194,2024,8,21,19,0,2,3
5242,194,2024,9,23,17,4,2,7
5243,194,2024,10,20,18,1,1,7
5244,194,2024,11,23,22,0,1,0
5245,194,2024,12,23,22,1,0,0
5246,194,2025,1,23,21,0,2,1
5247,194,2025,2,23,21,0,2,2
5248,194,2025,3,22,19,3,0,5
5249,194,2025,4,21,16,3,2,1
5250,194,2025,5,20,17,2,1,6
5251,194,2025,6,21,19,1,1,7
5252,194,2025,7,21,20,0,1,0
5253,194,2025,8,21,20,0,1,6
5254,194,2025,9,20,17,3,0,3
5255,194,2025,10,21,20,0,1,2
5256,194,2025,11,22,19,2,1,5
5257,194,2025,12,20,18,0,2,1
5258,195,2025,11,20,16,3,1,1
5259,195,2025,12,22,18,3,1,3
5260,196,2021,2,20,19,0,1,7
5261,196,2021,3,22,19,3,0,3
5262,196,2021,4,21,17,3,1,7
5263,196,2021,5,22,18,3,1,4
5264,196,2021,6,23,19,2,2,5
5265,196,2021,7,22,21,0,1,8
5266,196,2021,8,21,20,1,0,2
5267,196,2021,9,22,22,0,0,8
5268,196,2021,10,21,18,1,2,8
5269,196,2021,11,21,17,4,0,2
5270,196,2021,12,21,17,4,0,3
5271,196,2022,1,20,16,2,2,6
5272,196,2022,2,20,19,0,1,2
5273,196,2022,3,21,18,3,0,2
5274,196,2022,4,22,18,3,1,7
5275,196,2022,5,22,20,1,1,3
5276,196,2022,6,23,20,1,2,0
5277,196,2022,7,21,16,3,2,8
5278,196,2022,8,23,20,2,1,2
5279,196,2022,9,21,20,0,1,6
5280,196,2022,10,21,19,0,2,1
5281,196,2022,11,20,16,3,1,1
5282,196,2022,12,21,20,0,1,4
5283,196,2023,1,21,20,1,0,3
5284,196,2023,2,22,17,4,1,1
5285,196,2023,3,21,17,3,1,3
5286,196,2023,4,20,20,0,0,2
5287,196,2023,5,21,18,2,1,1
5288,196,2023,6,21,20,1,0,5
5289,196,2023,7,23,21,2,0,6
5290,196,2023,8,20,14,4,2,3
5291,196,2023,9,23,17,4,2,7
5292,196,2023,10,22,16,4,2,4
5293,196,2023,11,21,21,0,0,3
5294,196,2023,12,20,18,1,1,1
5295,196,2024,1,22,22,0,0,0
5296,196,2024,2,23,20,3,0,5
5297,196,2024,3,21,17,2,2,5
5298,196,2024,4,23,21,2,0,5
5299,196,2024,5,21,18,2,1,6
5300,196,2024,6,23,21,0,2,6
5301,196,2024,7,21,18,1,2,1
5302,196,2024,8,22,18,3,1,0
5303,196,2024,9,22,20,0,2,5
5304,196,2024,10,23,20,3,0,1
5305,196,2024,11,22,19,3,0,3
5306,196,2024,12,23,21,0,2,2
5307,196,2025,1,23,18,3,2,4
5308,196,2025,2,21,19,2,0,7
5309,196,2025,3,22,20,0,2,0
5310,196,2025,4,23,19,4,0,7
5311,196,2025,5,22,18,3,1,6
5312,196,2025,6,21,19,1,1,1
5313,196,2025,7,21,17,4,0,1
5314,196,2025,8,20,19,0,1,1
5315,196,2025,9,21,20,0,1,4
5316,196,2025,10,23,20,1,2,2
5317,196,2025,11,20,19,0,1,8
5318,196,2025,12,22,21,1,0,2
5319,197,2022,6,22,18,2,2,4
5320,197,2022,7,23,20,3,0,6
5321,197,2022,8,20,15,4,1,7
5322,197,2022,9,23,21,0,2,2
5323,197,2022,10,21,17,3,1,7
5324,197,2022,11,23,18,3,2,3
5325,197,2022,12,20,14,4,2,3
5326,197,2023,1,23,19,3,1,2
5327,197,2023,2,22,20,2,0,8
5328,197,2023,3,22,22,0,0,4
5329,197,2023,4,21,19,1,1,6
5330,197,2023,5,21,19,0,2,5
5331,197,2023,6,22,18,4,0,4
5332,197,2023,7,23,23,0,0,0
5333,197,2023,8,20,15,3,2,0
5334,197,2023,9,21,19,2,0,7
5335,197,2023,10,21,17,4,0,4
5336,197,2023,11,21,18,1,2,0
5337,197,2023,12,22,21,0,1,4
5338,197,2024,1,22,17,3,2,5
5339,197,2024,2,22,16,4,2,8
5340,197,2024,3,21,17,3,1,7
5341,197,2024,4,20,18,1,1,5
5342,197,2024,5,21,16,3,2,2
5343,197,2024,6,20,17,1,2,6
5344,197,2024,7,22,21,0,1,7
5345,197,2024,8,21,19,0,2,6
5346,197,2024,9,21,18,3,0,7
5347,197,2024,10,20,16,3,1,3
5348,197,2024,11,23,20,2,1,2
5349,197,2024,12,20,18,1,1,0
5350,197,2025,1,21,17,2,2,1
5351,197,2025,2,21,17,2,2,2
5352,197,2025,3,21,16,4,1,1
5353,197,2025,4,22,20,0,2,1
5354,197,2025,5,20,18,1,1,4
5355,197,2025,6,20,17,1,2,6
5356,197,2025,7,22,21,0,1,6
5357,197,2025,8,20,16,3,1,4
5358,197,2025,9,22,20,1,1,0
5359,197,2025,10,21,19,1,1,8
5360,197,2025,11,20,18,1,1,2
5361,197,2025,12,23,22,1,0,1
5362,198,2022,1,21,19,1,1,2
5363,198,2022,2,20,16,4,0,1
5364,198,2022,3,23,22,0,1,1
5365,198,2022,4,20,17,2,1,6
5366,198,2022,5,22,17,4,1,2
5367,198,2022,6,21,17,3,1,5
5368,198,2022,7,23,20,3,0,1
5369,198,2022,8,20,16,2,2,1
5370,198,2022,9,21,17,4,0,5
5371,198,2022,10,21,19,1,1,8
5372,198,2022,11,22,20,2,0,4
5373,198,2022,12,23,19,2,2,0
5374,198,2023,1,20,19,1,0,5
5375,198,2023,2,23,22,1,0,0
5376,198,2023,3,23,20,1,2,2
5377,198,2023,4,21,17,4,0,6
5378,198,2023,5,20,15,4,1,0
5379,198,2023,6,23,20,3,0,3
5380,198,2023,7,20,15,3,2,1
5381,198,2023,8,20,19,0,1,0
5382,198,2023,9,21,19,1,1,3
5383,198,2023,10,22,17,3,2,6
5384,198,2023,11,23,18,3,2,8
5385,198,2023,12,20,20,0,0,0
5386,198,2024,1,23,23,0,0,1
5387,198,2024,2,21,20,1,0,7
5388,198,2024,3,20,15,3,2,6
5389,198,2024,4,20,18,1,1,6
5390,198,2024,5,20,19,1,0,4
5391,198,2024,6,21,20,0,1,1
5392,198,2024,7,21,17,2,2,0
5393,198,2024,8,23,19,2,2,1
5394,198,2024,9,22,18,3,1,4
5395,198,2024,10,23,18,4,1,2
5396,198,2024,11,20,19,1,0,1
5397,198,2024,12,20,18,2,0,5
5398,198,2025,1,20,17,2,1,7
5399,198,2025,2,23,21,1,1,7
5400,198,2025,3,20,19,0,1,1
5401,198,2025,4,20,18,1,1,0
5402,198,2025,5,23,21,2,0,5
5403,198,2025,6,21,17,2,2,4
5404,198,2025,7,22,21,1,0,5
5405,198,2025,8,23,20,1,2,3
5406,198,2025,9,21,18,3,0,8
5407,198,2025,10,22,21,1,0,0
5408,198,2025,11,21,17,3,1,8
5409,198,2025,12,20,17,3,0,8
5410,199,2024,2,20,17,2,1,3
5411,199,2024,3,23,18,3,2,8
5412,199,2024,4,23,20,3,0,8
5413,199,2024,5,21,18,1,2,6
5414,199,2024,6,23,23,0,0,2
5415,199,2024,7,23,21,0,2,0
5416,199,2024,8,21,18,2,1,0
5417,199,2024,9,21,21,0,0,1
5418,199,2024,10,23,18,3,2,5
5419,199,2024,11,23,17,4,2,3
5420,199,2024,12,21,16,3,2,6
5421,199,2025,1,21,18,3,0,5
5422,199,2025,2,20,17,1,2,7
5423,199,2025,3,23,21,0,2,5
5424,199,2025,4,20,17,1,2,2
5425,199,2025,5,20,20,0,0,7
5426,199,2025,6,20,18,2,0,3
5427,199,2025,7,22,21,1,0,0
5428,199,2025,8,20,17,2,1,8
5429,199,2025,9,20,19,1,0,3
5430,199,2025,10,22,18,2,2,3
5431,199,2025,11,23,18,4,1,6
5432,199,2025,12,20,15,4,1,6
5433,200,2021,5,23,19,4,0,5
5434,200,2021,6,22,19,1,2,5
5435,200,2021,7,21,17,2,2,5
5436,200,2021,8,20,17,3,0,4
5437,200,2021,9,21,16,4,1,6
5438,200,2021,10,23,22,1,0,0
5439,200,2021,11,20,18,2,0,3
5440,200,2021,12,22,20,2,0,2
5441,200,2022,1,22,17,4,1,7
5442,200,2022,2,20,18,0,2,0
5443,200,2022,3,21,20,1,0,8
5444,200,2022,4,20,17,3,0,8
5445,200,2022,5,22,21,0,1,7
5446,200,2022,6,20,16,4,0,6
5447,200,2022,7,20,20,0,0,4
5448,200,2022,8,21,19,1,1,8
5449,200,2022,9,20,17,3,0,1
5450,200,2022,10,23,17,4,2,3
5451,200,2022,11,22,17,3,2,7
5452,200,2022,12,23,18,4,1,7
5453,200,2023,1,21,21,0,0,3
5454,200,2023,2,20,14,4,2,6
5455,200,2023,3,21,18,2,1,8
5456,200,2023,4,20,19,0,1,7
5457,200,2023,5,22,16,4,2,2
5458,200,2023,6,20,14,4,2,5
5459,200,2023,7,22,22,0,0,4
5460,200,2023,8,23,20,3,0,4
5461,200,2023,9,22,18,3,1,1
5462,200,2023,10,20,16,3,1,1
5463,200,2023,11,21,17,2,2,8
5464,200,2023,12,23,21,0,2,2
5465,200,2024,1,23,21,0,2,1
5466,200,2024,2,22,20,1,1,3
5467,200,2024,3,20,16,2,2,4
5468,200,2024,4,22,20,1,1,0
5469,200,2024,5,23,21,1,1,2
5470,200,2024,6,20,17,1,2,1
5471,200,2024,7,21,21,0,0,3
5472,200,2024,8,22,20,0,2,5
5473,200,2024,9,23,17,4,2,7
5474,200,2024,10,22,20,2,0,8
5475,200,2024,11,21,21,0,0,3
5476,200,2024,12,22,19,3,0,8
5477,200,2025,1,22,17,4,1,4
5478,200,2025,2,22,20,1,1,3
5479,200,2025,3,20,19,0,1,0
5480,200,2025,4,21,17,4,0,3
5481,200,2025,5,22,18,2,2,7
5482,200,2025,6,21,18,1,2,3
5483,200,2025,7,22,18,2,2,0
5484,200,2025,8,23,22,1,0,1
5485,200,2025,9,21,18,1,2,5
5486,200,2025,10,21,18,1,2,8
5487,200,2025,11,21,19,1,1,2
5488,200,2025,12,21,15,4,2,4
5489,201,2023,12,22,19,3,0,5
5490,201,2024,1,20,19,0,1,3
5491,201,2024,2,22,18,3,1,3
5492,201,2024,3,23,18,3,2,6
5493,202,2025,11,20,14,4,2,3
5494,202,2025,12,22,21,1,0,7
5495,203,2023,11,21,16,3,2,3
5496,203,2023,12,22,19,2,1,0
5497,203,2024,1,23,19,2,2,0
5498,203,2024,2,20,17,3,0,4
5499,203,2024,3,23,19,2,2,4
5500,203,2024,4,23,23,0,0,2
5501,203,2024,5,20,16,4,0,2
5502,203,2024,6,22,19,3,0,7
5503,203,2024,7,20,18,1,1,0
5504,203,2024,8,20,17,3,0,7
5505,203,2024,9,23,18,3,2,6
5506,203,2024,10,21,18,3,0,1
5507,203,2024,11,21,16,3,2,0
5508,203,2024,12,20,17,3,0,1
5509,204,2022,11,20,20,0,0,1
5510,204,2022,12,21,19,2,0,1
5511,204,2023,1,21,19,2,0,8
5512,204,2023,2,23,21,1,1,7
5513,204,2023,3,20,18,2,0,7
5514,204,2023,4,20,15,4,1,0
5515,204,2023,5,21,19,1,1,2
5516,204,2023,6,20,16,4,0,3
5517,204,2023,7,20,15,3,2,5
5518,204,2023,8,21,18,1,2,6
5519,204,2023,9,23,18,3,2,6
5520,204,2023,10,21,17,3,1,1
5521,204,2023,11,20,17,2,1,2
5522,204,2023,12,21,18,1,2,5
5523,204,2024,1,20,17,2,1,2
5524,204,2024,2,20,18,0,2,7
5525,204,2024,3,23,22,0,1,2
5526,204,2024,4,23,22,1,0,3
5527,204,2024,5,20,19,0,1,3
5528,204,2024,6,20,16,3,1,6
5529,204,2024,7,22,19,3,0,0
5530,204,2024,8,23,17,4,2,3
5531,204,2024,9,23,21,2,0,5
5532,204,2024,10,22,20,1,1,1
5533,204,2024,11,21,18,3,0,3
5534,204,2024,12,22,21,1,0,1
5535,204,2025,1,22,17,3,2,6
5536,204,2025,2,23,20,3,0,6
5537,204,2025,3,23,17,4,2,6
5538,204,2025,4,23,23,0,0,4
5539,204,2025,5,21,16,3,2,2
5540,204,2025,6,22,18,4,0,3
5541,204,2025,7,23,19,3,1,6
5542,204,2025,8,23,23,0,0,8
5543,204,2025,9,22,19,3,0,8
5544,204,2025,10,20,19,0,1,2
5545,204,2025,11,22,17,4,1,6
5546,204,2025,12,23,23,0,0,5
5547,205,2021,4,23,20,2,1,8
5548,205,2021,5,23,18,4,1,6
5549,205,2021,6,20,15,3,2,4
5550,205,2021,7,20,19,1,0,3
5551,205,2021,8,20,16,3,1,4
5552,205,2021,9,23,21,2,0,2
5553,205,2021,10,20,19,1,0,8
5554,205,2021,11,20,19,1,0,6
5555,205,2021,12,20,18,1,1,1
5556,205,2022,1,20,15,3,2,4
5557,205,2022,2,20,16,4,0,7
5558,205,2022,3,21,16,3,2,1
5559,205,2022,4,22,19,3,0,5
5560,205,2022,5,20,17,2,1,3
5561,205,2022,6,22,21,1,0,5
5562,205,2022,7,22,19,2,1,0
5563,205,2022,8,23,20,1,2,8
5564,205,2022,9,21,20,1,0,6
5565,205,2022,10,23,22,1,0,6
5566,205,2022,11,22,22,0,0,8
5567,205,2022,12,21,17,4,0,7
5568,205,2023,1,20,16,2,2,7
5569,205,2023,2,22,18,4,0,5
5570,205,2023,3,23,21,2,0,0
5571,205,2023,4,20,15,4,1,8
5572,205,2023,5,21,19,2,0,5
5573,205,2023,6,20,14,4,2,3
5574,205,2023,7,20,16,3,1,4
5575,205,2023,8,21,17,2,2,2
5576,205,2023,9,21,19,1,1,3
5577,205,2023,10,22,17,3,2,6
5578,205,2023,11,22,17,4,1,5
5579,205,2023,12,21,19,2,0,3
5580,205,2024,1,20,17,1,2,1
5581,205,2024,2,23,19,3,1,2
5582,205,2024,3,22,16,4,2,2
5583,205,2024,4,22,16,4,2,7
5584,205,2024,5,20,18,2,0,3
5585,205,2024,6,22,19,3,0,2
5586,205,2024,7,23,19,2,2,8
5587,205,2024,8,21,15,4,2,2
5588,205,2024,9,20,18,1,1,0
5589,205,2024,10,20,18,2,0,6
5590,205,2024,11,21,18,1,2,4
5591,205,2024,12,20,17,1,2,4
5592,205,2025,1,22,19,1,2,7
5593,205,2025,2,20,17,3,0,7
5594,205,2025,3,21,20,0,1,4
5595,205,2025,4,21,21,0,0,1
5596,205,2025,5,23,18,4,1,5
5597,205,2025,6,22,21,0,1,0
5598,205,2025,7,20,17,1,2,4
5599,205,2025,8,22,20,2,0,1
5600,205,2025,9,22,19,3,0,3
5601,205,2025,10,20,15,3,2,0
5602,205,2025,11,21,18,1,2,5
5603,205,2025,12,20,16,2,2,1
5604,206,2024,11,21,16,4,1,7
5605,206,2024,12,22,17,4,1,5
5606,206,2025,1,21,19,2,0,1
5607,206,2025,2,22,20,0,2,3
5608,206,2025,3,21,19,1,1,1
5609,206,2025,4,20,16,2,2,3
5610,206,2025,5,22,21,0,1,3
5611,206,2025,6,22,16,4,2,5
5612,206,2025,7,22,17,3,2,2
5613,206,2025,8,22,20,0,2,8
5614,206,2025,9,20,18,0,2,6
5615,206,2025,10,22,17,3,2,8
5616,206,2025,11,21,18,1,2,5
5617,206,2025,12,21,16,3,2,6
5618,207,2024,7,23,17,4,2,2
5619,207,2024,8,21,20,0,1,3
5620,207,2024,9,22,19,1,2,1
5621,207,2024,10,23,22,0,1,5
5622,207,2024,11,23,22,0,1,1
5623,207,2024,12,23,23,0,0,0
5624,207,2025,1,22,20,1,1,2
5625,207,2025,2,20,15,4,1,1
5626,207,2025,3,20,16,4,0,4
5627,207,2025,4,20,17,1,2,5
5628,207,2025,5,22,18,4,0,7
5629,207,2025,6,20,16,2,2,6
5630,207,2025,7,21,20,0,1,0
5631,207,2025,8,20,16,2,2,3
5632,207,2025,9,23,20,1,2,1
5633,207,2025,10,20,17,3,0,5
5634,207,2025,11,23,23,0,0,2
5635,207,2025,12,23,19,2,2,6
5636,208,2022,2,23,20,2,1,4
5637,208,2022,3,20,17,2,1,0
5638,208,2022,4,23,21,2,0,8
5639,208,2022,5,20,20,0,0,6
5640,208,2022,6,22,18,4,0,7
5641,208,2022,7,23,20,1,2,8
5642,208,2022,8,22,18,2,2,7
5643,208,2022,9,23,19,3,1,8
5644,208,2022,10,20,16,4,0,7
5645,208,2022,11,20,16,2,2,2
5646,208,2022,12,20,19,0,1,5
5647,208,2023,1,22,19,2,1,8
5648,208,2023,2,22,19,2,1,2
5649,208,2023,3,21,18,2,1,3
5650,208,2023,4,23,20,2,1,5
5651,208,2023,5,22,20,2,0,3
5652,208,2023,6,20,14,4,2,0
5653,208,2023,7,21,20,1,0,7
5654,208,2023,8,20,18,2,0,3
5655,208,2023,9,22,17,3,2,5
5656,208,2023,10,23,19,4,0,0
5657,208,2023,11,21,17,2,2,1
5658,208,2023,12,20,19,0,1,8
5659,208,2024,1,21,20,1,0,3
5660,208,2024,2,22,16,4,2,7
5661,208,2024,3,21,18,3,0,0
5662,208,2024,4,21,16,4,1,6
5663,208,2024,5,21,17,4,0,4
5664,208,2024,6,23,21,0,2,5
5665,208,2024,7,20,18,2,0,0
5666,208,2024,8,22,20,2,0,7
5667,208,2024,9,20,18,2,0,1
5668,208,2024,10,21,17,2,2,2
5669,208,2024,11,21,20,0,1,3
5670,208,2024,12,20,18,1,1,0
5671,208,2025,1,21,20,0,1,7
5672,208,2025,2,23,19,2,2,5
5673,208,2025,3,21,17,4,0,4
5674,208,2025,4,22,19,2,1,4
5675,208,2025,5,23,19,4,0,6
5676,208,2025,6,22,20,0,2,3
5677,208,2025,7,21,19,1,1,3
5678,208,2025,8,21,17,2,2,6
5679,208,2025,9,23,18,3,2,3
5680,208,2025,10,21,17,3,1,6
5681,208,2025,11,21,18,2,1,7
5682,208,2025,12,23,22,0,1,5
5683,209,2024,9,21,20,0,1,2
5684,209,2024,10,23,17,4,2,0
5685,209,2024,11,20,15,4,1,5
5686,209,2024,12,23,21,1,1,6
5687,209,2025,1,22,20,2,0,5
5688,209,2025,2,21,19,2,0,3
5689,209,2025,3,21,16,3,2,6
5690,209,2025,4,23,20,3,0,1
5691,209,2025,5,20,19,0,1,0
5692,209,2025,6,20,15,4,1,0
5693,209,2025,7,21,18,2,1,5
5694,209,2025,8,22,17,4,1,2
5695,209,2025,9,22,18,3,1,1
5696,209,2025,10,20,17,3,0,7
5697,209,2025,11,23,17,4,2,8
5698,209,2025,12,21,16,3,2,8
5699,210,2021,9,20,17,2,1,3
5700,210,2021,10,20,17,1,2,5
5701,210,2021,11,21,16,4,1,4
5702,210,2021,12,22,19,1,2,2
5703,210,2022,1,23,23,0,0,1
5704,210,2022,2,23,21,1,1,3
5705,210,2022,3,22,21,1,0,2
5706,210,2022,4,22,20,0,2,7
5707,210,2022,5,23,22,1,0,8
5708,210,2022,6,23,21,2,0,7
5709,210,2022,7,21,16,3,2,5
5710,210,2022,8,20,15,3,2,5
5711,210,2022,9,22,20,0,2,1
5712,210,2022,10,22,21,1,0,0
5713,210,2022,11,22,22,0,0,3
5714,210,2022,12,23,18,3,2,3
5715,210,2023,1,20,14,4,2,7
5716,210,2023,2,20,17,3,0,5
5717,210,2023,3,22,19,1,2,2
5718,210,2023,4,20,18,1,1,4
5719,210,2023,5,21,20,0,1,0
5720,210,2023,6,21,21,0,0,4
5721,210,2023,7,22,21,1,0,4
5722,210,2023,8,23,22,0,1,4
5723,210,2023,9,22,22,0,0,4
5724,210,2023,10,20,17,3,0,0
5725,210,2023,11,21,17,2,2,8
5726,210,2023,12,21,19,2,0,4
5727,210,2024,1,22,20,1,1,1
5728,210,2024,2,20,16,2,2,3
5729,210,2024,3,20,14,4,2,2
5730,210,2024,4,22,16,4,2,2
5731,210,2024,5,20,18,2,0,0
5732,210,2024,6,22,18,3,1,8
5733,210,2024,7,23,18,3,2,6
5734,210,2024,8,20,19,0,1,3
5735,210,2024,9,20,16,2,2,2
5736,210,2024,10,21,17,3,1,2
5737,210,2024,11,23,21,0,2,5
5738,210,2024,12,22,18,3,1,2
5739,210,2025,1,22,21,0,1,6
5740,210,2025,2,20,16,2,2,6
5741,210,2025,3,20,16,2,2,0
5742,210,2025,4,20,15,3,2,8
5743,210,2025,5,21,19,1,1,5
5744,210,2025,6,21,17,3,1,0
5745,210,2025,7,21,17,3,1,2
5746,210,2025,8,22,21,0,1,5
5747,210,2025,9,20,16,4,0,2
5748,210,2025,10,22,20,1,1,2
5749,210,2025,11,20,19,0,1,6
5750,210,2025,12,20,19,1,0,2
5751,211,2023,4,22,21,1,0,3
5752,211,2023,5,23,20,1,2,0
5753,211,2023,6,21,19,0,2,6
5754,211,2023,7,20,19,1,0,2
5755,211,2023,8,20,19,0,1,6
5756,211,2023,9,22,19,2,1,5
5757,211,2023,10,23,21,1,1,5
5758,211,2023,11,21,16,3,2,7
5759,211,2023,12,21,16,4,1,1
5760,211,2024,1,21,18,3,0,7
5761,211,2024,2,20,15,3,2,5
5762,211,2024,3,22,20,0,2,0
5763,211,2024,4,20,20,0,0,4
5764,211,2024,5,23,19,3,1,5
5765,211,2024,6,21,18,3,0,3
5766,211,2024,7,21,18,3,0,6
5767,211,2024,8,22,18,4,0,4
5768,211,2024,9,22,22,0,0,1
5769,211,2024,10,20,17,3,0,7
5770,211,2024,11,23,19,2,2,7
5771,211,2024,12,23,18,4,1,6
5772,211,2025,1,20,19,1,0,6
5773,211,2025,2,21,15,4,2,5
5774,212,2025,6,23,21,2,0,3
5775,212,2025,7,21,17,2,2,6
5776,212,2025,8,22,21,1,0,1
5777,212,2025,9,23,21,0,2,0
5778,212,2025,10,20,18,1,1,5
5779,212,2025,11,23,20,3,0,4
5780,212,2025,12,21,18,1,2,4
5781,213,2024,1,20,17,1,2,4
5782,213,2024,2,23,21,2,0,2
5783,213,2024,3,21,21,0,0,7
5784,213,2024,4,23,21,1,1,1
5785,213,2024,5,21,18,3,0,1
5786,213,2024,6,22,19,1,2,2
5787,213,2024,7,23,21,2,0,7
5788,213,2024,8,23,20,3,0,3
5789,213,2024,9,22,21,0,1,0
5790,213,2024,10,22,20,1,1,6
5791,213,2024,11,20,17,3,0,3
5792,213,2024,12,22,21,0,1,0
5793,213,2025,1,23,19,4,0,8
5794,213,2025,2,21,18,3,0,8
5795,213,2025,3,23,21,2,0,5
5796,213,2025,4,23,21,2,0,8
5797,213,2025,5,21,19,2,0,1
5798,213,2025,6,21,19,2,0,1
5799,213,2025,7,23,22,0,1,1
5800,213,2025,8,23,18,3,2,1
5801,213,2025,9,20,16,2,2,2
5802,213,2025,10,20,15,3,2,2
5803,213,2025,11,23,18,4,1,5
5804,213,2025,12,22,22,0,0,7
5805,214,2021,6,21,18,3,0,0
5806,214,2021,7,21,20,0,1,0
5807,214,2021,8,23,22,1,0,6
5808,214,2021,9,21,15,4,2,3
5809,214,2021,10,21,16,3,2,8
5810,214,2021,11,20,19,0,1,2
5811,214,2021,12,20,17,1,2,0
5812,214,2022,1,21,20,1,0,5
5813,214,2022,2,22,21,1,0,5
5814,214,2022,3,23,17,4,2,0
5815,214,2022,4,20,17,3,0,6
5816,214,2022,5,21,20,1,0,7
5817,214,2022,6,23,19,3,1,5
5818,214,2022,7,20,19,1,0,1
5819,214,2022,8,23,17,4,2,3
5820,214,2022,9,20,17,1,2,8
5821,214,2022,10,20,17,2,1,6
5822,214,2022,11,21,20,0,1,2
5823,214,2022,12,21,20,0,1,4
5824,214,2023,1,22,21,0,1,1
5825,214,2023,2,20,19,1,0,1
5826,214,2023,3,23,20,2,1,7
5827,214,2023,4,20,14,4,2,5
5828,214,2023,5,23,22,1,0,1
5829,214,2023,6,22,18,3,1,3
5830,214,2023,7,20,20,0,0,5
5831,214,2023,8,21,18,1,2,8
5832,214,2023,9,23,22,0,1,5
5833,214,2023,10,21,19,2,0,0
5834,214,2023,11,21,18,2,1,6
5835,214,2023,12,23,22,1,0,8
5836,214,2024,1,23,23,0,0,1
5837,214,2024,2,21,21,0,0,2
5838,214,2024,3,22,19,2,1,0
5839,214,2024,4,23,19,2,2,5
5840,214,2024,5,20,16,2,2,4
5841,214,2024,6,21,16,3,2,1
5842,214,2024,7,21,19,2,0,0
5843,214,2024,8,23,18,3,2,4
5844,214,2024,9,21,21,0,0,2
5845,214,2024,10,21,17,4,0,4
5846,214,2024,11,22,20,0,2,3
5847,214,2024,12,23,21,1,1,1
5848,214,2025,1,22,22,0,0,8
5849,214,2025,2,22,17,3,2,1
5850,214,2025,3,23,17,4,2,5
5851,214,2025,4,21,19,0,2,2
5852,214,2025,5,21,18,1,2,7
5853,214,2025,6,21,17,2,2,8
5854,214,2025,7,23,23,0,0,4
5855,214,2025,8,23,20,2,1,2
5856,214,2025,9,22,17,3,2,2
5857,214,2025,10,21,21,0,0,8
5858,214,2025,11,23,17,4,2,5
5859,214,2025,12,22,16,4,2,7
5860,215,2025,7,23,17,4,2,4
5861,215,2025,8,21,18,1,2,3
5862,215,2025,9,21,19,1,1,4
5863,215,2025,10,20,15,4,1,8
5864,216,2022,2,22,18,4,0,2
5865,216,2022,3,22,19,3,0,5
5866,216,2022,4,22,18,2,2,1
5867,216,2022,5,23,21,0,2,4
5868,216,2022,6,22,18,2,2,2
5869,216,2022,7,21,21,0,0,8
5870,216,2022,8,23,17,4,2,8
5871,216,2022,9,23,19,4,0,0
5872,216,2022,10,20,14,4,2,2
5873,216,2022,11,22,18,3,1,5
5874,216,2022,12,20,18,1,1,7
5875,216,2023,1,21,18,3,0,3
5876,216,2023,2,21,19,2,0,8
5877,216,2023,3,22,18,2,2,1
5878,216,2023,4,21,18,3,0,5
5879,216,2023,5,20,18,1,1,8
5880,216,2023,6,22,21,1,0,0
5881,216,2023,7,22,18,2,2,7
5882,216,2023,8,22,17,4,1,7
5883,216,2023,9,22,19,1,2,6
5884,216,2023,10,22,21,1,0,0
5885,216,2023,11,20,14,4,2,1
5886,216,2023,12,20,18,1,1,4
5887,216,2024,1,21,17,2,2,0
5888,216,2024,2,22,18,2,2,8
5889,216,2024,3,22,17,3,2,3
5890,216,2024,4,21,16,3,2,3
5891,216,2024,5,23,23,0,0,8
5892,216,2024,6,20,17,3,0,1
5893,216,2024,7,20,18,2,0,1
5894,216,2024,8,22,18,2,2,6
5895,216,2024,9,21,18,1,2,1
5896,216,2024,10,23,17,4,2,8
5897,216,2024,11,22,22,0,0,5
5898,216,2024,12,22,18,3,1,7
5899,216,2025,1,20,18,2,0,4
5900,216,2025,2,21,19,0,2,2
5901,216,2025,3,21,19,0,2,5
5902,216,2025,4,20,16,3,1,8
5903,216,2025,5,21,18,3,0,7
5904,216,2025,6,23,18,4,1,5
5905,216,2025,7,22,18,4,0,4
5906,216,2025,8,21,20,0,1,8
5907,216,2025,9,21,18,3,0,2
5908,216,2025,10,21,16,4,1,5
5909,216,2025,11,21,18,2,1,8
5910,216,2025,12,22,17,3,2,5
5911,217,2023,11,21,15,4,2,3
5912,217,2023,12,22,17,4,1,0
5913,217,2024,1,21,15,4,2,8
5914,217,2024,2,22,19,3,0,5
5915,217,2024,3,22,17,3,2,4
5916,217,2024,4,23,20,1,2,4
5917,217,2024,5,22,20,0,2,7
5918,217,2024,6,20,17,3,0,4
5919,217,2024,7,22,20,2,0,7
5920,217,2024,8,23,19,2,2,4
5921,217,2024,9,22,16,4,2,5
5922,217,2024,10,23,21,0,2,0
5923,217,2024,11,20,16,3,1,7
5924,217,2024,12,20,16,3,1,0
5925,217,2025,1,20,14,4,2,1
5926,217,2025,2,22,17,4,1,4
5927,217,2025,3,20,15,3,2,8
5928,217,2025,4,22,19,3,0,4
5929,217,2025,5,23,22,0,1,3
5930,217,2025,6,22,22,0,0,7
5931,217,2025,7,22,20,0,2,3
5932,217,2025,8,21,19,2,0,5
5933,217,2025,9,21,17,3,1,4
5934,217,2025,10,21,17,2,2,3
5935,217,2025,11,20,17,3,0,0
5936,217,2025,12,22,21,1,0,5
5937,218,2023,1,21,18,1,2,8
5938,218,2023,2,22,18,2,2,8
5939,218,2023,3,22,18,3,1,7
5940,218,2023,4,21,17,4,0,6
5941,218,2023,5,23,21,0,2,1
5942,218,2023,6,23,19,3,1,3
5943,218,2023,7,21,18,1,2,6
5944,218,2023,8,22,20,0,2,1
5945,218,2023,9,20,16,3,1,5
5946,218,2023,10,20,17,1,2,2
5947,218,2023,11,23,21,2,0,1
5948,218,2023,12,21,18,3,0,1
5949,218,2024,1,20,16,2,2,5
5950,218,2024,2,23,23,0,0,5
5951,218,2024,3,22,16,4,2,5
5952,218,2024,4,21,17,2,2,4
5953,218,2024,5,20,18,2,0,3
5954,218,2024,6,23,18,3,2,8
5955,218,2024,7,21,17,2,2,7
5956,218,2024,8,21,19,1,1,4
5957,218,2024,9,22,18,3,1,4
5958,218,2024,10,21,17,2,2,7
5959,218,2024,11,21,15,4,2,4
5960,218,2024,12,23,18,4,1,5
5961,218,2025,1,21,16,3,2,8
5962,218,2025,2,20,18,1,1,8
5963,218,2025,3,20,16,3,1,0
5964,218,2025,4,22,19,2,1,4
5965,218,2025,5,21,21,0,0,7
5966,218,2025,6,21,20,1,0,6
5967,218,2025,7,21,19,2,0,2
5968,218,2025,8,22,21,0,1,4
5969,218,2025,9,21,18,3,0,3
5970,218,2025,10,21,17,4,0,4
5971,218,2025,11,20,14,4,2,3
5972,218,2025,12,22,21,1,0,8
5973,219,2024,2,20,19,1,0,3
5974,219,2024,3,20,20,0,0,7
5975,219,2024,4,21,18,2,1,8
5976,219,2024,5,22,17,4,1,5
5977,219,2024,6,23,21,1,1,7
5978,219,2024,7,20,17,2,1,7
5979,219,2024,8,23,18,4,1,0
5980,219,2024,9,21,17,3,1,4
5981,219,2024,10,21,15,4,2,6
5982,219,2024,11,22,19,3,0,7
5983,219,2024,12,22,17,3,2,1
5984,219,2025,1,23,17,4,2,3
5985,219,2025,2,22,21,0,1,1
5986,219,2025,3,23,18,3,2,4
5987,219,2025,4,23,20,2,1,8
5988,219,2025,5,21,16,4,1,6
5989,219,2025,6,20,19,1,0,6
5990,219,2025,7,21,18,1,2,6
5991,219,2025,8,22,20,1,1,7
5992,219,2025,9,20,18,2,0,6
5993,219,2025,10,23,19,4,0,6
5994,219,2025,11,22,17,4,1,6
5995,219,2025,12,23,21,2,0,7
5996,220,2022,12,22,17,4,1,5
5997,220,2023,1,21,17,3,1,1
5998,220,2023,2,23,18,4,1,4
5999,220,2023,3,21,20,0,1,7
6000,220,2023,4,21,17,4,0,6
6001,220,2023,5,21,17,3,1,7
6002,220,2023,6,20,20,0,0,3
6003,220,2023,7,23,23,0,0,0
6004,220,2023,8,21,20,1,0,5
6005,220,2023,9,23,22,0,1,1
6006,220,2023,10,22,18,2,2,3
6007,220,2023,11,23,22,0,1,7
6008,220,2023,12,22,19,2,1,0
6009,220,2024,1,22,17,4,1,3
6010,220,2024,2,21,21,0,0,6
6011,220,2024,3,23,22,0,1,0
6012,220,2024,4,22,18,3,1,4
6013,220,2024,5,22,16,4,2,3
6014,220,2024,6,20,17,2,1,6
6015,220,2024,7,23,22,0,1,5
6016,220,2024,8,23,19,3,1,5
6017,220,2024,9,20,18,0,2,7
6018,220,2024,10,21,17,3,1,5
6019,220,2024,11,20,19,1,0,4
6020,220,2024,12,21,17,4,0,3
6021,220,2025,1,22,18,4,0,1
6022,220,2025,2,23,20,2,1,5
6023,220,2025,3,21,15,4,2,8
6024,220,2025,4,23,21,2,0,2
6025,220,2025,5,21,20,1,0,8
6026,220,2025,6,20,15,4,1,0
6027,220,2025,7,23,18,4,1,4
6028,220,2025,8,22,18,4,0,8
6029,220,2025,9,20,17,1,2,2
6030,220,2025,10,20,15,3,2,7
6031,220,2025,11,23,23,0,0,1
6032,220,2025,12,23,21,1,1,1
6033,221,2024,9,21,18,1,2,3
6034,221,2024,10,21,19,2,0,4
6035,221,2024,11,20,17,1,2,8
6036,221,2024,12,20,16,3,1,0
6037,221,2025,1,23,20,2,1,2
6038,221,2025,2,22,18,3,1,4
6039,221,2025,3,21,18,2,1,7
6040,221,2025,4,23,17,4,2,1
6041,221,2025,5,20,19,0,1,4
6042,221,2025,6,20,19,1,0,3
6043,221,2025,7,21,19,0,2,4
6044,221,2025,8,22,22,0,0,2
6045,221,2025,9,23,21,2,0,5
6046,221,2025,10,21,17,4,0,0
6047,221,2025,11,20,16,3,1,6
6048,221,2025,12,22,20,0,2,5
6049,222,2025,6,20,18,1,1,4
6050,222,2025,7,21,17,3,1,5
6051,222,2025,8,20,19,0,1,2
6052,222,2025,9,21,19,2,0,2
6053,222,2025,10,23,21,2,0,2
6054,222,2025,11,22,18,3,1,8
6055,222,2025,12,21,17,2,2,6
6056,223,2023,2,21,15,4,2,2
6057,223,2023,3,21,16,3,2,3
6058,223,2023,4,22,19,1,2,0
6059,223,2023,5,22,17,3,2,2
6060,223,2023,6,23,19,4,0,2
6061,223,2023,7,22,17,3,2,6
6062,223,2023,8,20,15,4,1,0
6063,223,2023,9,22,17,3,2,1
6064,223,2023,10,21,19,1,1,8
6065,223,2023,11,20,15,3,2,8
6066,223,2023,12,22,21,0,1,8
6067,223,2024,1,21,19,0,2,7
6068,223,2024,2,23,19,4,0,2
6069,223,2024,3,21,18,1,2,0
6070,223,2024,4,21,21,0,0,2
6071,223,2024,5,22,18,4,0,1
6072,223,2024,6,22,20,0,2,7
6073,223,2024,7,21,18,2,1,5
6074,223,2024,8,23,21,2,0,2
6075,223,2024,9,23,20,2,1,3
6076,223,2024,10,23,18,3,2,4
6077,223,2024,11,22,18,4,0,2
6078,223,2024,12,20,16,3,1,0
6079,223,2025,1,23,21,2,0,7
6080,223,2025,2,21,18,1,2,4
6081,224,2023,6,20,17,1,2,1
6082,224,2023,7,21,18,2,1,4
6083,224,2023,8,21,17,4,0,5
6084,224,2023,9,20,14,4,2,1
6085,224,2023,10,21,18,2,1,1
6086,224,2023,11,22,19,2,1,6
6087,224,2023,12,21,17,3,1,8
6088,224,2024,1,20,18,0,2,1
6089,224,2024,2,21,16,3,2,1
6090,224,2024,3,22,19,3,0,3
6091,224,2024,4,21,19,0,2,8
6092,224,2024,5,23,20,3,0,5
6093,224,2024,6,22,18,4,0,8
6094,224,2024,7,21,17,2,2,5
6095,224,2024,8,22,17,4,1,8
6096,224,2024,9,23,21,1,1,7
6097,224,2024,10,23,21,2,0,0
6098,224,2024,11,21,17,3,1,1
6099,224,2024,12,22,19,2,1,5
6100,224,2025,1,22,22,0,0,4
6101,224,2025,2,21,16,3,2,6
6102,224,2025,3,21,16,3,2,5
6103,224,2025,4,22,18,3,1,0
6104,224,2025,5,22,21,1,0,5
6105,224,2025,6,21,17,3,1,0
6106,224,2025,7,22,20,0,2,3
6107,224,2025,8,23,21,2,0,6
6108,224,2025,9,20,18,1,1,0
6109,224,2025,10,22,20,0,2,1
6110,224,2025,11,23,22,1,0,6
6111,224,2025,12,21,18,1,2,6
6112,225,2022,11,22,17,3,2,8
6113,225,2022,12,20,19,1,0,1
6114,225,2023,1,20,16,3,1,6
6115,225,2023,2,20,14,4,2,6
6116,225,2023,3,22,20,0,2,2
6117,225,2023,4,21,18,3,0,3
6118,225,2023,5,21,20,0,1,4
6119,225,2023,6,23,17,4,2,2
6120,225,2023,7,21,16,3,2,3
6121,225,2023,8,20,20,0,0,6
6122,225,2023,9,20,19,0,1,0
6123,225,2023,10,21,16,3,2,8
6124,225,2023,11,22,22,0,0,3
6125,225,2023,12,23,18,4,1,8
6126,225,2024,1,20,18,2,0,3
6127,225,2024,2,23,21,0,2,6
6128,225,2024,3,22,17,3,2,4
6129,225,2024,4,20,18,1,1,1
6130,225,2024,5,21,21,0,0,1
6131,225,2024,6,22,18,3,1,2
6132,225,2024,7,20,20,0,0,6
6133,225,2024,8,22,19,2,1,7
6134,225,2024,9,21,17,3,1,4
6135,225,2024,10,20,16,2,2,2
6136,225,2024,11,22,18,4,0,8
6137,225,2024,12,22,19,3,0,2
6138,225,2025,1,21,19,0,2,7
6139,225,2025,2,21,19,1,1,7
6140,225,2025,3,21,17,4,0,0
6141,225,2025,4,22,19,2,1,6
6142,225,2025,5,23,17,4,2,2
6143,225,2025,6,23,20,1,2,2
6144,225,2025,7,23,20,2,1,7
6145,225,2025,8,21,19,1,1,8
6146,225,2025,9,20,15,3,2,1
6147,225,2025,10,23,20,2,1,0
6148,225,2025,11,23,18,4,1,8
6149,225,2025,12,23,19,4,0,5
6150,226,2022,5,23,21,0,2,0
6151,226,2022,6,22,20,2,0,5
6152,226,2022,7,20,20,0,0,5
6153,226,2022,8,21,18,3,0,8
6154,226,2022,9,21,20,0,1,8
6155,226,2022,10,23,21,0,2,6
6156,226,2022,11,21,18,2,1,0
6157,226,2022,12,22,18,3,1,0
6158,226,2023,1,21,19,2,0,3
6159,226,2023,2,22,17,4,1,1
6160,226,2023,3,23,19,3,1,2
6161,226,2023,4,21,18,3,0,7
6162,226,2023,5,23,19,4,0,4
6163,226,2023,6,23,19,2,2,2
6164,226,2023,7,21,19,2,0,2
6165,226,2023,8,22,16,4,2,8
6166,226,2023,9,20,20,0,0,2
6167,226,2023,10,23,23,0,0,3
6168,226,2023,11,20,16,3,1,5
6169,226,2023,12,20,19,0,1,6
6170,226,2024,1,20,14,4,2,7
6171,226,2024,2,20,20,0,0,4
6172,226,2024,3,20,16,2,2,2
6173,226,2024,4,20,14,4,2,3
6174,226,2024,5,21,19,1,1,3
6175,226,2024,6,23,18,4,1,8
6176,226,2024,7,22,18,2,2,4
6177,226,2024,8,23,17,4,2,7
6178,226,2024,9,20,20,0,0,7
6179,226,2024,10,20,17,3,0,3
6180,226,2024,11,22,19,1,2,5
6181,226,2024,12,23,22,0,1,4
6182,226,2025,1,22,20,1,1,0
6183,226,2025,2,22,19,1,2,6
6184,226,2025,3,23,19,4,0,3
6185,226,2025,4,22,16,4,2,1
6186,226,2025,5,21,16,3,2,7
6187,226,2025,6,22,19,3,0,5
6188,226,2025,7,22,17,4,1,1
6189,226,2025,8,20,18,2,0,0
6190,226,2025,9,21,17,3,1,2
6191,226,2025,10,21,19,1,1,5
6192,226,2025,11,21,18,2,1,0
6193,226,2025,12,23,21,1,1,4
6194,227,2023,7,22,20,2,0,3
6195,227,2023,8,21,18,2,1,2
6196,227,2023,9,20,16,2,2,0
6197,227,2023,10,23,19,4,0,1
6198,227,2023,11,23,17,4,2,3
6199,227,2023,12,21,21,0,0,5
6200,227,2024,1,21,19,2,0,0
6201,227,2024,2,21,18,1,2,0
6202,227,2024,3,20,16,3,1,4
6203,227,2024,4,22,21,1,0,3
6204,227,2024,5,23,20,3,0,6
6205,227,2024,6,20,18,2,0,3
6206,227,2024,7,20,18,0,2,3
6207,227,2024,8,22,21,1,0,7
6208,227,2024,9,21,19,1,1,0
6209,227,2024,10,21,19,0,2,5
6210,227,2024,11,21,16,4,1,2
6211,227,2024,12,21,19,2,0,4
6212,227,2025,1,23,18,3,2,0
6213,227,2025,2,22,21,0,1,5
6214,227,2025,3,23,22,0,1,2
6215,227,2025,4,20,19,1,0,5
6216,227,2025,5,21,20,1,0,4
6217,227,2025,6,20,17,3,0,6
6218,227,2025,7,23,19,4,0,2
6219,227,2025,8,21,18,2,1,8
6220,227,2025,9,20,18,2,0,3
6221,227,2025,10,20,17,1,2,3
6222,227,2025,11,21,21,0,0,1
6223,227,2025,12,20,16,4,0,5
6224,228,2025,3,20,19,1,0,8
6225,228,2025,4,23,23,0,0,6
6226,228,2025,5,20,19,1,0,7
6227,228,2025,6,20,18,2,0,3
6228,228,2025,7,23,22,1,0,7
6229,228,2025,8,20,16,3,1,8
6230,228,2025,9,21,17,2,2,5
6231,228,2025,10,23,21,1,1,3
6232,228,2025,11,20,19,1,0,1
6233,228,2025,12,22,19,2,1,5
6234,229,2025,4,20,19,0,1,7
6235,229,2025,5,22,20,2,0,4
6236,229,2025,6,20,18,2,0,0
6237,230,2024,12,23,20,3,0,7
6238,230,2025,1,22,18,3,1,2
6239,230,2025,2,23,21,1,1,8
6240,230,2025,3,22,20,1,1,4
6241,230,2025,4,21,16,4,1,5
6242,230,2025,5,20,17,1,2,8
6243,230,2025,6,20,18,2,0,0
6244,230,2025,7,21,21,0,0,1
6245,230,2025,8,21,15,4,2,0
6246,230,2025,9,21,17,2,2,0
6247,230,2025,10,20,14,4,2,0
6248,230,2025,11,23,20,3,0,0
6249,230,2025,12,22,19,2,1,1
6250,231,2023,1,20,15,4,1,1
6251,231,2023,2,22,19,1,2,0
6252,231,2023,3,23,20,2,1,5
6253,231,2023,4,23,18,4,1,1
6254,231,2023,5,23,22,1,0,5
6255,231,2023,6,22,16,4,2,2
6256,231,2023,7,20,20,0,0,5
6257,231,2023,8,21,16,4,1,5
6258,231,2023,9,22,20,2,0,7
6259,231,2023,10,23,17,4,2,3
6260,231,2023,11,23,21,1,1,5
6261,231,2023,12,20,19,0,1,6
6262,231,2024,1,20,16,2,2,5
6263,231,2024,2,22,20,0,2,0
6264,231,2024,3,21,18,1,2,4
6265,231,2024,4,23,22,1,0,6
6266,231,2024,5,22,17,4,1,4
6267,231,2024,6,22,19,2,1,1
6268,231,2024,7,21,20,0,1,5
6269,231,2024,8,23,17,4,2,5
6270,231,2024,9,22,17,3,2,4
6271,231,2024,10,23,18,4,1,5
6272,231,2024,11,22,22,0,0,6
6273,231,2024,12,21,17,4,0,2
6274,231,2025,1,22,16,4,2,6
6275,231,2025,2,21,15,4,2,6
6276,231,2025,3,22,21,1,0,5
6277,231,2025,4,21,18,3,0,7
6278,231,2025,5,21,21,0,0,4
6279,231,2025,6,23,22,0,1,3
6280,231,2025,7,23,21,1,1,3
6281,231,2025,8,23,22,0,1,1
6282,231,2025,9,20,19,0,1,7
6283,231,2025,10,20,20,0,0,4
6284,231,2025,11,23,21,0,2,8
6285,231,2025,12,23,21,2,0,8
6286,232,2025,11,22,20,0,2,7
6287,232,2025,12,20,14,4,2,7
6288,233,2021,12,22,17,4,1,1
6289,233,2022,1,20,18,0,2,5
6290,233,2022,2,23,18,3,2,1
6291,233,2022,3,23,19,4,0,5
6292,233,2022,4,22,20,1,1,0
6293,233,2022,5,21,15,4,2,4
6294,233,2022,6,23,18,4,1,6
6295,233,2022,7,20,17,1,2,0
6296,233,2022,8,22,17,3,2,2
6297,233,2022,9,21,21,0,0,7
6298,233,2022,10,21,18,3,0,7
6299,233,2022,11,23,21,2,0,6
6300,233,2022,12,21,19,1,1,4
6301,233,2023,1,23,21,0,2,6
6302,233,2023,2,21,17,4,0,0
6303,233,2023,3,20,19,0,1,4
6304,233,2023,4,21,17,2,2,2
6305,233,2023,5,22,16,4,2,2
6306,233,2023,6,23,19,3,1,0
6307,233,2023,7,23,20,3,0,4
6308,233,2023,8,22,20,2,0,6
6309,233,2023,9,20,18,2,0,5
6310,233,2023,10,20,19,1,0,2
6311,233,2023,11,22,18,3,1,1
6312,233,2023,12,21,17,4,0,2
6313,233,2024,1,23,20,3,0,3
6314,233,2024,2,23,20,1,2,0
6315,233,2024,3,22,17,3,2,6
6316,233,2024,4,20,18,2,0,1
6317,233,2024,5,21,17,3,1,6
6318,233,2024,6,20,16,2,2,8
6319,233,2024,7,21,20,1,0,1
6320,233,2024,8,21,19,2,0,8
6321,233,2024,9,23,20,1,2,5
6322,233,2024,10,21,18,1,2,7
6323,233,2024,11,22,17,3,2,3
6324,233,2024,12,21,16,3,2,8
6325,233,2025,1,21,21,0,0,0
6326,233,2025,2,22,21,0,1,2
6327,233,2025,3,23,20,1,2,6
6328,233,2025,4,21,17,2,2,7
6329,233,2025,5,20,15,4,1,6
6330,233,2025,6,21,17,3,1,3
6331,233,2025,7,20,18,0,2,5
6332,233,2025,8,22,19,1,2,3
6333,233,2025,9,21,19,0,2,7
6334,233,2025,10,23,23,0,0,5
6335,233,2025,11,22,16,4,2,3
6336,233,2025,12,20,17,1,2,2
6337,234,2021,4,23,18,3,2,6
6338,234,2021,5,22,21,0,1,3
6339,234,2021,6,23,19,2,2,1
6340,234,2021,7,23,22,0,1,4
6341,234,2021,8,23,19,4,0,5
6342,234,2021,9,20,19,1,0,6
6343,234,2021,10,22,20,0,2,0
6344,234,2021,11,23,17,4,2,0
6345,234,2021,12,23,23,0,0,1
6346,234,2022,1,22,18,2,2,6
6347,234,2022,2,23,20,2,1,4
6348,234,2022,3,22,17,3,2,7
6349,234,2022,4,20,15,4,1,0
6350,234,2022,5,21,16,4,1,2
6351,234,2022,6,20,19,0,1,8
6352,234,2022,7,21,19,1,1,3
6353,234,2022,8,21,16,3,2,7
6354,234,2022,9,23,18,3,2,7
6355,234,2022,10,20,16,4,0,5
6356,234,2022,11,23,22,1,0,0
6357,234,2022,12,21,19,2,0,7
6358,234,2023,1,21,15,4,2,6
6359,234,2023,2,22,21,0,1,7
6360,234,2023,3,23,22,1,0,2
6361,234,2023,4,20,17,3,0,7
6362,234,2023,5,21,15,4,2,5
6363,234,2023,6,22,21,1,0,0
6364,234,2023,7,22,19,3,0,2
6365,234,2023,8,22,20,1,1,1
6366,234,2023,9,20,16,2,2,8
6367,234,2023,10,22,19,2,1,5
6368,234,2023,11,23,20,2,1,2
6369,234,2023,12,22,18,2,2,4
6370,234,2024,1,20,18,2,0,8
6371,234,2024,2,21,17,2,2,3
6372,234,2024,3,23,18,3,2,6
6373,234,2024,4,23,20,1,2,5
6374,234,2024,5,23,19,2,2,4
6375,234,2024,6,22,16,4,2,4
6376,234,2024,7,23,21,2,0,7
6377,234,2024,8,20,19,0,1,6
6378,234,2024,9,21,16,4,1,8
6379,234,2024,10,22,19,1,2,5
6380,234,2024,11,20,16,2,2,7
6381,234,2024,12,21,16,4,1,8
6382,234,2025,1,22,19,1,2,7
6383,234,2025,2,20,15,3,2,7
6384,234,2025,3,23,19,3,1,0
6385,234,2025,4,21,18,1,2,4
6386,234,2025,5,21,16,3,2,8
6387,234,2025,6,21,18,1,2,1
6388,234,2025,7,22,19,1,2,3
6389,234,2025,8,23,22,0,1,3
6390,234,2025,9,23,21,2,0,4
6391,234,2025,10,23,17,4,2,4
6392,234,2025,11,22,21,1,0,1
6393,234,2025,12,23,22,0,1,8
6394,235,2022,11,21,17,3,1,3
6395,235,2022,12,20,18,0,2,3
6396,235,2023,1,23,19,4,0,1
6397,235,2023,2,23,23,0,0,6
6398,235,2023,3,21,19,1,1,1
6399,235,2023,4,21,15,4,2,0
6400,235,2023,5,23,20,2,1,6
6401,235,2023,6,23,17,4,2,0
6402,235,2023,7,22,18,4,0,3
6403,235,2023,8,20,17,3,0,4
6404,235,2023,9,21,16,3,2,0
6405,235,2023,10,22,20,1,1,0
6406,235,2023,11,23,22,1,0,4
6407,235,2023,12,20,15,4,1,7
6408,235,2024,1,20,19,0,1,8
6409,235,2024,2,20,16,4,0,5
6410,235,2024,3,23,21,1,1,2
6411,235,2024,4,23,21,0,2,2
6412,235,2024,5,22,19,1,2,3
6413,235,2024,6,23,19,3,1,2
6414,235,2024,7,20,20,0,0,4
6415,235,2024,8,20,19,0,1,1
6416,235,2024,9,20,18,1,1,1
6417,235,2024,10,23,22,0,1,2
6418,235,2024,11,23,21,2,0,5
6419,235,2024,12,20,17,1,2,3
6420,235,2025,1,22,17,3,2,4
6421,235,2025,2,22,20,1,1,4
6422,235,2025,3,21,20,1,0,0
6423,235,2025,4,22,16,4,2,6
6424,235,2025,5,22,18,4,0,5
6425,235,2025,6,23,19,2,2,3
6426,235,2025,7,20,18,1,1,4
6427,235,2025,8,22,16,4,2,2
6428,235,2025,9,22,20,2,0,1
6429,235,2025,10,23,20,2,1,7
6430,235,2025,11,22,18,3,1,3
6431,235,2025,12,21,19,1,1,7
6432,236,2025,11,20,19,0,1,0
6433,236,2025,12,21,20,0,1,0
6434,237,2021,11,21,19,2,0,6
6435,237,2021,12,20,15,4,1,8
6436,237,2022,1,23,19,3,1,5
6437,237,2022,2,20,17,3,0,0
6438,237,2022,3,22,21,1,0,3
6439,237,2022,4,21,20,0,1,7
6440,237,2022,5,21,19,2,0,2
6441,237,2022,6,22,18,3,1,1
6442,237,2022,7,22,18,3,1,5
6443,237,2022,8,23,21,2,0,6
6444,237,2022,9,22,20,2,0,3
6445,237,2022,10,23,19,3,1,5
6446,237,2022,11,22,20,0,2,5
6447,237,2022,12,22,20,1,1,0
6448,237,2023,1,21,17,2,2,7
6449,237,2023,2,23,20,2,1,5
6450,237,2023,3,23,18,3,2,4
6451,237,2023,4,21,16,3,2,8
6452,237,2023,5,23,19,2,2,2
6453,237,2023,6,21,18,2,1,7
6454,237,2023,7,21,18,2,1,4
6455,237,2023,8,22,20,2,0,6
6456,237,2023,9,21,19,0,2,1
6457,237,2023,10,21,17,3,1,6
6458,237,2023,11,20,19,0,1,6
6459,237,2023,12,23,19,4,0,4
6460,237,2024,1,21,19,1,1,3
6461,237,2024,2,22,18,3,1,3
6462,237,2024,3,23,18,4,1,7
6463,237,2024,4,23,23,0,0,8
6464,237,2024,5,20,18,2,0,0
6465,237,2024,6,22,19,3,0,1
6466,237,2024,7,22,20,0,2,6
6467,237,2024,8,22,19,2,1,4
6468,237,2024,9,23,20,3,0,3
6469,237,2024,10,20,17,1,2,1
6470,237,2024,11,23,19,4,0,8
6471,237,2024,12,23,22,0,1,2
6472,237,2025,1,21,17,2,2,1
6473,237,2025,2,22,21,0,1,6
6474,237,2025,3,23,20,1,2,1
6475,237,2025,4,23,18,4,1,8
6476,237,2025,5,23,17,4,2,2
6477,237,2025,6,22,19,2,1,0
6478,237,2025,7,21,18,1,2,8
6479,237,2025,8,20,16,4,0,3
6480,237,2025,9,20,18,0,2,6
6481,237,2025,10,21,15,4,2,3
6482,237,2025,11,22,20,2,0,1
6483,237,2025,12,21,17,4,0,1
6484,238,2022,1,22,19,1,2,0
6485,238,2022,2,23,20,2,1,1
6486,238,2022,3,23,19,4,0,6
6487,238,2022,4,22,17,3,2,6
6488,238,2022,5,23,23,0,0,6
6489,238,2022,6,21,19,0,2,7
6490,238,2022,7,23,19,2,2,2
6491,238,2022,8,20,17,2,1,0
6492,238,2022,9,23,21,2,0,3
6493,238,2022,10,20,18,1,1,7
6494,238,2022,11,20,18,2,0,8
6495,238,2022,12,23,20,1,2,4
6496,238,2023,1,22,18,2,2,0
6497,238,2023,2,22,20,2,0,4
6498,238,2023,3,21,18,2,1,1
6499,238,2023,4,21,16,3,2,0
6500,238,2023,5,20,18,2,0,7
6501,238,2023,6,22,19,3,0,4
6502,238,2023,7,21,21,0,0,1
6503,238,2023,8,23,20,3,0,8
6504,238,2023,9,21,18,3,0,0
6505,238,2023,10,23,22,1,0,0
6506,238,2023,11,22,16,4,2,0
6507,238,2023,12,23,19,4,0,4
6508,238,2024,1,20,14,4,2,1
6509,238,2024,2,22,17,4,1,3
6510,238,2024,3,23,18,4,1,7
6511,238,2024,4,21,20,0,1,3
6512,238,2024,5,23,21,1,1,2
6513,238,2024,6,23,21,1,1,0
6514,238,2024,7,23,21,1,1,7
6515,238,2024,8,23,19,3,1,7
6516,238,2024,9,23,18,3,2,4
6517,238,2024,10,23,19,2,2,6
6518,238,2024,11,22,18,4,0,6
6519,238,2024,12,21,18,1,2,6
6520,238,2025,1,23,20,1,2,1
6521,238,2025,2,21,21,0,0,1
6522,238,2025,3,20,18,1,1,7
6523,239,2023,11,22,18,3,1,1
6524,239,2023,12,22,16,4,2,7
6525,239,2024,1,22,20,1,1,1
6526,239,2024,2,20,15,3,2,7
6527,239,2024,3,21,16,4,1,0
6528,239,2024,4,23,19,2,2,5
6529,239,2024,5,23,22,1,0,0
6530,239,2024,6,23,18,4,1,0
6531,239,2024,7,20,19,1,0,7
6532,239,2024,8,21,20,1,0,8
6533,239,2024,9,21,17,2,2,6
6534,239,2024,10,20,17,1,2,6
6535,239,2024,11,21,18,3,0,2
6536,239,2024,12,21,19,2,0,1
6537,239,2025,1,23,18,3,2,5
6538,239,2025,2,21,17,4,0,1
6539,239,2025,3,22,19,1,2,2
6540,239,2025,4,22,19,1,2,2
6541,239,2025,5,20,18,1,1,7
6542,239,2025,6,22,18,2,2,2
6543,239,2025,7,23,18,3,2,3
6544,239,2025,8,20,16,2,2,0
6545,239,2025,9,21,17,2,2,2
6546,239,2025,10,23,22,0,1,1
6547,239,2025,11,23,22,0,1,7
6548,239,2025,12,22,22,0,0,3
6549,240,2025,7,23,18,3,2,6
6550,240,2025,8,20,15,3,2,6
6551,240,2025,9,21,17,4,0,3
6552,240,2025,10,20,18,0,2,0
6553,240,2025,11,22,18,4,0,0
6554,240,2025,12,22,22,0,0,5
6555,241,2024,2,22,17,4,1,7
6556,241,2024,3,23,21,2,0,8
6557,241,2024,4,20,16,3,1,6
6558,241,2024,5,22,20,2,0,1
6559,241,2024,6,20,19,0,1,3
6560,241,2024,7,22,19,3,0,2
6561,241,2024,8,22,20,2,0,3
6562,241,2024,9,21,16,4,1,0
6563,241,2024,10,22,19,3,0,1
6564,241,2024,11,21,19,0,2,5
6565,241,2024,12,22,20,0,2,3
6566,241,2025,1,22,16,4,2,5
6567,241,2025,2,20,19,0,1,1
6568,241,2025,3,20,15,3,2,8
6569,241,2025,4,20,18,2,0,8
6570,241,2025,5,20,18,2,0,8
6571,241,2025,6,22,18,3,1,4
6572,241,2025,7,20,18,1,1,7
6573,241,2025,8,20,16,4,0,6
6574,241,2025,9,23,19,3,1,7
6575,241,2025,10,23,23,0,0,4
6576,241,2025,11,20,17,3,0,7
6577,241,2025,12,22,16,4,2,7
6578,242,2022,3,20,17,1,2,0
6579,242,2022,4,23,21,1,1,5
6580,242,2022,5,20,20,0,0,8
6581,242,2022,6,22,19,2,1,7
6582,242,2022,7,20,14,4,2,3
6583,242,2022,8,22,18,4,0,3
6584,242,2022,9,20,16,4,0,6
6585,242,2022,10,22,20,0,2,8
6586,242,2022,11,22,21,0,1,6
6587,242,2022,12,22,21,1,0,3
6588,242,2023,1,21,17,2,2,7
6589,242,2023,2,21,17,2,2,7
6590,242,2023,3,21,18,1,2,4
6591,242,2023,4,21,15,4,2,5
6592,242,2023,5,23,19,4,0,5
6593,242,2023,6,22,21,0,1,6
6594,242,2023,7,23,20,3,0,4
6595,242,2023,8,22,22,0,0,5
6596,242,2023,9,23,21,0,2,0
6597,242,2023,10,20,14,4,2,1
6598,242,2023,11,23,20,2,1,5
6599,242,2023,12,23,22,0,1,7
6600,242,2024,1,21,17,2,2,4
6601,242,2024,2,20,19,0,1,0
6602,242,2024,3,20,15,3,2,5
6603,242,2024,4,20,19,0,1,1
6604,242,2024,5,22,19,1,2,8
6605,242,2024,6,22,18,4,0,4
6606,242,2024,7,20,18,1,1,1
6607,242,2024,8,21,17,4,0,1
6608,242,2024,9,21,17,2,2,0
6609,242,2024,10,20,15,3,2,2
6610,242,2024,11,22,21,0,1,7
6611,242,2024,12,22,19,3,0,3
6612,242,2025,1,20,15,4,1,0
6613,242,2025,2,23,23,0,0,2
6614,242,2025,3,21,19,2,0,6
6615,242,2025,4,21,16,3,2,1
6616,242,2025,5,23,22,0,1,8
6617,242,2025,6,22,20,2,0,8
6618,242,2025,7,21,19,0,2,0
6619,242,2025,8,20,18,1,1,4
6620,242,2025,9,21,18,1,2,7
6621,242,2025,10,21,15,4,2,0
6622,242,2025,11,20,18,0,2,8
6623,242,2025,12,21,17,4,0,7
6624,243,2025,10,20,15,3,2,4
6625,243,2025,11,20,18,2,0,7
6626,243,2025,12,22,18,4,0,5
6627,244,2025,6,20,18,2,0,6
6628,244,2025,7,21,16,3,2,0
6629,244,2025,8,20,14,4,2,0
6630,244,2025,9,20,17,1,2,6
6631,244,2025,10,21,17,4,0,6
6632,244,2025,11,21,17,2,2,0
6633,244,2025,12,20,16,4,0,4
6634,245,2022,9,23,19,3,1,3
6635,245,2022,10,23,19,2,2,5
6636,245,2022,11,23,21,0,2,5
6637,245,2022,12,20,16,3,1,0
6638,245,2023,1,22,18,2,2,1
6639,245,2023,2,23,21,0,2,2
6640,245,2023,3,22,20,1,1,7
6641,245,2023,4,22,22,0,0,2
6642,245,2023,5,20,18,1,1,3
6643,245,2023,6,22,16,4,2,3
6644,245,2023,7,20,16,4,0,3
6645,245,2023,8,22,18,3,1,4
6646,245,2023,9,21,17,3,1,1
6647,245,2023,10,21,17,2,2,0
6648,245,2023,11,21,16,4,1,0
6649,245,2023,12,22,19,3,0,3
6650,245,2024,1,22,20,2,0,2
6651,245,2024,2,23,20,3,0,3
6652,245,2024,3,20,16,3,1,8
6653,245,2024,4,21,16,4,1,3
6654,245,2024,5,22,22,0,0,4
6655,245,2024,6,21,21,0,0,5
6656,245,2024,7,20,18,2,0,8
6657,245,2024,8,23,17,4,2,4
6658,245,2024,9,20,19,1,0,4
6659,245,2024,10,22,21,1,0,2
6660,245,2024,11,23,19,4,0,8
6661,245,2024,12,20,19,0,1,2
6662,245,2025,1,23,22,1,0,3
6663,245,2025,2,22,20,2,0,7
6664,245,2025,3,22,19,3,0,0
6665,245,2025,4,20,16,4,0,4
6666,245,2025,5,22,19,1,2,3
6667,245,2025,6,20,17,1,2,4
6668,245,2025,7,23,21,1,1,0
6669,245,2025,8,21,17,2,2,1
6670,245,2025,9,20,15,4,1,4
6671,245,2025,10,20,17,1,2,8
6672,245,2025,11,23,17,4,2,5
6673,245,2025,12,21,19,0,2,8
6674,246,2022,3,20,20,0,0,4
6675,246,2022,4,23,19,2,2,2
6676,246,2022,5,21,17,3,1,4
6677,246,2022,6,21,17,3,1,1
6678,246,2022,7,20,17,3,0,0
6679,246,2022,8,21,18,2,1,7
6680,246,2022,9,23,22,1,0,2
6681,246,2022,10,20,18,0,2,3
6682,246,2022,11,20,15,4,1,6
6683,246,2022,12,23,19,2,2,8
6684,246,2023,1,21,18,2,1,5
6685,246,2023,2,21,18,1,2,4
6686,246,2023,3,20,16,3,1,0
6687,246,2023,4,20,15,4,1,8
6688,246,2023,5,22,18,3,1,1
6689,246,2023,6,20,16,4,0,2
6690,246,2023,7,20,17,2,1,0
6691,246,2023,8,20,14,4,2,7
6692,246,2023,9,21,17,2,2,0
6693,246,2023,10,21,16,3,2,4
6694,246,2023,11,21,19,0,2,4
6695,246,2023,12,20,19,1,0,3
6696,246,2024,1,22,21,1,0,5
6697,246,2024,2,22,20,0,2,4
6698,246,2024,3,20,16,3,1,4
6699,246,2024,4,20,16,4,0,8
6700,246,2024,5,21,19,2,0,7
6701,246,2024,6,20,20,0,0,3
6702,246,2024,7,20,18,0,2,7
6703,246,2024,8,21,19,2,0,1
6704,246,2024,9,23,21,1,1,6
6705,246,2024,10,23,19,4,0,4
6706,246,2024,11,23,18,4,1,4
6707,246,2024,12,20,18,0,2,3
6708,246,2025,1,23,19,3,1,8
6709,246,2025,2,22,21,0,1,5
6710,246,2025,3,21,17,3,1,4
6711,246,2025,4,20,16,3,1,6
6712,246,2025,5,22,21,0,1,1
6713,246,2025,6,23,19,2,2,8
6714,246,2025,7,23,20,1,2,2
6715,246,2025,8,22,18,3,1,3
6716,246,2025,9,20,16,2,2,5
6717,246,2025,10,23,23,0,0,3
6718,246,2025,11,22,20,0,2,1
6719,246,2025,12,22,19,1,2,8
6720,247,2025,5,21,20,1,0,3
6721,247,2025,6,21,17,2,2,2
6722,247,2025,7,22,16,4,2,1
6723,247,2025,8,23,18,4,1,4
6724,247,2025,9,21,21,0,0,0
6725,247,2025,10,22,20,1,1,1
6726,247,2025,11,22,18,3,1,0
6727,248,2022,4,20,19,0,1,1
6728,248,2022,5,23,17,4,2,2
6729,248,2022,6,21,16,4,1,5
6730,248,2022,7,22,20,0,2,4
6731,248,2022,8,20,16,4,0,7
6732,248,2022,9,23,22,1,0,8
6733,248,2022,10,20,20,0,0,6
6734,248,2022,11,21,20,1,0,3
6735,248,2022,12,21,17,4,0,4
6736,248,2023,1,23,23,0,0,2
6737,248,2023,2,21,17,4,0,6
6738,248,2023,3,22,17,4,1,7
6739,248,2023,4,21,16,4,1,8
6740,248,2023,5,20,19,0,1,8
6741,248,2023,6,21,20,0,1,4
6742,248,2023,7,22,17,3,2,4
6743,248,2023,8,20,16,2,2,6
6744,248,2023,9,20,20,0,0,2
6745,248,2023,10,21,15,4,2,4
6746,248,2023,11,22,19,3,0,5
6747,248,2023,12,23,18,4,1,1
6748,248,2024,1,21,15,4,2,6
6749,248,2024,2,21,18,2,1,1
6750,248,2024,3,21,20,1,0,8
6751,248,2024,4,23,22,0,1,7
6752,248,2024,5,22,17,3,2,0
6753,248,2024,6,22,20,1,1,7
6754,248,2024,7,22,18,3,1,8
6755,248,2024,8,22,18,4,0,1
6756,248,2024,9,23,19,4,0,2
6757,248,2024,10,22,19,1,2,0
6758,248,2024,11,21,20,0,1,1
6759,248,2024,12,23,20,1,2,2
6760,248,2025,1,20,19,1,0,1
6761,248,2025,2,23,21,2,0,5
6762,248,2025,3,21,17,3,1,3
6763,248,2025,4,20,16,3,1,3
6764,248,2025,5,20,16,2,2,2
6765,248,2025,6,21,15,4,2,8
6766,248,2025,7,21,18,3,0,4
6767,248,2025,8,21,20,0,1,5
6768,248,2025,9,20,15,4,1,3
6769,248,2025,10,22,20,0,2,5
6770,248,2025,11,23,22,1,0,4
6771,248,2025,12,21,17,4,0,0
6772,249,2023,11,23,21,2,0,8
6773,249,2023,12,21,16,3,2,4
6774,249,2024,1,23,21,1,1,7
6775,249,2024,2,20,14,4,2,7
6776,249,2024,3,20,15,4,1,8
6777,249,2024,4,20,16,3,1,2
6778,249,2024,5,21,17,3,1,1
6779,249,2024,6,20,20,0,0,1
6780,249,2024,7,20,18,0,2,3
6781,249,2024,8,20,16,3,1,6
6782,249,2024,9,22,17,3,2,3
6783,249,2024,10,20,15,4,1,1
6784,249,2024,11,20,17,3,0,0
6785,249,2024,12,23,18,4,1,0
6786,249,2025,1,20,19,1,0,6
6787,249,2025,2,20,16,4,0,8
6788,249,2025,3,21,15,4,2,7
6789,249,2025,4,22,18,2,2,4
6790,249,2025,5,22,17,4,1,7
6791,249,2025,6,21,15,4,2,3
6792,249,2025,7,21,19,1,1,1
6793,249,2025,8,21,17,4,0,3
6794,249,2025,9,23,19,4,0,3
6795,249,2025,10,21,20,0,1,2
6796,249,2025,11,21,19,0,2,4
6797,249,2025,12,22,19,1,2,1
6798,250,2024,3,23,18,3,2,7
6799,250,2024,4,23,19,4,0,5
6800,250,2024,5,22,21,1,0,6
6801,250,2024,6,22,16,4,2,6
6802,250,2024,7,21,20,0,1,7
6803,250,2024,8,23,19,2,2,7
6804,250,2024,9,22,18,4,0,2
6805,250,2024,10,20,18,1,1,8
6806,250,2024,11,20,16,2,2,7
6807,250,2024,12,23,21,0,2,1
6808,250,2025,1,22,20,2,0,1
6809,250,2025,2,23,20,3,0,1
6810,250,2025,3,22,21,1,0,6
6811,250,2025,4,20,15,3,2,5
6812,250,2025,5,20,16,2,2,0
6813,250,2025,6,22,22,0,0,8
6814,250,2025,7,23,21,2,0,2
6815,250,2025,8,21,16,4,1,6
6816,250,2025,9,21,21,0,0,2
6817,250,2025,10,21,16,4,1,5
6818,250,2025,11,23,21,2,0,5
6819,250,2025,12,23,19,2,2,8
6820,251,2025,8,20,19,0,1,2
6821,251,2025,9,22,18,3,1,6
6822,251,2025,10,22,20,0,2,4
6823,251,2025,11,23,21,0,2,4
6824,251,2025,12,20,18,2,0,1
6825,252,2025,4,23,20,1,2,7
6826,252,2025,5,22,19,2,1,5
6827,252,2025,6,20,20,0,0,8
6828,252,2025,7,23,23,0,0,2
6829,252,2025,8,20,16,2,2,8
6830,252,2025,9,22,21,0,1,3
6831,252,2025,10,21,18,3,0,2
6832,252,2025,11,20,18,1,1,6
6833,252,2025,12,23,23,0,0,3
6834,253,2025,1,20,15,4,1,2
6835,253,2025,2,21,18,3,0,2
6836,253,2025,3,20,15,4,1,4
6837,253,2025,4,20,14,4,2,4
6838,253,2025,5,21,18,2,1,1
6839,254,2023,10,21,18,1,2,4
6840,254,2023,11,20,16,2,2,3
6841,254,2023,12,22,19,2,1,8
6842,254,2024,1,21,21,0,0,7
6843,254,2024,2,20,16,3,1,0
6844,254,2024,3,21,16,3,2,0
6845,254,2024,4,20,17,2,1,7
6846,254,2024,5,22,22,0,0,6
6847,254,2024,6,23,23,0,0,2
6848,254,2024,7,20,17,1,2,4
6849,254,2024,8,20,17,3,0,0
6850,254,2024,9,23,20,3,0,2
6851,254,2024,10,23,21,2,0,2
6852,254,2024,11,22,21,1,0,3
6853,254,2024,12,20,15,4,1,2
6854,254,2025,1,23,21,2,0,7
6855,254,2025,2,20,19,1,0,4
6856,254,2025,3,23,20,3,0,3
6857,254,2025,4,23,19,2,2,5
6858,254,2025,5,22,22,0,0,5
6859,254,2025,6,21,16,4,1,2
6860,254,2025,7,21,19,2,0,6
6861,254,2025,8,21,19,0,2,6
6862,254,2025,9,21,17,3,1,3
6863,254,2025,10,21,16,4,1,2
6864,254,2025,11,21,19,2,0,2
6865,254,2025,12,21,18,2,1,7
6866,255,2021,5,21,20,1,0,2
6867,255,2021,6,21,17,3,1,2
6868,255,2021,7,23,21,1,1,5
6869,255,2021,8,21,18,1,2,8
6870,255,2021,9,23,23,0,0,8
6871,255,2021,10,23,23,0,0,7
6872,255,2021,11,22,21,1,0,6
6873,255,2021,12,21,20,1,0,8
6874,255,2022,1,20,15,4,1,0
6875,255,2022,2,20,15,4,1,2
6876,255,2022,3,23,18,4,1,5
6877,255,2022,4,21,20,1,0,4
6878,255,2022,5,20,15,3,2,5
6879,255,2022,6,22,19,1,2,2
6880,255,2022,7,20,15,3,2,2
6881,255,2022,8,23,21,0,2,0
6882,255,2022,9,23,21,2,0,1
6883,255,2022,10,21,19,0,2,0
6884,255,2022,11,20,17,1,2,4
6885,255,2022,12,21,21,0,0,8
6886,255,2023,1,20,14,4,2,8
6887,255,2023,2,22,20,1,1,4
6888,255,2023,3,21,21,0,0,4
6889,255,2023,4,22,20,2,0,7
6890,255,2023,5,20,14,4,2,2
6891,255,2023,6,22,20,0,2,4
6892,255,2023,7,22,19,1,2,3
6893,255,2023,8,23,20,2,1,4
6894,256,2021,10,20,18,1,1,6
6895,256,2021,11,22,18,4,0,1
6896,256,2021,12,23,21,1,1,8
6897,256,2022,1,23,22,1,0,0
6898,256,2022,2,21,15,4,2,4
6899,256,2022,3,23,20,3,0,0
6900,256,2022,4,21,19,0,2,8
6901,256,2022,5,20,18,2,0,0
6902,256,2022,6,22,19,2,1,2
6903,256,2022,7,23,22,0,1,8
6904,256,2022,8,20,17,1,2,5
6905,256,2022,9,23,20,3,0,7
6906,256,2022,10,23,23,0,0,6
6907,256,2022,11,21,18,2,1,2
6908,256,2022,12,22,17,3,2,2
6909,256,2023,1,22,17,4,1,4
6910,256,2023,2,21,15,4,2,4
6911,256,2023,3,23,21,1,1,0
6912,256,2023,4,23,19,4,0,4
6913,256,2023,5,21,18,2,1,5
6914,256,2023,6,23,18,3,2,0
6915,256,2023,7,21,20,0,1,6
6916,256,2023,8,22,18,3,1,2
6917,256,2023,9,21,18,1,2,8
6918,256,2023,10,20,19,1,0,3
6919,256,2023,11,23,19,3,1,0
6920,256,2023,12,21,18,3,0,3
6921,256,2024,1,22,19,2,1,0
6922,256,2024,2,22,21,0,1,3
6923,256,2024,3,23,21,0,2,4
6924,256,2024,4,21,20,0,1,6
6925,256,2024,5,23,19,4,0,2
6926,256,2024,6,21,16,3,2,6
6927,256,2024,7,22,18,3,1,6
6928,256,2024,8,22,17,4,1,6
6929,256,2024,9,20,17,3,0,5
6930,256,2024,10,23,17,4,2,3
6931,256,2024,11,23,20,2,1,3
6932,256,2024,12,23,20,1,2,2
6933,256,2025,1,21,16,3,2,8
6934,256,2025,2,20,17,2,1,7
6935,256,2025,3,21,16,4,1,8
6936,256,2025,4,20,16,2,2,1
6937,256,2025,5,21,18,3,0,2
6938,256,2025,6,22,21,1,0,3
6939,256,2025,7,22,20,0,2,5
6940,256,2025,8,22,19,1,2,5
6941,256,2025,9,20,17,3,0,4
6942,256,2025,10,20,17,3,0,4
6943,256,2025,11,20,19,1,0,2
6944,256,2025,12,22,22,0,0,4
6945,257,2025,2,21,16,4,1,7
6946,257,2025,3,21,17,4,0,4
6947,257,2025,4,23,18,4,1,0
6948,257,2025,5,22,16,4,2,1
6949,257,2025,6,21,16,4,1,5
6950,257,2025,7,21,19,1,1,0
6951,257,2025,8,20,18,0,2,7
6952,257,2025,9,21,15,4,2,3
6953,257,2025,10,20,17,1,2,5
6954,257,2025,11,21,15,4,2,6
6955,257,2025,12,22,22,0,0,1
6956,258,2024,1,20,15,4,1,4
6957,258,2024,2,23,17,4,2,2
6958,258,2024,3,23,18,3,2,7
6959,258,2024,4,21,17,4,0,7
6960,258,2024,5,22,22,0,0,6
6961,258,2024,6,23,21,0,2,3
6962,258,2024,7,21,20,1,0,7
6963,258,2024,8,21,21,0,0,3
6964,258,2024,9,23,19,4,0,3
6965,258,2024,10,20,16,4,0,0
6966,258,2024,11,20,17,1,2,8
6967,258,2024,12,21,21,0,0,2
6968,258,2025,1,20,16,2,2,4
6969,258,2025,2,22,16,4,2,4
6970,258,2025,3,23,20,2,1,7
6971,258,2025,4,23,18,3,2,6
6972,258,2025,5,22,21,1,0,4
6973,258,2025,6,22,21,0,1,8
6974,258,2025,7,22,16,4,2,3
6975,258,2025,8,23,17,4,2,1
6976,258,2025,9,20,18,2,0,4
6977,258,2025,10,21,21,0,0,5
6978,258,2025,11,20,18,2,0,5
6979,258,2025,12,21,19,1,1,0
6980,259,2023,5,20,19,0,1,7
6981,259,2023,6,22,18,2,2,8
6982,259,2023,7,22,18,4,0,1
6983,259,2023,8,21,15,4,2,8
6984,259,2023,9,23,22,0,1,8
6985,259,2023,10,20,20,0,0,1
6986,259,2023,11,23,19,2,2,6
6987,259,2023,12,21,17,2,2,2
6988,259,2024,1,21,20,0,1,7
6989,260,2023,12,20,18,2,0,4
6990,260,2024,1,20,14,4,2,1
6991,260,2024,2,22,16,4,2,1
6992,260,2024,3,20,15,4,1,8
6993,260,2024,4,22,17,4,1,8
6994,260,2024,5,23,20,2,1,1
6995,260,2024,6,22,19,3,0,0
6996,260,2024,7,22,16,4,2,3
6997,260,2024,8,23,19,4,0,3
6998,260,2024,9,21,18,3,0,4
6999,260,2024,10,21,18,3,0,0
7000,260,2024,11,20,17,2,1,2
7001,260,2024,12,20,16,4,0,6
7002,260,2025,1,21,17,3,1,4
7003,260,2025,2,21,20,1,0,3
7004,260,2025,3,23,21,2,0,6
7005,260,2025,4,21,18,1,2,7
7006,260,2025,5,21,18,2,1,6
7007,260,2025,6,20,19,1,0,1
7008,260,2025,7,21,17,3,1,6
7009,260,2025,8,21,20,1,0,2
7010,260,2025,9,20,17,1,2,7
7011,260,2025,10,22,19,2,1,2
7012,260,2025,11,21,15,4,2,2
7013,260,2025,12,23,20,1,2,1
7014,261,2022,11,22,17,3,2,2
7015,261,2022,12,22,21,0,1,3
7016,261,2023,1,23,19,2,2,0
7017,261,2023,2,20,15,3,2,1
7018,261,2023,3,21,19,0,2,3
7019,261,2023,4,23,23,0,0,1
7020,261,2023,5,22,18,3,1,7
7021,261,2023,6,20,19,0,1,8
7022,261,2023,7,23,23,0,0,8
7023,261,2023,8,23,21,0,2,1
7024,261,2023,9,21,17,2,2,4
7025,261,2023,10,20,20,0,0,0
7026,261,2023,11,23,20,2,1,3
7027,261,2023,12,23,21,0,2,4
7028,261,2024,1,20,18,2,0,1
7029,261,2024,2,21,16,4,1,4
7030,261,2024,3,23,18,3,2,6
7031,261,2024,4,21,19,0,2,0
7032,261,2024,5,20,20,0,0,7
7033,261,2024,6,21,19,0,2,4
7034,261,2024,7,22,21,0,1,3
7035,261,2024,8,20,15,4,1,5
7036,261,2024,9,20,16,3,1,4
7037,261,2024,10,22,19,2,1,0
7038,261,2024,11,21,17,3,1,7
7039,261,2024,12,20,16,2,2,0
7040,261,2025,1,23,18,4,1,3
7041,261,2025,2,23,21,0,2,2
7042,261,2025,3,20,16,3,1,0
7043,261,2025,4,20,19,1,0,0
7044,261,2025,5,20,16,2,2,4
7045,261,2025,6,23,22,1,0,4
7046,262,2021,12,21,17,3,1,8
7047,262,2022,1,23,19,4,0,2
7048,262,2022,2,20,16,4,0,3
7049,262,2022,3,23,21,1,1,6
7050,262,2022,4,22,18,2,2,7
7051,262,2022,5,23,21,1,1,1
7052,262,2022,6,21,18,3,0,8
7053,262,2022,7,23,20,1,2,8
7054,262,2022,8,22,20,0,2,4
7055,262,2022,9,21,17,3,1,5
7056,262,2022,10,23,21,1,1,8
7057,262,2022,11,21,16,3,2,0
7058,262,2022,12,21,19,0,2,0
7059,262,2023,1,22,19,1,2,0
7060,262,2023,2,20,18,1,1,1
7061,262,2023,3,21,21,0,0,1
7062,262,2023,4,23,21,2,0,3
7063,262,2023,5,21,17,3,1,1
7064,262,2023,6,21,19,0,2,8
7065,262,2023,7,23,18,3,2,8
7066,262,2023,8,21,21,0,0,7
7067,262,2023,9,22,18,3,1,6
7068,262,2023,10,22,19,2,1,4
7069,262,2023,11,23,19,2,2,3
7070,262,2023,12,22,20,1,1,7
7071,262,2024,1,23,20,3,0,0
7072,262,2024,2,23,21,2,0,2
7073,262,2024,3,23,20,2,1,8
7074,262,2024,4,20,19,1,0,3
7075,262,2024,5,23,22,1,0,3
7076,262,2024,6,21,16,3,2,3
7077,262,2024,7,22,19,1,2,2
7078,262,2024,8,20,17,1,2,2
7079,262,2024,9,23,20,3,0,3
7080,262,2024,10,20,17,1,2,4
7081,262,2024,11,23,20,1,2,4
7082,262,2024,12,21,21,0,0,3
7083,262,2025,1,20,19,0,1,7
7084,262,2025,2,22,22,0,0,5
7085,262,2025,3,20,20,0,0,5
7086,262,2025,4,22,21,0,1,3
7087,262,2025,5,22,18,2,2,7
7088,262,2025,6,21,19,2,0,3
7089,262,2025,7,23,22,0,1,4
7090,262,2025,8,21,16,4,1,3
7091,262,2025,9,23,18,3,2,6
7092,262,2025,10,22,21,0,1,3
7093,262,2025,11,21,18,1,2,3
7094,262,2025,12,23,21,0,2,4
7095,263,2022,12,22,20,2,0,0
7096,263,2023,1,22,17,3,2,3
7097,263,2023,2,23,19,3,1,1
7098,263,2023,3,22,20,0,2,8
7099,263,2023,4,22,20,1,1,3
7100,263,2023,5,20,18,0,2,1
7101,263,2023,6,21,18,1,2,1
7102,263,2023,7,22,21,1,0,7
7103,263,2023,8,22,17,4,1,0
7104,263,2023,9,20,15,4,1,1
7105,263,2023,10,20,17,1,2,4
7106,263,2023,11,22,21,0,1,2
7107,263,2023,12,21,20,0,1,4
7108,263,2024,1,21,18,3,0,6
7109,263,2024,2,20,15,4,1,8
7110,263,2024,3,20,18,2,0,4
7111,263,2024,4,20,19,0,1,5
7112,263,2024,5,20,17,1,2,8
7113,263,2024,6,22,18,4,0,5
7114,263,2024,7,21,18,2,1,2
7115,263,2024,8,23,19,3,1,4
7116,263,2024,9,23,19,3,1,4
7117,263,2024,10,22,17,3,2,8
7118,263,2024,11,22,17,3,2,5
7119,263,2024,12,23,20,1,2,4
7120,263,2025,1,20,18,1,1,4
7121,263,2025,2,20,17,1,2,7
7122,263,2025,3,21,20,1,0,1
7123,263,2025,4,21,16,4,1,6
7124,263,2025,5,20,14,4,2,5
7125,263,2025,6,23,20,3,0,0
7126,263,2025,7,20,16,3,1,5
7127,263,2025,8,20,14,4,2,1
7128,263,2025,9,23,19,4,0,1
7129,263,2025,10,20,17,2,1,2
7130,263,2025,11,22,19,1,2,1
7131,263,2025,12,22,22,0,0,7
7132,264,2022,8,21,17,4,0,6
7133,264,2022,9,23,19,2,2,8
7134,264,2022,10,23,20,1,2,2
7135,264,2022,11,21,15,4,2,7
7136,264,2022,12,20,18,1,1,2
7137,264,2023,1,23,19,4,0,4
7138,264,2023,2,21,18,3,0,6
7139,264,2023,3,22,19,3,0,2
7140,264,2023,4,23,21,0,2,6
7141,264,2023,5,21,17,2,2,4
7142,264,2023,6,20,15,4,1,3
7143,264,2023,7,21,18,2,1,4
7144,264,2023,8,23,22,0,1,7
7145,264,2023,9,21,16,3,2,3
7146,264,2023,10,21,15,4,2,6
7147,264,2023,11,22,20,1,1,4
7148,264,2023,12,22,20,0,2,5
7149,264,2024,1,22,20,0,2,4
7150,264,2024,2,20,17,3,0,2
7151,264,2024,3,23,20,3,0,4
7152,264,2024,4,22,18,3,1,5
7153,264,2024,5,22,21,1,0,2
7154,264,2024,6,21,18,3,0,3
7155,264,2024,7,22,21,1,0,2
7156,264,2024,8,20,18,1,1,4
7157,264,2024,9,23,23,0,0,6
7158,264,2024,10,23,23,0,0,4
7159,264,2024,11,23,20,3,0,6
7160,264,2024,12,21,19,0,2,7
7161,264,2025,1,21,17,3,1,5
7162,264,2025,2,23,23,0,0,6
7163,264,2025,3,23,18,3,2,0
7164,264,2025,4,22,20,2,0,8
7165,264,2025,5,20,15,4,1,8
7166,264,2025,6,22,20,0,2,7
7167,264,2025,7,21,17,3,1,7
7168,264,2025,8,21,21,0,0,4
7169,264,2025,9,23,23,0,0,2
7170,264,2025,10,22,22,0,0,3
7171,264,2025,11,23,21,2,0,6
7172,264,2025,12,20,16,3,1,6
7173,265,2023,7,20,19,0,1,2
7174,265,2023,8,23,21,1,1,1
7175,265,2023,9,20,18,1,1,5
7176,265,2023,10,22,22,0,0,0
7177,265,2023,11,20,18,0,2,4
7178,265,2023,12,21,17,2,2,3
7179,265,2024,1,22,21,0,1,4
7180,265,2024,2,22,19,1,2,3
7181,265,2024,3,23,20,1,2,7
7182,265,2024,4,23,19,3,1,2
7183,265,2024,5,23,22,1,0,6
7184,265,2024,6,20,18,2,0,3
7185,265,2024,7,20,15,3,2,6
7186,265,2024,8,21,18,1,2,8
7187,265,2024,9,22,17,3,2,2
7188,265,2024,10,23,22,0,1,7
7189,265,2024,11,22,18,4,0,1
7190,265,2024,12,22,18,4,0,3
7191,265,2025,1,21,20,1,0,4
7192,265,2025,2,23,21,2,0,8
7193,265,2025,3,23,21,1,1,6
7194,265,2025,4,23,21,0,2,7
7195,265,2025,5,23,20,3,0,7
7196,265,2025,6,20,17,3,0,3
7197,265,2025,7,20,17,3,0,4
7198,265,2025,8,22,19,1,2,8
7199,265,2025,9,23,22,1,0,5
7200,265,2025,10,20,14,4,2,3
7201,265,2025,11,22,22,0,0,1
7202,265,2025,12,23,18,3,2,4
7203,266,2023,5,22,20,2,0,7
7204,266,2023,6,23,17,4,2,3
7205,266,2023,7,22,20,2,0,2
7206,266,2023,8,21,16,3,2,1
7207,266,2023,9,22,19,2,1,1
7208,266,2023,10,21,16,4,1,8
7209,266,2023,11,21,21,0,0,2
7210,266,2023,12,21,17,4,0,5
7211,266,2024,1,20,16,4,0,8
7212,266,2024,2,22,20,2,0,5
7213,266,2024,3,20,16,2,2,4
7214,266,2024,4,21,20,1,0,0
7215,266,2024,5,22,20,2,0,1
7216,266,2024,6,22,21,1,0,5
7217,266,2024,7,23,20,2,1,6
7218,266,2024,8,20,19,1,0,5
7219,266,2024,9,20,19,1,0,4
7220,266,2024,10,22,21,0,1,3
7221,266,2024,11,21,20,0,1,4
7222,266,2024,12,20,16,3,1,7
7223,266,2025,1,21,19,2,0,1
7224,266,2025,2,22,18,2,2,2
7225,266,2025,3,21,18,1,2,0
7226,266,2025,4,21,17,4,0,5
7227,266,2025,5,22,21,0,1,4
7228,266,2025,6,23,19,2,2,4
7229,266,2025,7,21,17,2,2,5
7230,266,2025,8,21,19,2,0,7
7231,266,2025,9,21,20,0,1,0
7232,266,2025,10,22,20,0,2,2
7233,266,2025,11,23,21,0,2,4
7234,266,2025,12,20,14,4,2,3
7235,267,2023,10,21,15,4,2,0
7236,267,2023,11,22,20,0,2,5
7237,267,2023,12,21,21,0,0,1
7238,267,2024,1,23,21,0,2,4
7239,267,2024,2,22,22,0,0,5
7240,267,2024,3,20,18,2,0,8
7241,267,2024,4,21,18,2,1,0
7242,267,2024,5,22,20,2,0,1
7243,267,2024,6,22,18,3,1,5
7244,267,2024,7,21,20,0,1,2
7245,267,2024,8,21,17,4,0,1
7246,267,2024,9,23,19,2,2,8
7247,267,2024,10,22,18,2,2,0
7248,267,2024,11,21,16,3,2,3
7249,267,2024,12,21,20,0,1,0
7250,267,2025,1,21,18,2,1,4
7251,267,2025,2,22,18,3,1,2
7252,267,2025,3,23,20,3,0,7
7253,267,2025,4,20,17,1,2,7
7254,267,2025,5,22,21,0,1,3
7255,267,2025,6,20,14,4,2,7
7256,267,2025,7,20,17,1,2,0
7257,267,2025,8,21,20,1,0,1
7258,267,2025,9,22,18,4,0,8
7259,267,2025,10,21,17,2,2,5
7260,267,2025,11,20,17,1,2,1
7261,267,2025,12,20,17,3,0,0
7262,268,2024,1,22,22,0,0,8
7263,268,2024,2,20,16,2,2,4
7264,268,2024,3,22,18,2,2,5
7265,268,2024,4,20,17,3,0,2
7266,268,2024,5,23,23,0,0,6
7267,268,2024,6,23,17,4,2,7
7268,268,2024,7,20,18,0,2,6
7269,268,2024,8,20,18,1,1,0
7270,268,2024,9,21,16,3,2,7
7271,268,2024,10,22,21,0,1,0
7272,268,2024,11,21,19,1,1,5
7273,268,2024,12,23,22,1,0,7
7274,268,2025,1,23,20,3,0,7
7275,268,2025,2,21,16,4,1,8
7276,268,2025,3,21,15,4,2,1
7277,268,2025,4,23,17,4,2,8
7278,268,2025,5,23,22,1,0,8
7279,268,2025,6,23,19,2,2,7
7280,268,2025,7,21,18,2,1,0
7281,268,2025,8,22,19,2,1,7
7282,268,2025,9,22,20,2,0,1
7283,268,2025,10,23,18,3,2,5
7284,268,2025,11,20,15,4,1,7
7285,268,2025,12,23,18,3,2,0
7286,269,2021,4,20,18,0,2,7
7287,269,2021,5,23,21,0,2,3
7288,269,2021,6,21,17,3,1,8
7289,269,2021,7,21,17,3,1,0
7290,269,2021,8,23,21,2,0,0
7291,269,2021,9,22,21,1,0,1
7292,269,2021,10,20,16,3,1,2
7293,269,2021,11,21,20,1,0,5
7294,269,2021,12,22,22,0,0,1
7295,269,2022,1,23,17,4,2,5
7296,269,2022,2,21,19,0,2,1
7297,269,2022,3,22,18,3,1,0
7298,269,2022,4,23,21,2,0,8
7299,269,2022,5,21,19,0,2,2
7300,269,2022,6,23,19,2,2,4
7301,269,2022,7,23,19,2,2,2
7302,269,2022,8,20,16,4,0,7
7303,269,2022,9,21,19,1,1,8
7304,269,2022,10,23,21,2,0,0
7305,269,2022,11,22,18,2,2,1
7306,269,2022,12,20,17,1,2,6
7307,269,2023,1,20,17,1,2,6
7308,269,2023,2,21,15,4,2,5
7309,269,2023,3,21,17,2,2,2
7310,269,2023,4,23,22,0,1,3
7311,269,2023,5,21,17,3,1,6
7312,269,2023,6,22,20,2,0,8
7313,269,2023,7,20,18,1,1,0
7314,269,2023,8,21,21,0,0,4
7315,269,2023,9,22,20,1,1,4
7316,269,2023,10,20,19,0,1,5
7317,269,2023,11,22,20,1,1,8
7318,269,2023,12,22,19,3,0,3
7319,269,2024,1,21,18,3,0,2
7320,269,2024,2,22,20,2,0,2
7321,269,2024,3,21,17,3,1,8
7322,269,2024,4,22,16,4,2,4
7323,269,2024,5,22,20,1,1,8
7324,269,2024,6,20,18,1,1,5
7325,269,2024,7,22,20,0,2,1
7326,269,2024,8,21,16,3,2,0
7327,269,2024,9,22,18,3,1,2
7328,269,2024,10,21,17,4,0,6
7329,269,2024,11,21,18,2,1,3
7330,269,2024,12,21,17,3,1,5
7331,269,2025,1,23,17,4,2,2
7332,269,2025,2,23,19,3,1,3
7333,269,2025,3,21,19,2,0,2
7334,269,2025,4,22,16,4,2,6
7335,269,2025,5,20,16,3,1,4
7336,269,2025,6,20,18,0,2,7
7337,269,2025,7,20,16,2,2,4
7338,269,2025,8,23,19,2,2,4
7339,269,2025,9,21,17,2,2,1
7340,269,2025,10,22,18,2,2,2
7341,269,2025,11,22,20,0,2,5
7342,269,2025,12,22,21,0,1,5
7343,270,2022,1,23,17,4,2,3
7344,270,2022,2,23,22,0,1,2
7345,270,2022,3,21,17,2,2,6
7346,270,2022,4,20,17,2,1,5
7347,270,2022,5,22,18,2,2,1
7348,270,2022,6,22,17,4,1,1
7349,270,2022,7,22,18,4,0,7
7350,270,2022,8,21,19,1,1,1
7351,270,2022,9,22,21,1,0,8
7352,270,2022,10,22,21,0,1,6
7353,270,2022,11,22,20,0,2,8
7354,270,2022,12,21,17,4,0,5
7355,270,2023,1,21,19,1,1,8
7356,270,2023,2,22,17,3,2,5
7357,270,2023,3,23,21,1,1,3
7358,270,2023,4,22,19,1,2,4
7359,270,2023,5,21,17,2,2,6
7360,270,2023,6,23,18,3,2,4
7361,270,2023,7,20,19,1,0,0
7362,270,2023,8,21,18,3,0,0
7363,270,2023,9,20,16,2,2,1
7364,270,2023,10,23,22,1,0,7
7365,270,2023,11,20,19,0,1,5
7366,270,2023,12,23,19,2,2,6
7367,270,2024,1,22,19,1,2,7
7368,270,2024,2,22,18,4,0,0
7369,270,2024,3,22,20,0,2,1
7370,270,2024,4,22,22,0,0,0
7371,270,2024,5,22,22,0,0,3
7372,270,2024,6,23,19,2,2,4
7373,270,2024,7,22,19,2,1,5
7374,270,2024,8,20,17,3,0,6
7375,270,2024,9,22,18,2,2,5
7376,270,2024,10,20,17,2,1,5
7377,270,2024,11,22,18,2,2,0
7378,270,2024,12,20,17,3,0,0
7379,270,2025,1,22,18,3,1,3
7380,270,2025,2,21,16,4,1,4
7381,270,2025,3,21,16,3,2,4
7382,270,2025,4,21,19,1,1,3
7383,270,2025,5,21,19,2,0,1
7384,270,2025,6,23,19,4,0,6
7385,270,2025,7,20,19,1,0,7
7386,270,2025,8,22,17,4,1,6
7387,270,2025,9,20,17,1,2,0
7388,270,2025,10,21,19,1,1,6
7389,270,2025,11,23,18,3,2,1
7390,270,2025,12,20,19,0,1,2
7391,271,2023,8,22,19,2,1,5
7392,271,2023,9,21,17,2,2,8
7393,271,2023,10,20,19,1,0,4
7394,271,2023,11,22,21,1,0,8
7395,271,2023,12,22,17,3,2,5
7396,271,2024,1,20,16,4,0,6
7397,271,2024,2,21,16,4,1,0
7398,271,2024,3,23,21,0,2,4
7399,271,2024,4,20,14,4,2,8
7400,271,2024,5,21,17,3,1,3
7401,271,2024,6,22,18,3,1,1
7402,271,2024,7,20,18,1,1,8
7403,271,2024,8,22,21,1,0,4
7404,271,2024,9,20,18,1,1,1
7405,271,2024,10,23,19,4,0,7
7406,271,2024,11,21,17,3,1,6
7407,271,2024,12,22,19,2,1,1
7408,271,2025,1,23,19,2,2,8
7409,271,2025,2,20,18,1,1,5
7410,271,2025,3,20,15,3,2,5
7411,271,2025,4,21,19,2,0,4
7412,271,2025,5,21,18,2,1,7
7413,271,2025,6,23,22,0,1,5
7414,271,2025,7,23,19,4,0,6
7415,271,2025,8,21,17,2,2,6
7416,271,2025,9,21,17,3,1,5
7417,271,2025,10,23,22,1,0,2
7418,271,2025,11,22,19,1,2,0
7419,271,2025,12,22,19,1,2,0
7420,272,2023,9,22,21,0,1,0
7421,272,2023,10,23,21,1,1,7
7422,272,2023,11,20,14,4,2,0
7423,272,2023,12,20,19,1,0,2
7424,272,2024,1,20,17,1,2,3
7425,272,2024,2,20,17,2,1,6
7426,272,2024,3,22,19,1,2,6
7427,272,2024,4,21,18,2,1,5
7428,272,2024,5,23,20,1,2,3
7429,272,2024,6,21,19,0,2,0
7430,272,2024,7,23,20,1,2,7
7431,272,2024,8,22,19,2,1,6
7432,272,2024,9,20,20,0,0,2
7433,272,2024,10,21,16,4,1,5
7434,272,2024,11,23,19,3,1,4
7435,272,2024,12,23,19,3,1,4
7436,272,2025,1,23,21,0,2,0
7437,272,2025,2,22,21,1,0,6
7438,272,2025,3,23,22,1,0,5
7439,272,2025,4,20,20,0,0,8
7440,272,2025,5,21,20,0,1,8
7441,272,2025,6,21,18,3,0,3
7442,272,2025,7,22,17,4,1,6
7443,272,2025,8,20,16,2,2,4
7444,272,2025,9,21,18,1,2,8
7445,272,2025,10,21,16,3,2,7
7446,272,2025,11,20,17,2,1,7
7447,272,2025,12,23,21,1,1,7
7448,273,2025,7,21,19,1,1,0
7449,273,2025,8,21,17,4,0,3
7450,273,2025,9,22,22,0,0,5
7451,273,2025,10,20,14,4,2,4
7452,273,2025,11,23,19,2,2,5
7453,273,2025,12,21,18,2,1,7
7454,274,2025,8,21,16,4,1,7
7455,274,2025,9,21,19,1,1,2
7456,274,2025,10,23,21,0,2,4
7457,274,2025,11,22,16,4,2,8
7458,274,2025,12,23,21,2,0,2
7459,275,2025,2,20,16,3,1,3
7460,275,2025,3,23,20,2,1,8
7461,275,2025,4,21,18,2,1,3
7462,275,2025,5,22,18,4,0,3
7463,275,2025,6,22,21,1,0,2
7464,275,2025,7,23,21,0,2,1
7465,275,2025,8,23,23,0,0,5
7466,275,2025,9,20,18,1,1,2
7467,275,2025,10,22,17,3,2,0
7468,275,2025,11,20,18,2,0,6
7469,275,2025,12,21,19,0,2,2
7470,276,2022,5,21,16,4,1,4
7471,276,2022,6,23,22,1,0,7
7472,276,2022,7,20,16,4,0,6
7473,276,2022,8,21,16,4,1,4
7474,276,2022,9,23,21,0,2,1
7475,276,2022,10,23,19,4,0,8
7476,276,2022,11,21,20,0,1,7
7477,276,2022,12,23,19,2,2,4
7478,276,2023,1,20,19,0,1,2
7479,276,2023,2,22,20,1,1,1
7480,276,2023,3,21,18,3,0,3
7481,276,2023,4,22,20,0,2,7
7482,276,2023,5,22,19,1,2,2
7483,276,2023,6,21,18,2,1,0
7484,276,2023,7,21,20,0,1,7
7485,276,2023,8,23,21,0,2,1
7486,276,2023,9,21,21,0,0,6
7487,276,2023,10,23,19,4,0,0
7488,276,2023,11,21,17,4,0,6
7489,276,2023,12,22,20,2,0,7
7490,276,2024,1,22,18,3,1,6
7491,276,2024,2,20,15,3,2,8
7492,276,2024,3,21,19,2,0,7
7493,276,2024,4,23,21,1,1,4
7494,276,2024,5,23,19,4,0,8
7495,276,2024,6,23,21,1,1,8
7496,276,2024,7,21,18,1,2,7
7497,276,2024,8,23,19,3,1,8
7498,276,2024,9,22,18,2,2,5
7499,276,2024,10,21,15,4,2,2
7500,276,2024,11,23,19,2,2,8
7501,276,2024,12,22,19,1,2,5
7502,276,2025,1,21,17,4,0,1
7503,276,2025,2,20,16,3,1,1
7504,276,2025,3,20,18,2,0,7
7505,276,2025,4,23,18,4,1,1
7506,276,2025,5,23,21,1,1,1
7507,276,2025,6,22,20,0,2,0
7508,276,2025,7,22,17,4,1,8
7509,276,2025,8,22,17,4,1,8
7510,276,2025,9,21,20,1,0,2
7511,276,2025,10,22,19,2,1,6
7512,276,2025,11,23,18,3,2,4
7513,276,2025,12,23,22,1,0,8
7514,277,2025,8,21,20,1,0,0
7515,277,2025,9,21,16,4,1,4
7516,277,2025,10,21,19,0,2,6
7517,277,2025,11,20,19,1,0,8
7518,277,2025,12,20,16,4,0,8
7519,278,2023,12,23,23,0,0,2
7520,278,2024,1,23,19,2,2,3
7521,278,2024,2,22,19,2,1,3
7522,278,2024,3,23,20,2,1,1
7523,278,2024,4,23,19,2,2,3
7524,278,2024,5,20,18,1,1,7
7525,278,2024,6,22,16,4,2,3
7526,278,2024,7,21,18,3,0,4
7527,278,2024,8,22,21,1,0,6
7528,278,2024,9,22,19,2,1,0
7529,278,2024,10,21,19,0,2,8
7530,278,2024,11,23,19,4,0,5
7531,278,2024,12,23,21,1,1,4
7532,278,2025,1,21,19,2,0,0
7533,278,2025,2,23,20,1,2,1
7534,278,2025,3,20,17,2,1,6
7535,278,2025,4,22,21,1,0,6
7536,278,2025,5,20,18,2,0,3
7537,278,2025,6,21,18,2,1,8
7538,278,2025,7,20,15,3,2,1
7539,278,2025,8,20,17,1,2,2
7540,278,2025,9,23,18,4,1,8
7541,278,2025,10,20,18,2,0,4
7542,278,2025,11,22,21,0,1,8
7543,278,2025,12,20,17,3,0,3
7544,279,2023,12,22,19,2,1,6
7545,279,2024,1,20,17,1,2,7
7546,279,2024,2,21,20,0,1,4
7547,279,2024,3,23,20,2,1,0
7548,279,2024,4,22,17,3,2,0
7549,279,2024,5,21,19,0,2,2
7550,279,2024,6,22,18,4,0,7
7551,279,2024,7,21,19,2,0,3
7552,279,2024,8,21,19,1,1,0
7553,279,2024,9,23,22,1,0,1
7554,279,2024,10,22,17,3,2,5
7555,279,2024,11,22,21,0,1,1
7556,279,2024,12,23,21,0,2,3
7557,279,2025,1,23,17,4,2,4
7558,279,2025,2,21,21,0,0,6
7559,279,2025,3,20,19,1,0,3
7560,279,2025,4,23,17,4,2,1
7561,279,2025,5,20,19,0,1,0
7562,279,2025,6,21,16,4,1,6
7563,279,2025,7,21,18,3,0,1
7564,279,2025,8,21,18,3,0,1
7565,279,2025,9,22,22,0,0,4
7566,279,2025,10,20,17,2,1,5
7567,279,2025,11,20,18,2,0,4
7568,279,2025,12,21,17,3,1,5
7569,280,2025,2,20,20,0,0,7
7570,280,2025,3,23,19,4,0,3
7571,280,2025,4,20,16,4,0,3
7572,280,2025,5,23,21,0,2,3
7573,280,2025,6,22,19,1,2,4
7574,280,2025,7,23,21,2,0,8
7575,280,2025,8,22,19,2,1,3
7576,280,2025,9,22,17,3,2,5
7577,280,2025,10,21,21,0,0,6
7578,280,2025,11,22,18,4,0,2
7579,280,2025,12,21,19,2,0,0
7580,281,2022,5,23,17,4,2,7
7581,281,2022,6,22,19,3,0,4
7582,281,2022,7,23,19,4,0,0
7583,281,2022,8,20,17,3,0,0
7584,281,2022,9,20,17,1,2,2
7585,281,2022,10,23,21,1,1,1
7586,281,2022,11,20,18,2,0,4
7587,281,2022,12,22,20,2,0,6
7588,281,2023,1,21,18,2,1,5
7589,281,2023,2,22,18,4,0,6
7590,281,2023,3,20,18,0,2,1
7591,281,2023,4,21,19,1,1,1
7592,281,2023,5,22,19,2,1,3
7593,281,2023,6,23,23,0,0,6
7594,281,2023,7,20,19,1,0,3
7595,281,2023,8,21,15,4,2,5
7596,281,2023,9,20,16,4,0,2
7597,281,2023,10,23,18,3,2,1
7598,281,2023,11,20,16,3,1,4
7599,281,2023,12,23,20,3,0,3
7600,281,2024,1,23,17,4,2,3
7601,281,2024,2,20,16,2,2,4
7602,281,2024,3,22,20,1,1,1
7603,281,2024,4,23,22,0,1,5
7604,281,2024,5,21,18,2,1,2
7605,281,2024,6,22,19,3,0,0
7606,281,2024,7,22,18,3,1,6
7607,281,2024,8,20,14,4,2,3
7608,281,2024,9,21,16,4,1,3
7609,281,2024,10,22,17,4,1,0
7610,281,2024,11,23,19,4,0,3
7611,281,2024,12,22,18,3,1,8
7612,281,2025,1,21,17,3,1,1
7613,281,2025,2,22,20,2,0,3
7614,281,2025,3,20,16,2,2,6
7615,281,2025,4,21,19,0,2,5
7616,281,2025,5,23,18,3,2,0
7617,281,2025,6,21,17,3,1,0
7618,281,2025,7,20,16,4,0,2
7619,281,2025,8,23,20,1,2,5
7620,281,2025,9,22,18,4,0,5
7621,281,2025,10,21,16,4,1,7
7622,281,2025,11,22,22,0,0,4
7623,281,2025,12,21,20,0,1,4
7624,282,2023,3,21,19,0,2,5
7625,282,2023,4,20,15,4,1,5
7626,282,2023,5,21,17,4,0,7
7627,282,2023,6,23,21,1,1,7
7628,282,2023,7,21,18,3,0,8
7629,282,2023,8,20,15,3,2,6
7630,282,2023,9,22,17,4,1,0
7631,282,2023,10,20,20,0,0,6
7632,282,2023,11,21,16,4,1,4
7633,282,2023,12,20,16,2,2,5
7634,282,2024,1,20,18,2,0,4
7635,282,2024,2,20,18,2,0,6
7636,282,2024,3,22,18,3,1,7
7637,282,2024,4,21,21,0,0,7
7638,282,2024,5,21,17,3,1,4
7639,282,2024,6,21,16,4,1,1
7640,282,2024,7,22,20,2,0,0
7641,282,2024,8,22,19,2,1,6
7642,282,2024,9,23,22,1,0,1
7643,282,2024,10,20,15,3,2,4
7644,282,2024,11,21,16,4,1,2
7645,282,2024,12,20,15,4,1,3
7646,282,2025,1,21,16,3,2,8
7647,282,2025,2,22,21,1,0,5
7648,282,2025,3,21,16,3,2,1
7649,282,2025,4,23,21,1,1,2
7650,282,2025,5,22,17,4,1,2
7651,282,2025,6,21,21,0,0,0
7652,282,2025,7,23,23,0,0,4
7653,282,2025,8,22,20,2,0,3
7654,282,2025,9,23,22,0,1,4
7655,282,2025,10,20,15,3,2,0
7656,282,2025,11,23,19,4,0,1
7657,282,2025,12,20,14,4,2,2
7658,283,2024,6,20,15,4,1,1
7659,283,2024,7,20,16,2,2,6
7660,283,2024,8,23,20,3,0,3
7661,283,2024,9,20,17,3,0,8
7662,283,2024,10,22,19,2,1,6
7663,283,2024,11,21,19,0,2,3
7664,283,2024,12,23,19,2,2,8
7665,283,2025,1,20,16,3,1,4
7666,283,2025,2,21,15,4,2,1
7667,283,2025,3,23,21,2,0,6
7668,283,2025,4,21,20,1,0,1
7669,283,2025,5,20,15,3,2,0
7670,283,2025,6,21,19,2,0,8
7671,283,2025,7,21,17,4,0,0
7672,283,2025,8,23,18,4,1,3
7673,283,2025,9,21,18,3,0,0
7674,283,2025,10,21,16,3,2,3
7675,283,2025,11,22,21,1,0,2
7676,283,2025,12,22,21,1,0,5
7677,284,2022,12,20,20,0,0,4
7678,284,2023,1,21,19,0,2,7
7679,284,2023,2,23,21,1,1,2
7680,284,2023,3,22,16,4,2,8
7681,284,2023,4,23,18,4,1,5
7682,284,2023,5,20,19,0,1,5
7683,284,2023,6,21,19,1,1,6
7684,284,2023,7,20,17,3,0,4
7685,284,2023,8,21,17,3,1,5
7686,284,2023,9,21,18,2,1,0
7687,284,2023,10,23,18,3,2,7
7688,284,2023,11,20,15,3,2,3
7689,284,2023,12,22,18,4,0,3
7690,284,2024,1,22,20,0,2,6
7691,284,2024,2,23,20,2,1,0
7692,284,2024,3,23,21,1,1,3
7693,284,2024,4,20,16,4,0,7
7694,284,2024,5,22,18,2,2,7
7695,284,2024,6,23,22,1,0,1
7696,284,2024,7,21,17,4,0,3
7697,284,2024,8,20,19,1,0,0
7698,284,2024,9,21,21,0,0,8
7699,284,2024,10,21,18,1,2,2
7700,284,2024,11,21,17,3,1,4
7701,284,2024,12,20,16,4,0,8
7702,284,2025,1,22,19,3,0,0
7703,284,2025,2,23,21,2,0,5
7704,284,2025,3,22,18,4,0,6
7705,284,2025,4,22,21,1,0,1
7706,284,2025,5,23,19,4,0,2
7707,284,2025,6,22,17,4,1,7
7708,284,2025,7,20,17,3,0,8
7709,284,2025,8,23,18,4,1,4
7710,284,2025,9,22,17,4,1,2
7711,284,2025,10,23,23,0,0,7
7712,284,2025,11,23,19,2,2,3
7713,284,2025,12,21,18,3,0,5
7714,285,2022,8,20,14,4,2,4
7715,285,2022,9,21,17,4,0,1
7716,285,2022,10,21,16,4,1,8
7717,285,2022,11,23,19,2,2,3
7718,285,2022,12,22,17,3,2,3
7719,285,2023,1,20,18,0,2,8
7720,285,2023,2,20,20,0,0,5
7721,285,2023,3,21,20,0,1,1
7722,285,2023,4,23,21,0,2,8
7723,285,2023,5,21,19,0,2,2
7724,285,2023,6,20,14,4,2,2
7725,285,2023,7,20,15,4,1,1
7726,285,2023,8,23,18,4,1,8
7727,285,2023,9,23,20,2,1,0
7728,285,2023,10,20,18,1,1,2
7729,285,2023,11,23,19,2,2,2
7730,285,2023,12,22,16,4,2,4
7731,285,2024,1,22,22,0,0,3
7732,285,2024,2,22,21,0,1,8
7733,285,2024,3,20,16,3,1,6
7734,285,2024,4,22,16,4,2,6
7735,285,2024,5,21,18,2,1,6
7736,285,2024,6,21,18,2,1,7
7737,285,2024,7,21,16,3,2,1
7738,285,2024,8,22,19,3,0,3
7739,285,2024,9,20,17,2,1,6
7740,285,2024,10,20,15,3,2,4
7741,285,2024,11,22,20,2,0,7
7742,285,2024,12,20,16,3,1,0
7743,285,2025,1,21,16,3,2,2
7744,285,2025,2,21,20,0,1,6
7745,285,2025,3,20,18,1,1,4
7746,285,2025,4,22,19,1,2,1
7747,285,2025,5,23,20,3,0,2
7748,285,2025,6,23,22,1,0,4
7749,285,2025,7,20,16,2,2,2
7750,285,2025,8,21,19,2,0,1
7751,285,2025,9,22,17,4,1,3
7752,285,2025,10,23,23,0,0,1
7753,285,2025,11,21,19,1,1,5
7754,285,2025,12,23,21,2,0,1
7755,286,2022,11,23,23,0,0,6
7756,286,2022,12,23,21,0,2,5
7757,286,2023,1,23,21,2,0,8
7758,286,2023,2,23,22,0,1,8
7759,286,2023,3,22,21,1,0,7
7760,286,2023,4,22,20,1,1,5
7761,286,2023,5,23,22,1,0,1
7762,286,2023,6,20,18,1,1,2
7763,286,2023,7,20,16,3,1,4
7764,286,2023,8,21,16,4,1,1
7765,286,2023,9,22,20,0,2,4
7766,286,2023,10,23,20,3,0,5
7767,286,2023,11,20,18,1,1,1
7768,286,2023,12,23,20,2,1,4
7769,286,2024,1,20,16,2,2,1
7770,286,2024,2,22,20,1,1,8
7771,286,2024,3,22,16,4,2,8
7772,286,2024,4,20,15,3,2,2
7773,286,2024,5,22,18,3,1,8
7774,286,2024,6,21,19,1,1,7
7775,286,2024,7,21,18,2,1,8
7776,286,2024,8,22,19,1,2,6
7777,286,2024,9,22,19,2,1,0
7778,286,2024,10,20,20,0,0,7
7779,286,2024,11,22,21,1,0,8
7780,286,2024,12,20,16,2,2,4
7781,286,2025,1,22,19,3,0,0
7782,286,2025,2,23,21,2,0,1
7783,286,2025,3,20,16,2,2,0
7784,286,2025,4,23,22,1,0,1
7785,286,2025,5,23,19,4,0,1
7786,286,2025,6,23,21,1,1,2
7787,286,2025,7,22,19,1,2,0
7788,286,2025,8,23,23,0,0,5
7789,286,2025,9,21,18,3,0,7
7790,286,2025,10,23,18,4,1,8
7791,286,2025,11,21,16,3,2,0
7792,286,2025,12,21,16,3,2,5
7793,287,2021,11,23,19,4,0,2
7794,287,2021,12,22,19,3,0,6
7795,287,2022,1,23,22,1,0,8
7796,288,2022,9,23,21,0,2,8
7797,288,2022,10,21,21,0,0,2
7798,288,2022,11,22,21,1,0,8
7799,288,2022,12,23,17,4,2,1
7800,288,2023,1,20,15,4,1,8
7801,288,2023,2,23,21,2,0,4
7802,288,2023,3,21,16,3,2,5
7803,288,2023,4,22,20,2,0,4
7804,288,2023,5,21,17,2,2,4
7805,288,2023,6,23,21,2,0,0
7806,288,2023,7,22,18,2,2,7
7807,288,2023,8,22,18,2,2,4
7808,288,2023,9,23,20,3,0,3
7809,288,2023,10,23,20,2,1,3
7810,288,2023,11,20,18,1,1,3
7811,288,2023,12,22,20,2,0,2
7812,288,2024,1,21,18,1,2,8
7813,288,2024,2,22,17,3,2,1
7814,288,2024,3,23,19,3,1,0
7815,288,2024,4,20,16,3,1,0
7816,288,2024,5,23,19,3,1,3
7817,288,2024,6,21,21,0,0,0
7818,288,2024,7,20,19,0,1,3
7819,288,2024,8,23,21,2,0,5
7820,288,2024,9,23,20,2,1,3
7821,288,2024,10,20,16,3,1,0
7822,288,2024,11,21,20,1,0,7
7823,288,2024,12,20,15,3,2,2
7824,288,2025,1,20,18,0,2,1
7825,288,2025,2,22,21,0,1,3
7826,288,2025,3,23,19,4,0,7
7827,289,2023,9,23,19,2,2,4
7828,289,2023,10,20,17,3,0,1
7829,289,2023,11,22,20,1,1,3
7830,289,2023,12,20,16,2,2,5
7831,289,2024,1,21,19,2,0,8
7832,289,2024,2,22,19,3,0,1
7833,289,2024,3,20,15,4,1,1
7834,289,2024,4,22,21,1,0,7
7835,290,2023,4,21,19,2,0,8
7836,290,2023,5,22,17,3,2,5
7837,290,2023,6,23,19,2,2,6
7838,290,2023,7,20,17,3,0,1
7839,290,2023,8,23,20,1,2,3
7840,290,2023,9,23,19,4,0,0
7841,290,2023,10,20,19,1,0,2
7842,290,2023,11,21,17,4,0,2
7843,290,2023,12,23,21,1,1,3
7844,290,2024,1,20,17,2,1,5
7845,290,2024,2,22,21,0,1,5
7846,290,2024,3,21,17,4,0,4
7847,290,2024,4,20,18,0,2,0
7848,290,2024,5,20,16,4,0,2
7849,290,2024,6,23,18,4,1,0
7850,290,2024,7,23,19,3,1,0
7851,290,2024,8,21,20,0,1,3
7852,290,2024,9,23,19,4,0,7
7853,290,2024,10,21,19,2,0,2
7854,290,2024,11,21,19,1,1,8
7855,290,2024,12,20,15,4,1,2
7856,290,2025,1,20,14,4,2,3
7857,290,2025,2,22,19,3,0,0
7858,290,2025,3,22,18,2,2,0
7859,290,2025,4,23,20,2,1,4
7860,290,2025,5,21,18,3,0,7
7861,290,2025,6,20,15,4,1,3
7862,290,2025,7,23,22,1,0,6
7863,290,2025,8,22,17,4,1,8
7864,290,2025,9,20,14,4,2,5
7865,290,2025,10,22,20,0,2,3
7866,290,2025,11,20,16,2,2,2
7867,290,2025,12,20,15,3,2,8
7868,291,2024,12,20,16,4,0,8
7869,291,2025,1,22,17,3,2,0
7870,291,2025,2,21,17,4,0,3
7871,291,2025,3,21,17,2,2,5
7872,291,2025,4,20,18,1,1,3
7873,291,2025,5,23,17,4,2,3
7874,291,2025,6,21,17,3,1,8
7875,291,2025,7,20,19,0,1,5
7876,291,2025,8,23,22,0,1,3
7877,291,2025,9,22,21,0,1,8
7878,291,2025,10,22,20,2,0,2
7879,291,2025,11,21,19,2,0,5
7880,291,2025,12,23,21,0,2,7
7881,292,2025,8,22,16,4,2,1
7882,292,2025,9,23,17,4,2,4
7883,292,2025,10,23,20,1,2,8
7884,293,2021,8,22,21,1,0,8
7885,293,2021,9,23,20,1,2,2
7886,293,2021,10,21,20,1,0,0
7887,293,2021,11,23,19,3,1,5
7888,293,2021,12,23,20,1,2,0
7889,293,2022,1,20,18,1,1,6
7890,293,2022,2,23,19,3,1,4
7891,293,2022,3,21,18,2,1,8
7892,293,2022,4,22,18,2,2,2
7893,293,2022,5,21,17,3,1,4
7894,293,2022,6,20,16,4,0,5
7895,293,2022,7,22,19,2,1,1
7896,293,2022,8,21,18,2,1,3
7897,293,2022,9,23,21,2,0,2
7898,293,2022,10,21,20,1,0,3
7899,293,2022,11,23,21,2,0,7
7900,293,2022,12,22,21,1,0,6
7901,293,2023,1,23,17,4,2,5
7902,293,2023,2,23,22,0,1,5
7903,293,2023,3,21,18,2,1,0
7904,293,2023,4,22,19,2,1,8
7905,293,2023,5,21,17,3,1,3
7906,293,2023,6,22,20,1,1,6
7907,293,2023,7,21,18,1,2,2
7908,293,2023,8,21,20,1,0,2
7909,293,2023,9,23,18,3,2,7
7910,293,2023,10,21,18,3,0,4
7911,293,2023,11,22,17,4,1,2
7912,293,2023,12,20,16,2,2,8
7913,293,2024,1,22,17,4,1,7
7914,293,2024,2,20,16,2,2,5
7915,293,2024,3,22,20,1,1,2
7916,293,2024,4,22,17,4,1,8
7917,293,2024,5,23,20,1,2,7
7918,293,2024,6,20,16,4,0,3
7919,293,2024,7,23,22,0,1,4
7920,293,2024,8,23,19,3,1,6
7921,293,2024,9,23,20,3,0,1
7922,293,2024,10,21,16,3,2,1
7923,293,2024,11,22,21,1,0,1
7924,293,2024,12,23,18,4,1,3
7925,293,2025,1,21,16,4,1,6
7926,293,2025,2,20,17,1,2,6
7927,293,2025,3,22,20,1,1,4
7928,293,2025,4,22,17,4,1,1
7929,293,2025,5,22,20,0,2,4
7930,293,2025,6,20,16,3,1,6
7931,293,2025,7,20,15,3,2,2
7932,293,2025,8,23,17,4,2,2
7933,293,2025,9,20,17,1,2,8
7934,293,2025,10,21,16,4,1,8
7935,293,2025,11,23,20,3,0,5
7936,293,2025,12,23,19,4,0,0
7937,294,2021,8,22,21,0,1,1
7938,294,2021,9,21,21,0,0,3
7939,294,2021,10,20,15,3,2,7
7940,294,2021,11,21,17,3,1,3
7941,294,2021,12,21,21,0,0,5
7942,294,2022,1,20,15,3,2,2
7943,294,2022,2,22,18,2,2,1
7944,294,2022,3,23,21,0,2,2
7945,294,2022,4,21,16,3,2,1
7946,294,2022,5,22,17,3,2,0
7947,294,2022,6,22,18,4,0,3
7948,294,2022,7,22,17,3,2,8
7949,294,2022,8,20,18,1,1,7
7950,294,2022,9,20,17,2,1,2
7951,294,2022,10,20,17,2,1,0
7952,294,2022,11,20,16,4,0,7
7953,294,2022,12,22,17,3,2,7
7954,294,2023,1,20,16,3,1,0
7955,294,2023,2,21,19,1,1,0
7956,294,2023,3,20,16,2,2,5
7957,294,2023,4,22,21,0,1,5
7958,294,2023,5,22,17,4,1,3
7959,294,2023,6,20,15,3,2,3
7960,294,2023,7,23,18,4,1,1
7961,294,2023,8,22,19,1,2,6
7962,294,2023,9,22,17,3,2,6
7963,294,2023,10,21,19,0,2,2
7964,294,2023,11,20,17,2,1,3
7965,294,2023,12,23,18,3,2,1
7966,294,2024,1,21,16,3,2,4
7967,294,2024,2,21,19,1,1,7
7968,294,2024,3,22,21,0,1,3
7969,294,2024,4,23,22,1,0,3
7970,294,2024,5,23,19,2,2,2
7971,294,2024,6,23,21,1,1,0
7972,294,2024,7,23,21,0,2,6
7973,294,2024,8,20,19,1,0,4
7974,294,2024,9,23,17,4,2,5
7975,294,2024,10,20,15,4,1,4
7976,294,2024,11,23,21,1,1,1
7977,294,2024,12,23,18,4,1,6
7978,294,2025,1,23,23,0,0,4
7979,294,2025,2,22,20,0,2,2
7980,294,2025,3,20,15,3,2,4
7981,294,2025,4,23,23,0,0,3
7982,294,2025,5,20,17,3,0,2
7983,294,2025,6,21,19,1,1,2
7984,294,2025,7,22,21,1,0,6
7985,294,2025,8,23,22,0,1,0
7986,294,2025,9,22,21,0,1,3
7987,294,2025,10,20,16,4,0,5
7988,294,2025,11,22,17,4,1,2
7989,294,2025,12,20,15,3,2,8
7990,295,2021,4,21,16,3,2,8
7991,295,2021,5,21,20,1,0,3
7992,295,2021,6,23,18,4,1,1
7993,295,2021,7,21,16,3,2,7
7994,295,2021,8,23,21,1,1,0
7995,295,2021,9,22,19,3,0,6
7996,295,2021,10,21,20,0,1,0
7997,295,2021,11,23,19,2,2,8
7998,295,2021,12,20,20,0,0,5
7999,295,2022,1,20,20,0,0,8
8000,295,2022,2,21,19,1,1,0
8001,295,2022,3,23,20,2,1,1
8002,295,2022,4,22,21,0,1,4
8003,295,2022,5,20,15,3,2,3
8004,295,2022,6,21,18,3,0,7
8005,295,2022,7,23,18,4,1,6
8006,295,2022,8,20,16,2,2,1
8007,295,2022,9,20,16,4,0,6
8008,295,2022,10,22,20,1,1,5
8009,295,2022,11,23,21,1,1,3
8010,295,2022,12,22,18,4,0,8
8011,295,2023,1,21,17,4,0,3
8012,295,2023,2,20,18,0,2,1
8013,295,2023,3,22,17,3,2,0
8014,295,2023,4,22,19,1,2,6
8015,296,2021,9,22,17,4,1,1
8016,296,2021,10,21,19,0,2,6
8017,296,2021,11,21,17,2,2,1
8018,296,2021,12,20,18,0,2,2
8019,296,2022,1,21,18,3,0,8
8020,296,2022,2,20,17,1,2,3
8021,296,2022,3,23,22,0,1,3
8022,296,2022,4,21,21,0,0,8
8023,296,2022,5,23,21,1,1,3
8024,296,2022,6,22,21,0,1,4
8025,296,2022,7,21,17,4,0,1
8026,296,2022,8,22,19,1,2,8
8027,296,2022,9,21,17,2,2,6
8028,296,2022,10,23,21,0,2,0
8029,296,2022,11,20,17,2,1,2
8030,296,2022,12,20,19,0,1,5
8031,296,2023,1,21,21,0,0,3
8032,296,2023,2,22,21,0,1,2
8033,296,2023,3,23,17,4,2,1
8034,296,2023,4,21,19,0,2,8
8035,296,2023,5,20,19,0,1,6
8036,296,2023,6,21,17,4,0,5
8037,296,2023,7,21,21,0,0,7
8038,296,2023,8,21,16,4,1,8
8039,296,2023,9,20,16,2,2,6
8040,296,2023,10,20,15,4,1,5
8041,296,2023,11,23,17,4,2,4
8042,296,2023,12,22,22,0,0,6
8043,296,2024,1,21,21,0,0,1
8044,296,2024,2,21,19,0,2,0
8045,296,2024,3,21,19,2,0,7
8046,296,2024,4,20,16,4,0,6
8047,296,2024,5,21,18,1,2,4
8048,296,2024,6,21,20,1,0,8
8049,296,2024,7,22,17,4,1,0
8050,296,2024,8,20,20,0,0,6
8051,296,2024,9,21,20,1,0,4
8052,296,2024,10,22,17,4,1,7
8053,296,2024,11,20,16,3,1,0
8054,296,2024,12,23,20,2,1,6
8055,296,2025,1,21,18,2,1,1
8056,296,2025,2,21,17,2,2,7
8057,296,2025,3,21,20,1,0,0
8058,296,2025,4,20,19,1,0,8
8059,296,2025,5,20,16,2,2,5
8060,296,2025,6,20,17,3,0,8
8061,296,2025,7,20,18,2,0,6
8062,296,2025,8,20,18,2,0,5
8063,296,2025,9,20,15,3,2,0
8064,296,2025,10,21,19,1,1,6
8065,296,2025,11,20,16,3,1,5
8066,296,2025,12,21,20,1,0,2
8067,297,2021,8,20,14,4,2,1
8068,297,2021,9,20,20,0,0,0
8069,297,2021,10,21,19,2,0,5
8070,297,2021,11,23,21,1,1,1
8071,297,2021,12,22,19,3,0,5
8072,297,2022,1,23,21,2,0,0
8073,297,2022,2,23,22,1,0,3
8074,297,2022,3,21,19,0,2,2
8075,297,2022,4,23,22,1,0,4
8076,297,2022,5,23,21,2,0,3
8077,297,2022,6,23,20,2,1,5
8078,297,2022,7,22,21,0,1,3
8079,297,2022,8,23,18,3,2,0
8080,297,2022,9,22,19,1,2,2
8081,297,2022,10,23,19,3,1,3
8082,298,2021,4,21,16,4,1,4
8083,298,2021,5,21,16,4,1,2
8084,298,2021,6,21,19,2,0,7
8085,298,2021,7,21,17,3,1,5
8086,298,2021,8,23,17,4,2,4
8087,298,2021,9,20,15,4,1,1
8088,298,2021,10,22,16,4,2,5
8089,298,2021,11,22,16,4,2,1
8090,298,2021,12,21,17,2,2,7
8091,298,2022,1,22,17,4,1,7
8092,298,2022,2,23,17,4,2,8
8093,298,2022,3,20,17,2,1,2
8094,298,2022,4,21,20,0,1,1
8095,298,2022,5,22,18,3,1,8
8096,298,2022,6,20,17,1,2,0
8097,298,2022,7,21,18,3,0,3
8098,298,2022,8,21,19,0,2,2
8099,298,2022,9,20,16,2,2,2
8100,298,2022,10,21,19,1,1,3
8101,298,2022,11,21,17,3,1,2
8102,298,2022,12,21,18,1,2,5
8103,298,2023,1,23,19,2,2,6
8104,298,2023,2,22,19,3,0,4
8105,298,2023,3,21,21,0,0,6
8106,298,2023,4,20,18,0,2,6
8107,298,2023,5,23,20,1,2,2
8108,298,2023,6,21,18,3,0,1
8109,298,2023,7,23,20,3,0,7
8110,298,2023,8,20,15,4,1,5
8111,298,2023,9,23,23,0,0,2
8112,298,2023,10,20,17,2,1,1
8113,298,2023,11,23,21,2,0,0
8114,298,2023,12,21,18,3,0,7
8115,298,2024,1,20,17,2,1,8
8116,298,2024,2,20,16,4,0,0
8117,298,2024,3,20,19,1,0,4
8118,298,2024,4,20,14,4,2,4
8119,298,2024,5,23,20,3,0,3
8120,298,2024,6,22,21,0,1,2
8121,298,2024,7,21,19,2,0,4
8122,298,2024,8,21,18,2,1,2
8123,298,2024,9,20,17,1,2,2
8124,298,2024,10,21,18,2,1,5
8125,298,2024,11,20,17,3,0,7
8126,298,2024,12,23,21,2,0,5
8127,298,2025,1,22,22,0,0,1
8128,298,2025,2,23,20,3,0,1
8129,298,2025,3,21,19,0,2,2
8130,298,2025,4,22,20,0,2,3
8131,298,2025,5,23,22,1,0,6
8132,298,2025,6,20,14,4,2,1
8133,298,2025,7,22,17,4,1,5
8134,298,2025,8,22,22,0,0,3
8135,298,2025,9,20,18,1,1,7
8136,298,2025,10,20,18,1,1,6
8137,298,2025,11,20,18,1,1,7
8138,298,2025,12,20,18,2,0,1
8139,299,2021,11,21,17,2,2,5
8140,299,2021,12,20,16,3,1,4
8141,299,2022,1,23,21,2,0,3
8142,299,2022,2,23,19,2,2,7
8143,299,2022,3,21,20,0,1,7
8144,299,2022,4,23,18,4,1,4
8145,299,2022,5,21,20,1,0,4
8146,299,2022,6,23,17,4,2,4
8147,299,2022,7,22,19,3,0,5
8148,299,2022,8,22,21,0,1,4
8149,299,2022,9,23,19,2,2,1
8150,299,2022,10,20,19,1,0,8
8151,299,2022,11,22,16,4,2,2
8152,299,2022,12,20,19,0,1,0
8153,299,2023,1,20,19,0,1,8
8154,299,2023,2,21,20,1,0,7
8155,299,2023,3,21,17,2,2,2
8156,299,2023,4,23,21,1,1,5
8157,299,2023,5,23,20,3,0,7
8158,299,2023,6,22,18,3,1,0
8159,299,2023,7,23,20,1,2,2
8160,299,2023,8,22,18,3,1,5
8161,299,2023,9,21,17,2,2,3
8162,299,2023,10,20,17,2,1,8
8163,299,2023,11,22,19,3,0,4
8164,299,2023,12,21,17,4,0,1
8165,299,2024,1,21,18,3,0,4
8166,299,2024,2,22,21,1,0,1
8167,299,2024,3,23,20,1,2,0
8168,299,2024,4,22,17,3,2,2
8169,299,2024,5,21,18,1,2,5
8170,299,2024,6,20,14,4,2,3
8171,299,2024,7,20,16,3,1,6
8172,299,2024,8,20,15,4,1,3
8173,299,2024,9,23,19,2,2,0
8174,299,2024,10,22,19,1,2,5
8175,299,2024,11,22,22,0,0,8
8176,299,2024,12,22,20,2,0,8
8177,299,2025,1,22,19,2,1,2
8178,299,2025,2,23,21,2,0,5
8179,299,2025,3,22,19,2,1,0
8180,299,2025,4,20,16,3,1,6
8181,299,2025,5,23,19,2,2,3
8182,299,2025,6,21,20,1,0,2
8183,299,2025,7,22,19,2,1,0
8184,299,2025,8,20,18,0,2,0
8185,299,2025,9,21,18,2,1,1
8186,299,2025,10,23,20,2,1,5
8187,299,2025,11,20,14,4,2,4
8188,299,2025,12,21,18,3,0,3
8189,300,2023,6,21,19,0,2,3
8190,300,2023,7,22,17,3,2,2
8191,300,2023,8,21,21,0,0,0
8192,300,2023,9,22,19,2,1,6
8193,300,2023,10,22,19,1,2,2
8194,300,2023,11,20,18,2,0,8
8195,300,2023,12,23,17,4,2,1
8196,300,2024,1,22,18,2,2,4
8197,300,2024,2,20,15,4,1,2
8198,300,2024,3,20,16,3,1,7
8199,300,2024,4,22,20,1,1,8
8200,300,2024,5,23,20,1,2,2
8201,300,2024,6,20,17,1,2,0
8202,300,2024,7,20,14,4,2,2
8203,300,2024,8,23,22,0,1,5
8204,300,2024,9,23,18,4,1,2
8205,300,2024,10,21,21,0,0,5
8206,300,2024,11,21,18,2,1,5
8207,300,2024,12,22,20,1,1,2
8208,300,2025,1,21,18,2,1,2
8209,300,2025,2,21,19,1,1,2
8210,300,2025,3,23,21,0,2,0
8211,300,2025,4,20,19,1,0,7
8212,300,2025,5,22,21,1,0,2
8213,300,2025,6,22,22,0,0,4
8214,300,2025,7,21,15,4,2,7
8215,300,2025,8,22,20,2,0,2
8216,300,2025,9,23,21,0,2,7
8217,300,2025,10,21,19,0,2,8
8218,300,2025,11,23,19,3,1,6
8219,300,2025,12,23,22,1,0,0
8220,301,2021,12,23,18,3,2,2
8221,301,2022,1,22,20,0,2,7
8222,301,2022,2,22,20,1,1,0
8223,301,2022,3,22,22,0,0,4
8224,301,2022,4,21,20,0,1,8
8225,301,2022,5,21,19,0,2,3
8226,301,2022,6,23,22,1,0,0
8227,301,2022,7,21,21,0,0,3
8228,301,2022,8,22,20,0,2,8
8229,301,2022,9,22,17,4,1,6
8230,301,2022,10,22,19,3,0,2
8231,301,2022,11,23,18,4,1,4
8232,301,2022,12,22,22,0,0,7
8233,301,2023,1,20,19,1,0,6
8234,301,2023,2,21,17,2,2,2
8235,301,2023,3,20,20,0,0,7
8236,301,2023,4,20,18,2,0,0
8237,301,2023,5,21,15,4,2,2
8238,301,2023,6,20,18,0,2,2
8239,301,2023,7,20,18,2,0,5
8240,301,2023,8,20,17,1,2,5
8241,301,2023,9,21,20,1,0,7
8242,301,2023,10,23,21,2,0,2
8243,301,2023,11,23,19,2,2,4
8244,301,2023,12,22,17,3,2,7
8245,301,2024,1,22,17,3,2,3
8246,301,2024,2,21,19,1,1,6
8247,301,2024,3,21,19,1,1,1
8248,301,2024,4,20,18,1,1,0
8249,301,2024,5,20,18,1,1,2
8250,301,2024,6,21,20,1,0,3
8251,301,2024,7,23,17,4,2,3
8252,301,2024,8,22,18,2,2,8
8253,301,2024,9,22,22,0,0,0
8254,301,2024,10,20,18,2,0,1
8255,301,2024,11,20,14,4,2,8
8256,301,2024,12,23,21,1,1,4
8257,301,2025,1,22,17,3,2,3
8258,301,2025,2,20,20,0,0,4
8259,301,2025,3,22,22,0,0,1
8260,301,2025,4,23,19,3,1,6
8261,301,2025,5,23,20,3,0,7
8262,301,2025,6,20,16,2,2,4
8263,301,2025,7,20,14,4,2,4
8264,301,2025,8,20,14,4,2,0
8265,301,2025,9,23,19,3,1,4
8266,301,2025,10,22,17,3,2,8
8267,301,2025,11,22,20,1,1,5
8268,301,2025,12,23,21,1,1,4
8269,302,2025,4,22,19,2,1,5
8270,302,2025,5,22,21,1,0,1
8271,302,2025,6,20,16,3,1,8
8272,302,2025,7,21,18,1,2,7
8273,302,2025,8,23,19,4,0,8
8274,302,2025,9,23,22,0,1,5
8275,302,2025,10,20,19,0,1,8
8276,302,2025,11,21,18,3,0,5
8277,302,2025,12,22,17,4,1,0
8278,303,2023,5,21,20,1,0,7
8279,303,2023,6,23,17,4,2,6
8280,303,2023,7,22,17,4,1,3
8281,303,2023,8,21,17,3,1,4
8282,303,2023,9,21,17,4,0,7
8283,303,2023,10,22,18,2,2,5
8284,303,2023,11,20,15,4,1,5
8285,303,2023,12,21,20,1,0,5
8286,303,2024,1,23,21,2,0,7
8287,303,2024,2,22,16,4,2,0
8288,303,2024,3,20,15,3,2,4
8289,303,2024,4,20,15,3,2,4
8290,303,2024,5,22,20,0,2,0
8291,303,2024,6,21,18,3,0,5
8292,303,2024,7,23,20,1,2,3
8293,303,2024,8,23,18,3,2,5
8294,303,2024,9,23,21,0,2,7
8295,303,2024,10,21,20,1,0,1
8296,303,2024,11,22,18,3,1,0
8297,303,2024,12,23,18,3,2,2
8298,303,2025,1,23,21,0,2,1
8299,303,2025,2,23,19,2,2,7
8300,303,2025,3,22,17,4,1,8
8301,303,2025,4,23,20,2,1,1
8302,303,2025,5,22,16,4,2,5
8303,303,2025,6,20,18,2,0,2
8304,303,2025,7,21,21,0,0,5
8305,303,2025,8,23,21,0,2,7
8306,303,2025,9,22,20,0,2,4
8307,303,2025,10,21,16,4,1,1
8308,303,2025,11,21,18,1,2,3
8309,303,2025,12,22,19,3,0,6
8310,304,2023,10,23,19,2,2,7
8311,304,2023,11,20,18,2,0,7
8312,304,2023,12,20,18,1,1,0
8313,304,2024,1,22,18,3,1,7
8314,304,2024,2,21,20,0,1,0
8315,304,2024,3,22,20,0,2,6
8316,304,2024,4,20,17,1,2,4
8317,304,2024,5,22,19,1,2,2
8318,304,2024,6,23,18,3,2,3
8319,304,2024,7,23,22,0,1,0
8320,304,2024,8,20,15,4,1,6
8321,304,2024,9,22,19,2,1,6
8322,304,2024,10,20,18,2,0,1
8323,304,2024,11,23,19,2,2,2
8324,304,2024,12,22,20,1,1,4
8325,304,2025,1,20,15,4,1,3
8326,304,2025,2,21,16,4,1,2
8327,304,2025,3,22,16,4,2,2
8328,304,2025,4,22,20,1,1,4
8329,304,2025,5,20,19,1,0,8
8330,304,2025,6,22,18,2,2,4
8331,304,2025,7,21,15,4,2,0
8332,304,2025,8,22,20,0,2,3
8333,304,2025,9,20,18,2,0,3
8334,304,2025,10,23,22,1,0,2
8335,304,2025,11,21,16,3,2,4
8336,304,2025,12,23,21,1,1,8
8337,305,2025,5,23,21,1,1,6
8338,305,2025,6,20,16,4,0,2
8339,305,2025,7,21,19,0,2,5
8340,305,2025,8,21,18,1,2,8
8341,306,2021,3,22,18,3,1,8
8342,306,2021,4,23,19,3,1,8
8343,306,2021,5,22,18,4,0,0
8344,306,2021,6,22,18,2,2,3
8345,306,2021,7,21,20,0,1,3
8346,306,2021,8,22,17,4,1,1
8347,306,2021,9,23,20,1,2,3
8348,306,2021,10,21,19,1,1,4
8349,306,2021,11,22,16,4,2,1
8350,306,2021,12,23,17,4,2,5
8351,306,2022,1,22,20,1,1,1
8352,306,2022,2,20,18,1,1,8
8353,306,2022,3,21,15,4,2,2
8354,306,2022,4,20,15,3,2,6
8355,306,2022,5,22,20,0,2,4
8356,306,2022,6,22,21,0,1,7
8357,306,2022,7,20,16,3,1,7
8358,306,2022,8,21,16,3,2,4
8359,306,2022,9,23,18,4,1,0
8360,306,2022,10,21,17,4,0,0
8361,306,2022,11,23,19,4,0,3
8362,306,2022,12,22,19,1,2,4
8363,306,2023,1,23,20,3,0,4
8364,306,2023,2,23,21,1,1,4
8365,306,2023,3,23,22,1,0,2
8366,306,2023,4,20,16,3,1,8
8367,306,2023,5,20,16,2,2,0
8368,306,2023,6,21,17,2,2,1
8369,306,2023,7,21,18,2,1,0
8370,306,2023,8,22,20,2,0,0
8371,306,2023,9,20,16,2,2,3
8372,306,2023,10,22,18,2,2,6
8373,306,2023,11,23,22,0,1,7
8374,306,2023,12,21,21,0,0,1
8375,306,2024,1,21,16,3,2,0
8376,306,2024,2,23,17,4,2,1
8377,306,2024,3,23,17,4,2,6
8378,306,2024,4,21,17,4,0,8
8379,306,2024,5,22,17,3,2,2
8380,306,2024,6,20,16,3,1,6
8381,306,2024,7,23,20,2,1,5
8382,306,2024,8,23,19,3,1,2
8383,306,2024,9,23,21,2,0,0
8384,306,2024,10,20,16,3,1,1
8385,306,2024,11,23,21,0,2,3
8386,306,2024,12,22,17,3,2,4
8387,306,2025,1,20,17,2,1,1
8388,306,2025,2,22,18,2,2,8
8389,306,2025,3,23,22,0,1,8
8390,306,2025,4,20,19,1,0,8
8391,306,2025,5,20,15,4,1,4
8392,306,2025,6,22,22,0,0,6
8393,306,2025,7,21,18,1,2,4
8394,306,2025,8,20,15,3,2,0
8395,306,2025,9,21,19,2,0,5
8396,306,2025,10,20,18,0,2,6
8397,306,2025,11,23,19,4,0,5
8398,306,2025,12,21,16,3,2,3
8399,307,2023,12,23,21,2,0,4
8400,307,2024,1,20,18,2,0,0
8401,307,2024,2,22,20,1,1,7
8402,307,2024,3,23,18,4,1,0
8403,307,2024,4,22,18,4,0,6
8404,307,2024,5,21,21,0,0,4
8405,307,2024,6,23,19,2,2,0
8406,307,2024,7,20,18,1,1,8
8407,307,2024,8,20,19,0,1,3
8408,307,2024,9,21,19,1,1,2
8409,307,2024,10,21,19,1,1,0
8410,307,2024,11,23,23,0,0,0
8411,307,2024,12,20,17,1,2,4
8412,307,2025,1,23,21,0,2,6
8413,307,2025,2,20,18,0,2,0
8414,307,2025,3,22,17,3,2,1
8415,307,2025,4,20,20,0,0,1
8416,307,2025,5,20,17,1,2,2
8417,307,2025,6,21,19,1,1,5
8418,307,2025,7,21,16,4,1,5
8419,307,2025,8,23,17,4,2,8
8420,307,2025,9,23,23,0,0,8
8421,307,2025,10,22,21,1,0,2
8422,307,2025,11,22,19,1,2,1
8423,307,2025,12,23,18,4,1,2
8424,308,2025,5,21,19,1,1,8
8425,308,2025,6,23,22,1,0,0
8426,308,2025,7,21,19,2,0,7
8427,308,2025,8,22,22,0,0,5
8428,308,2025,9,22,19,2,1,5
8429,308,2025,10,22,17,4,1,6
8430,308,2025,11,20,15,4,1,2
8431,308,2025,12,21,20,0,1,7
8432,309,2022,5,22,20,0,2,3
8433,309,2022,6,23,20,2,1,5
8434,309,2022,7,21,18,1,2,0
8435,309,2022,8,22,18,2,2,0
8436,309,2022,9,21,19,2,0,0
8437,309,2022,10,22,20,1,1,7
8438,309,2022,11,23,21,2,0,4
8439,309,2022,12,22,20,2,0,3
8440,309,2023,1,20,18,1,1,1
8441,309,2023,2,22,19,1,2,8
8442,309,2023,3,23,19,4,0,4
8443,309,2023,4,21,19,2,0,6
8444,309,2023,5,22,17,4,1,6
8445,309,2023,6,20,17,3,0,5
8446,309,2023,7,21,18,1,2,8
8447,309,2023,8,22,20,0,2,5
8448,309,2023,9,21,16,3,2,5
8449,309,2023,10,22,19,1,2,1
8450,309,2023,11,22,19,3,0,6
8451,309,2023,12,20,18,0,2,8
8452,309,2024,1,20,15,3,2,8
8453,309,2024,2,22,20,2,0,8
8454,309,2024,3,22,17,3,2,1
8455,309,2024,4,23,18,4,1,4
8456,309,2024,5,20,16,2,2,2
8457,310,2025,4,20,17,1,2,8
8458,310,2025,5,23,20,2,1,6
8459,310,2025,6,23,19,4,0,2
8460,310,2025,7,21,19,0,2,6
8461,310,2025,8,23,17,4,2,2
8462,310,2025,9,22,20,0,2,1
8463,310,2025,10,21,16,4,1,2
8464,310,2025,11,22,22,0,0,1
8465,310,2025,12,20,16,2,2,4
8466,311,2023,7,20,17,1,2,7
8467,311,2023,8,23,21,1,1,8
8468,311,2023,9,20,20,0,0,1
8469,311,2023,10,21,20,0,1,6
8470,311,2023,11,20,16,2,2,3
8471,311,2023,12,20,17,1,2,3
8472,311,2024,1,21,19,0,2,2
8473,311,2024,2,23,21,0,2,4
8474,311,2024,3,22,16,4,2,6
8475,311,2024,4,23,18,4,1,5
8476,311,2024,5,23,21,0,2,2
8477,311,2024,6,20,17,1,2,3
8478,311,2024,7,22,19,2,1,6
8479,311,2024,8,20,15,4,1,4
8480,311,2024,9,20,17,1,2,3
8481,311,2024,10,22,22,0,0,6
8482,311,2024,11,20,15,3,2,4
8483,311,2024,12,20,18,0,2,7
8484,311,2025,1,21,19,0,2,7
8485,311,2025,2,21,15,4,2,1
8486,311,2025,3,22,18,3,1,6
8487,311,2025,4,22,20,0,2,1
8488,311,2025,5,20,18,1,1,4
8489,311,2025,6,20,20,0,0,0
8490,311,2025,7,22,17,3,2,0
8491,311,2025,8,20,16,2,2,7
8492,311,2025,9,20,16,4,0,1
8493,311,2025,10,22,21,0,1,2
8494,311,2025,11,22,22,0,0,5
8495,311,2025,12,22,17,3,2,3
8496,312,2023,8,21,19,0,2,2
8497,312,2023,9,20,16,4,0,8
8498,312,2023,10,21,20,1,0,5
8499,312,2023,11,22,21,1,0,1
8500,312,2023,12,20,14,4,2,0
8501,312,2024,1,20,16,2,2,2
8502,312,2024,2,22,20,0,2,6
8503,312,2024,3,21,19,0,2,0
8504,312,2024,4,22,20,2,0,2
8505,312,2024,5,21,15,4,2,4
8506,312,2024,6,23,22,0,1,2
8507,312,2024,7,22,16,4,2,8
8508,312,2024,8,23,21,1,1,8
8509,312,2024,9,23,21,1,1,3
8510,312,2024,10,21,21,0,0,5
8511,312,2024,11,22,21,1,0,0
8512,312,2024,12,20,16,3,1,6
8513,312,2025,1,21,16,4,1,5
8514,312,2025,2,20,17,1,2,4
8515,312,2025,3,21,16,3,2,2
8516,312,2025,4,20,18,1,1,6
8517,312,2025,5,20,14,4,2,6
8518,312,2025,6,21,18,3,0,7
8519,312,2025,7,23,23,0,0,3
8520,312,2025,8,21,16,3,2,5
8521,312,2025,9,20,14,4,2,3
8522,312,2025,10,21,20,0,1,6
8523,312,2025,11,23,23,0,0,6
8524,312,2025,12,22,17,4,1,8
8525,313,2021,11,21,19,2,0,0
8526,313,2021,12,23,18,4,1,2
8527,313,2022,1,22,18,3,1,8
8528,313,2022,2,23,19,2,2,4
8529,313,2022,3,21,19,2,0,5
8530,313,2022,4,21,16,4,1,8
8531,313,2022,5,21,20,1,0,2
8532,313,2022,6,21,19,1,1,5
8533,313,2022,7,23,21,0,2,1
8534,313,2022,8,22,21,0,1,2
8535,313,2022,9,20,17,3,0,0
8536,313,2022,10,22,22,0,0,8
8537,313,2022,11,20,18,1,1,0
8538,313,2022,12,23,19,4,0,1
8539,313,2023,1,22,20,0,2,8
8540,313,2023,2,20,20,0,0,6
8541,313,2023,3,23,19,3,1,4
8542,313,2023,4,21,19,1,1,4
8543,313,2023,5,23,20,1,2,2
8544,313,2023,6,23,21,1,1,3
8545,313,2023,7,20,18,1,1,0
8546,313,2023,8,23,19,4,0,5
8547,313,2023,9,22,18,2,2,6
8548,313,2023,10,21,17,2,2,6
8549,313,2023,11,21,18,3,0,8
8550,313,2023,12,20,19,1,0,4
8551,313,2024,1,22,17,3,2,1
8552,313,2024,2,23,21,0,2,6
8553,313,2024,3,23,22,0,1,4
8554,313,2024,4,23,20,3,0,6
8555,313,2024,5,20,20,0,0,4
8556,313,2024,6,23,21,2,0,3
8557,313,2024,7,20,18,2,0,6
8558,313,2024,8,20,17,2,1,5
8559,313,2024,9,21,16,4,1,6
8560,313,2024,10,20,19,0,1,0
8561,313,2024,11,22,20,2,0,5
8562,313,2024,12,22,20,1,1,7
8563,313,2025,1,20,15,4,1,0
8564,313,2025,2,21,15,4,2,7
8565,313,2025,3,21,18,2,1,0
8566,313,2025,4,21,20,0,1,5
8567,313,2025,5,20,15,4,1,6
8568,313,2025,6,20,17,2,1,2
8569,313,2025,7,20,16,4,0,3
8570,313,2025,8,22,20,1,1,2
8571,313,2025,9,22,18,2,2,1
8572,313,2025,10,22,19,1,2,0
8573,313,2025,11,20,16,2,2,8
8574,313,2025,12,20,14,4,2,0
8575,314,2023,4,23,20,2,1,6
8576,314,2023,5,23,21,1,1,3
8577,314,2023,6,21,21,0,0,6
8578,314,2023,7,22,18,3,1,2
8579,314,2023,8,21,16,3,2,1
8580,314,2023,9,21,16,4,1,8
8581,314,2023,10,22,17,3,2,4
8582,314,2023,11,23,20,1,2,5
8583,314,2023,12,21,16,4,1,5
8584,314,2024,1,20,20,0,0,2
8585,314,2024,2,20,17,3,0,2
8586,314,2024,3,23,21,0,2,3
8587,314,2024,4,20,18,0,2,4
8588,314,2024,5,22,18,3,1,0
8589,314,2024,6,21,19,0,2,4
8590,314,2024,7,22,17,3,2,8
8591,314,2024,8,20,15,3,2,1
8592,314,2024,9,20,18,1,1,0
8593,314,2024,10,21,18,1,2,8
8594,314,2024,11,21,17,2,2,2
8595,314,2024,12,20,14,4,2,4
8596,314,2025,1,23,17,4,2,3
8597,314,2025,2,21,21,0,0,6
8598,314,2025,3,22,20,1,1,4
8599,314,2025,4,21,19,0,2,2
8600,314,2025,5,22,20,0,2,6
8601,314,2025,6,22,18,2,2,4
8602,314,2025,7,20,14,4,2,5
8603,314,2025,8,21,19,2,0,4
8604,314,2025,9,20,20,0,0,6
8605,314,2025,10,22,18,2,2,6
8606,314,2025,11,22,19,3,0,3
8607,314,2025,12,22,19,2,1,3
8608,315,2021,8,20,16,2,2,4
8609,315,2021,9,22,19,1,2,0
8610,315,2021,10,22,19,2,1,2
8611,315,2021,11,23,22,1,0,7
8612,315,2021,12,22,22,0,0,0
8613,315,2022,1,22,19,2,1,7
8614,315,2022,2,21,19,2,0,8
8615,315,2022,3,20,16,4,0,0
8616,315,2022,4,21,17,3,1,3
8617,315,2022,5,20,15,3,2,5
8618,315,2022,6,21,16,4,1,1
8619,315,2022,7,20,16,3,1,1
8620,315,2022,8,21,19,2,0,6
8621,315,2022,9,22,17,4,1,0
8622,315,2022,10,23,22,0,1,0
8623,315,2022,11,20,17,2,1,6
8624,315,2022,12,20,18,2,0,2
8625,315,2023,1,22,22,0,0,1
8626,315,2023,2,22,18,3,1,1
8627,315,2023,3,22,18,4,0,4
8628,315,2023,4,22,16,4,2,0
8629,315,2023,5,22,17,3,2,7
8630,315,2023,6,20,16,2,2,6
8631,315,2023,7,21,17,4,0,4
8632,315,2023,8,22,17,4,1,4
8633,315,2023,9,22,17,3,2,5
8634,315,2023,10,23,18,4,1,8
8635,315,2023,11,21,20,0,1,3
8636,315,2023,12,23,18,4,1,6
8637,315,2024,1,21,20,1,0,5
8638,315,2024,2,21,17,2,2,0
8639,315,2024,3,22,16,4,2,1
8640,315,2024,4,22,21,0,1,6
8641,315,2024,5,23,19,4,0,2
8642,315,2024,6,23,18,4,1,5
8643,315,2024,7,23,18,3,2,1
8644,315,2024,8,22,19,2,1,2
8645,315,2024,9,22,18,2,2,1
8646,315,2024,10,20,16,3,1,8
8647,315,2024,11,20,15,4,1,1
8648,315,2024,12,21,19,0,2,1
8649,315,2025,1,20,19,1,0,3
8650,315,2025,2,21,19,1,1,6
8651,315,2025,3,22,19,2,1,1
8652,315,2025,4,21,16,4,1,2
8653,315,2025,5,23,21,2,0,4
8654,315,2025,6,22,22,0,0,0
8655,315,2025,7,22,16,4,2,8
8656,315,2025,8,23,20,2,1,4
8657,315,2025,9,22,20,1,1,3
8658,315,2025,10,23,19,3,1,0
8659,315,2025,11,21,18,2,1,5
8660,315,2025,12,23,23,0,0,1
8661,316,2023,2,23,18,4,1,3
8662,316,2023,3,23,18,4,1,3
8663,316,2023,4,22,16,4,2,4
8664,316,2023,5,21,17,3,1,4
8665,316,2023,6,21,20,0,1,1
8666,316,2023,7,21,17,3,1,5
8667,316,2023,8,22,20,1,1,2
8668,316,2023,9,21,20,0,1,4
8669,316,2023,10,23,21,2,0,7
8670,316,2023,11,21,18,2,1,6
8671,316,2023,12,22,22,0,0,1
8672,316,2024,1,21,19,2,0,0
8673,316,2024,2,22,20,1,1,3
8674,316,2024,3,21,19,1,1,1
8675,316,2024,4,20,17,3,0,0
8676,316,2024,5,21,21,0,0,6
8677,316,2024,6,21,16,4,1,0
8678,316,2024,7,22,22,0,0,8
8679,316,2024,8,21,16,4,1,2
8680,316,2024,9,20,20,0,0,8
8681,316,2024,10,20,19,1,0,5
8682,316,2024,11,21,21,0,0,2
8683,316,2024,12,22,20,2,0,7
8684,316,2025,1,20,18,2,0,2
8685,316,2025,2,22,17,4,1,0
8686,316,2025,3,23,22,0,1,4
8687,316,2025,4,23,18,4,1,2
8688,316,2025,5,21,17,2,2,2
8689,316,2025,6,23,20,3,0,7
8690,316,2025,7,22,19,2,1,6
8691,316,2025,8,22,22,0,0,2
8692,316,2025,9,22,16,4,2,4
8693,316,2025,10,20,17,1,2,3
8694,316,2025,11,20,15,4,1,8
8695,317,2023,8,21,16,4,1,2
8696,317,2023,9,23,17,4,2,7
8697,317,2023,10,22,22,0,0,6
8698,317,2023,11,21,19,1,1,7
8699,317,2023,12,22,20,0,2,8
8700,317,2024,1,23,19,4,0,7
8701,317,2024,2,22,20,1,1,0
8702,317,2024,3,23,19,2,2,3
8703,317,2024,4,23,19,2,2,4
8704,317,2024,5,22,18,2,2,7
8705,317,2024,6,20,20,0,0,0
8706,317,2024,7,20,20,0,0,0
8707,317,2024,8,22,22,0,0,2
8708,317,2024,9,21,17,2,2,6
8709,317,2024,10,22,20,0,2,1
8710,317,2024,11,21,21,0,0,1
8711,317,2024,12,21,21,0,0,5
8712,317,2025,1,20,17,3,0,2
8713,317,2025,2,22,19,3,0,4
8714,317,2025,3,21,17,4,0,0
8715,317,2025,4,22,17,4,1,2
8716,317,2025,5,20,17,3,0,6
8717,317,2025,6,21,18,3,0,4
8718,317,2025,7,20,19,1,0,4
8719,317,2025,8,22,18,2,2,0
8720,317,2025,9,22,20,1,1,7
8721,317,2025,10,22,19,3,0,1
8722,317,2025,11,22,19,1,2,8
8723,317,2025,12,20,16,4,0,4
8724,318,2023,4,23,23,0,0,8
8725,318,2023,5,22,19,3,0,3
8726,318,2023,6,20,18,1,1,3
8727,318,2023,7,23,22,0,1,4
8728,318,2023,8,21,17,2,2,3
8729,318,2023,9,20,16,3,1,6
8730,318,2023,10,20,19,1,0,6
8731,318,2023,11,22,22,0,0,8
8732,318,2023,12,21,16,4,1,8
8733,318,2024,1,21,17,2,2,6
8734,318,2024,2,22,17,3,2,8
8735,318,2024,3,23,22,0,1,7
8736,318,2024,4,20,17,1,2,4
8737,318,2024,5,20,17,3,0,1
8738,318,2024,6,22,17,3,2,4
8739,318,2024,7,23,21,0,2,1
8740,318,2024,8,22,18,2,2,8
8741,318,2024,9,22,18,2,2,4
8742,318,2024,10,21,17,2,2,0
8743,318,2024,11,21,16,4,1,0
8744,318,2024,12,23,21,2,0,3
8745,318,2025,1,23,18,4,1,8
8746,318,2025,2,22,16,4,2,3
8747,318,2025,3,23,18,4,1,1
8748,318,2025,4,20,16,4,0,6
8749,318,2025,5,21,18,1,2,7
8750,318,2025,6,22,18,3,1,1
8751,318,2025,7,23,21,2,0,4
8752,318,2025,8,22,22,0,0,8
8753,318,2025,9,22,20,0,2,2
8754,318,2025,10,21,17,2,2,2
8755,318,2025,11,23,20,3,0,2
8756,318,2025,12,21,19,0,2,4
8757,319,2025,9,23,22,0,1,5
8758,319,2025,10,21,16,3,2,3
8759,319,2025,11,21,17,2,2,7
8760,319,2025,12,21,16,3,2,3
8761,320,2022,11,22,16,4,2,2
8762,320,2022,12,21,16,4,1,7
8763,320,2023,1,21,18,1,2,2
8764,320,2023,2,20,16,3,1,7
8765,320,2023,3,20,17,1,2,8
8766,320,2023,4,22,18,3,1,7
8767,320,2023,5,21,18,3,0,0
8768,320,2023,6,23,21,1,1,5
8769,320,2023,7,21,19,2,0,1
8770,320,2023,8,21,19,2,0,8
8771,320,2023,9,22,18,4,0,2
8772,320,2023,10,22,21,0,1,6
8773,320,2023,11,23,17,4,2,7
8774,320,2023,12,22,20,0,2,7
8775,320,2024,1,21,20,0,1,5
8776,320,2024,2,21,19,2,0,6
8777,320,2024,3,20,17,1,2,4
8778,320,2024,4,23,20,2,1,5
8779,320,2024,5,22,20,0,2,4
8780,320,2024,6,21,19,0,2,4
8781,320,2024,7,23,22,0,1,7
8782,320,2024,8,22,18,4,0,1
8783,320,2024,9,23,20,1,2,2
8784,320,2024,10,23,18,3,2,1
8785,320,2024,11,22,17,3,2,7
8786,320,2024,12,20,15,3,2,8
8787,320,2025,1,22,22,0,0,2
8788,320,2025,2,20,17,1,2,4
8789,320,2025,3,21,18,1,2,7
8790,320,2025,4,22,20,1,1,5
8791,320,2025,5,20,17,2,1,3
8792,320,2025,6,21,20,0,1,2
8793,320,2025,7,23,18,4,1,1
8794,320,2025,8,23,18,3,2,4
8795,320,2025,9,23,19,4,0,0
8796,320,2025,10,22,22,0,0,1
8797,320,2025,11,22,18,2,2,7
8798,320,2025,12,21,15,4,2,1
8799,321,2023,9,23,21,1,1,1
8800,321,2023,10,23,20,2,1,8
8801,321,2023,11,22,20,1,1,3
8802,321,2023,12,23,20,3,0,0
8803,321,2024,1,22,20,0,2,1
8804,321,2024,2,22,17,4,1,1
8805,321,2024,3,21,17,4,0,5
8806,321,2024,4,20,16,3,1,6
8807,321,2024,5,21,18,3,0,2
8808,321,2024,6,20,17,3,0,6
8809,321,2024,7,21,16,4,1,3
8810,321,2024,8,21,16,4,1,7
8811,321,2024,9,22,18,4,0,5
8812,321,2024,10,21,18,2,1,1
8813,321,2024,11,23,22,0,1,2
8814,321,2024,12,22,18,3,1,1
8815,321,2025,1,20,17,2,1,5
8816,321,2025,2,21,17,3,1,3
8817,321,2025,3,21,18,1,2,2
8818,321,2025,4,20,18,1,1,1
8819,321,2025,5,21,20,1,0,8
8820,321,2025,6,23,22,0,1,1
8821,321,2025,7,21,19,1,1,6
8822,321,2025,8,22,19,3,0,3
8823,321,2025,9,22,18,2,2,5
8824,321,2025,10,23,21,1,1,7
8825,321,2025,11,22,18,3,1,0
8826,321,2025,12,23,20,1,2,0
8827,322,2025,10,21,19,0,2,5
8828,322,2025,11,23,23,0,0,0
8829,322,2025,12,22,19,2,1,7
8830,323,2024,12,21,15,4,2,0
8831,323,2025,1,20,15,3,2,8
8832,323,2025,2,23,21,2,0,3
8833,323,2025,3,23,22,1,0,1
8834,323,2025,4,22,17,4,1,3
8835,323,2025,5,22,19,3,0,6
8836,323,2025,6,20,14,4,2,0
8837,323,2025,7,20,18,1,1,2
8838,323,2025,8,22,17,3,2,3
8839,323,2025,9,23,19,2,2,3
8840,323,2025,10,23,23,0,0,2
8841,323,2025,11,22,19,2,1,6
8842,323,2025,12,23,19,2,2,3
8843,324,2021,9,20,17,1,2,4
8844,324,2021,10,22,16,4,2,2
8845,324,2021,11,23,18,3,2,1
8846,324,2021,12,20,17,1,2,4
8847,324,2022,1,22,16,4,2,1
8848,324,2022,2,23,18,4,1,2
8849,324,2022,3,20,15,3,2,4
8850,324,2022,4,21,16,3,2,4
8851,324,2022,5,22,18,4,0,3
8852,324,2022,6,22,19,1,2,4
8853,324,2022,7,20,16,4,0,3
8854,324,2022,8,21,17,4,0,1
8855,324,2022,9,22,21,1,0,3
8856,324,2022,10,20,19,0,1,2
8857,324,2022,11,21,17,3,1,8
8858,324,2022,12,22,18,2,2,6
8859,324,2023,1,21,17,3,1,8
8860,324,2023,2,21,16,3,2,6
8861,324,2023,3,20,17,2,1,8
8862,324,2023,4,23,21,2,0,5
8863,324,2023,5,22,20,2,0,4
8864,324,2023,6,22,21,0,1,7
8865,324,2023,7,22,20,0,2,5
8866,324,2023,8,23,18,3,2,1
8867,324,2023,9,20,17,2,1,1
8868,324,2023,10,21,20,1,0,0
8869,324,2023,11,20,16,4,0,0
8870,324,2023,12,23,20,2,1,4
8871,324,2024,1,21,18,1,2,0
8872,324,2024,2,22,20,0,2,4
8873,325,2022,9,23,19,4,0,6
8874,325,2022,10,22,19,1,2,8
8875,325,2022,11,21,19,2,0,4
8876,325,2022,12,23,18,4,1,6
8877,325,2023,1,20,17,1,2,1
8878,325,2023,2,20,19,1,0,8
8879,325,2023,3,21,17,2,2,7
8880,325,2023,4,23,19,4,0,6
8881,325,2023,5,22,20,2,0,0
8882,325,2023,6,21,17,2,2,6
8883,325,2023,7,20,20,0,0,3
8884,325,2023,8,23,21,2,0,1
8885,325,2023,9,23,21,2,0,4
8886,325,2023,10,20,19,0,1,2
8887,325,2023,11,20,17,1,2,5
8888,325,2023,12,20,18,2,0,3
8889,325,2024,1,22,20,0,2,8
8890,325,2024,2,23,20,2,1,4
8891,325,2024,3,21,21,0,0,8
8892,325,2024,4,23,20,3,0,4
8893,325,2024,5,21,16,3,2,6
8894,325,2024,6,23,18,3,2,3
8895,325,2024,7,21,19,2,0,5
8896,325,2024,8,23,19,2,2,1
8897,325,2024,9,23,18,4,1,1
8898,325,2024,10,23,19,2,2,3
8899,325,2024,11,23,20,2,1,5
8900,325,2024,12,20,18,0,2,1
8901,325,2025,1,21,19,2,0,3
8902,325,2025,2,21,17,3,1,2
8903,325,2025,3,21,21,0,0,0
8904,325,2025,4,23,20,3,0,7
8905,325,2025,5,21,16,3,2,1
8906,325,2025,6,22,20,1,1,7
8907,325,2025,7,21,21,0,0,3
8908,325,2025,8,22,20,0,2,3
8909,325,2025,9,22,21,0,1,6
8910,325,2025,10,23,19,4,0,4
8911,325,2025,11,21,20,1,0,3
8912,325,2025,12,21,20,1,0,4
8913,326,2021,12,22,20,1,1,2
8914,326,2022,1,23,19,2,2,0
8915,326,2022,2,22,22,0,0,2
8916,326,2022,3,21,17,3,1,6
8917,326,2022,4,20,18,2,0,7
8918,326,2022,5,21,19,0,2,0
8919,326,2022,6,22,19,3,0,4
8920,326,2022,7,20,17,3,0,0
8921,326,2022,8,23,18,3,2,2
8922,326,2022,9,20,19,1,0,1
8923,326,2022,10,23,19,3,1,0
8924,326,2022,11,20,16,2,2,0
8925,326,2022,12,21,17,3,1,4
8926,326,2023,1,23,19,3,1,2
8927,326,2023,2,21,18,2,1,4
8928,326,2023,3,20,15,4,1,7
8929,326,2023,4,20,15,3,2,0
8930,326,2023,5,21,18,3,0,5
8931,326,2023,6,20,16,2,2,6
8932,326,2023,7,20,18,0,2,3
8933,326,2023,8,23,21,1,1,5
8934,326,2023,9,22,18,3,1,6
8935,326,2023,10,21,16,3,2,8
8936,326,2023,11,23,19,3,1,1
8937,326,2023,12,22,19,3,0,8
8938,326,2024,1,20,16,2,2,6
8939,326,2024,2,21,17,4,0,5
8940,326,2024,3,22,20,0,2,6
8941,326,2024,4,20,17,3,0,8
8942,326,2024,5,23,21,1,1,2
8943,326,2024,6,20,18,0,2,5
8944,326,2024,7,21,17,4,0,7
8945,326,2024,8,20,17,1,2,3
8946,326,2024,9,21,16,4,1,7
8947,326,2024,10,23,22,1,0,5
8948,326,2024,11,20,19,1,0,4
8949,326,2024,12,21,20,1,0,4
8950,326,2025,1,23,19,3,1,2
8951,326,2025,2,21,15,4,2,8
8952,326,2025,3,21,18,3,0,0
8953,326,2025,4,23,23,0,0,8
8954,326,2025,5,23,18,3,2,7
8955,326,2025,6,23,21,2,0,0
8956,326,2025,7,20,16,2,2,1
8957,326,2025,8,23,21,1,1,7
8958,326,2025,9,21,20,1,0,4
8959,326,2025,10,22,21,0,1,0
8960,326,2025,11,23,17,4,2,6
8961,326,2025,12,21,17,2,2,6
8962,327,2022,2,20,18,1,1,1
8963,327,2022,3,23,21,1,1,8
8964,327,2022,4,20,17,1,2,3
8965,327,2022,5,20,15,4,1,5
8966,327,2022,6,22,18,3,1,6
8967,327,2022,7,20,16,4,0,2
8968,327,2022,8,22,20,2,0,1
8969,327,2022,9,23,21,1,1,3
8970,327,2022,10,20,18,0,2,5
8971,327,2022,11,22,21,0,1,4
8972,327,2022,12,21,21,0,0,6
8973,327,2023,1,20,17,1,2,0
8974,327,2023,2,21,17,3,1,6
8975,327,2023,3,23,19,2,2,2
8976,327,2023,4,22,17,3,2,7
8977,327,2023,5,20,16,4,0,4
8978,327,2023,6,21,18,2,1,5
8979,327,2023,7,23,20,3,0,7
8980,327,2023,8,21,16,4,1,5
8981,327,2023,9,23,20,2,1,5
8982,327,2023,10,22,20,1,1,4
8983,327,2023,11,23,19,3,1,3
8984,327,2023,12,23,19,4,0,1
8985,327,2024,1,21,15,4,2,6
8986,327,2024,2,23,19,2,2,3
8987,327,2024,3,20,16,3,1,5
8988,327,2024,4,21,16,3,2,7
8989,327,2024,5,20,15,4,1,8
8990,327,2024,6,22,17,3,2,2
8991,327,2024,7,21,21,0,0,1
8992,327,2024,8,23,21,1,1,7
8993,327,2024,9,20,19,0,1,5
8994,327,2024,10,22,21,0,1,1
8995,327,2024,11,20,15,3,2,8
8996,327,2024,12,23,23,0,0,3
8997,327,2025,1,21,18,2,1,4
8998,327,2025,2,22,20,1,1,8
8999,327,2025,3,22,17,4,1,7
9000,327,2025,4,23,21,0,2,6
9001,327,2025,5,20,15,4,1,7
9002,327,2025,6,23,19,4,0,0
9003,327,2025,7,20,16,2,2,5
9004,327,2025,8,20,17,2,1,8
9005,327,2025,9,23,18,4,1,5
9006,327,2025,10,23,22,1,0,7
9007,327,2025,11,22,19,1,2,1
9008,327,2025,12,21,17,4,0,8
9009,328,2024,12,20,17,3,0,0
9010,328,2025,1,23,21,2,0,6
9011,328,2025,2,23,21,2,0,7
9012,328,2025,3,22,17,4,1,6
9013,328,2025,4,23,18,4,1,3
9014,328,2025,5,21,16,3,2,4
9015,328,2025,6,22,18,4,0,1
9016,328,2025,7,21,18,1,2,5
9017,328,2025,8,23,23,0,0,0
9018,328,2025,9,22,16,4,2,8
9019,328,2025,10,23,19,3,1,0
9020,328,2025,11,23,18,4,1,7
9021,328,2025,12,21,21,0,0,7
9022,329,2024,12,23,18,3,2,1
9023,329,2025,1,20,16,3,1,0
9024,329,2025,2,22,21,1,0,2
9025,329,2025,3,20,17,2,1,7
9026,329,2025,4,21,16,4,1,2
9027,329,2025,5,21,17,2,2,1
9028,329,2025,6,20,17,1,2,1
9029,329,2025,7,20,16,4,0,8
9030,329,2025,8,20,15,4,1,3
9031,329,2025,9,20,19,1,0,6
9032,329,2025,10,23,18,3,2,6
9033,329,2025,11,23,18,3,2,6
9034,329,2025,12,20,18,2,0,0
9035,330,2025,11,21,20,0,1,6
9036,330,2025,12,23,19,3,1,3
9037,331,2024,4,23,18,3,2,7
9038,331,2024,5,23,19,2,2,6
9039,331,2024,6,22,18,2,2,0
9040,331,2024,7,20,17,3,0,4
9041,331,2024,8,21,20,1,0,5
9042,331,2024,9,23,17,4,2,8
9043,331,2024,10,22,19,1,2,8
9044,331,2024,11,22,19,2,1,7
9045,331,2024,12,23,20,3,0,1
9046,331,2025,1,21,17,2,2,0
9047,331,2025,2,23,17,4,2,6
9048,331,2025,3,21,15,4,2,8
9049,331,2025,4,23,18,3,2,4
9050,332,2025,11,22,19,2,1,7
9051,332,2025,12,20,16,3,1,0
9052,333,2024,12,22,21,1,0,0
9053,333,2025,1,21,18,1,2,5
9054,333,2025,2,21,18,2,1,2
9055,333,2025,3,21,17,3,1,8
9056,333,2025,4,21,18,1,2,5
9057,333,2025,5,21,20,0,1,2
9058,333,2025,6,20,17,3,0,3
9059,333,2025,7,23,20,3,0,8
9060,333,2025,8,20,15,4,1,4
9061,333,2025,9,23,20,1,2,4
9062,333,2025,10,23,21,1,1,4
9063,333,2025,11,22,18,2,2,3
9064,333,2025,12,21,20,1,0,6
9065,334,2023,11,22,19,2,1,5
9066,334,2023,12,21,16,3,2,5
9067,334,2024,1,21,17,3,1,6
9068,334,2024,2,22,18,3,1,2
9069,334,2024,3,23,18,4,1,2
9070,334,2024,4,23,21,1,1,3
9071,334,2024,5,23,20,1,2,1
9072,334,2024,6,20,18,2,0,7
9073,334,2024,7,20,15,3,2,8
9074,334,2024,8,23,23,0,0,6
9075,334,2024,9,23,18,4,1,0
9076,334,2024,10,22,20,1,1,0
9077,334,2024,11,23,19,4,0,0
9078,334,2024,12,22,17,4,1,0
9079,334,2025,1,20,20,0,0,4
9080,334,2025,2,21,15,4,2,7
9081,334,2025,3,20,18,1,1,3
9082,334,2025,4,21,18,3,0,1
9083,334,2025,5,20,17,1,2,3
9084,334,2025,6,21,19,0,2,1
9085,334,2025,7,23,21,0,2,2
9086,334,2025,8,20,20,0,0,0
9087,334,2025,9,21,16,4,1,5
9088,334,2025,10,20,15,3,2,3
9089,334,2025,11,23,23,0,0,3
9090,334,2025,12,23,23,0,0,8
9091,335,2022,12,20,20,0,0,5
9092,335,2023,1,21,20,1,0,1
9093,335,2023,2,21,17,4,0,1
9094,335,2023,3,21,17,3,1,6
9095,335,2023,4,20,15,3,2,8
9096,335,2023,5,21,16,4,1,3
9097,335,2023,6,21,17,4,0,6
9098,335,2023,7,21,20,1,0,0
9099,335,2023,8,20,16,2,2,2
9100,335,2023,9,22,16,4,2,8
9101,335,2023,10,20,18,1,1,4
9102,335,2023,11,20,15,3,2,1
9103,335,2023,12,20,16,2,2,7
9104,335,2024,1,23,19,3,1,7
9105,335,2024,2,21,17,4,0,2
9106,335,2024,3,20,18,2,0,5
9107,335,2024,4,22,18,3,1,0
9108,335,2024,5,21,19,0,2,0
9109,335,2024,6,20,18,2,0,1
9110,335,2024,7,21,18,2,1,7
9111,335,2024,8,21,19,1,1,0
9112,335,2024,9,23,20,2,1,3
9113,335,2024,10,23,20,1,2,6
9114,335,2024,11,23,19,3,1,2
9115,335,2024,12,22,21,0,1,0
9116,335,2025,1,23,18,3,2,3
9117,335,2025,2,20,18,0,2,8
9118,335,2025,3,22,20,1,1,3
9119,335,2025,4,20,16,4,0,0
9120,335,2025,5,22,20,0,2,5
9121,335,2025,6,21,20,1,0,3
9122,335,2025,7,21,20,1,0,7
9123,335,2025,8,22,20,1,1,5
9124,335,2025,9,20,18,2,0,8
9125,335,2025,10,21,19,0,2,7
9126,335,2025,11,22,16,4,2,1
9127,335,2025,12,21,16,4,1,6
9128,336,2022,4,21,18,1,2,5
9129,336,2022,5,20,15,4,1,4
9130,336,2022,6,21,19,2,0,8
9131,336,2022,7,21,18,1,2,1
9132,336,2022,8,21,18,2,1,2
9133,336,2022,9,21,16,4,1,4
9134,336,2022,10,23,20,1,2,3
9135,336,2022,11,20,15,4,1,2
9136,336,2022,12,23,20,1,2,7
9137,336,2023,1,20,15,3,2,4
9138,336,2023,2,22,22,0,0,2
9139,336,2023,3,21,16,4,1,5
9140,336,2023,4,21,17,4,0,3
9141,336,2023,5,22,21,1,0,6
9142,336,2023,6,23,18,3,2,2
9143,336,2023,7,20,15,3,2,6
9144,336,2023,8,21,16,3,2,8
9145,336,2023,9,22,21,1,0,4
9146,336,2023,10,23,22,1,0,1
9147,336,2023,11,20,19,0,1,0
9148,336,2023,12,21,17,3,1,4
9149,336,2024,1,23,19,4,0,5
9150,336,2024,2,22,22,0,0,0
9151,336,2024,3,20,16,3,1,8
9152,336,2024,4,22,20,1,1,0
9153,336,2024,5,20,17,2,1,8
9154,336,2024,6,21,20,1,0,5
9155,336,2024,7,20,17,2,1,0
9156,336,2024,8,23,19,4,0,1
9157,336,2024,9,20,16,4,0,8
9158,336,2024,10,21,19,1,1,5
9159,336,2024,11,22,19,2,1,7
9160,336,2024,12,23,17,4,2,7
9161,336,2025,1,20,19,1,0,3
9162,337,2021,1,20,16,3,1,1
9163,337,2021,2,23,21,0,2,4
9164,337,2021,3,20,17,1,2,6
9165,337,2021,4,23,22,0,1,5
9166,337,2021,5,20,17,2,1,7
9167,337,2021,6,22,19,1,2,8
9168,337,2021,7,21,17,2,2,3
9169,337,2021,8,20,18,0,2,0
9170,337,2021,9,23,21,0,2,8
9171,337,2021,10,20,14,4,2,6
9172,337,2021,11,20,15,4,1,1
9173,337,2021,12,22,16,4,2,3
9174,337,2022,1,23,22,0,1,3
9175,337,2022,2,22,21,1,0,4
9176,337,2022,3,23,21,2,0,7
9177,337,2022,4,22,17,4,1,1
9178,337,2022,5,20,16,4,0,4
9179,337,2022,6,23,21,0,2,5
9180,337,2022,7,20,17,2,1,0
9181,337,2022,8,22,18,2,2,3
9182,337,2022,9,22,21,0,1,6
9183,337,2022,10,23,19,2,2,8
9184,337,2022,11,22,19,2,1,7
9185,337,2022,12,20,20,0,0,7
9186,337,2023,1,20,17,1,2,8
9187,337,2023,2,23,21,1,1,3
9188,337,2023,3,23,18,3,2,4
9189,337,2023,4,21,17,4,0,7
9190,337,2023,5,22,20,0,2,7
9191,337,2023,6,20,17,1,2,4
9192,337,2023,7,21,18,2,1,4
9193,337,2023,8,20,14,4,2,0
9194,337,2023,9,22,20,1,1,8
9195,337,2023,10,20,17,1,2,6
9196,337,2023,11,23,20,3,0,1
9197,337,2023,12,23,21,0,2,3
9198,337,2024,1,22,17,3,2,7
9199,337,2024,2,23,19,4,0,5
9200,337,2024,3,21,16,3,2,7
9201,337,2024,4,20,19,0,1,7
9202,337,2024,5,21,17,4,0,2
9203,337,2024,6,23,18,4,1,2
9204,337,2024,7,20,17,1,2,5
9205,337,2024,8,23,19,4,0,5
9206,337,2024,9,23,20,1,2,4
9207,337,2024,10,23,18,3,2,3
9208,337,2024,11,20,17,2,1,8
9209,337,2024,12,22,17,4,1,1
9210,337,2025,1,22,21,1,0,4
9211,337,2025,2,23,18,4,1,8
9212,337,2025,3,22,18,2,2,6
9213,337,2025,4,23,22,0,1,1
9214,337,2025,5,22,16,4,2,5
9215,337,2025,6,22,21,0,1,7
9216,337,2025,7,20,19,0,1,3
9217,337,2025,8,20,18,1,1,7
9218,337,2025,9,23,22,0,1,5
9219,337,2025,10,23,20,2,1,2
9220,337,2025,11,22,18,4,0,3
9221,337,2025,12,22,18,4,0,6
9222,338,2022,7,23,18,3,2,7
9223,338,2022,8,21,19,2,0,1
9224,338,2022,9,22,20,1,1,8
9225,338,2022,10,20,19,1,0,5
9226,338,2022,11,23,19,2,2,8
9227,338,2022,12,23,22,1,0,4
9228,338,2023,1,20,18,2,0,1
9229,338,2023,2,20,17,1,2,2
9230,338,2023,3,22,20,2,0,6
9231,338,2023,4,20,18,2,0,8
9232,338,2023,5,20,16,3,1,0
9233,338,2023,6,22,21,0,1,2
9234,338,2023,7,23,20,1,2,0
9235,338,2023,8,21,18,2,1,1
9236,338,2023,9,22,22,0,0,6
9237,338,2023,10,23,23,0,0,3
9238,338,2023,11,23,21,1,1,4
9239,338,2023,12,20,18,1,1,8
9240,338,2024,1,21,18,2,1,8
9241,338,2024,2,22,18,3,1,0
9242,338,2024,3,22,19,3,0,7
9243,338,2024,4,23,18,3,2,8
9244,338,2024,5,21,18,3,0,5
9245,338,2024,6,20,19,1,0,1
9246,338,2024,7,20,15,4,1,7
9247,338,2024,8,22,18,3,1,3
9248,338,2024,9,21,21,0,0,2
9249,338,2024,10,21,16,3,2,5
9250,338,2024,11,22,22,0,0,5
9251,338,2024,12,21,16,3,2,5
9252,338,2025,1,22,20,2,0,2
9253,338,2025,2,22,19,2,1,3
9254,338,2025,3,23,18,4,1,0
9255,338,2025,4,23,17,4,2,5
9256,338,2025,5,22,18,4,0,5
9257,338,2025,6,20,17,2,1,5
9258,338,2025,7,21,20,1,0,0
9259,338,2025,8,23,20,1,2,7
9260,338,2025,9,22,17,4,1,8
9261,338,2025,10,23,21,0,2,3
9262,338,2025,11,20,15,4,1,7
9263,338,2025,12,20,19,1,0,5
9264,339,2025,5,22,19,2,1,2
9265,339,2025,6,20,20,0,0,8
9266,339,2025,7,22,20,0,2,6
9267,339,2025,8,23,18,4,1,7
9268,339,2025,9,21,16,4,1,5
9269,339,2025,10,21,18,3,0,5
9270,339,2025,11,23,22,1,0,5
9271,339,2025,12,23,19,2,2,4
9272,340,2025,6,23,21,0,2,7
9273,340,2025,7,20,19,1,0,6
9274,340,2025,8,21,15,4,2,4
9275,340,2025,9,23,22,1,0,0
9276,340,2025,10,23,18,4,1,1
9277,340,2025,11,23,18,3,2,1
9278,340,2025,12,20,17,3,0,5
9279,341,2023,9,23,22,1,0,0
9280,341,2023,10,22,21,0,1,2
9281,341,2023,11,21,18,3,0,2
9282,341,2023,12,20,16,3,1,6
9283,341,2024,1,20,14,4,2,2
9284,341,2024,2,22,18,4,0,6
9285,341,2024,3,21,18,3,0,2
9286,341,2024,4,22,16,4,2,8
9287,341,2024,5,22,19,1,2,3
9288,341,2024,6,20,19,0,1,6
9289,341,2024,7,20,19,1,0,1
9290,341,2024,8,20,15,3,2,2
9291,341,2024,9,23,20,2,1,0
9292,341,2024,10,23,20,2,1,5
9293,341,2024,11,20,19,1,0,8
9294,341,2024,12,20,17,2,1,0
9295,341,2025,1,21,15,4,2,8
9296,341,2025,2,21,19,2,0,5
9297,341,2025,3,22,18,2,2,3
9298,341,2025,4,21,17,2,2,4
9299,341,2025,5,22,17,4,1,8
9300,341,2025,6,20,17,3,0,6
9301,341,2025,7,21,18,2,1,1
9302,341,2025,8,22,21,0,1,6
9303,341,2025,9,20,16,3,1,3
9304,342,2025,4,21,19,2,0,3
9305,342,2025,5,21,16,3,2,4
9306,342,2025,6,22,16,4,2,2
9307,342,2025,7,20,18,0,2,0
9308,342,2025,8,20,15,4,1,3
9309,342,2025,9,22,18,2,2,4
9310,342,2025,10,21,20,0,1,2
9311,342,2025,11,21,18,2,1,1
9312,342,2025,12,20,15,3,2,1
9313,343,2022,2,20,17,2,1,3
9314,343,2022,3,20,14,4,2,8
9315,343,2022,4,22,18,3,1,3
9316,343,2022,5,20,17,1,2,6
9317,343,2022,6,23,18,3,2,1
9318,343,2022,7,23,22,1,0,0
9319,343,2022,8,22,18,3,1,6
9320,343,2022,9,22,21,1,0,7
9321,343,2022,10,21,18,2,1,1
9322,343,2022,11,20,17,3,0,0
9323,343,2022,12,22,21,0,1,4
9324,343,2023,1,22,17,4,1,3
9325,343,2023,2,21,19,2,0,1
9326,343,2023,3,23,21,0,2,4
9327,343,2023,4,21,19,2,0,1
9328,343,2023,5,21,15,4,2,3
9329,343,2023,6,23,19,2,2,8
9330,343,2023,7,23,18,4,1,8
9331,343,2023,8,21,19,2,0,1
9332,343,2023,9,23,23,0,0,5
9333,343,2023,10,23,20,3,0,5
9334,343,2023,11,20,18,2,0,1
9335,343,2023,12,21,17,3,1,8
9336,343,2024,1,22,18,4,0,0
9337,343,2024,2,23,20,2,1,7
9338,343,2024,3,21,19,1,1,0
9339,343,2024,4,20,14,4,2,8
9340,343,2024,5,21,21,0,0,0
9341,343,2024,6,22,17,4,1,7
9342,343,2024,7,23,21,0,2,5
9343,343,2024,8,21,20,1,0,1
9344,343,2024,9,22,21,1,0,4
9345,343,2024,10,23,22,0,1,7
9346,343,2024,11,23,20,2,1,1
9347,343,2024,12,21,17,4,0,5
9348,343,2025,1,20,18,1,1,7
9349,343,2025,2,22,19,2,1,1
9350,343,2025,3,22,19,2,1,3
9351,343,2025,4,21,17,4,0,5
9352,343,2025,5,20,17,3,0,1
9353,343,2025,6,21,19,1,1,5
9354,343,2025,7,22,19,3,0,5
9355,343,2025,8,22,22,0,0,5
9356,343,2025,9,22,18,3,1,4
9357,343,2025,10,20,14,4,2,8
9358,343,2025,11,23,23,0,0,0
9359,343,2025,12,20,19,1,0,3
9360,344,2021,11,21,17,3,1,7
9361,344,2021,12,21,21,0,0,6
9362,344,2022,1,21,16,3,2,7
9363,344,2022,2,23,19,3,1,8
9364,344,2022,3,20,18,1,1,0
9365,344,2022,4,22,18,3,1,8
9366,344,2022,5,22,17,4,1,2
9367,344,2022,6,21,15,4,2,4
9368,344,2022,7,20,19,1,0,7
9369,344,2022,8,22,19,2,1,0
9370,344,2022,9,23,20,1,2,4
9371,344,2022,10,22,17,3,2,8
9372,344,2022,11,22,16,4,2,2
9373,344,2022,12,21,18,2,1,8
9374,344,2023,1,20,16,2,2,3
9375,344,2023,2,21,15,4,2,1
9376,344,2023,3,21,19,1,1,4
9377,344,2023,4,23,17,4,2,5
9378,344,2023,5,22,18,3,1,2
9379,344,2023,6,20,18,2,0,8
9380,344,2023,7,22,18,4,0,6
9381,344,2023,8,20,18,2,0,4
9382,344,2023,9,23,20,2,1,2
9383,344,2023,10,22,20,1,1,3
9384,344,2023,11,23,21,2,0,7
9385,344,2023,12,20,17,3,0,2
9386,344,2024,1,23,19,4,0,4
9387,344,2024,2,22,20,1,1,4
9388,344,2024,3,21,21,0,0,3
9389,344,2024,4,21,21,0,0,3
9390,344,2024,5,20,18,1,1,4
9391,344,2024,6,20,19,0,1,2
9392,344,2024,7,21,20,1,0,8
9393,344,2024,8,21,19,2,0,2
9394,344,2024,9,23,18,3,2,5
9395,344,2024,10,22,18,2,2,5
9396,344,2024,11,23,22,1,0,0
9397,344,2024,12,21,15,4,2,3
9398,344,2025,1,22,22,0,0,1
9399,344,2025,2,22,17,3,2,2
9400,344,2025,3,23,23,0,0,0
9401,344,2025,4,22,22,0,0,1
9402,344,2025,5,20,19,0,1,7
9403,344,2025,6,22,20,0,2,8
9404,344,2025,7,21,17,2,2,0
9405,344,2025,8,23,20,2,1,1
9406,344,2025,9,20,17,1,2,3
9407,344,2025,10,20,18,0,2,5
9408,344,2025,11,21,19,2,0,0
9409,344,2025,12,20,17,1,2,1
9410,345,2022,8,22,19,2,1,1
9411,345,2022,9,22,19,1,2,2
9412,345,2022,10,20,19,0,1,4
9413,345,2022,11,22,19,2,1,5
9414,345,2022,12,20,16,2,2,5
9415,345,2023,1,20,18,0,2,0
9416,345,2023,2,22,19,1,2,7
9417,345,2023,3,23,22,1,0,1
9418,345,2023,4,20,19,0,1,3
9419,345,2023,5,22,18,3,1,0
9420,345,2023,6,20,18,0,2,0
9421,345,2023,7,20,16,2,2,7
9422,345,2023,8,21,17,4,0,1
9423,345,2023,9,21,15,4,2,2
9424,345,2023,10,20,16,4,0,4
9425,345,2023,11,20,14,4,2,0
9426,345,2023,12,21,19,0,2,1
9427,345,2024,1,22,19,1,2,3
9428,345,2024,2,21,18,3,0,0
9429,345,2024,3,22,20,2,0,1
9430,345,2024,4,23,20,3,0,5
9431,345,2024,5,21,20,0,1,5
9432,345,2024,6,23,19,3,1,8
9433,345,2024,7,22,19,3,0,8
9434,345,2024,8,23,21,1,1,2
9435,345,2024,9,20,14,4,2,6
9436,345,2024,10,21,16,4,1,2
9437,345,2024,11,21,19,1,1,2
9438,345,2024,12,23,19,3,1,4
9439,345,2025,1,21,17,2,2,4
9440,345,2025,2,20,17,2,1,1
9441,345,2025,3,21,18,1,2,4
9442,345,2025,4,20,15,4,1,4
9443,345,2025,5,23,21,0,2,7
9444,345,2025,6,22,18,4,0,8
9445,345,2025,7,23,20,2,1,4
9446,345,2025,8,20,19,0,1,5
9447,345,2025,9,21,15,4,2,8
9448,345,2025,10,23,17,4,2,8
9449,345,2025,11,21,19,1,1,4
9450,345,2025,12,20,18,1,1,6
9451,346,2021,1,21,16,3,2,8
9452,346,2021,2,20,14,4,2,8
9453,346,2021,3,22,18,2,2,0
9454,346,2021,4,20,16,3,1,2
9455,346,2021,5,20,18,0,2,3
9456,346,2021,6,22,22,0,0,5
9457,346,2021,7,22,19,2,1,5
9458,346,2021,8,21,17,4,0,0
9459,346,2021,9,20,15,4,1,4
9460,346,2021,10,22,20,1,1,2
9461,346,2021,11,22,20,1,1,6
9462,346,2021,12,23,19,2,2,3
9463,346,2022,1,22,19,1,2,4
9464,346,2022,2,20,18,2,0,1
9465,346,2022,3,20,15,3,2,5
9466,346,2022,4,23,20,1,2,0
9467,346,2022,5,22,16,4,2,0
9468,346,2022,6,22,19,3,0,0
9469,346,2022,7,23,20,1,2,1
9470,346,2022,8,20,17,1,2,0
9471,346,2022,9,21,19,2,0,1
9472,346,2022,10,21,18,3,0,0
9473,346,2022,11,23,23,0,0,0
9474,346,2022,12,21,21,0,0,8
9475,346,2023,1,23,21,0,2,6
9476,346,2023,2,21,20,1,0,6
9477,346,2023,3,20,17,1,2,6
9478,346,2023,4,22,20,2,0,6
9479,346,2023,5,20,14,4,2,0
9480,346,2023,6,21,19,1,1,2
9481,346,2023,7,22,16,4,2,2
9482,346,2023,8,21,18,2,1,2
9483,346,2023,9,20,18,0,2,5
9484,346,2023,10,20,19,1,0,0
9485,346,2023,11,22,19,2,1,1
9486,346,2023,12,22,19,3,0,3
9487,346,2024,1,23,20,1,2,6
9488,346,2024,2,23,22,0,1,0
9489,346,2024,3,23,18,3,2,0
9490,346,2024,4,22,16,4,2,1
9491,346,2024,5,20,18,1,1,4
9492,346,2024,6,20,14,4,2,5
9493,346,2024,7,20,17,3,0,8
9494,346,2024,8,20,16,4,0,3
9495,346,2024,9,23,19,4,0,1
9496,346,2024,10,23,21,1,1,0
9497,346,2024,11,20,15,3,2,3
9498,346,2024,12,22,19,2,1,5
9499,346,2025,1,20,15,4,1,8
9500,346,2025,2,21,20,1,0,1
9501,346,2025,3,23,20,2,1,3
9502,346,2025,4,21,19,2,0,4
9503,346,2025,5,20,18,1,1,3
9504,346,2025,6,21,20,0,1,8
9505,346,2025,7,20,17,3,0,0
9506,346,2025,8,21,18,2,1,0
9507,346,2025,9,23,22,0,1,6
9508,346,2025,10,21,16,3,2,8
9509,346,2025,11,21,17,3,1,0
9510,346,2025,12,21,17,3,1,5
9511,347,2023,2,22,18,2,2,6
9512,347,2023,3,23,20,2,1,1
9513,347,2023,4,22,18,3,1,5
9514,347,2023,5,21,19,2,0,5
9515,347,2023,6,20,18,0,2,3
9516,347,2023,7,20,17,2,1,8
9517,347,2023,8,21,17,4,0,0
9518,347,2023,9,20,16,4,0,4
9519,347,2023,10,20,16,2,2,8
9520,347,2023,11,22,20,1,1,8
9521,347,2023,12,21,17,3,1,2
9522,347,2024,1,22,19,1,2,5
9523,347,2024,2,23,20,3,0,7
9524,347,2024,3,23,23,0,0,5
9525,347,2024,4,21,18,1,2,1
9526,347,2024,5,23,19,3,1,5
9527,347,2024,6,22,18,3,1,8
9528,347,2024,7,21,20,0,1,1
9529,347,2024,8,20,15,4,1,3
9530,347,2024,9,20,19,1,0,2
9531,347,2024,10,23,19,3,1,0
9532,347,2024,11,22,18,2,2,7
9533,347,2024,12,22,20,1,1,1
9534,347,2025,1,20,18,1,1,6
9535,347,2025,2,21,21,0,0,7
9536,347,2025,3,22,17,4,1,5
9537,347,2025,4,22,18,3,1,7
9538,347,2025,5,22,22,0,0,6
9539,347,2025,6,21,18,1,2,8
9540,347,2025,7,20,16,2,2,1
9541,347,2025,8,20,15,3,2,0
9542,347,2025,9,23,19,2,2,3
9543,347,2025,10,23,17,4,2,7
9544,347,2025,11,20,18,2,0,3
9545,347,2025,12,21,20,1,0,7
9546,348,2022,8,21,20,0,1,3
9547,348,2022,9,20,17,1,2,1
9548,348,2022,10,20,19,0,1,3
9549,348,2022,11,23,21,2,0,3
9550,348,2022,12,21,19,1,1,3
9551,348,2023,1,23,20,2,1,7
9552,348,2023,2,22,20,2,0,1
9553,348,2023,3,21,21,0,0,7
9554,348,2023,4,20,18,1,1,1
9555,348,2023,5,23,21,0,2,3
9556,348,2023,6,20,18,0,2,3
9557,348,2023,7,22,18,3,1,0
9558,348,2023,8,20,20,0,0,0
9559,348,2023,9,22,18,3,1,7
9560,348,2023,10,22,22,0,0,7
9561,348,2023,11,23,22,1,0,8
9562,348,2023,12,20,17,1,2,6
9563,348,2024,1,23,21,1,1,8
9564,348,2024,2,23,18,3,2,8
9565,348,2024,3,23,18,3,2,0
9566,348,2024,4,20,19,0,1,2
9567,348,2024,5,22,20,0,2,7
9568,348,2024,6,22,19,1,2,1
9569,348,2024,7,23,23,0,0,2
9570,348,2024,8,22,18,2,2,7
9571,348,2024,9,23,20,2,1,4
9572,348,2024,10,21,16,3,2,2
9573,348,2024,11,20,20,0,0,1
9574,348,2024,12,20,17,2,1,6
9575,348,2025,1,23,19,2,2,0
9576,348,2025,2,21,19,1,1,5
9577,348,2025,3,23,18,4,1,7
9578,348,2025,4,23,23,0,0,2
9579,348,2025,5,20,16,3,1,0
9580,348,2025,6,20,16,3,1,5
9581,348,2025,7,22,20,0,2,1
9582,348,2025,8,21,19,1,1,5
9583,348,2025,9,22,17,4,1,4
9584,348,2025,10,21,16,3,2,1
9585,348,2025,11,22,20,1,1,4
9586,348,2025,12,22,20,2,0,6
9587,349,2021,6,22,17,4,1,1
9588,349,2021,7,21,17,4,0,4
9589,349,2021,8,20,17,3,0,2
9590,349,2021,9,22,18,3,1,7
9591,349,2021,10,22,22,0,0,8
9592,349,2021,11,22,20,0,2,6
9593,349,2021,12,22,22,0,0,7
9594,349,2022,1,20,16,2,2,0
9595,349,2022,2,21,19,2,0,1
9596,349,2022,3,20,16,3,1,3
9597,349,2022,4,22,16,4,2,8
9598,349,2022,5,21,18,2,1,4
9599,349,2022,6,22,19,1,2,0
9600,349,2022,7,21,17,3,1,6
9601,349,2022,8,22,20,1,1,4
9602,349,2022,9,21,19,2,0,2
9603,349,2022,10,20,14,4,2,8
9604,349,2022,11,21,18,3,0,1
9605,349,2022,12,23,23,0,0,6
9606,349,2023,1,20,15,3,2,1
9607,349,2023,2,21,20,0,1,4
9608,349,2023,3,20,18,2,0,1
9609,349,2023,4,20,17,2,1,1
9610,349,2023,5,23,21,1,1,2
9611,349,2023,6,20,17,3,0,2
9612,349,2023,7,20,16,3,1,2
9613,349,2023,8,23,21,0,2,3
9614,349,2023,9,20,20,0,0,5
9615,349,2023,10,20,15,3,2,6
9616,349,2023,11,20,14,4,2,8
9617,349,2023,12,20,15,4,1,7
9618,349,2024,1,22,22,0,0,6
9619,349,2024,2,22,22,0,0,6
9620,349,2024,3,20,18,1,1,8
9621,349,2024,4,23,20,3,0,1
9622,349,2024,5,21,19,2,0,8
9623,349,2024,6,22,20,1,1,2
9624,349,2024,7,21,18,3,0,0
9625,349,2024,8,20,18,2,0,4
9626,349,2024,9,21,16,3,2,1
9627,349,2024,10,23,21,1,1,5
9628,349,2024,11,22,19,2,1,5
9629,349,2024,12,22,21,1,0,6
9630,349,2025,1,23,20,1,2,6
9631,349,2025,2,22,17,3,2,7
9632,349,2025,3,23,23,0,0,8
9633,349,2025,4,21,17,4,0,5
9634,349,2025,5,20,17,2,1,2
9635,349,2025,6,23,20,3,0,6
9636,349,2025,7,20,15,3,2,6
9637,349,2025,8,21,15,4,2,3
9638,349,2025,9,23,20,2,1,7
9639,349,2025,10,23,20,1,2,2
9640,349,2025,11,23,22,1,0,8
9641,349,2025,12,23,22,1,0,0
9642,350,2022,5,20,16,2,2,4
9643,350,2022,6,22,20,1,1,2
9644,350,2022,7,23,20,1,2,0
9645,350,2022,8,21,19,1,1,5
9646,350,2022,9,21,17,4,0,1
9647,350,2022,10,20,16,4,0,3
9648,350,2022,11,22,20,0,2,0
9649,350,2022,12,22,21,0,1,7
9650,350,2023,1,20,16,3,1,3
9651,350,2023,2,21,20,1,0,0
9652,350,2023,3,21,17,4,0,1
9653,350,2023,4,20,15,3,2,6
9654,350,2023,5,20,15,4,1,5
9655,350,2023,6,21,20,0,1,0
9656,350,2023,7,23,21,0,2,7
9657,350,2023,8,21,18,1,2,5
9658,350,2023,9,22,19,2,1,3
9659,350,2023,10,21,20,0,1,7
9660,350,2023,11,23,19,2,2,8
9661,350,2023,12,22,22,0,0,5
9662,350,2024,1,20,18,0,2,6
9663,350,2024,2,20,17,2,1,7
9664,350,2024,3,23,19,4,0,4
9665,350,2024,4,21,16,4,1,4
9666,350,2024,5,22,18,2,2,2
9667,350,2024,6,22,22,0,0,3
9668,350,2024,7,22,18,4,0,3
9669,350,2024,8,22,22,0,0,6
9670,350,2024,9,22,21,1,0,4
9671,350,2024,10,23,21,1,1,7
9672,350,2024,11,21,17,4,0,6
9673,350,2024,12,23,19,4,0,2
9674,350,2025,1,21,20,1,0,4
9675,350,2025,2,23,21,2,0,7
9676,350,2025,3,21,19,0,2,2
9677,350,2025,4,22,19,3,0,7
9678,350,2025,5,21,18,3,0,1
9679,350,2025,6,22,17,3,2,7
9680,350,2025,7,22,17,4,1,0
9681,350,2025,8,20,19,1,0,1
9682,350,2025,9,20,18,0,2,6
9683,350,2025,10,23,22,0,1,3
9684,350,2025,11,22,18,2,2,6
9685,350,2025,12,22,22,0,0,1
9686,351,2024,7,21,16,4,1,3
9687,351,2024,8,22,20,2,0,1
9688,351,2024,9,20,16,4,0,6
9689,351,2024,10,21,18,1,2,7
9690,351,2024,11,20,18,1,1,8
9691,351,2024,12,22,19,1,2,6
9692,351,2025,1,23,20,3,0,3
9693,351,2025,2,20,20,0,0,6
9694,351,2025,3,22,20,0,2,1
9695,351,2025,4,21,17,2,2,8
9696,351,2025,5,20,18,1,1,5
9697,351,2025,6,23,18,4,1,3
9698,351,2025,7,22,19,1,2,4
9699,351,2025,8,22,19,3,0,6
9700,351,2025,9,23,20,1,2,4
9701,351,2025,10,20,18,0,2,7
9702,351,2025,11,21,19,0,2,6
9703,351,2025,12,22,19,3,0,3
9704,352,2024,2,21,17,2,2,5
9705,352,2024,3,21,18,3,0,2
9706,352,2024,4,20,16,4,0,8
9707,352,2024,5,20,17,2,1,2
9708,352,2024,6,22,17,3,2,2
9709,352,2024,7,23,19,3,1,5
9710,352,2024,8,20,17,3,0,3
9711,352,2024,9,23,19,2,2,0
9712,352,2024,10,20,17,1,2,7
9713,352,2024,11,22,17,3,2,0
9714,352,2024,12,22,19,3,0,3
9715,352,2025,1,20,19,0,1,4
9716,352,2025,2,21,16,4,1,1
9717,352,2025,3,20,14,4,2,1
9718,352,2025,4,20,17,1,2,1
9719,352,2025,5,20,19,1,0,3
9720,352,2025,6,23,19,4,0,7
9721,352,2025,7,21,20,0,1,8
9722,352,2025,8,23,22,0,1,1
9723,352,2025,9,20,16,4,0,2
9724,352,2025,10,23,20,2,1,8
9725,352,2025,11,20,19,1,0,8
9726,352,2025,12,21,18,1,2,2
9727,353,2023,4,21,18,3,0,1
9728,353,2023,5,23,19,4,0,8
9729,353,2023,6,21,19,0,2,5
9730,353,2023,7,20,16,3,1,6
9731,353,2023,8,21,18,1,2,5
9732,353,2023,9,21,18,3,0,1
9733,353,2023,10,20,16,4,0,5
9734,353,2023,11,20,16,2,2,5
9735,353,2023,12,23,21,0,2,5
9736,353,2024,1,20,16,3,1,2
9737,353,2024,2,23,20,2,1,3
9738,353,2024,3,21,15,4,2,1
9739,353,2024,4,20,17,2,1,2
9740,353,2024,5,21,20,0,1,1
9741,353,2024,6,22,19,2,1,5
9742,353,2024,7,23,21,1,1,7
9743,353,2024,8,22,20,2,0,8
9744,353,2024,9,21,17,2,2,4
9745,353,2024,10,20,20,0,0,7
9746,353,2024,11,20,18,2,0,3
9747,353,2024,12,20,16,4,0,2
9748,353,2025,1,21,17,4,0,1
9749,353,2025,2,22,19,3,0,0
9750,353,2025,3,23,20,3,0,2
9751,353,2025,4,23,21,2,0,2
9752,353,2025,5,23,21,0,2,2
9753,353,2025,6,22,17,4,1,0
9754,353,2025,7,23,18,4,1,5
9755,353,2025,8,23,19,2,2,0
9756,353,2025,9,22,18,2,2,5
9757,353,2025,10,20,17,1,2,5
9758,353,2025,11,23,21,0,2,6
9759,353,2025,12,23,19,4,0,4
9760,354,2024,2,23,23,0,0,6
9761,354,2024,3,23,21,2,0,0
9762,354,2024,4,20,17,2,1,4
9763,354,2024,5,21,16,3,2,4
9764,354,2024,6,23,21,0,2,3
9765,354,2024,7,22,19,2,1,3
9766,354,2024,8,20,18,1,1,3
9767,354,2024,9,23,20,3,0,8
9768,354,2024,10,21,17,4,0,5
9769,354,2024,11,23,20,1,2,6
9770,354,2024,12,22,19,3,0,5
9771,354,2025,1,23,21,2,0,4
9772,354,2025,2,23,19,3,1,2
9773,354,2025,3,23,21,0,2,2
9774,354,2025,4,20,16,3,1,3
9775,354,2025,5,21,17,3,1,5
9776,354,2025,6,20,14,4,2,5
9777,354,2025,7,20,14,4,2,5
9778,354,2025,8,23,20,3,0,8
9779,354,2025,9,20,17,2,1,1
9780,354,2025,10,21,20,1,0,2
9781,354,2025,11,23,21,0,2,2
9782,354,2025,12,23,19,3,1,4
9783,355,2021,4,23,21,0,2,8
9784,355,2021,5,21,16,4,1,0
9785,355,2021,6,22,17,4,1,7
9786,355,2021,7,21,19,2,0,8
9787,355,2021,8,22,20,0,2,7
9788,355,2021,9,21,19,0,2,3
9789,355,2021,10,23,17,4,2,3
9790,355,2021,11,21,20,1,0,5
9791,355,2021,12,21,19,2,0,3
9792,355,2022,1,20,17,3,0,2
9793,355,2022,2,20,20,0,0,6
9794,355,2022,3,20,16,4,0,3
9795,355,2022,4,20,15,4,1,3
9796,355,2022,5,23,20,1,2,3
9797,355,2022,6,23,23,0,0,4
9798,355,2022,7,22,21,0,1,2
9799,355,2022,8,22,19,2,1,2
9800,355,2022,9,20,16,3,1,0
9801,355,2022,10,20,18,2,0,0
9802,355,2022,11,20,18,1,1,0
9803,355,2022,12,22,17,3,2,2
9804,355,2023,1,21,19,0,2,1
9805,355,2023,2,20,14,4,2,3
9806,355,2023,3,22,20,0,2,1
9807,355,2023,4,22,20,1,1,6
9808,355,2023,5,21,19,1,1,8
9809,355,2023,6,23,18,3,2,1
9810,355,2023,7,21,15,4,2,5
9811,355,2023,8,21,19,1,1,1
9812,355,2023,9,21,18,2,1,2
9813,355,2023,10,23,19,4,0,7
9814,355,2023,11,21,20,1,0,6
9815,355,2023,12,23,17,4,2,4
9816,355,2024,1,20,18,1,1,2
9817,355,2024,2,23,18,3,2,7
9818,355,2024,3,20,17,1,2,0
9819,355,2024,4,21,16,3,2,2
9820,355,2024,5,23,20,1,2,8
9821,355,2024,6,20,15,4,1,3
9822,355,2024,7,23,22,0,1,1
9823,355,2024,8,20,18,1,1,3
9824,355,2024,9,23,17,4,2,8
9825,355,2024,10,22,20,1,1,8
9826,355,2024,11,23,21,0,2,6
9827,355,2024,12,20,17,2,1,1
9828,355,2025,1,20,18,2,0,4
9829,355,2025,2,22,19,2,1,1
9830,355,2025,3,22,19,2,1,0
9831,355,2025,4,20,16,2,2,3
9832,355,2025,5,21,20,1,0,7
9833,355,2025,6,21,20,1,0,3
9834,355,2025,7,21,16,4,1,2
9835,355,2025,8,23,20,3,0,1
9836,355,2025,9,23,19,3,1,6
9837,355,2025,10,20,18,2,0,1
9838,355,2025,11,23,21,2,0,2
9839,355,2025,12,23,22,0,1,4
9840,356,2021,10,20,17,2,1,1
9841,356,2021,11,23,22,1,0,1
9842,356,2021,12,20,18,1,1,0
9843,356,2022,1,21,16,3,2,2
9844,356,2022,2,20,14,4,2,5
9845,356,2022,3,23,18,4,1,2
9846,356,2022,4,20,17,2,1,5
9847,356,2022,5,20,17,2,1,0
9848,356,2022,6,23,19,4,0,3
9849,356,2022,7,23,20,3,0,6
9850,356,2022,8,20,16,2,2,7
9851,356,2022,9,22,19,1,2,1
9852,356,2022,10,22,19,3,0,5
9853,356,2022,11,22,17,3,2,3
9854,356,2022,12,21,19,2,0,0
9855,356,2023,1,20,16,3,1,1
9856,356,2023,2,23,18,3,2,0
9857,356,2023,3,21,16,4,1,8
9858,356,2023,4,20,14,4,2,3
9859,356,2023,5,21,15,4,2,7
9860,356,2023,6,21,20,1,0,4
9861,356,2023,7,21,18,1,2,4
9862,356,2023,8,20,20,0,0,5
9863,356,2023,9,22,18,4,0,2
9864,356,2023,10,23,19,2,2,6
9865,356,2023,11,23,18,3,2,0
9866,356,2023,12,23,18,3,2,0
9867,356,2024,1,23,19,4,0,8
9868,356,2024,2,20,16,3,1,8
9869,356,2024,3,21,15,4,2,1
9870,356,2024,4,21,18,1,2,3
9871,356,2024,5,23,20,3,0,2
9872,356,2024,6,22,17,3,2,1
9873,356,2024,7,20,18,1,1,2
9874,356,2024,8,23,17,4,2,1
9875,356,2024,9,23,19,2,2,6
9876,356,2024,10,21,17,4,0,8
9877,356,2024,11,22,17,3,2,8
9878,356,2024,12,21,19,0,2,6
9879,356,2025,1,20,16,2,2,1
9880,356,2025,2,21,18,2,1,4
9881,356,2025,3,20,15,4,1,4
9882,356,2025,4,21,20,0,1,5
9883,356,2025,5,20,18,2,0,2
9884,356,2025,6,21,16,4,1,7
9885,356,2025,7,21,20,0,1,3
9886,356,2025,8,21,17,3,1,8
9887,356,2025,9,21,20,0,1,0
9888,356,2025,10,21,20,1,0,0
9889,356,2025,11,22,18,3,1,7
9890,356,2025,12,23,22,0,1,8
9891,357,2021,4,20,15,4,1,0
9892,357,2021,5,20,18,2,0,8
9893,357,2021,6,23,20,1,2,6
9894,357,2021,7,23,20,2,1,1
9895,357,2021,8,23,21,1,1,8
9896,357,2021,9,20,18,1,1,7
9897,357,2021,10,23,18,3,2,6
9898,357,2021,11,22,17,3,2,7
9899,357,2021,12,22,18,2,2,2
9900,357,2022,1,22,20,2,0,6
9901,357,2022,2,21,18,2,1,3
9902,357,2022,3,22,19,3,0,6
9903,357,2022,4,20,16,3,1,8
9904,357,2022,5,22,20,2,0,1
9905,357,2022,6,23,20,2,1,2
9906,357,2022,7,20,15,4,1,1
9907,357,2022,8,23,21,0,2,6
9908,357,2022,9,20,18,1,1,8
9909,357,2022,10,22,18,3,1,3
9910,357,2022,11,22,22,0,0,5
9911,357,2022,12,21,20,1,0,2
9912,357,2023,1,21,17,4,0,2
9913,357,2023,2,22,17,3,2,6
9914,357,2023,3,23,17,4,2,0
9915,357,2023,4,22,18,3,1,5
9916,357,2023,5,21,20,0,1,6
9917,357,2023,6,20,14,4,2,0
9918,357,2023,7,21,18,1,2,6
9919,357,2023,8,22,18,2,2,5
9920,357,2023,9,20,18,1,1,3
9921,357,2023,10,21,16,3,2,1
9922,357,2023,11,22,16,4,2,1
9923,357,2023,12,23,20,2,1,6
9924,357,2024,1,22,20,0,2,6
9925,357,2024,2,20,14,4,2,2
9926,357,2024,3,23,19,4,0,5
9927,357,2024,4,20,16,2,2,0
9928,357,2024,5,22,16,4,2,2
9929,357,2024,6,23,19,3,1,5
9930,357,2024,7,23,19,3,1,1
9931,357,2024,8,21,19,2,0,3
9932,357,2024,9,22,20,1,1,7
9933,357,2024,10,21,17,4,0,8
9934,357,2024,11,22,16,4,2,4
9935,357,2024,12,22,19,1,2,3
9936,357,2025,1,20,15,3,2,6
9937,357,2025,2,21,21,0,0,7
9938,357,2025,3,22,19,1,2,1
9939,357,2025,4,20,18,0,2,3
9940,357,2025,5,23,21,0,2,6
9941,357,2025,6,21,15,4,2,2
9942,357,2025,7,22,16,4,2,4
9943,357,2025,8,22,21,1,0,2
9944,357,2025,9,22,19,2,1,8
9945,358,2021,9,23,18,3,2,6
9946,358,2021,10,21,16,3,2,5
9947,358,2021,11,21,17,4,0,2
9948,358,2021,12,23,19,3,1,3
9949,358,2022,1,21,19,1,1,4
9950,358,2022,2,22,20,0,2,7
9951,358,2022,3,20,20,0,0,2
9952,358,2022,4,21,18,2,1,5
9953,358,2022,5,21,17,2,2,5
9954,358,2022,6,22,19,1,2,6
9955,358,2022,7,20,17,2,1,5
9956,358,2022,8,20,15,4,1,4
9957,358,2022,9,22,22,0,0,0
9958,358,2022,10,21,15,4,2,3
9959,358,2022,11,20,17,1,2,1
9960,358,2022,12,21,17,2,2,0
9961,358,2023,1,22,21,0,1,4
9962,358,2023,2,20,18,1,1,7
9963,358,2023,3,23,22,0,1,3
9964,358,2023,4,20,19,0,1,2
9965,358,2023,5,21,20,0,1,2
9966,358,2023,6,23,17,4,2,6
9967,358,2023,7,20,16,3,1,4
9968,358,2023,8,23,18,3,2,2
9969,358,2023,9,23,22,1,0,0
9970,358,2023,10,22,20,1,1,7
9971,358,2023,11,21,18,3,0,1
9972,358,2023,12,23,22,1,0,2
9973,358,2024,1,23,22,0,1,4
9974,358,2024,2,22,19,2,1,3
9975,358,2024,3,23,20,3,0,7
9976,358,2024,4,20,17,3,0,4
9977,358,2024,5,22,20,0,2,0
9978,358,2024,6,22,20,1,1,7
9979,358,2024,7,20,18,1,1,5
9980,358,2024,8,20,16,4,0,4
9981,358,2024,9,23,22,0,1,2
9982,358,2024,10,20,17,3,0,1
9983,358,2024,11,22,20,0,2,5
9984,358,2024,12,22,17,4,1,5
9985,358,2025,1,22,16,4,2,8
9986,358,2025,2,23,19,2,2,5
9987,358,2025,3,23,21,2,0,2
9988,358,2025,4,21,20,1,0,3
9989,358,2025,5,22,19,1,2,0
9990,358,2025,6,20,17,1,2,6
9991,358,2025,7,20,18,1,1,4
9992,358,2025,8,20,15,4,1,6
9993,358,2025,9,22,20,0,2,0
9994,358,2025,10,23,17,4,2,5
9995,358,2025,11,22,18,3,1,3
9996,358,2025,12,23,19,2,2,7
9997,359,2022,3,22,22,0,0,8
9998,359,2022,4,21,17,4,0,2
9999,359,2022,5,23,22,0,1,3
10000,359,2022,6,20,18,2,0,8
10001,359,2022,7,21,18,3,0,2
10002,359,2022,8,20,17,1,2,4
10003,359,2022,9,21,18,2,1,8
10004,359,2022,10,23,20,2,1,7
10005,359,2022,11,22,22,0,0,6
10006,359,2022,12,23,20,3,0,0
10007,359,2023,1,21,19,0,2,8
10008,359,2023,2,22,21,1,0,8
10009,359,2023,3,20,18,0,2,7
10010,359,2023,4,22,16,4,2,7
10011,359,2023,5,20,17,1,2,7
10012,359,2023,6,20,17,1,2,4
10013,359,2023,7,23,18,4,1,0
10014,359,2023,8,21,20,0,1,8
10015,359,2023,9,21,19,2,0,6
10016,359,2023,10,21,15,4,2,1
10017,359,2023,11,20,18,2,0,2
10018,359,2023,12,20,17,3,0,1
10019,359,2024,1,21,17,3,1,7
10020,359,2024,2,22,22,0,0,1
10021,359,2024,3,23,21,1,1,2
10022,359,2024,4,23,20,1,2,1
10023,359,2024,5,21,16,4,1,4
10024,359,2024,6,21,16,3,2,6
10025,359,2024,7,23,20,1,2,4
10026,359,2024,8,21,15,4,2,5
10027,359,2024,9,20,16,4,0,5
10028,359,2024,10,21,16,3,2,2
10029,359,2024,11,23,21,2,0,1
10030,359,2024,12,23,23,0,0,2
10031,359,2025,1,20,19,0,1,8
10032,359,2025,2,23,18,3,2,3
10033,359,2025,3,22,20,1,1,1
10034,359,2025,4,21,20,1,0,4
10035,359,2025,5,20,17,1,2,0
10036,359,2025,6,20,19,0,1,5
10037,359,2025,7,20,17,2,1,8
10038,359,2025,8,22,21,1,0,6
10039,359,2025,9,20,18,2,0,3
10040,359,2025,10,23,19,4,0,0
10041,359,2025,11,20,17,3,0,3
10042,359,2025,12,22,17,3,2,7
10043,360,2024,6,20,16,2,2,7
10044,360,2024,7,22,20,0,2,8
10045,360,2024,8,20,16,4,0,6
10046,360,2024,9,20,18,2,0,8
10047,360,2024,10,20,15,3,2,4
10048,360,2024,11,20,15,3,2,5
10049,360,2024,12,20,16,4,0,2
10050,360,2025,1,21,19,2,0,2
10051,360,2025,2,23,23,0,0,1
10052,360,2025,3,23,20,1,2,4
10053,360,2025,4,23,22,0,1,1
10054,360,2025,5,21,20,0,1,0
10055,360,2025,6,20,17,3,0,2
10056,360,2025,7,22,19,2,1,2
10057,360,2025,8,21,17,3,1,4
10058,360,2025,9,23,21,2,0,2
10059,360,2025,10,22,19,1,2,0
10060,360,2025,11,23,22,0,1,5
10061,360,2025,12,20,18,2,0,1
10062,361,2021,2,23,22,1,0,0
10063,361,2021,3,21,15,4,2,1
10064,361,2021,4,21,16,4,1,3
10065,361,2021,5,23,20,3,0,0
10066,361,2021,6,22,17,4,1,0
10067,361,2021,7,20,16,2,2,7
10068,361,2021,8,23,19,4,0,3
10069,361,2021,9,23,22,0,1,6
10070,361,2021,10,23,22,1,0,6
10071,361,2021,11,21,19,1,1,6
10072,361,2021,12,21,17,3,1,1
10073,361,2022,1,22,18,4,0,8
10074,361,2022,2,20,19,1,0,4
10075,361,2022,3,22,19,3,0,6
10076,361,2022,4,22,20,1,1,8
10077,361,2022,5,22,19,3,0,3
10078,361,2022,6,22,20,2,0,2
10079,361,2022,7,23,20,2,1,5
10080,361,2022,8,21,16,3,2,6
10081,361,2022,9,23,22,0,1,4
10082,361,2022,10,23,20,1,2,0
10083,361,2022,11,23,20,3,0,6
10084,361,2022,12,20,17,2,1,2
10085,361,2023,1,20,17,1,2,8
10086,361,2023,2,22,20,1,1,6
10087,361,2023,3,22,18,3,1,3
10088,361,2023,4,20,16,4,0,4
10089,361,2023,5,23,21,2,0,7
10090,361,2023,6,22,19,2,1,3
10091,361,2023,7,20,18,2,0,1
10092,361,2023,8,23,20,2,1,6
10093,361,2023,9,20,18,2,0,3
10094,361,2023,10,20,19,0,1,1
10095,361,2023,11,23,20,1,2,1
10096,361,2023,12,20,16,4,0,5
10097,361,2024,1,21,17,2,2,2
10098,361,2024,2,20,17,2,1,2
10099,361,2024,3,21,20,0,1,8
10100,361,2024,4,21,19,1,1,7
10101,361,2024,5,21,17,2,2,3
10102,361,2024,6,22,16,4,2,1
10103,361,2024,7,23,22,0,1,2
10104,361,2024,8,21,18,2,1,0
10105,361,2024,9,22,18,4,0,0
10106,361,2024,10,23,21,2,0,5
10107,361,2024,11,20,16,2,2,0
10108,361,2024,12,21,20,0,1,0
10109,361,2025,1,20,18,0,2,4
10110,361,2025,2,21,19,2,0,2
10111,361,2025,3,20,14,4,2,0
10112,361,2025,4,20,18,2,0,3
10113,361,2025,5,20,17,3,0,5
10114,361,2025,6,20,18,0,2,0
10115,361,2025,7,21,18,2,1,6
10116,361,2025,8,22,19,1,2,2
10117,361,2025,9,20,18,2,0,2
10118,361,2025,10,23,19,2,2,7
10119,361,2025,11,20,19,1,0,4
10120,361,2025,12,20,20,0,0,5
10121,362,2025,6,23,18,4,1,5
10122,362,2025,7,22,20,0,2,1
10123,362,2025,8,20,19,0,1,6
10124,362,2025,9,23,18,3,2,6
10125,362,2025,10,20,18,0,2,3
10126,362,2025,11,22,19,1,2,1
10127,363,2022,8,22,16,4,2,2
10128,363,2022,9,20,17,3,0,8
10129,363,2022,10,20,16,3,1,4
10130,363,2022,11,20,17,3,0,8
10131,363,2022,12,22,19,1,2,5
10132,363,2023,1,22,16,4,2,0
10133,363,2023,2,23,17,4,2,7
10134,363,2023,3,21,20,0,1,5
10135,363,2023,4,22,18,4,0,8
10136,363,2023,5,20,16,2,2,7
10137,363,2023,6,22,22,0,0,0
10138,363,2023,7,23,23,0,0,3
10139,363,2023,8,21,20,0,1,2
10140,363,2023,9,21,21,0,0,6
10141,363,2023,10,23,22,0,1,1
10142,363,2023,11,23,22,0,1,4
10143,363,2023,12,20,16,4,0,2
10144,363,2024,1,20,19,1,0,6
10145,363,2024,2,22,18,3,1,1
10146,363,2024,3,20,18,1,1,4
10147,363,2024,4,20,18,0,2,4
10148,363,2024,5,20,19,0,1,8
10149,363,2024,6,20,19,1,0,0
10150,363,2024,7,23,19,2,2,0
10151,363,2024,8,22,16,4,2,1
10152,363,2024,9,22,21,0,1,5
10153,363,2024,10,23,17,4,2,5
10154,363,2024,11,23,20,2,1,8
10155,363,2024,12,22,17,3,2,2
10156,363,2025,1,20,17,1,2,2
10157,363,2025,2,22,16,4,2,1
10158,363,2025,3,22,19,3,0,5
10159,363,2025,4,23,20,1,2,7
10160,363,2025,5,20,18,1,1,6
10161,363,2025,6,20,19,0,1,4
10162,363,2025,7,21,20,0,1,0
10163,363,2025,8,22,20,2,0,2
10164,363,2025,9,23,18,3,2,4
10165,363,2025,10,21,17,2,2,5
10166,363,2025,11,20,18,0,2,7
10167,363,2025,12,20,18,2,0,5
10168,364,2024,12,21,17,3,1,4
10169,364,2025,1,20,19,1,0,6
10170,364,2025,2,22,21,0,1,4
10171,364,2025,3,23,22,0,1,8
10172,364,2025,4,22,22,0,0,1
10173,364,2025,5,23,21,1,1,2
10174,364,2025,6,23,18,4,1,6
10175,364,2025,7,22,18,3,1,5
10176,364,2025,8,23,23,0,0,8
10177,364,2025,9,22,21,0,1,4
10178,364,2025,10,22,22,0,0,3
10179,364,2025,11,20,20,0,0,5
10180,364,2025,12,23,19,4,0,1
10181,365,2022,9,23,20,2,1,5
10182,365,2022,10,23,19,4,0,8
10183,365,2022,11,21,17,3,1,8
10184,365,2022,12,23,22,1,0,5
10185,365,2023,1,23,18,3,2,7
10186,365,2023,2,20,17,2,1,2
10187,365,2023,3,23,20,3,0,3
10188,365,2023,4,22,21,1,0,0
10189,365,2023,5,20,17,1,2,5
10190,365,2023,6,23,21,0,2,0
10191,365,2023,7,23,23,0,0,1
10192,365,2023,8,23,18,3,2,8
10193,365,2023,9,20,18,1,1,3
10194,365,2023,10,21,20,1,0,8
10195,366,2024,4,21,16,4,1,3
10196,366,2024,5,22,20,1,1,1
10197,366,2024,6,21,16,4,1,4
10198,366,2024,7,22,18,2,2,0
10199,366,2024,8,20,17,1,2,1
10200,366,2024,9,20,15,3,2,1
10201,366,2024,10,22,20,0,2,1
10202,366,2024,11,21,19,0,2,5
10203,366,2024,12,20,15,4,1,3
10204,366,2025,1,21,21,0,0,1
10205,366,2025,2,22,20,1,1,7
10206,366,2025,3,21,16,4,1,2
10207,366,2025,4,23,18,4,1,1
10208,366,2025,5,21,17,4,0,7
10209,366,2025,6,21,17,2,2,2
10210,366,2025,7,23,22,0,1,6
10211,366,2025,8,20,15,3,2,8
10212,366,2025,9,21,15,4,2,6
10213,366,2025,10,21,17,4,0,7
10214,366,2025,11,23,19,4,0,8
10215,366,2025,12,20,17,3,0,8
10216,367,2024,9,22,18,4,0,5
10217,367,2024,10,23,21,0,2,7
10218,367,2024,11,23,17,4,2,1
10219,367,2024,12,23,19,4,0,5
10220,367,2025,1,23,22,1,0,6
10221,367,2025,2,20,18,2,0,7
10222,367,2025,3,22,18,3,1,0
10223,367,2025,4,20,17,2,1,5
10224,367,2025,5,23,21,1,1,3
10225,367,2025,6,22,16,4,2,0
10226,367,2025,7,21,17,2,2,5
10227,367,2025,8,22,18,2,2,1
10228,367,2025,9,20,19,0,1,0
10229,367,2025,10,20,18,2,0,8
10230,367,2025,11,21,18,1,2,7
10231,367,2025,12,22,19,1,2,7
10232,368,2021,5,20,17,3,0,5
10233,368,2021,6,20,20,0,0,4
10234,368,2021,7,23,18,3,2,1
10235,368,2021,8,20,19,0,1,0
10236,368,2021,9,23,19,2,2,1
10237,368,2021,10,23,18,4,1,7
10238,368,2021,11,22,20,1,1,4
10239,368,2021,12,20,15,3,2,4
10240,368,2022,1,21,17,4,0,4
10241,368,2022,2,20,16,4,0,2
10242,368,2022,3,20,16,2,2,6
10243,368,2022,4,20,16,2,2,0
10244,368,2022,5,21,20,0,1,3
10245,368,2022,6,21,20,1,0,3
10246,368,2022,7,22,17,4,1,5
10247,368,2022,8,22,17,3,2,1
10248,368,2022,9,21,19,0,2,6
10249,368,2022,10,20,15,4,1,0
10250,368,2022,11,22,17,4,1,5
10251,368,2022,12,21,20,0,1,6
10252,368,2023,1,23,20,2,1,2
10253,368,2023,2,23,21,2,0,3
10254,368,2023,3,23,20,2,1,1
10255,368,2023,4,20,15,3,2,5
10256,368,2023,5,23,20,1,2,3
10257,368,2023,6,22,21,0,1,0
10258,368,2023,7,20,16,2,2,1
10259,368,2023,8,23,22,0,1,6
10260,368,2023,9,20,17,3,0,1
10261,368,2023,10,22,18,2,2,4
10262,368,2023,11,20,19,1,0,0
10263,369,2024,9,22,18,4,0,8
10264,369,2024,10,23,17,4,2,7
10265,369,2024,11,21,19,1,1,3
10266,369,2024,12,23,19,2,2,8
10267,369,2025,1,21,15,4,2,5
10268,369,2025,2,20,14,4,2,2
10269,369,2025,3,21,15,4,2,8
10270,369,2025,4,21,21,0,0,7
10271,369,2025,5,21,16,3,2,6
10272,369,2025,6,20,15,4,1,5
10273,369,2025,7,23,20,3,0,2
10274,369,2025,8,22,19,2,1,7
10275,369,2025,9,22,17,3,2,6
10276,369,2025,10,22,18,3,1,7
10277,369,2025,11,22,20,0,2,1
10278,369,2025,12,20,18,2,0,7
10279,370,2025,9,22,21,1,0,6
10280,370,2025,10,20,19,1,0,4
10281,370,2025,11,20,15,3,2,8
10282,370,2025,12,23,19,4,0,8
10283,371,2025,11,22,19,1,2,8
10284,371,2025,12,20,18,0,2,3
10285,372,2024,6,23,21,2,0,7
10286,372,2024,7,20,18,2,0,7
10287,372,2024,8,23,21,0,2,1
10288,372,2024,9,20,16,4,0,1
10289,372,2024,10,21,18,3,0,2
10290,372,2024,11,23,21,2,0,3
10291,372,2024,12,23,20,1,2,7
10292,372,2025,1,23,20,1,2,6
10293,372,2025,2,22,18,4,0,1
10294,372,2025,3,21,18,1,2,2
10295,372,2025,4,21,20,0,1,2
10296,372,2025,5,20,16,3,1,8
10297,372,2025,6,22,21,1,0,5
10298,372,2025,7,23,17,4,2,8
10299,372,2025,8,23,20,3,0,8
10300,372,2025,9,22,19,2,1,0
10301,372,2025,10,23,21,0,2,7
10302,372,2025,11,23,18,4,1,6
10303,372,2025,12,23,21,2,0,3
10304,373,2025,2,20,17,3,0,0
10305,373,2025,3,20,15,4,1,3
10306,373,2025,4,23,22,0,1,8
10307,373,2025,5,20,18,1,1,2
10308,373,2025,6,22,22,0,0,4
10309,373,2025,7,21,19,1,1,8
10310,373,2025,8,21,18,3,0,0
10311,373,2025,9,20,18,2,0,3
10312,373,2025,10,20,18,1,1,0
10313,373,2025,11,21,21,0,0,5
10314,373,2025,12,23,20,1,2,5
10315,374,2025,6,21,15,4,2,6
10316,374,2025,7,21,19,2,0,7
10317,374,2025,8,21,17,2,2,7
10318,374,2025,9,22,18,4,0,8
10319,374,2025,10,20,15,4,1,6
10320,374,2025,11,20,18,1,1,2
10321,374,2025,12,21,18,2,1,8
10322,375,2021,11,21,18,3,0,7
10323,375,2021,12,21,16,4,1,3
10324,375,2022,1,23,21,2,0,2
10325,375,2022,2,22,17,3,2,7
10326,375,2022,3,22,16,4,2,2
10327,375,2022,4,20,18,0,2,5
10328,375,2022,5,22,21,1,0,7
10329,375,2022,6,22,19,3,0,3
10330,375,2022,7,22,19,3,0,5
10331,375,2022,8,22,17,3,2,4
10332,375,2022,9,20,14,4,2,4
10333,375,2022,10,23,19,4,0,8
10334,375,2022,11,20,18,2,0,0
10335,375,2022,12,22,18,3,1,2
10336,375,2023,1,23,21,0,2,4
10337,375,2023,2,20,17,1,2,8
10338,375,2023,3,22,17,3,2,4
10339,375,2023,4,20,16,4,0,0
10340,375,2023,5,23,20,1,2,0
10341,375,2023,6,20,15,4,1,6
10342,375,2023,7,20,20,0,0,2
10343,375,2023,8,22,21,0,1,8
10344,375,2023,9,22,19,3,0,0
10345,375,2023,10,20,17,2,1,4
10346,375,2023,11,22,16,4,2,8
10347,375,2023,12,21,19,2,0,0
10348,375,2024,1,21,17,2,2,7
10349,375,2024,2,21,19,1,1,8
10350,375,2024,3,22,20,0,2,0
10351,375,2024,4,23,19,3,1,5
10352,375,2024,5,21,19,0,2,3
10353,375,2024,6,21,18,1,2,2
10354,375,2024,7,20,20,0,0,7
10355,375,2024,8,20,16,4,0,1
10356,375,2024,9,23,23,0,0,4
10357,375,2024,10,20,14,4,2,7
10358,375,2024,11,22,21,1,0,4
10359,375,2024,12,21,17,3,1,0
10360,375,2025,1,20,18,2,0,2
10361,375,2025,2,23,19,2,2,3
10362,375,2025,3,20,14,4,2,3
10363,375,2025,4,22,21,1,0,8
10364,375,2025,5,22,19,1,2,4
10365,375,2025,6,22,18,2,2,6
10366,375,2025,7,22,21,0,1,7
10367,375,2025,8,20,15,3,2,8
10368,375,2025,9,21,17,3,1,3
10369,375,2025,10,20,15,3,2,7
10370,375,2025,11,22,18,2,2,5
10371,375,2025,12,21,19,2,0,1
10372,376,2021,10,21,15,4,2,4
10373,376,2021,11,21,15,4,2,2
10374,376,2021,12,20,16,4,0,6
10375,376,2022,1,21,21,0,0,5
10376,376,2022,2,21,19,2,0,5
10377,376,2022,3,22,19,2,1,0
10378,376,2022,4,20,17,1,2,1
10379,376,2022,5,23,20,2,1,0
10380,376,2022,6,21,20,0,1,6
10381,376,2022,7,23,20,3,0,0
10382,376,2022,8,21,21,0,0,0
10383,376,2022,9,20,18,0,2,6
10384,376,2022,10,20,17,3,0,1
10385,376,2022,11,22,18,4,0,5
10386,376,2022,12,21,20,1,0,0
10387,376,2023,1,20,14,4,2,4
10388,376,2023,2,21,19,1,1,4
10389,376,2023,3,21,18,3,0,8
10390,376,2023,4,23,18,4,1,3
10391,376,2023,5,20,18,2,0,5
10392,376,2023,6,22,16,4,2,6
10393,376,2023,7,23,22,0,1,7
10394,376,2023,8,22,18,4,0,7
10395,376,2023,9,22,20,2,0,4
10396,376,2023,10,22,22,0,0,3
10397,377,2022,6,20,14,4,2,7
10398,377,2022,7,21,15,4,2,2
10399,377,2022,8,22,19,3,0,0
10400,377,2022,9,22,19,1,2,0
10401,377,2022,10,21,15,4,2,6
10402,377,2022,11,20,15,3,2,3
10403,377,2022,12,21,15,4,2,2
10404,377,2023,1,21,16,4,1,5
10405,377,2023,2,20,16,2,2,4
10406,377,2023,3,23,19,2,2,6
10407,377,2023,4,23,19,4,0,4
10408,377,2023,5,21,16,3,2,3
10409,377,2023,6,21,17,3,1,4
10410,377,2023,7,23,18,3,2,4
10411,377,2023,8,20,19,1,0,8
10412,377,2023,9,20,16,2,2,6
10413,377,2023,10,23,17,4,2,6
10414,377,2023,11,21,18,3,0,3
10415,377,2023,12,21,16,4,1,6
10416,377,2024,1,20,17,3,0,3
10417,377,2024,2,22,17,3,2,4
10418,377,2024,3,20,17,1,2,4
10419,377,2024,4,21,17,3,1,2
10420,377,2024,5,21,15,4,2,8
10421,377,2024,6,23,19,2,2,7
10422,377,2024,7,23,20,1,2,7
10423,377,2024,8,20,15,4,1,5
10424,377,2024,9,21,16,3,2,6
10425,377,2024,10,22,18,4,0,1
10426,377,2024,11,22,21,1,0,5
10427,377,2024,12,22,18,2,2,3
10428,377,2025,1,23,19,3,1,3
10429,377,2025,2,20,16,4,0,8
10430,377,2025,3,21,17,3,1,2
10431,377,2025,4,22,19,1,2,2
10432,377,2025,5,20,19,0,1,7
10433,377,2025,6,22,16,4,2,6
10434,377,2025,7,22,21,0,1,7
10435,377,2025,8,23,20,1,2,0
10436,377,2025,9,20,17,3,0,7
10437,377,2025,10,22,20,0,2,2
10438,377,2025,11,20,19,1,0,1
10439,377,2025,12,22,21,1,0,1
10440,378,2025,6,23,21,2,0,2
10441,378,2025,7,21,18,3,0,1
10442,378,2025,8,21,16,3,2,0
10443,378,2025,9,21,19,0,2,0
10444,378,2025,10,23,17,4,2,0
10445,378,2025,11,20,18,0,2,4
10446,378,2025,12,21,17,3,1,8
10447,379,2021,10,20,17,2,1,6
10448,379,2021,11,21,16,4,1,4
10449,379,2021,12,20,17,1,2,6
10450,379,2022,1,23,20,3,0,4
10451,379,2022,2,22,20,2,0,1
10452,379,2022,3,21,17,4,0,0
10453,379,2022,4,23,20,2,1,4
10454,379,2022,5,21,19,1,1,3
10455,379,2022,6,22,18,2,2,0
10456,380,2025,8,23,20,1,2,1
10457,380,2025,9,22,17,3,2,0
10458,380,2025,10,22,16,4,2,0
10459,380,2025,11,21,19,0,2,5
10460,380,2025,12,20,19,0,1,2
10461,381,2023,7,20,16,2,2,2
10462,381,2023,8,22,21,1,0,3
10463,381,2023,9,20,16,2,2,5
10464,381,2023,10,21,20,0,1,7
10465,381,2023,11,21,17,3,1,8
10466,381,2023,12,21,20,1,0,7
10467,381,2024,1,20,18,1,1,5
10468,381,2024,2,23,23,0,0,5
10469,381,2024,3,20,18,0,2,6
10470,381,2024,4,22,20,0,2,0
10471,381,2024,5,21,17,4,0,1
10472,381,2024,6,20,17,3,0,8
10473,381,2024,7,22,18,2,2,4
10474,381,2024,8,22,21,1,0,0
10475,381,2024,9,21,15,4,2,3
10476,381,2024,10,22,18,4,0,1
10477,381,2024,11,22,20,2,0,2
10478,381,2024,12,22,20,1,1,2
10479,381,2025,1,23,19,3,1,8
10480,381,2025,2,23,19,3,1,7
10481,381,2025,3,23,23,0,0,0
10482,381,2025,4,21,17,2,2,0
10483,381,2025,5,22,18,2,2,8
10484,381,2025,6,22,21,0,1,1
10485,381,2025,7,22,21,1,0,5
10486,381,2025,8,21,19,0,2,2
10487,381,2025,9,20,19,1,0,1
10488,381,2025,10,23,23,0,0,4
10489,381,2025,11,23,20,2,1,6
10490,381,2025,12,22,16,4,2,0
10491,382,2024,10,20,16,4,0,0
10492,382,2024,11,22,19,1,2,4
10493,382,2024,12,23,19,4,0,8
10494,382,2025,1,20,18,1,1,4
10495,382,2025,2,20,18,0,2,2
10496,382,2025,3,22,20,2,0,7
10497,382,2025,4,20,20,0,0,5
10498,382,2025,5,22,20,2,0,0
10499,382,2025,6,22,19,1,2,2
10500,382,2025,7,20,18,1,1,7
10501,382,2025,8,20,16,4,0,5
10502,382,2025,9,22,19,3,0,2
10503,382,2025,10,20,18,0,2,4
10504,382,2025,11,23,20,1,2,1
10505,383,2022,2,20,20,0,0,6
10506,383,2022,3,20,19,1,0,8
10507,383,2022,4,22,19,3,0,6
10508,383,2022,5,20,18,0,2,2
10509,383,2022,6,20,16,2,2,7
10510,383,2022,7,21,17,3,1,5
10511,383,2022,8,23,17,4,2,4
10512,383,2022,9,20,18,0,2,5
10513,383,2022,10,21,16,3,2,3
10514,383,2022,11,20,19,0,1,4
10515,383,2022,12,22,18,2,2,1
10516,383,2023,1,20,15,4,1,2
10517,383,2023,2,20,15,4,1,0
10518,383,2023,3,23,19,4,0,2
10519,383,2023,4,22,20,0,2,4
10520,383,2023,5,22,21,1,0,5
10521,383,2023,6,21,16,3,2,3
10522,383,2023,7,23,20,3,0,0
10523,383,2023,8,22,21,0,1,7
10524,383,2023,9,21,15,4,2,6
10525,383,2023,10,21,17,4,0,8
10526,383,2023,11,22,19,1,2,1
10527,383,2023,12,23,21,2,0,7
10528,383,2024,1,21,15,4,2,1
10529,383,2024,2,21,19,1,1,3
10530,383,2024,3,20,19,1,0,2
10531,383,2024,4,20,17,3,0,7
10532,383,2024,5,23,21,1,1,0
10533,383,2024,6,23,18,3,2,1
10534,383,2024,7,22,18,2,2,1
10535,383,2024,8,23,19,4,0,3
10536,383,2024,9,22,22,0,0,3
10537,383,2024,10,21,20,1,0,8
10538,383,2024,11,23,20,2,1,3
10539,383,2024,12,21,20,1,0,4
10540,383,2025,1,23,17,4,2,1
10541,383,2025,2,21,18,3,0,8
10542,383,2025,3,21,17,2,2,4
10543,383,2025,4,22,20,2,0,5
10544,383,2025,5,21,21,0,0,0
10545,383,2025,6,22,18,2,2,6
10546,383,2025,7,21,18,2,1,7
10547,383,2025,8,21,18,1,2,1
10548,383,2025,9,20,18,2,0,2
10549,383,2025,10,22,20,2,0,5
10550,383,2025,11,22,20,1,1,7
10551,383,2025,12,21,18,2,1,3
10552,384,2025,3,20,19,1,0,0
10553,384,2025,4,20,18,0,2,0
10554,384,2025,5,20,19,0,1,0
10555,384,2025,6,21,17,2,2,5
10556,384,2025,7,21,16,4,1,3
10557,384,2025,8,23,19,4,0,1
10558,384,2025,9,23,21,2,0,5
10559,384,2025,10,23,21,0,2,1
10560,384,2025,11,22,17,4,1,7
10561,384,2025,12,22,21,1,0,5
10562,385,2021,9,21,16,4,1,0
10563,385,2021,10,22,20,1,1,5
10564,385,2021,11,21,19,2,0,1
10565,385,2021,12,23,22,1,0,5
10566,385,2022,1,20,16,4,0,0
10567,385,2022,2,21,19,2,0,7
10568,385,2022,3,20,19,1,0,4
10569,385,2022,4,22,21,0,1,8
10570,385,2022,5,22,21,1,0,0
10571,385,2022,6,23,20,2,1,6
10572,385,2022,7,22,22,0,0,5
10573,385,2022,8,20,16,3,1,1
10574,385,2022,9,21,18,2,1,4
10575,385,2022,10,22,21,0,1,3
10576,385,2022,11,20,14,4,2,4
10577,385,2022,12,21,19,1,1,5
10578,385,2023,1,23,18,3,2,8
10579,385,2023,2,23,21,1,1,8
10580,386,2024,5,22,19,1,2,1
10581,386,2024,6,21,18,2,1,3
10582,386,2024,7,21,15,4,2,6
10583,386,2024,8,21,20,1,0,3
10584,386,2024,9,21,19,1,1,8
10585,386,2024,10,23,23,0,0,2
10586,386,2024,11,22,17,4,1,0
10587,386,2024,12,20,15,4,1,1
10588,387,2021,1,21,18,2,1,6
10589,387,2021,2,23,22,1,0,5
10590,387,2021,3,20,16,2,2,2
10591,387,2021,4,20,16,2,2,5
10592,387,2021,5,21,21,0,0,7
10593,387,2021,6,21,18,2,1,5
10594,387,2021,7,23,20,2,1,3
10595,387,2021,8,21,19,0,2,3
10596,387,2021,9,21,18,2,1,6
10597,387,2021,10,21,17,3,1,1
10598,387,2021,11,21,16,4,1,4
10599,387,2021,12,20,18,0,2,4
10600,387,2022,1,23,22,0,1,0
10601,387,2022,2,22,20,2,0,6
10602,387,2022,3,22,17,3,2,6
10603,387,2022,4,23,19,2,2,0
10604,387,2022,5,21,18,1,2,3
10605,387,2022,6,20,17,1,2,1
10606,387,2022,7,20,17,1,2,0
10607,387,2022,8,20,14,4,2,1
10608,387,2022,9,22,18,4,0,1
10609,387,2022,10,21,15,4,2,3
10610,387,2022,11,23,19,3,1,2
10611,387,2022,12,21,19,1,1,0
10612,387,2023,1,22,19,3,0,7
10613,387,2023,2,22,21,0,1,2
10614,387,2023,3,21,17,3,1,2
10615,387,2023,4,21,17,3,1,7
10616,387,2023,5,20,17,2,1,1
10617,387,2023,6,23,19,4,0,8
10618,387,2023,7,23,20,1,2,3
10619,387,2023,8,21,16,3,2,4
10620,387,2023,9,22,19,2,1,2
10621,387,2023,10,21,18,1,2,7
10622,387,2023,11,22,18,3,1,8
10623,387,2023,12,22,18,2,2,1
10624,387,2024,1,23,20,1,2,8
10625,387,2024,2,22,17,4,1,4
10626,387,2024,3,21,16,3,2,3
10627,387,2024,4,22,20,0,2,4
10628,387,2024,5,20,17,1,2,4
10629,387,2024,6,21,19,2,0,4
10630,387,2024,7,22,16,4,2,4
10631,387,2024,8,23,21,0,2,0
10632,387,2024,9,23,18,3,2,1
10633,387,2024,10,23,19,4,0,1
10634,387,2024,11,22,19,2,1,5
10635,387,2024,12,21,17,2,2,6
10636,387,2025,1,21,16,4,1,1
10637,387,2025,2,21,16,3,2,1
10638,387,2025,3,21,16,4,1,1
10639,387,2025,4,21,16,4,1,6
10640,387,2025,5,21,18,2,1,8
10641,387,2025,6,23,20,2,1,1
10642,387,2025,7,22,18,4,0,0
10643,387,2025,8,22,17,3,2,4
10644,387,2025,9,23,20,2,1,4
10645,387,2025,10,22,18,3,1,2
10646,387,2025,11,20,19,1,0,8
10647,387,2025,12,21,16,3,2,3
10648,388,2021,3,22,19,3,0,5
10649,388,2021,4,22,21,0,1,8
10650,388,2021,5,23,22,0,1,8
10651,388,2021,6,21,18,2,1,5
10652,388,2021,7,23,21,2,0,4
10653,388,2021,8,23,19,2,2,3
10654,388,2021,9,20,16,3,1,8
10655,388,2021,10,23,19,3,1,0
10656,388,2021,11,22,18,4,0,8
10657,388,2021,12,20,18,0,2,2
10658,388,2022,1,23,21,1,1,4
10659,388,2022,2,22,19,1,2,8
10660,388,2022,3,22,17,3,2,4
10661,388,2022,4,22,21,0,1,5
10662,388,2022,5,21,15,4,2,3
10663,388,2022,6,20,18,2,0,1
10664,388,2022,7,23,20,3,0,5
10665,388,2022,8,22,16,4,2,3
10666,388,2022,9,23,23,0,0,5
10667,388,2022,10,23,21,2,0,3
10668,388,2022,11,23,21,1,1,3
10669,388,2022,12,20,20,0,0,6
10670,388,2023,1,21,17,2,2,5
10671,388,2023,2,21,18,2,1,0
10672,388,2023,3,22,19,3,0,7
10673,388,2023,4,23,17,4,2,3
10674,388,2023,5,21,21,0,0,7
10675,388,2023,6,23,21,2,0,0
10676,388,2023,7,20,17,1,2,5
10677,388,2023,8,23,18,4,1,7
10678,388,2023,9,23,19,2,2,6
10679,388,2023,10,20,17,1,2,3
10680,388,2023,11,23,17,4,2,5
10681,388,2023,12,20,16,3,1,1
10682,388,2024,1,20,15,4,1,7
10683,388,2024,2,21,17,3,1,8
10684,388,2024,3,22,18,3,1,6
10685,388,2024,4,22,17,3,2,6
10686,388,2024,5,20,19,0,1,1
10687,388,2024,6,21,21,0,0,1
10688,388,2024,7,21,19,2,0,6
10689,388,2024,8,21,19,1,1,6
10690,388,2024,9,22,17,4,1,1
10691,388,2024,10,22,17,4,1,1
10692,388,2024,11,21,19,2,0,3
10693,388,2024,12,20,18,0,2,8
10694,388,2025,1,23,22,1,0,4
10695,388,2025,2,22,21,0,1,7
10696,388,2025,3,23,21,0,2,8
10697,388,2025,4,23,22,0,1,2
10698,388,2025,5,21,16,4,1,2
10699,388,2025,6,23,20,3,0,5
10700,388,2025,7,21,17,4,0,3
10701,388,2025,8,21,21,0,0,5
10702,388,2025,9,21,18,2,1,3
10703,388,2025,10,23,19,3,1,1
10704,388,2025,11,22,18,4,0,7
10705,388,2025,12,21,16,4,1,6
10706,389,2022,11,21,19,2,0,0
10707,389,2022,12,22,19,2,1,1
10708,389,2023,1,22,21,0,1,8
10709,389,2023,2,22,21,0,1,8
10710,389,2023,3,22,18,3,1,1
10711,389,2023,4,22,19,3,0,3
10712,389,2023,5,21,20,1,0,6
10713,389,2023,6,21,20,1,0,4
10714,389,2023,7,23,22,0,1,4
10715,389,2023,8,22,18,3,1,4
10716,389,2023,9,23,22,1,0,3
10717,389,2023,10,22,21,1,0,1
10718,389,2023,11,21,21,0,0,8
10719,389,2023,12,23,22,1,0,0
10720,389,2024,1,23,21,0,2,4
10721,390,2021,6,23,21,0,2,8
10722,390,2021,7,22,21,1,0,8
10723,390,2021,8,22,16,4,2,4
10724,390,2021,9,20,17,3,0,7
10725,390,2021,10,21,16,4,1,6
10726,390,2021,11,21,16,3,2,1
10727,390,2021,12,22,20,0,2,6
10728,390,2022,1,21,18,2,1,8
10729,390,2022,2,23,23,0,0,8
10730,390,2022,3,21,16,4,1,1
10731,390,2022,4,23,20,2,1,3
10732,390,2022,5,21,19,2,0,2
10733,390,2022,6,23,23,0,0,7
10734,390,2022,7,21,20,0,1,7
10735,390,2022,8,22,17,3,2,0
10736,390,2022,9,20,18,1,1,1
10737,390,2022,10,23,17,4,2,2
10738,390,2022,11,23,20,2,1,0
10739,390,2022,12,21,20,1,0,1
10740,390,2023,1,20,16,4,0,0
10741,390,2023,2,23,19,2,2,8
10742,390,2023,3,21,21,0,0,4
10743,390,2023,4,22,22,0,0,2
10744,390,2023,5,21,17,3,1,0
10745,390,2023,6,22,18,2,2,5
10746,390,2023,7,22,19,1,2,0
10747,390,2023,8,22,20,1,1,2
10748,390,2023,9,21,18,1,2,3
10749,390,2023,10,20,18,1,1,6
10750,390,2023,11,20,18,1,1,0
10751,390,2023,12,23,22,0,1,8
10752,390,2024,1,22,22,0,0,8
10753,390,2024,2,21,20,1,0,6
10754,390,2024,3,22,19,1,2,2
10755,390,2024,4,23,22,0,1,0
10756,390,2024,5,22,18,4,0,7
10757,390,2024,6,23,19,3,1,2
10758,390,2024,7,20,15,4,1,6
10759,390,2024,8,20,20,0,0,2
10760,390,2024,9,20,16,4,0,8
10761,390,2024,10,21,17,3,1,6
10762,390,2024,11,20,16,2,2,0
10763,390,2024,12,22,18,2,2,2
10764,390,2025,1,21,20,0,1,1
10765,390,2025,2,20,18,2,0,3
10766,390,2025,3,20,17,3,0,5
10767,390,2025,4,22,20,1,1,2
10768,390,2025,5,22,20,0,2,3
10769,390,2025,6,20,18,2,0,6
10770,390,2025,7,23,23,0,0,5
10771,390,2025,8,20,19,0,1,2
10772,390,2025,9,22,20,1,1,7
10773,390,2025,10,22,18,3,1,6
10774,390,2025,11,20,16,3,1,2
10775,390,2025,12,23,20,1,2,5
10776,391,2024,5,22,19,2,1,2
10777,391,2024,6,22,22,0,0,0
10778,391,2024,7,22,19,2,1,6
10779,391,2024,8,22,18,2,2,7
10780,391,2024,9,20,17,1,2,7
10781,391,2024,10,20,20,0,0,3
10782,391,2024,11,22,19,2,1,4
10783,391,2024,12,23,17,4,2,3
10784,391,2025,1,22,20,1,1,6
10785,391,2025,2,20,17,1,2,4
10786,391,2025,3,22,17,4,1,1
10787,391,2025,4,23,19,2,2,4
10788,391,2025,5,20,17,2,1,0
10789,391,2025,6,21,16,4,1,3
10790,391,2025,7,22,18,2,2,2
10791,391,2025,8,21,18,2,1,6
10792,391,2025,9,23,22,0,1,1
10793,391,2025,10,23,23,0,0,0
10794,392,2022,12,23,17,4,2,5
10795,392,2023,1,23,22,1,0,0
10796,392,2023,2,20,19,0,1,7
10797,392,2023,3,21,17,2,2,6
10798,392,2023,4,23,18,4,1,1
10799,392,2023,5,22,20,0,2,8
10800,392,2023,6,23,19,2,2,1
10801,392,2023,7,21,19,0,2,6
10802,392,2023,8,21,19,1,1,6
10803,392,2023,9,20,17,3,0,5
10804,392,2023,10,21,16,4,1,7
10805,392,2023,11,22,20,2,0,5
10806,392,2023,12,22,16,4,2,7
10807,392,2024,1,23,19,4,0,8
10808,392,2024,2,21,21,0,0,3
10809,392,2024,3,23,19,2,2,5
10810,392,2024,4,22,19,2,1,3
10811,392,2024,5,23,20,3,0,5
10812,392,2024,6,21,18,2,1,6
10813,392,2024,7,21,19,0,2,1
10814,392,2024,8,21,20,0,1,2
10815,392,2024,9,20,16,2,2,1
10816,392,2024,10,22,16,4,2,6
10817,392,2024,11,21,16,3,2,3
10818,392,2024,12,20,15,4,1,3
10819,392,2025,1,20,16,2,2,3
10820,392,2025,2,20,18,1,1,2
10821,392,2025,3,22,17,3,2,3
10822,392,2025,4,20,14,4,2,0
10823,392,2025,5,22,22,0,0,5
10824,392,2025,6,23,19,4,0,5
10825,392,2025,7,23,20,1,2,8
10826,392,2025,8,20,18,1,1,3
10827,392,2025,9,23,20,1,2,5
10828,392,2025,10,23,20,2,1,4
10829,392,2025,11,23,21,2,0,1
10830,392,2025,12,23,21,2,0,8
10831,393,2025,6,23,22,0,1,1
10832,393,2025,7,23,22,1,0,0
10833,393,2025,8,22,17,4,1,8
10834,393,2025,9,22,19,1,2,2
10835,393,2025,10,23,21,1,1,7
10836,393,2025,11,23,21,1,1,2
10837,393,2025,12,22,17,4,1,1
10838,394,2024,10,20,19,0,1,0
10839,394,2024,11,20,17,1,2,3
10840,394,2024,12,22,20,1,1,1
10841,394,2025,1,22,20,1,1,7
10842,394,2025,2,23,22,1,0,0
10843,394,2025,3,23,18,3,2,6
10844,394,2025,4,21,18,1,2,3
10845,395,2022,5,20,17,1,2,0
10846,395,2022,6,20,17,2,1,2
10847,395,2022,7,21,17,4,0,8
10848,395,2022,8,22,16,4,2,2
10849,395,2022,9,22,21,1,0,3
10850,395,2022,10,20,18,0,2,0
10851,395,2022,11,21,17,3,1,3
10852,395,2022,12,23,21,0,2,0
10853,395,2023,1,23,23,0,0,7
10854,395,2023,2,22,19,1,2,1
10855,395,2023,3,22,21,0,1,3
10856,395,2023,4,21,19,1,1,2
10857,395,2023,5,20,18,0,2,4
10858,395,2023,6,23,19,4,0,2
10859,395,2023,7,23,21,2,0,8
10860,395,2023,8,23,22,1,0,7
10861,395,2023,9,23,21,2,0,7
10862,395,2023,10,23,19,4,0,2
10863,395,2023,11,23,19,4,0,8
10864,395,2023,12,23,19,3,1,2
10865,395,2024,1,20,17,3,0,0
10866,395,2024,2,23,19,3,1,8
10867,395,2024,3,22,16,4,2,7
10868,395,2024,4,21,20,1,0,1
10869,395,2024,5,21,17,2,2,6
10870,395,2024,6,22,19,1,2,7
10871,395,2024,7,21,17,2,2,8
10872,395,2024,8,21,20,1,0,1
10873,395,2024,9,21,16,3,2,0
10874,395,2024,10,21,21,0,0,6
10875,395,2024,11,22,17,4,1,6
10876,395,2024,12,23,20,2,1,5
10877,395,2025,1,22,17,3,2,0
10878,395,2025,2,23,19,4,0,2
10879,395,2025,3,22,19,3,0,7
10880,395,2025,4,23,20,2,1,5
10881,395,2025,5,22,20,2,0,5
10882,395,2025,6,23,17,4,2,6
10883,395,2025,7,23,22,1,0,5
10884,395,2025,8,22,22,0,0,0
10885,395,2025,9,20,15,4,1,6
10886,395,2025,10,21,18,3,0,7
10887,395,2025,11,21,18,2,1,1
10888,395,2025,12,21,19,0,2,4
10889,396,2022,3,23,21,1,1,0
10890,396,2022,4,21,17,3,1,0
10891,396,2022,5,21,15,4,2,0
10892,396,2022,6,21,17,3,1,3
10893,396,2022,7,22,16,4,2,8
10894,396,2022,8,23,21,0,2,4
10895,396,2022,9,21,16,3,2,1
10896,396,2022,10,22,21,0,1,3
10897,396,2022,11,20,16,2,2,5
10898,396,2022,12,23,23,0,0,5
10899,396,2023,1,20,16,3,1,2
10900,396,2023,2,20,19,1,0,8
10901,396,2023,3,20,16,4,0,4
10902,396,2023,4,21,17,4,0,1
10903,396,2023,5,23,19,2,2,0
10904,396,2023,6,21,18,3,0,0
10905,396,2023,7,22,16,4,2,6
10906,396,2023,8,21,18,3,0,8
10907,396,2023,9,21,17,2,2,7
10908,396,2023,10,23,21,1,1,4
10909,396,2023,11,23,19,4,0,6
10910,396,2023,12,23,21,1,1,4
10911,396,2024,1,20,18,1,1,3
10912,396,2024,2,21,18,1,2,7
10913,396,2024,3,20,15,4,1,6
10914,396,2024,4,20,17,3,0,2
10915,396,2024,5,23,23,0,0,7
10916,396,2024,6,23,21,2,0,3
10917,396,2024,7,23,23,0,0,7
10918,396,2024,8,20,19,0,1,3
10919,396,2024,9,21,18,1,2,5
10920,396,2024,10,21,16,4,1,2
10921,396,2024,11,23,20,2,1,6
10922,396,2024,12,23,21,1,1,1
10923,396,2025,1,22,20,0,2,1
10924,396,2025,2,23,17,4,2,0
10925,396,2025,3,23,19,2,2,6
10926,396,2025,4,20,17,3,0,2
10927,396,2025,5,22,18,2,2,2
10928,396,2025,6,22,18,2,2,4
10929,396,2025,7,22,19,3,0,2
10930,396,2025,8,21,19,1,1,0
10931,396,2025,9,21,15,4,2,3
10932,396,2025,10,22,20,0,2,1
10933,396,2025,11,20,17,2,1,0
10934,396,2025,12,23,21,1,1,1
10935,397,2024,7,22,20,1,1,7
10936,397,2024,8,22,21,1,0,1
10937,397,2024,9,20,16,3,1,3
10938,397,2024,10,21,16,4,1,5
10939,397,2024,11,20,20,0,0,4
10940,397,2024,12,22,17,3,2,6
10941,397,2025,1,20,19,0,1,8
10942,397,2025,2,22,22,0,0,1
10943,397,2025,3,20,19,1,0,1
10944,397,2025,4,20,15,3,2,5
10945,397,2025,5,23,19,4,0,7
10946,397,2025,6,20,14,4,2,0
10947,397,2025,7,23,17,4,2,2
10948,397,2025,8,23,20,2,1,6
10949,397,2025,9,22,17,3,2,5
10950,397,2025,10,23,20,3,0,8
10951,397,2025,11,21,21,0,0,2
10952,397,2025,12,22,18,4,0,3
10953,398,2021,5,20,19,1,0,4
10954,398,2021,6,20,16,3,1,3
10955,398,2021,7,22,21,1,0,0
10956,398,2021,8,20,18,1,1,3
10957,398,2021,9,23,21,2,0,8
10958,398,2021,10,23,18,3,2,5
10959,398,2021,11,23,18,3,2,7
10960,398,2021,12,21,20,1,0,2
10961,398,2022,1,22,21,0,1,2
10962,398,2022,2,21,15,4,2,8
10963,398,2022,3,23,21,2,0,3
10964,398,2022,4,21,18,2,1,6
10965,398,2022,5,20,18,2,0,7
10966,398,2022,6,21,16,3,2,3
10967,398,2022,7,22,19,3,0,0
10968,398,2022,8,21,20,1,0,2
10969,398,2022,9,20,17,3,0,3
10970,398,2022,10,23,21,2,0,2
10971,398,2022,11,22,19,2,1,3
10972,399,2022,10,21,19,2,0,4
10973,399,2022,11,20,17,1,2,5
10974,399,2022,12,21,21,0,0,1
10975,399,2023,1,22,20,0,2,5
10976,399,2023,2,23,21,0,2,7
10977,399,2023,3,21,19,2,0,5
10978,399,2023,4,20,17,1,2,6
10979,399,2023,5,22,16,4,2,5
10980,399,2023,6,23,20,3,0,6
10981,399,2023,7,22,20,2,0,6
10982,399,2023,8,23,19,3,1,0
10983,399,2023,9,22,16,4,2,1
10984,399,2023,10,22,16,4,2,0
10985,399,2023,11,20,18,2,0,5
10986,399,2023,12,20,19,1,0,6
10987,399,2024,1,23,18,4,1,3
10988,399,2024,2,20,17,1,2,2
10989,399,2024,3,20,16,4,0,8
10990,399,2024,4,21,21,0,0,7
10991,399,2024,5,20,18,2,0,4
10992,399,2024,6,23,21,2,0,1
10993,399,2024,7,20,18,0,2,7
10994,399,2024,8,21,19,2,0,7
10995,399,2024,9,23,17,4,2,8
10996,399,2024,10,21,16,4,1,2
10997,399,2024,11,21,17,4,0,4
10998,399,2024,12,22,17,3,2,3
10999,399,2025,1,22,20,0,2,1
11000,399,2025,2,22,16,4,2,1
11001,399,2025,3,22,18,2,2,4
11002,399,2025,4,20,17,3,0,7
11003,399,2025,5,23,21,2,0,4
11004,399,2025,6,21,17,3,1,7
11005,399,2025,7,21,16,3,2,7
11006,399,2025,8,23,21,1,1,5
11007,399,2025,9,20,17,3,0,4
11008,399,2025,10,20,19,1,0,6
11009,399,2025,11,22,22,0,0,6
11010,399,2025,12,20,18,2,0,8
11011,400,2023,3,23,23,0,0,0
11012,400,2023,4,23,19,4,0,7
11013,400,2023,5,21,19,2,0,3
11014,400,2023,6,22,19,2,1,4
11015,400,2023,7,22,21,0,1,2
11016,400,2023,8,21,20,0,1,3
11017,400,2023,9,21,20,0,1,5
11018,400,2023,10,21,20,0,1,1
11019,400,2023,11,21,18,2,1,7
11020,400,2023,12,22,18,4,0,5
11021,400,2024,1,22,18,2,2,5
11022,400,2024,2,20,15,4,1,0
11023,400,2024,3,23,22,0,1,1
11024,400,2024,4,20,17,2,1,6
11025,400,2024,5,21,18,2,1,5
11026,400,2024,6,22,20,1,1,0
11027,400,2024,7,21,17,4,0,3
11028,400,2024,8,21,16,3,2,3
11029,400,2024,9,20,18,0,2,5
11030,400,2024,10,22,21,1,0,0
11031,400,2024,11,21,19,0,2,7
11032,400,2024,12,22,21,1,0,6
11033,400,2025,1,23,23,0,0,7
11034,400,2025,2,23,21,0,2,3
11035,400,2025,3,21,17,2,2,7
11036,400,2025,4,20,18,1,1,7
11037,400,2025,5,20,15,3,2,3
11038,400,2025,6,20,18,0,2,8
11039,400,2025,7,23,18,4,1,2
11040,400,2025,8,20,15,3,2,0
11041,400,2025,9,22,20,1,1,6
11042,400,2025,10,21,17,3,1,6
11043,400,2025,11,23,20,1,2,8
11044,400,2025,12,20,17,1,2,8
11045,401,2024,10,22,16,4,2,0
11046,401,2024,11,20,20,0,0,2
11047,401,2024,12,22,20,0,2,8
11048,401,2025,1,20,17,1,2,4
11049,401,2025,2,22,18,2,2,0
11050,401,2025,3,23,19,4,0,7
11051,401,2025,4,23,21,2,0,8
11052,401,2025,5,20,15,3,2,2
11053,401,2025,6,22,17,4,1,5
11054,401,2025,7,20,18,0,2,0
11055,401,2025,8,22,17,3,2,1
11056,401,2025,9,23,17,4,2,8
11057,401,2025,10,21,19,0,2,8
11058,401,2025,11,21,16,4,1,6
11059,401,2025,12,20,18,2,0,1
11060,402,2023,8,22,19,1,2,0
11061,402,2023,9,23,18,4,1,6
11062,402,2023,10,22,18,2,2,0
11063,402,2023,11,22,16,4,2,8
11064,402,2023,12,23,23,0,0,2
11065,402,2024,1,21,21,0,0,5
11066,402,2024,2,23,18,3,2,7
11067,402,2024,3,23,20,1,2,5
11068,402,2024,4,21,18,3,0,8
11069,402,2024,5,21,19,0,2,8
11070,402,2024,6,21,19,1,1,0
11071,402,2024,7,20,19,1,0,2
11072,402,2024,8,20,18,0,2,8
11073,402,2024,9,21,17,2,2,8
11074,402,2024,10,20,16,3,1,5
11075,402,2024,11,20,14,4,2,4
11076,402,2024,12,23,20,3,0,8
11077,402,2025,1,20,18,2,0,3
11078,403,2022,3,22,18,4,0,5
11079,403,2022,4,20,17,2,1,0
11080,403,2022,5,21,17,4,0,6
11081,403,2022,6,21,16,4,1,8
11082,403,2022,7,20,20,0,0,2
11083,403,2022,8,21,18,1,2,4
11084,403,2022,9,20,17,2,1,5
11085,403,2022,10,21,17,2,2,0
11086,403,2022,11,23,22,1,0,7
11087,403,2022,12,21,20,1,0,6
11088,403,2023,1,21,19,1,1,1
11089,403,2023,2,21,21,0,0,3
11090,403,2023,3,21,15,4,2,4
11091,403,2023,4,21,19,1,1,3
11092,403,2023,5,23,17,4,2,4
11093,403,2023,6,21,19,1,1,2
11094,403,2023,7,23,21,0,2,8
11095,403,2023,8,22,16,4,2,0
11096,403,2023,9,22,22,0,0,8
11097,403,2023,10,23,21,2,0,4
11098,403,2023,11,23,21,2,0,1
11099,403,2023,12,20,17,2,1,8
11100,403,2024,1,21,21,0,0,8
11101,403,2024,2,21,18,2,1,0
11102,403,2024,3,21,18,2,1,6
11103,403,2024,4,23,20,3,0,2
11104,403,2024,5,21,17,4,0,8
11105,403,2024,6,20,18,2,0,3
11106,403,2024,7,20,20,0,0,3
11107,403,2024,8,20,16,4,0,4
11108,403,2024,9,21,15,4,2,3
11109,403,2024,10,23,21,2,0,0
11110,403,2024,11,21,17,4,0,4
11111,403,2024,12,23,22,0,1,7
11112,403,2025,1,23,20,1,2,2
11113,403,2025,2,20,19,0,1,8
11114,403,2025,3,21,16,4,1,2
11115,403,2025,4,21,15,4,2,7
11116,403,2025,5,23,21,1,1,0
11117,403,2025,6,21,20,1,0,2
11118,403,2025,7,23,19,4,0,0
11119,403,2025,8,20,20,0,0,8
11120,403,2025,9,20,16,3,1,6
11121,403,2025,10,21,16,4,1,1
11122,403,2025,11,22,18,3,1,8
11123,403,2025,12,23,22,0,1,6
11124,404,2022,10,20,15,4,1,0
11125,404,2022,11,22,17,4,1,2
11126,404,2022,12,23,20,3,0,3
11127,404,2023,1,21,19,0,2,8
11128,404,2023,2,23,19,2,2,7
11129,404,2023,3,22,18,4,0,3
11130,404,2023,4,20,17,3,0,4
11131,404,2023,5,20,19,1,0,2
11132,404,2023,6,23,20,3,0,2
11133,404,2023,7,21,15,4,2,2
11134,404,2023,8,23,17,4,2,2
11135,404,2023,9,23,23,0,0,2
11136,404,2023,10,20,19,0,1,5
11137,404,2023,11,23,19,2,2,4
11138,404,2023,12,20,14,4,2,4
11139,404,2024,1,22,21,1,0,4
11140,404,2024,2,21,17,2,2,8
11141,404,2024,3,21,18,1,2,1
11142,404,2024,4,23,21,2,0,4
11143,404,2024,5,21,21,0,0,7
11144,404,2024,6,23,22,1,0,7
11145,404,2024,7,23,20,1,2,2
11146,404,2024,8,21,19,2,0,3
11147,404,2024,9,22,19,2,1,4
11148,404,2024,10,22,18,4,0,4
11149,404,2024,11,23,18,3,2,0
11150,404,2024,12,20,19,1,0,4
11151,404,2025,1,21,20,1,0,0
11152,404,2025,2,23,21,0,2,6
11153,404,2025,3,21,18,2,1,7
11154,404,2025,4,23,17,4,2,0
11155,404,2025,5,23,19,2,2,0
11156,404,2025,6,22,20,1,1,0
11157,404,2025,7,23,20,2,1,4
11158,404,2025,8,22,18,3,1,4
11159,404,2025,9,21,16,3,2,5
11160,404,2025,10,23,18,3,2,7
11161,404,2025,11,22,22,0,0,0
11162,404,2025,12,23,19,2,2,0
11163,405,2021,4,22,18,2,2,6
11164,405,2021,5,23,19,2,2,4
11165,405,2021,6,21,19,0,2,3
11166,405,2021,7,20,19,0,1,0
11167,405,2021,8,22,16,4,2,2
11168,405,2021,9,23,22,0,1,8
11169,405,2021,10,23,20,2,1,0
11170,405,2021,11,22,19,2,1,6
11171,405,2021,12,21,19,0,2,0
11172,405,2022,1,20,17,2,1,6
11173,405,2022,2,23,19,4,0,0
11174,405,2022,3,20,19,1,0,5
11175,405,2022,4,21,18,3,0,1
11176,405,2022,5,21,21,0,0,0
11177,405,2022,6,22,19,3,0,6
11178,405,2022,7,20,19,0,1,5
11179,405,2022,8,20,16,3,1,0
11180,406,2025,2,20,18,0,2,6
11181,406,2025,3,20,18,1,1,6
11182,406,2025,4,23,19,3,1,7
11183,406,2025,5,22,17,3,2,3
11184,406,2025,6,23,18,4,1,2
11185,406,2025,7,20,17,3,0,3
11186,406,2025,8,22,21,0,1,5
11187,406,2025,9,23,21,2,0,7
11188,406,2025,10,22,17,3,2,8
11189,406,2025,11,21,16,3,2,6
11190,406,2025,12,22,21,0,1,1
11191,407,2024,11,22,18,2,2,3
11192,407,2024,12,23,22,0,1,1
11193,407,2025,1,22,19,2,1,4
11194,407,2025,2,20,19,0,1,6
11195,407,2025,3,21,18,3,0,4
11196,407,2025,4,23,18,3,2,6
11197,407,2025,5,20,18,0,2,7
11198,407,2025,6,23,20,1,2,4
11199,407,2025,7,23,19,4,0,5
11200,407,2025,8,22,21,1,0,8
11201,407,2025,9,20,16,3,1,6
11202,407,2025,10,20,18,1,1,7
11203,407,2025,11,23,20,3,0,0
11204,407,2025,12,23,18,4,1,2
11205,408,2024,5,22,19,2,1,8
11206,408,2024,6,21,16,4,1,6
11207,408,2024,7,20,17,2,1,8
11208,408,2024,8,20,15,4,1,0
11209,408,2024,9,22,21,1,0,7
11210,408,2024,10,22,19,1,2,4
11211,408,2024,11,23,21,0,2,3
11212,408,2024,12,21,19,1,1,6
11213,408,2025,1,22,18,2,2,7
11214,408,2025,2,21,16,3,2,3
11215,408,2025,3,23,20,3,0,7
11216,408,2025,4,21,20,0,1,1
11217,408,2025,5,22,19,3,0,2
11218,408,2025,6,22,20,2,0,1
11219,408,2025,7,21,19,1,1,3
11220,408,2025,8,22,21,0,1,7
11221,408,2025,9,23,17,4,2,1
11222,408,2025,10,22,19,2,1,5
11223,408,2025,11,20,18,2,0,4
11224,408,2025,12,22,19,2,1,2
11225,409,2022,11,20,16,3,1,0
11226,409,2022,12,20,17,1,2,7
11227,409,2023,1,20,16,2,2,4
11228,409,2023,2,22,17,4,1,5
11229,409,2023,3,21,18,3,0,6
11230,409,2023,4,22,16,4,2,7
11231,409,2023,5,23,20,1,2,5
11232,409,2023,6,23,20,1,2,0
11233,409,2023,7,22,22,0,0,3
11234,409,2023,8,22,21,1,0,4
11235,409,2023,9,22,19,1,2,2
11236,409,2023,10,22,19,2,1,7
11237,409,2023,11,23,20,2,1,2
11238,409,2023,12,22,20,1,1,4
11239,409,2024,1,20,17,3,0,5
11240,409,2024,2,22,17,4,1,1
11241,409,2024,3,22,19,3,0,4
11242,409,2024,4,22,17,4,1,5
11243,409,2024,5,21,16,3,2,2
11244,409,2024,6,23,22,0,1,7
11245,409,2024,7,22,17,4,1,0
11246,409,2024,8,22,20,0,2,2
11247,409,2024,9,21,20,0,1,4
11248,409,2024,10,22,21,0,1,0
11249,409,2024,11,20,16,2,2,5
11250,409,2024,12,23,20,3,0,5
11251,409,2025,1,21,20,1,0,6
11252,409,2025,2,21,21,0,0,0
11253,409,2025,3,20,17,2,1,2
11254,409,2025,4,20,15,4,1,4
11255,409,2025,5,22,19,2,1,4
11256,409,2025,6,21,19,1,1,3
11257,409,2025,7,20,15,4,1,8
11258,409,2025,8,22,16,4,2,5
11259,409,2025,9,22,20,0,2,0
11260,409,2025,10,22,22,0,0,1
11261,409,2025,11,23,18,3,2,8
11262,409,2025,12,22,20,0,2,7
11263,410,2021,10,23,18,3,2,3
11264,410,2021,11,23,21,2,0,0
11265,410,2021,12,23,20,3,0,2
11266,410,2022,1,21,18,1,2,0
11267,410,2022,2,22,20,0,2,6
11268,410,2022,3,23,18,4,1,1
11269,410,2022,4,22,17,4,1,0
11270,410,2022,5,22,17,3,2,2
11271,410,2022,6,20,17,2,1,4
11272,410,2022,7,23,18,3,2,2
11273,410,2022,8,20,16,2,2,5
11274,410,2022,9,23,21,2,0,4
11275,410,2022,10,20,15,3,2,1
11276,410,2022,11,23,18,4,1,1
11277,410,2022,12,22,19,3,0,1
11278,410,2023,1,22,17,4,1,0
11279,410,2023,2,20,20,0,0,5
11280,410,2023,3,20,18,2,0,0
11281,410,2023,4,23,20,2,1,5
11282,410,2023,5,23,18,4,1,1
11283,410,2023,6,21,16,3,2,0
11284,410,2023,7,21,19,1,1,2
11285,410,2023,8,22,19,1,2,1
11286,410,2023,9,21,21,0,0,2
11287,410,2023,10,20,17,3,0,0
11288,410,2023,11,23,20,3,0,4
11289,410,2023,12,23,17,4,2,0
11290,410,2024,1,23,21,2,0,7
11291,410,2024,2,21,17,4,0,4
11292,410,2024,3,23,18,3,2,3
11293,410,2024,4,20,20,0,0,2
11294,410,2024,5,20,19,0,1,1
11295,410,2024,6,21,16,4,1,6
11296,410,2024,7,20,18,1,1,6
11297,410,2024,8,21,16,4,1,4
11298,410,2024,9,22,18,3,1,2
11299,410,2024,10,20,16,3,1,6
11300,410,2024,11,20,18,2,0,7
11301,410,2024,12,21,19,1,1,7
11302,410,2025,1,22,20,0,2,6
11303,410,2025,2,23,22,1,0,4
11304,410,2025,3,22,18,4,0,0
11305,410,2025,4,21,20,0,1,4
11306,410,2025,5,20,18,0,2,4
11307,410,2025,6,23,20,2,1,7
11308,410,2025,7,21,18,1,2,7
11309,410,2025,8,20,18,1,1,5
11310,410,2025,9,21,16,3,2,5
11311,410,2025,10,23,23,0,0,3
11312,410,2025,11,23,20,2,1,7
11313,410,2025,12,23,22,1,0,7
11314,411,2022,4,20,16,3,1,1
11315,411,2022,5,23,22,1,0,0
11316,411,2022,6,23,22,0,1,6
11317,411,2022,7,22,17,4,1,0
11318,411,2022,8,21,17,3,1,2
11319,411,2022,9,20,20,0,0,0
11320,411,2022,10,21,20,0,1,6
11321,411,2022,11,21,16,4,1,1
11322,411,2022,12,21,19,2,0,1
11323,411,2023,1,22,20,2,0,3
11324,411,2023,2,23,20,2,1,2
11325,411,2023,3,20,18,1,1,1
11326,411,2023,4,20,14,4,2,3
11327,411,2023,5,20,18,0,2,7
11328,411,2023,6,21,18,1,2,1
11329,411,2023,7,21,19,0,2,7
11330,411,2023,8,23,19,3,1,8
11331,411,2023,9,20,17,2,1,3
11332,411,2023,10,23,17,4,2,1
11333,411,2023,11,20,17,3,0,6
11334,411,2023,12,23,22,1,0,7
11335,411,2024,1,22,17,4,1,7
11336,411,2024,2,21,19,0,2,2
11337,411,2024,3,20,20,0,0,2
11338,411,2024,4,23,21,0,2,1
11339,411,2024,5,21,15,4,2,0
11340,411,2024,6,20,16,2,2,6
11341,411,2024,7,21,17,4,0,5
11342,411,2024,8,23,19,4,0,6
11343,411,2024,9,23,22,0,1,6
11344,411,2024,10,21,15,4,2,8
11345,411,2024,11,22,20,1,1,8
11346,411,2024,12,22,20,0,2,4
11347,411,2025,1,22,18,3,1,1
11348,411,2025,2,22,18,2,2,3
11349,411,2025,3,23,22,1,0,0
11350,411,2025,4,23,22,0,1,5
11351,411,2025,5,21,19,1,1,2
11352,411,2025,6,22,16,4,2,5
11353,411,2025,7,22,21,1,0,4
11354,411,2025,8,20,20,0,0,7
11355,411,2025,9,21,15,4,2,8
11356,411,2025,10,20,20,0,0,6
11357,411,2025,11,23,19,3,1,8
11358,411,2025,12,22,18,2,2,0
11359,412,2025,3,23,18,3,2,1
11360,412,2025,4,23,21,1,1,5
11361,412,2025,5,22,20,0,2,5
11362,412,2025,6,20,17,3,0,0
11363,412,2025,7,22,19,1,2,4
11364,412,2025,8,21,21,0,0,2
11365,412,2025,9,21,20,0,1,8
11366,412,2025,10,21,19,2,0,5
11367,412,2025,11,23,22,0,1,7
11368,412,2025,12,20,18,2,0,1
11369,413,2024,11,22,18,4,0,8
11370,413,2024,12,22,16,4,2,7
11371,413,2025,1,20,18,0,2,6
11372,413,2025,2,22,21,0,1,8
11373,413,2025,3,22,21,1,0,6
11374,413,2025,4,20,20,0,0,1
11375,413,2025,5,21,17,3,1,8
11376,413,2025,6,21,19,2,0,0
11377,413,2025,7,21,17,2,2,8
11378,413,2025,8,21,17,2,2,7
11379,413,2025,9,20,18,2,0,6
11380,413,2025,10,20,17,3,0,5
11381,413,2025,11,23,17,4,2,2
11382,413,2025,12,20,14,4,2,6
11383,414,2024,9,22,20,2,0,0
11384,414,2024,10,23,18,4,1,0
11385,414,2024,11,20,15,4,1,5
11386,414,2024,12,23,22,1,0,0
11387,414,2025,1,20,17,1,2,5
11388,414,2025,2,22,19,2,1,7
11389,414,2025,3,21,15,4,2,3
11390,414,2025,4,20,15,4,1,7
11391,414,2025,5,23,22,0,1,0
11392,414,2025,6,22,16,4,2,2
11393,414,2025,7,22,20,1,1,6
11394,414,2025,8,22,18,4,0,5
11395,414,2025,9,21,17,4,0,0
11396,414,2025,10,20,20,0,0,1
11397,415,2022,12,20,19,0,1,5
11398,415,2023,1,23,20,2,1,2
11399,415,2023,2,20,16,2,2,7
11400,415,2023,3,21,18,2,1,3
11401,415,2023,4,21,17,4,0,0
11402,415,2023,5,22,17,4,1,0
11403,415,2023,6,21,21,0,0,8
11404,415,2023,7,22,17,4,1,2
11405,415,2023,8,21,19,0,2,5
11406,415,2023,9,20,16,4,0,7
11407,415,2023,10,21,16,3,2,5
11408,415,2023,11,20,18,0,2,5
11409,415,2023,12,23,21,2,0,3
11410,415,2024,1,22,18,4,0,4
11411,415,2024,2,23,19,2,2,7
11412,415,2024,3,22,18,2,2,5
11413,415,2024,4,23,19,2,2,1
11414,415,2024,5,21,18,1,2,8
11415,415,2024,6,21,20,1,0,3
11416,415,2024,7,23,22,0,1,4
11417,415,2024,8,23,23,0,0,6
11418,415,2024,9,23,19,2,2,2
11419,415,2024,10,21,17,4,0,7
11420,415,2024,11,22,19,3,0,6
11421,415,2024,12,22,19,2,1,0
11422,415,2025,1,20,18,0,2,7
11423,415,2025,2,21,16,3,2,0
11424,415,2025,3,23,20,2,1,0
11425,415,2025,4,22,19,3,0,6
11426,415,2025,5,20,17,2,1,3
11427,415,2025,6,22,21,1,0,6
11428,415,2025,7,22,20,1,1,8
11429,415,2025,8,23,17,4,2,3
11430,415,2025,9,23,18,4,1,5
11431,415,2025,10,21,15,4,2,1
11432,415,2025,11,22,21,0,1,1
11433,415,2025,12,23,19,4,0,6
11434,416,2021,2,22,21,0,1,8
11435,416,2021,3,23,21,1,1,6
11436,416,2021,4,21,18,2,1,7
11437,416,2021,5,20,15,3,2,1
11438,416,2021,6,23,21,2,0,4
11439,416,2021,7,22,19,3,0,6
11440,416,2021,8,23,19,3,1,4
11441,416,2021,9,21,19,2,0,1
11442,416,2021,10,23,18,3,2,8
11443,416,2021,11,20,16,3,1,6
11444,416,2021,12,22,21,0,1,2
11445,416,2022,1,22,19,3,0,5
11446,416,2022,2,21,20,1,0,4
11447,416,2022,3,23,21,2,0,4
11448,416,2022,4,23,21,0,2,8
11449,416,2022,5,23,20,3,0,1
11450,416,2022,6,21,20,0,1,4
11451,416,2022,7,20,17,1,2,7
11452,416,2022,8,23,21,2,0,6
11453,416,2022,9,22,18,4,0,8
11454,416,2022,10,21,19,2,0,0
11455,416,2022,11,20,19,1,0,4
11456,416,2022,12,20,19,1,0,6
11457,416,2023,1,21,16,4,1,3
11458,416,2023,2,21,16,4,1,3
11459,416,2023,3,23,21,0,2,1
11460,416,2023,4,22,21,1,0,3
11461,416,2023,5,21,19,0,2,6
11462,416,2023,6,22,21,1,0,2
11463,416,2023,7,21,20,0,1,8
11464,416,2023,8,20,18,1,1,6
11465,416,2023,9,21,16,4,1,3
11466,416,2023,10,20,18,2,0,5
11467,416,2023,11,21,17,3,1,4
11468,416,2023,12,22,19,3,0,7
11469,416,2024,1,20,16,2,2,5
11470,416,2024,2,21,20,1,0,5
11471,416,2024,3,20,19,0,1,8
11472,416,2024,4,20,16,4,0,4
11473,416,2024,5,23,21,1,1,3
11474,416,2024,6,23,20,3,0,0
11475,416,2024,7,22,22,0,0,4
11476,416,2024,8,21,20,0,1,8
11477,416,2024,9,23,17,4,2,6
11478,416,2024,10,20,18,1,1,6
11479,416,2024,11,21,17,2,2,7
11480,416,2024,12,20,16,2,2,3
11481,416,2025,1,22,19,2,1,4
11482,416,2025,2,22,22,0,0,1
11483,416,2025,3,22,19,1,2,7
11484,416,2025,4,21,21,0,0,2
11485,416,2025,5,20,15,3,2,3
11486,416,2025,6,20,18,2,0,0
11487,416,2025,7,20,15,3,2,5
11488,416,2025,8,21,19,1,1,6
11489,416,2025,9,20,17,3,0,3
11490,416,2025,10,21,18,1,2,7
11491,416,2025,11,21,20,0,1,7
11492,416,2025,12,20,16,2,2,2
11493,417,2022,4,23,23,0,0,7
11494,417,2022,5,23,18,4,1,1
11495,417,2022,6,21,16,4,1,4
11496,417,2022,7,20,16,2,2,1
11497,417,2022,8,22,20,0,2,7
11498,417,2022,9,23,20,2,1,5
11499,417,2022,10,20,17,2,1,8
11500,417,2022,11,22,20,2,0,1
11501,417,2022,12,22,17,4,1,1
11502,417,2023,1,22,19,3,0,8
11503,417,2023,2,20,19,0,1,8
11504,417,2023,3,22,21,1,0,3
11505,417,2023,4,23,23,0,0,0
11506,417,2023,5,21,16,3,2,4
11507,417,2023,6,22,19,1,2,2
11508,417,2023,7,21,20,1,0,4
11509,417,2023,8,22,19,3,0,2
11510,417,2023,9,21,19,1,1,8
11511,417,2023,10,22,16,4,2,5
11512,417,2023,11,21,18,2,1,5
11513,417,2023,12,21,18,3,0,3
11514,417,2024,1,23,19,3,1,5
11515,417,2024,2,22,21,0,1,7
11516,417,2024,3,21,17,3,1,1
11517,417,2024,4,23,19,2,2,8
11518,417,2024,5,20,19,0,1,0
11519,417,2024,6,21,20,0,1,8
11520,417,2024,7,21,16,4,1,7
11521,417,2024,8,21,20,1,0,6
11522,417,2024,9,22,20,1,1,5
11523,417,2024,10,22,17,3,2,8
11524,417,2024,11,23,17,4,2,3
11525,417,2024,12,21,16,3,2,4
11526,417,2025,1,23,21,2,0,3
11527,417,2025,2,20,19,1,0,6
11528,417,2025,3,23,19,2,2,2
11529,417,2025,4,20,16,2,2,3
11530,417,2025,5,23,22,1,0,1
11531,417,2025,6,22,17,3,2,3
11532,417,2025,7,21,18,2,1,7
11533,417,2025,8,23,22,1,0,6
11534,417,2025,9,23,23,0,0,5
11535,417,2025,10,21,15,4,2,2
11536,417,2025,11,20,15,4,1,4
11537,417,2025,12,22,22,0,0,3
11538,418,2021,11,20,17,1,2,2
11539,418,2021,12,22,18,4,0,1
11540,418,2022,1,23,22,1,0,6
11541,418,2022,2,22,19,3,0,1
11542,418,2022,3,21,20,0,1,8
11543,418,2022,4,21,21,0,0,8
11544,418,2022,5,20,17,1,2,5
11545,418,2022,6,21,17,3,1,1
11546,418,2022,7,23,23,0,0,7
11547,418,2022,8,22,22,0,0,0
11548,418,2022,9,23,22,1,0,4
11549,418,2022,10,22,18,4,0,6
11550,418,2022,11,22,19,1,2,7
11551,418,2022,12,22,22,0,0,8
11552,418,2023,1,21,18,1,2,4
11553,418,2023,2,23,20,2,1,2
11554,418,2023,3,21,16,3,2,5
11555,418,2023,4,22,19,2,1,1
11556,418,2023,5,22,18,3,1,0
11557,418,2023,6,21,17,2,2,6
11558,418,2023,7,22,18,3,1,3
11559,418,2023,8,20,17,1,2,5
11560,418,2023,9,23,21,1,1,0
11561,418,2023,10,20,19,1,0,2
11562,418,2023,11,22,19,2,1,2
11563,418,2023,12,21,17,3,1,6
11564,418,2024,1,21,19,0,2,0
11565,418,2024,2,22,20,0,2,2
11566,418,2024,3,22,16,4,2,7
11567,418,2024,4,23,23,0,0,3
11568,418,2024,5,20,17,3,0,3
11569,418,2024,6,21,19,2,0,8
11570,418,2024,7,20,18,0,2,5
11571,418,2024,8,23,22,0,1,1
11572,418,2024,9,22,18,2,2,5
11573,418,2024,10,23,22,1,0,4
11574,418,2024,11,21,17,4,0,4
11575,418,2024,12,23,20,1,2,7
11576,418,2025,1,22,21,0,1,6
11577,418,2025,2,20,18,0,2,6
11578,418,2025,3,20,15,3,2,7
11579,418,2025,4,20,14,4,2,2
11580,418,2025,5,21,19,0,2,6
11581,418,2025,6,23,19,2,2,7
11582,418,2025,7,23,22,0,1,2
11583,418,2025,8,20,19,0,1,8
11584,418,2025,9,22,18,3,1,0
11585,418,2025,10,22,18,2,2,8
11586,418,2025,11,20,19,0,1,8
11587,418,2025,12,22,22,0,0,8
11588,419,2023,4,20,18,0,2,4
11589,419,2023,5,20,19,0,1,2
11590,419,2023,6,20,16,4,0,0
11591,419,2023,7,23,18,4,1,8
11592,419,2023,8,20,18,2,0,1
11593,419,2023,9,20,17,3,0,2
11594,419,2023,10,20,18,1,1,6
11595,419,2023,11,23,17,4,2,2
11596,419,2023,12,22,18,2,2,8
11597,419,2024,1,23,17,4,2,1
11598,419,2024,2,23,22,1,0,6
11599,419,2024,3,21,18,2,1,2
11600,419,2024,4,22,18,3,1,2
11601,419,2024,5,22,18,4,0,5
11602,419,2024,6,22,19,1,2,1
11603,419,2024,7,23,20,2,1,4
11604,419,2024,8,23,21,2,0,3
11605,419,2024,9,20,18,1,1,6
11606,419,2024,10,21,16,4,1,4
11607,419,2024,11,20,15,3,2,2
11608,419,2024,12,23,20,2,1,0
11609,419,2025,1,23,17,4,2,0
11610,419,2025,2,20,18,0,2,8
11611,419,2025,3,22,19,2,1,3
11612,419,2025,4,22,18,3,1,8
11613,419,2025,5,22,18,2,2,2
11614,419,2025,6,21,18,3,0,6
11615,419,2025,7,21,17,3,1,6
11616,419,2025,8,20,18,1,1,3
11617,419,2025,9,23,17,4,2,5
11618,419,2025,10,23,20,2,1,3
11619,419,2025,11,22,16,4,2,3
11620,419,2025,12,20,14,4,2,0
11621,420,2023,5,20,14,4,2,4
11622,420,2023,6,20,16,3,1,2
11623,420,2023,7,21,20,1,0,1
11624,420,2023,8,22,17,3,2,5
11625,420,2023,9,22,19,3,0,3
11626,420,2023,10,20,16,3,1,2
11627,420,2023,11,23,20,1,2,3
11628,420,2023,12,21,20,0,1,7
11629,420,2024,1,20,15,3,2,2
11630,420,2024,2,21,19,0,2,5
11631,420,2024,3,23,23,0,0,7
11632,420,2024,4,23,19,3,1,3
11633,420,2024,5,22,22,0,0,3
11634,420,2024,6,22,20,0,2,4
11635,420,2024,7,20,15,4,1,3
11636,420,2024,8,21,18,2,1,6
11637,420,2024,9,23,21,1,1,2
11638,420,2024,10,22,18,2,2,1
11639,420,2024,11,21,17,4,0,1
11640,420,2024,12,23,21,0,2,5
11641,420,2025,1,21,17,4,0,2
11642,420,2025,2,21,20,0,1,8
11643,420,2025,3,22,17,3,2,4
11644,420,2025,4,21,20,1,0,1
11645,420,2025,5,22,18,4,0,3
11646,420,2025,6,23,18,4,1,6
11647,420,2025,7,20,15,4,1,1
11648,420,2025,8,22,17,4,1,5
11649,420,2025,9,21,18,3,0,5
11650,420,2025,10,22,19,2,1,0
11651,420,2025,11,23,23,0,0,0
11652,420,2025,12,21,19,2,0,8
11653,421,2022,3,21,20,0,1,2
11654,421,2022,4,20,15,3,2,5
11655,421,2022,5,20,16,4,0,5
11656,421,2022,6,23,22,0,1,0
11657,421,2022,7,21,20,0,1,6
11658,421,2022,8,20,15,3,2,4
11659,421,2022,9,21,18,3,0,6
11660,421,2022,10,23,19,2,2,1
11661,421,2022,11,20,15,3,2,4
11662,421,2022,12,20,19,0,1,3
11663,421,2023,1,22,19,2,1,3
11664,421,2023,2,20,15,4,1,3
11665,421,2023,3,22,21,0,1,5
11666,421,2023,4,20,14,4,2,2
11667,421,2023,5,23,22,1,0,6
11668,421,2023,6,20,18,0,2,0
11669,421,2023,7,20,18,0,2,2
11670,421,2023,8,21,19,1,1,4
11671,421,2023,9,23,18,3,2,6
11672,421,2023,10,22,16,4,2,6
11673,421,2023,11,23,20,2,1,5
11674,421,2023,12,21,19,2,0,3
11675,421,2024,1,21,18,1,2,5
11676,421,2024,2,21,16,4,1,0
11677,421,2024,3,21,17,4,0,0
11678,421,2024,4,21,18,2,1,8
11679,421,2024,5,21,16,4,1,5
11680,421,2024,6,20,17,2,1,4
11681,421,2024,7,23,19,3,1,6
11682,421,2024,8,20,20,0,0,4
11683,421,2024,9,22,21,1,0,8
11684,421,2024,10,22,20,0,2,5
11685,421,2024,11,23,19,3,1,5
11686,421,2024,12,23,21,0,2,7
11687,421,2025,1,20,19,0,1,4
11688,421,2025,2,23,17,4,2,5
11689,421,2025,3,20,17,2,1,8
11690,421,2025,4,22,20,1,1,4
11691,421,2025,5,20,17,3,0,6
11692,421,2025,6,23,19,4,0,7
11693,421,2025,7,20,18,2,0,2
11694,421,2025,8,22,21,1,0,4
11695,421,2025,9,21,16,3,2,7
11696,421,2025,10,23,20,3,0,5
11697,421,2025,11,21,18,3,0,0
11698,421,2025,12,20,18,0,2,3
11699,422,2023,10,22,16,4,2,4
11700,422,2023,11,23,18,3,2,3
11701,422,2023,12,22,18,3,1,0
11702,422,2024,1,22,19,1,2,6
11703,422,2024,2,21,20,0,1,1
11704,422,2024,3,23,17,4,2,0
11705,422,2024,4,21,16,3,2,7
11706,422,2024,5,20,18,2,0,4
11707,422,2024,6,23,22,1,0,0
11708,422,2024,7,23,21,1,1,7
11709,423,2024,11,23,23,0,0,6
11710,423,2024,12,23,21,0,2,1
11711,423,2025,1,20,14,4,2,6
11712,423,2025,2,23,21,0,2,6
11713,423,2025,3,20,17,2,1,4
11714,423,2025,4,21,21,0,0,6
11715,423,2025,5,23,18,3,2,6
11716,423,2025,6,20,16,4,0,5
11717,423,2025,7,20,18,1,1,7
11718,423,2025,8,20,16,4,0,0
11719,423,2025,9,22,16,4,2,5
11720,423,2025,10,22,21,1,0,1
11721,423,2025,11,21,17,4,0,3
11722,423,2025,12,23,17,4,2,0
11723,424,2025,6,22,20,1,1,6
11724,424,2025,7,21,16,4,1,7
11725,424,2025,8,21,15,4,2,0
11726,424,2025,9,22,19,2,1,5
11727,424,2025,10,21,17,2,2,6
11728,424,2025,11,21,20,1,0,3
11729,424,2025,12,23,22,0,1,4
11730,425,2022,7,22,17,3,2,0
11731,425,2022,8,22,16,4,2,4
11732,425,2022,9,20,19,1,0,1
11733,425,2022,10,22,18,2,2,3
11734,425,2022,11,20,17,2,1,6
11735,425,2022,12,20,15,3,2,5
11736,425,2023,1,21,18,3,0,5
11737,425,2023,2,21,17,2,2,5
11738,425,2023,3,20,18,2,0,2
11739,425,2023,4,22,18,2,2,3
11740,425,2023,5,20,15,4,1,6
11741,425,2023,6,22,19,1,2,3
11742,425,2023,7,21,18,2,1,1
11743,425,2023,8,22,20,0,2,4
11744,425,2023,9,21,20,1,0,0
11745,425,2023,10,21,16,3,2,7
11746,425,2023,11,21,16,4,1,3
11747,425,2023,12,21,17,4,0,6
11748,425,2024,1,22,16,4,2,1
11749,425,2024,2,22,20,2,0,0
11750,425,2024,3,23,19,3,1,7
11751,425,2024,4,23,20,2,1,8
11752,425,2024,5,21,18,3,0,1
11753,425,2024,6,23,23,0,0,6
11754,425,2024,7,23,21,1,1,6
11755,425,2024,8,22,20,1,1,3
11756,425,2024,9,20,16,4,0,7
11757,425,2024,10,23,22,0,1,1
11758,425,2024,11,20,20,0,0,3
11759,425,2024,12,22,20,0,2,1
11760,425,2025,1,22,22,0,0,6
11761,425,2025,2,22,19,1,2,4
11762,425,2025,3,21,19,2,0,3
11763,425,2025,4,23,21,2,0,8
11764,425,2025,5,23,18,4,1,4
11765,425,2025,6,22,18,3,1,5
11766,425,2025,7,20,19,0,1,3
11767,425,2025,8,20,14,4,2,3
11768,425,2025,9,22,17,3,2,4
11769,425,2025,10,23,20,2,1,2
11770,425,2025,11,22,17,4,1,0
11771,425,2025,12,20,16,3,1,0
11772,426,2023,10,23,20,3,0,6
11773,426,2023,11,20,16,4,0,8
11774,426,2023,12,20,14,4,2,3
11775,426,2024,1,22,22,0,0,2
11776,426,2024,2,20,16,4,0,7
11777,426,2024,3,21,21,0,0,8
11778,426,2024,4,20,19,1,0,0
11779,426,2024,5,22,20,1,1,1
11780,426,2024,6,23,19,2,2,2
11781,426,2024,7,23,20,1,2,1
11782,426,2024,8,22,18,4,0,6
11783,426,2024,9,23,20,3,0,5
11784,426,2024,10,22,19,3,0,6
11785,426,2024,11,20,16,4,0,5
11786,426,2024,12,21,19,2,0,0
11787,426,2025,1,23,21,2,0,6
11788,426,2025,2,21,16,3,2,4
11789,426,2025,3,21,17,2,2,6
11790,426,2025,4,23,22,0,1,5
11791,426,2025,5,20,18,1,1,0
11792,426,2025,6,22,20,1,1,0
11793,426,2025,7,22,21,1,0,6
11794,426,2025,8,23,22,0,1,6
11795,426,2025,9,20,19,0,1,6
11796,426,2025,10,22,22,0,0,1
11797,426,2025,11,21,19,1,1,2
11798,426,2025,12,21,17,2,2,0
11799,427,2021,9,21,21,0,0,7
11800,427,2021,10,20,14,4,2,5
11801,427,2021,11,22,18,3,1,4
11802,427,2021,12,20,14,4,2,3
11803,427,2022,1,20,16,3,1,0
11804,427,2022,2,22,19,1,2,5
11805,427,2022,3,20,19,1,0,7
11806,427,2022,4,20,17,1,2,8
11807,427,2022,5,20,20,0,0,4
11808,427,2022,6,22,19,1,2,8
11809,427,2022,7,22,21,0,1,7
11810,427,2022,8,20,16,2,2,8
11811,427,2022,9,22,20,0,2,1
11812,427,2022,10,21,16,4,1,2
11813,427,2022,11,21,16,4,1,0
11814,427,2022,12,21,18,3,0,2
11815,427,2023,1,21,17,4,0,4
11816,427,2023,2,23,19,3,1,0
11817,427,2023,3,23,21,0,2,5
11818,427,2023,4,23,17,4,2,0
11819,427,2023,5,20,16,4,0,5
11820,427,2023,6,22,20,0,2,1
11821,427,2023,7,23,23,0,0,6
11822,427,2023,8,22,20,1,1,1
11823,427,2023,9,22,21,0,1,5
11824,427,2023,10,20,17,2,1,5
11825,427,2023,11,22,17,4,1,2
11826,427,2023,12,21,20,0,1,2
11827,427,2024,1,21,16,4,1,5
11828,427,2024,2,22,20,0,2,1
11829,427,2024,3,20,15,3,2,8
11830,427,2024,4,21,19,0,2,7
11831,427,2024,5,21,18,3,0,5
11832,427,2024,6,22,19,1,2,8
11833,427,2024,7,20,16,2,2,8
11834,427,2024,8,23,19,3,1,6
11835,427,2024,9,23,21,2,0,4
11836,427,2024,10,22,20,0,2,7
11837,427,2024,11,23,22,0,1,0
11838,427,2024,12,22,22,0,0,4
11839,427,2025,1,21,16,4,1,4
11840,427,2025,2,23,18,3,2,0
11841,427,2025,3,22,20,1,1,0
11842,427,2025,4,23,20,3,0,0
11843,427,2025,5,21,16,3,2,8
11844,427,2025,6,23,18,4,1,1
11845,427,2025,7,22,20,2,0,0
11846,427,2025,8,20,16,4,0,6
11847,427,2025,9,20,15,4,1,1
11848,427,2025,10,20,19,0,1,6
11849,427,2025,11,20,16,2,2,3
11850,427,2025,12,23,17,4,2,6
11851,428,2024,4,20,16,3,1,1
11852,428,2024,5,21,16,4,1,5
11853,428,2024,6,20,17,3,0,1
11854,428,2024,7,23,22,0,1,1
11855,428,2024,8,22,19,3,0,3
11856,428,2024,9,20,19,1,0,4
11857,428,2024,10,20,18,1,1,0
11858,428,2024,11,21,21,0,0,6
11859,428,2024,12,22,20,2,0,0
11860,428,2025,1,23,21,1,1,0
11861,428,2025,2,23,19,4,0,1
11862,428,2025,3,20,15,3,2,3
11863,428,2025,4,22,22,0,0,1
11864,428,2025,5,20,17,3,0,4
11865,428,2025,6,23,18,4,1,4
11866,428,2025,7,23,19,4,0,7
11867,428,2025,8,22,22,0,0,3
11868,428,2025,9,21,18,2,1,6
11869,428,2025,10,20,19,1,0,6
11870,428,2025,11,23,18,3,2,3
11871,428,2025,12,21,17,2,2,4
11872,429,2025,7,20,15,4,1,4
11873,429,2025,8,23,20,1,2,6
11874,429,2025,9,22,16,4,2,4
11875,429,2025,10,22,20,0,2,4
11876,429,2025,11,20,15,4,1,4
11877,429,2025,12,20,18,1,1,4
11878,430,2025,10,21,17,2,2,6
11879,430,2025,11,21,19,0,2,4
11880,430,2025,12,20,18,1,1,1
11881,431,2021,4,20,18,1,1,6
11882,431,2021,5,23,19,3,1,6
11883,431,2021,6,22,18,4,0,0
11884,431,2021,7,21,17,2,2,3
11885,431,2021,8,21,15,4,2,5
11886,431,2021,9,21,19,1,1,6
11887,431,2021,10,23,19,3,1,0
11888,431,2021,11,21,18,2,1,4
11889,431,2021,12,23,17,4,2,7
11890,431,2022,1,22,17,4,1,0
11891,431,2022,2,23,23,0,0,6
11892,431,2022,3,23,22,0,1,1
11893,431,2022,4,22,18,3,1,3
11894,431,2022,5,21,15,4,2,7
11895,431,2022,6,23,20,2,1,7
11896,431,2022,7,23,18,3,2,5
11897,431,2022,8,21,16,4,1,7
11898,431,2022,9,23,23,0,0,0
11899,431,2022,10,23,20,1,2,6
11900,431,2022,11,20,17,1,2,7
11901,431,2022,12,21,18,3,0,6
11902,431,2023,1,23,19,3,1,6
11903,431,2023,2,22,20,0,2,7
11904,431,2023,3,21,18,1,2,0
11905,431,2023,4,20,19,0,1,3
11906,431,2023,5,20,16,3,1,6
11907,431,2023,6,22,17,3,2,3
11908,431,2023,7,21,20,1,0,6
11909,431,2023,8,22,21,0,1,4
11910,431,2023,9,20,14,4,2,3
11911,431,2023,10,21,16,3,2,6
11912,431,2023,11,20,17,1,2,3
11913,431,2023,12,21,19,2,0,2
11914,431,2024,1,20,16,4,0,6
11915,431,2024,2,22,20,2,0,1
11916,431,2024,3,22,18,3,1,0
11917,431,2024,4,22,16,4,2,1
11918,431,2024,5,20,18,1,1,3
11919,431,2024,6,21,18,3,0,7
11920,431,2024,7,21,18,2,1,4
11921,431,2024,8,23,21,1,1,6
11922,431,2024,9,20,17,2,1,6
11923,431,2024,10,22,18,2,2,3
11924,431,2024,11,23,18,4,1,6
11925,431,2024,12,23,17,4,2,0
11926,431,2025,1,22,16,4,2,2
11927,431,2025,2,23,20,3,0,4
11928,431,2025,3,21,17,3,1,0
11929,431,2025,4,22,18,4,0,3
11930,431,2025,5,21,19,2,0,1
11931,431,2025,6,22,20,0,2,7
11932,431,2025,7,20,18,1,1,1
11933,431,2025,8,21,17,2,2,8
11934,431,2025,9,21,20,1,0,8
11935,431,2025,10,21,19,1,1,0
11936,431,2025,11,22,20,2,0,6
11937,431,2025,12,22,16,4,2,2
11938,432,2022,7,22,20,2,0,6
11939,432,2022,8,20,19,1,0,2
11940,432,2022,9,20,18,1,1,6
11941,432,2022,10,21,16,3,2,3
11942,432,2022,11,20,15,3,2,2
11943,432,2022,12,23,20,3,0,2
11944,432,2023,1,20,18,0,2,7
11945,432,2023,2,20,16,3,1,6
11946,432,2023,3,23,21,0,2,8
11947,432,2023,4,23,20,2,1,0
11948,432,2023,5,22,19,2,1,3
11949,432,2023,6,21,16,4,1,8
11950,432,2023,7,21,18,2,1,1
11951,432,2023,8,20,18,0,2,4
11952,432,2023,9,22,18,2,2,3
11953,432,2023,10,23,21,2,0,0
11954,432,2023,11,21,18,3,0,6
11955,432,2023,12,20,18,0,2,2
11956,432,2024,1,22,20,2,0,5
11957,432,2024,2,20,15,3,2,3
11958,432,2024,3,21,16,4,1,3
11959,432,2024,4,23,19,4,0,2
11960,432,2024,5,22,20,0,2,0
11961,432,2024,6,23,19,4,0,4
11962,432,2024,7,22,18,2,2,0
11963,432,2024,8,23,19,2,2,0
11964,432,2024,9,20,17,3,0,6
11965,432,2024,10,23,22,0,1,1
11966,432,2024,11,21,19,2,0,3
11967,432,2024,12,20,17,1,2,3
11968,432,2025,1,22,19,2,1,2
11969,432,2025,2,22,16,4,2,2
11970,432,2025,3,20,16,4,0,4
11971,432,2025,4,22,22,0,0,2
11972,432,2025,5,21,16,3,2,8
11973,432,2025,6,23,19,4,0,2
11974,432,2025,7,22,20,0,2,1
11975,432,2025,8,23,17,4,2,7
11976,432,2025,9,20,16,3,1,6
11977,432,2025,10,21,15,4,2,0
11978,432,2025,11,22,20,2,0,3
11979,432,2025,12,20,15,4,1,3
11980,433,2023,1,23,22,1,0,1
11981,433,2023,2,22,22,0,0,2
11982,433,2023,3,21,20,1,0,1
11983,433,2023,4,22,20,2,0,8
11984,433,2023,5,22,19,1,2,4
11985,433,2023,6,22,16,4,2,2
11986,433,2023,7,22,19,1,2,8
11987,433,2023,8,22,20,1,1,8
11988,433,2023,9,22,21,1,0,8
11989,433,2023,10,21,19,1,1,5
11990,433,2023,11,22,21,0,1,0
11991,434,2025,2,23,19,3,1,1
11992,434,2025,3,20,16,4,0,5
11993,434,2025,4,21,19,2,0,8
11994,434,2025,5,23,18,4,1,3
11995,434,2025,6,20,17,3,0,5
11996,434,2025,7,23,19,3,1,0
11997,434,2025,8,22,20,0,2,6
11998,434,2025,9,22,20,1,1,7
11999,434,2025,10,23,20,1,2,5
12000,434,2025,11,21,19,0,2,4
12001,434,2025,12,21,20,0,1,2
12002,435,2025,1,20,18,1,1,2
12003,435,2025,2,23,20,2,1,7
12004,435,2025,3,23,20,1,2,2
12005,435,2025,4,21,20,0,1,1
12006,435,2025,5,21,19,0,2,4
12007,435,2025,6,20,18,0,2,6
12008,435,2025,7,23,22,0,1,3
12009,435,2025,8,22,22,0,0,2
12010,435,2025,9,21,18,3,0,6
12011,435,2025,10,20,17,2,1,6
12012,436,2025,8,23,20,3,0,3
12013,436,2025,9,22,19,1,2,4
12014,436,2025,10,20,19,0,1,4
12015,436,2025,11,23,21,1,1,7
12016,436,2025,12,23,19,3,1,6
12017,437,2025,9,22,16,4,2,0
12018,437,2025,10,22,19,2,1,0
12019,437,2025,11,20,17,2,1,8
12020,437,2025,12,23,21,1,1,2
12021,438,2025,8,20,16,3,1,4
12022,438,2025,9,21,20,1,0,5
12023,438,2025,10,23,17,4,2,7
12024,438,2025,11,23,22,0,1,7
12025,438,2025,12,22,21,0,1,5
12026,439,2024,6,20,15,4,1,2
12027,439,2024,7,23,18,3,2,3
12028,439,2024,8,20,19,1,0,7
12029,439,2024,9,21,15,4,2,3
12030,439,2024,10,21,17,3,1,2
12031,439,2024,11,23,20,1,2,2
12032,439,2024,12,22,21,1,0,8
12033,439,2025,1,22,20,0,2,2
12034,439,2025,2,23,22,1,0,6
12035,439,2025,3,23,21,1,1,7
12036,439,2025,4,23,17,4,2,1
12037,439,2025,5,22,18,3,1,7
12038,439,2025,6,21,18,1,2,7
12039,439,2025,7,20,16,4,0,3
12040,439,2025,8,23,23,0,0,6
12041,439,2025,9,22,18,2,2,6
12042,439,2025,10,23,19,3,1,1
12043,439,2025,11,23,19,2,2,2
12044,439,2025,12,22,20,2,0,3
12045,440,2022,9,23,18,3,2,3
12046,440,2022,10,21,19,2,0,1
12047,440,2022,11,20,16,3,1,4
12048,440,2022,12,20,17,2,1,2
12049,440,2023,1,23,19,2,2,6
12050,440,2023,2,22,19,2,1,3
12051,440,2023,3,21,19,2,0,6
12052,440,2023,4,22,18,2,2,2
12053,440,2023,5,21,17,3,1,4
12054,440,2023,6,22,22,0,0,0
12055,440,2023,7,21,19,0,2,2
12056,440,2023,8,20,19,1,0,0
12057,440,2023,9,21,18,1,2,7
12058,440,2023,10,21,17,4,0,5
12059,440,2023,11,21,19,0,2,3
12060,440,2023,12,22,20,2,0,0
12061,440,2024,1,23,17,4,2,4
12062,440,2024,2,21,16,4,1,6
12063,440,2024,3,23,20,3,0,1
12064,440,2024,4,23,20,2,1,1
12065,440,2024,5,20,16,4,0,4
12066,440,2024,6,21,18,2,1,1
12067,440,2024,7,20,19,1,0,7
12068,440,2024,8,23,19,3,1,3
12069,440,2024,9,22,16,4,2,2
12070,440,2024,10,21,15,4,2,4
12071,440,2024,11,23,23,0,0,6
12072,440,2024,12,22,22,0,0,6
12073,440,2025,1,23,21,0,2,0
12074,440,2025,2,20,19,0,1,8
12075,440,2025,3,21,20,0,1,4
12076,440,2025,4,20,14,4,2,3
12077,440,2025,5,21,17,3,1,5
12078,440,2025,6,20,18,1,1,2
12079,440,2025,7,20,17,1,2,8
12080,440,2025,8,22,20,0,2,1
12081,440,2025,9,22,16,4,2,3
12082,440,2025,10,21,18,2,1,3
12083,440,2025,11,22,18,3,1,4
12084,440,2025,12,20,16,2,2,5
12085,441,2022,4,22,20,0,2,6
12086,441,2022,5,23,22,0,1,1
12087,441,2022,6,20,15,4,1,1
12088,441,2022,7,20,17,3,0,4
12089,441,2022,8,23,17,4,2,2
12090,441,2022,9,20,16,4,0,6
12091,441,2022,10,23,22,1,0,0
12092,441,2022,11,21,19,2,0,2
12093,441,2022,12,22,19,2,1,4
12094,441,2023,1,20,16,4,0,4
12095,441,2023,2,22,20,1,1,0
12096,441,2023,3,23,19,2,2,7
12097,441,2023,4,22,18,3,1,8
12098,441,2023,5,20,17,3,0,1
12099,441,2023,6,20,19,1,0,0
12100,441,2023,7,22,20,0,2,3
12101,441,2023,8,20,15,4,1,6
12102,441,2023,9,21,18,1,2,6
12103,441,2023,10,21,17,2,2,6
12104,441,2023,11,21,18,1,2,3
12105,441,2023,12,22,18,2,2,7
12106,441,2024,1,22,18,4,0,7
12107,441,2024,2,20,18,2,0,2
12108,441,2024,3,23,20,3,0,8
12109,441,2024,4,20,20,0,0,5
12110,441,2024,5,23,20,2,1,0
12111,441,2024,6,21,18,2,1,0
12112,441,2024,7,20,18,0,2,1
12113,441,2024,8,23,21,2,0,7
12114,441,2024,9,20,14,4,2,4
12115,441,2024,10,20,16,4,0,7
12116,441,2024,11,22,22,0,0,7
12117,441,2024,12,21,18,1,2,8
12118,441,2025,1,22,18,4,0,5
12119,441,2025,2,23,19,3,1,1
12120,441,2025,3,22,21,1,0,5
12121,441,2025,4,23,19,3,1,1
12122,441,2025,5,22,20,1,1,7
12123,441,2025,6,23,18,3,2,7
12124,441,2025,7,22,19,2,1,5
12125,441,2025,8,20,16,2,2,7
12126,441,2025,9,21,19,2,0,1
12127,441,2025,10,21,16,3,2,3
12128,441,2025,11,20,20,0,0,4
12129,441,2025,12,23,19,4,0,0
12130,442,2025,9,23,18,4,1,3
12131,442,2025,10,23,19,3,1,8
12132,442,2025,11,23,21,2,0,3
12133,442,2025,12,21,18,2,1,8
12134,443,2023,12,23,21,0,2,4
12135,443,2024,1,23,21,0,2,1
12136,443,2024,2,22,18,4,0,7
12137,443,2024,3,20,17,1,2,8
12138,443,2024,4,21,20,1,0,2
12139,443,2024,5,21,20,1,0,8
12140,443,2024,6,23,21,2,0,7
12141,443,2024,7,22,20,0,2,3
12142,443,2024,8,20,20,0,0,7
12143,443,2024,9,20,17,1,2,4
12144,443,2024,10,20,17,1,2,2
12145,443,2024,11,22,16,4,2,1
12146,443,2024,12,23,21,2,0,1
12147,443,2025,1,21,18,1,2,2
12148,443,2025,2,23,21,0,2,3
12149,443,2025,3,22,18,4,0,5
12150,443,2025,4,22,20,2,0,0
12151,443,2025,5,23,19,4,0,8
12152,443,2025,6,21,18,2,1,1
12153,443,2025,7,20,17,3,0,7
12154,443,2025,8,20,17,3,0,0
12155,443,2025,9,21,18,1,2,1
12156,443,2025,10,20,15,3,2,4
12157,443,2025,11,21,17,3,1,8
12158,443,2025,12,23,18,3,2,0
12159,444,2023,3,20,16,4,0,2
12160,444,2023,4,23,19,2,2,4
12161,444,2023,5,21,19,1,1,1
12162,444,2023,6,21,15,4,2,1
12163,444,2023,7,23,23,0,0,2
12164,444,2023,8,23,21,1,1,3
12165,444,2023,9,23,20,1,2,0
12166,444,2023,10,22,18,2,2,1
12167,444,2023,11,20,17,3,0,5
12168,444,2023,12,22,20,2,0,1
12169,444,2024,1,23,20,3,0,5
12170,444,2024,2,23,21,2,0,7
12171,444,2024,3,23,19,3,1,4
12172,444,2024,4,22,16,4,2,2
12173,444,2024,5,21,20,0,1,6
12174,444,2024,6,22,22,0,0,0
12175,444,2024,7,20,17,2,1,7
12176,444,2024,8,20,20,0,0,4
12177,444,2024,9,21,18,1,2,6
12178,444,2024,10,20,16,2,2,2
12179,444,2024,11,20,15,4,1,5
12180,444,2024,12,22,21,0,1,8
12181,444,2025,1,22,19,1,2,7
12182,444,2025,2,21,17,3,1,2
12183,444,2025,3,21,21,0,0,5
12184,444,2025,4,22,16,4,2,8
12185,444,2025,5,20,20,0,0,5
12186,444,2025,6,20,16,2,2,2
12187,444,2025,7,22,22,0,0,5
12188,444,2025,8,23,18,4,1,1
12189,444,2025,9,21,19,2,0,6
12190,444,2025,10,21,16,4,1,6
12191,444,2025,11,23,21,0,2,4
12192,444,2025,12,21,17,4,0,4
12193,445,2022,1,21,17,2,2,0
12194,445,2022,2,23,21,1,1,3
12195,445,2022,3,21,18,1,2,7
12196,445,2022,4,22,20,1,1,4
12197,445,2022,5,23,22,1,0,5
12198,445,2022,6,21,20,0,1,3
12199,445,2022,7,20,16,2,2,0
12200,445,2022,8,20,17,1,2,5
12201,445,2022,9,21,19,1,1,6
12202,445,2022,10,20,17,3,0,6
12203,445,2022,11,22,20,2,0,0
12204,445,2022,12,23,19,3,1,6
12205,445,2023,1,23,19,3,1,1
12206,446,2024,10,23,18,4,1,7
12207,446,2024,11,23,21,1,1,8
12208,446,2024,12,20,14,4,2,4
12209,446,2025,1,20,16,4,0,4
12210,446,2025,2,21,17,3,1,2
12211,446,2025,3,23,21,1,1,8
12212,446,2025,4,23,19,4,0,3
12213,446,2025,5,23,20,3,0,2
12214,446,2025,6,22,21,1,0,4
12215,446,2025,7,22,17,4,1,7
12216,446,2025,8,21,17,4,0,6
12217,446,2025,9,21,18,2,1,1
12218,446,2025,10,20,16,3,1,3
12219,446,2025,11,22,20,1,1,2
12220,446,2025,12,20,15,3,2,1
12221,447,2023,1,21,19,2,0,3
12222,447,2023,2,21,15,4,2,7
12223,447,2023,3,23,17,4,2,4
12224,447,2023,4,20,17,3,0,7
12225,447,2023,5,22,16,4,2,6
12226,447,2023,6,22,19,3,0,5
12227,447,2023,7,21,17,4,0,7
12228,447,2023,8,23,23,0,0,0
12229,447,2023,9,22,21,0,1,2
12230,447,2023,10,20,18,0,2,8
12231,447,2023,11,23,21,1,1,8
12232,447,2023,12,20,18,1,1,5
12233,447,2024,1,20,20,0,0,8
12234,447,2024,2,22,17,3,2,0
12235,447,2024,3,20,18,0,2,3
12236,447,2024,4,23,21,0,2,5
12237,447,2024,5,21,20,0,1,2
12238,447,2024,6,23,20,1,2,8
12239,447,2024,7,20,16,2,2,2
12240,447,2024,8,23,17,4,2,3
12241,447,2024,9,20,17,1,2,7
12242,447,2024,10,21,15,4,2,8
12243,447,2024,11,23,19,4,0,7
12244,447,2024,12,22,17,3,2,6
12245,447,2025,1,21,15,4,2,2
12246,447,2025,2,21,17,4,0,8
12247,447,2025,3,23,23,0,0,2
12248,447,2025,4,22,19,3,0,4
12249,447,2025,5,23,20,1,2,3
12250,447,2025,6,22,18,3,1,7
12251,447,2025,7,20,15,4,1,0
12252,447,2025,8,23,19,2,2,0
12253,447,2025,9,21,17,2,2,1
12254,447,2025,10,22,21,0,1,7
12255,447,2025,11,21,15,4,2,0
12256,447,2025,12,22,21,0,1,7
12257,448,2024,11,20,15,4,1,1
12258,448,2024,12,21,18,3,0,6
12259,448,2025,1,22,19,1,2,7
12260,448,2025,2,22,18,3,1,0
12261,448,2025,3,20,19,0,1,5
12262,448,2025,4,21,19,0,2,5
12263,448,2025,5,22,18,2,2,0
12264,448,2025,6,21,20,0,1,5
12265,448,2025,7,21,16,4,1,3
12266,448,2025,8,21,16,3,2,4
12267,448,2025,9,23,20,3,0,0
12268,448,2025,10,23,19,3,1,3
12269,448,2025,11,20,18,2,0,8
12270,449,2023,10,23,23,0,0,2
12271,449,2023,11,21,18,1,2,7
12272,449,2023,12,21,19,2,0,4
12273,449,2024,1,23,21,1,1,4
12274,449,2024,2,23,21,2,0,7
12275,449,2024,3,21,20,1,0,7
12276,449,2024,4,20,18,1,1,4
12277,449,2024,5,22,21,0,1,2
12278,449,2024,6,21,18,2,1,4
12279,449,2024,7,23,21,0,2,0
12280,449,2024,8,22,22,0,0,7
12281,449,2024,9,23,17,4,2,0
12282,449,2024,10,20,14,4,2,5
12283,449,2024,11,22,20,2,0,0
12284,449,2024,12,22,19,3,0,3
12285,449,2025,1,20,19,1,0,6
12286,449,2025,2,21,18,2,1,0
12287,449,2025,3,20,18,0,2,7
12288,450,2023,4,23,20,2,1,0
12289,450,2023,5,22,20,2,0,4
12290,450,2023,6,23,17,4,2,4
12291,450,2023,7,20,18,1,1,8
12292,450,2023,8,23,19,4,0,4
12293,450,2023,9,23,20,3,0,7
12294,450,2023,10,21,18,3,0,6
12295,450,2023,11,23,22,0,1,4
12296,450,2023,12,21,16,4,1,8
12297,450,2024,1,23,20,2,1,4
12298,450,2024,2,23,22,0,1,1
12299,450,2024,3,22,17,4,1,5
12300,450,2024,4,23,19,4,0,3
12301,450,2024,5,21,18,1,2,6
12302,450,2024,6,20,17,1,2,1
12303,450,2024,7,20,18,2,0,2
12304,450,2024,8,23,22,1,0,3
12305,450,2024,9,23,20,3,0,0
12306,450,2024,10,21,15,4,2,3
12307,450,2024,11,23,18,3,2,7
12308,450,2024,12,22,20,0,2,7
12309,450,2025,1,21,19,0,2,4
12310,450,2025,2,23,20,3,0,5
12311,450,2025,3,23,19,2,2,3
12312,450,2025,4,22,19,1,2,6
12313,450,2025,5,22,17,4,1,8
12314,450,2025,6,20,19,0,1,4
12315,450,2025,7,20,15,3,2,6
12316,450,2025,8,23,19,2,2,4
12317,450,2025,9,21,21,0,0,6
12318,450,2025,10,23,19,3,1,2
12319,451,2023,9,20,17,1,2,0
12320,451,2023,10,20,19,1,0,0
12321,451,2023,11,23,18,3,2,3
12322,451,2023,12,21,17,2,2,7
12323,451,2024,1,21,16,3,2,5
12324,451,2024,2,23,23,0,0,1
12325,451,2024,3,21,19,1,1,8
12326,451,2024,4,22,17,3,2,1
12327,451,2024,5,22,22,0,0,5
12328,451,2024,6,21,19,2,0,8
12329,451,2024,7,23,22,1,0,2
12330,451,2024,8,20,18,2,0,6
12331,451,2024,9,23,18,3,2,5
12332,451,2024,10,20,20,0,0,7
12333,451,2024,11,23,19,2,2,5
12334,451,2024,12,22,18,2,2,3
12335,451,2025,1,20,16,4,0,7
12336,451,2025,2,23,21,2,0,0
12337,451,2025,3,23,20,2,1,1
12338,451,2025,4,23,23,0,0,0
12339,451,2025,5,22,17,3,2,4
12340,451,2025,6,23,20,3,0,4
12341,451,2025,7,20,18,2,0,5
12342,451,2025,8,21,18,1,2,2
12343,451,2025,9,22,19,1,2,1
12344,451,2025,10,23,22,1,0,2
12345,451,2025,11,22,20,2,0,2
12346,451,2025,12,22,20,1,1,5
12347,452,2021,2,22,22,0,0,0
12348,452,2021,3,22,17,3,2,3
12349,452,2021,4,21,16,3,2,3
12350,452,2021,5,22,18,3,1,0
12351,452,2021,6,20,17,3,0,2
12352,452,2021,7,23,19,3,1,7
12353,452,2021,8,21,16,4,1,0
12354,452,2021,9,22,18,3,1,8
12355,452,2021,10,23,21,2,0,0
12356,452,2021,11,20,16,2,2,8
12357,452,2021,12,20,18,2,0,2
12358,452,2022,1,21,16,4,1,6
12359,452,2022,2,21,18,3,0,4
12360,452,2022,3,22,22,0,0,7
12361,452,2022,4,20,16,3,1,8
12362,452,2022,5,20,14,4,2,5
12363,452,2022,6,20,15,4,1,4
12364,452,2022,7,21,17,3,1,6
12365,452,2022,8,21,16,4,1,6
12366,452,2022,9,22,18,3,1,2
12367,452,2022,10,22,16,4,2,0
12368,452,2022,11,22,21,1,0,0
12369,452,2022,12,23,20,3,0,1
12370,452,2023,1,21,20,0,1,8
12371,452,2023,2,21,20,0,1,7
12372,452,2023,3,20,16,2,2,6
12373,452,2023,4,23,22,0,1,1
12374,452,2023,5,21,20,0,1,8
12375,452,2023,6,21,17,2,2,2
12376,453,2021,6,22,18,4,0,6
12377,453,2021,7,20,17,3,0,3
12378,453,2021,8,23,19,4,0,6
12379,453,2021,9,21,19,1,1,2
12380,453,2021,10,22,22,0,0,6
12381,453,2021,11,21,15,4,2,4
12382,453,2021,12,21,18,2,1,4
12383,453,2022,1,21,20,1,0,7
12384,453,2022,2,20,18,1,1,1
12385,453,2022,3,21,20,0,1,6
12386,453,2022,4,23,19,3,1,1
12387,453,2022,5,20,14,4,2,2
12388,453,2022,6,22,19,3,0,5
12389,453,2022,7,22,16,4,2,0
12390,453,2022,8,22,16,4,2,5
12391,453,2022,9,20,19,1,0,0
12392,453,2022,10,21,20,1,0,8
12393,453,2022,11,20,19,1,0,0
12394,453,2022,12,20,18,1,1,6
12395,453,2023,1,20,14,4,2,7
12396,453,2023,2,20,17,1,2,7
12397,453,2023,3,20,18,0,2,6
12398,453,2023,4,22,20,1,1,6
12399,453,2023,5,22,19,1,2,6
12400,453,2023,6,21,17,2,2,4
12401,453,2023,7,22,21,0,1,2
12402,453,2023,8,21,20,1,0,6
12403,453,2023,9,20,15,4,1,6
12404,453,2023,10,21,18,3,0,1
12405,453,2023,11,21,16,3,2,0
12406,453,2023,12,22,20,0,2,6
12407,453,2024,1,21,16,4,1,7
12408,453,2024,2,22,18,4,0,7
12409,453,2024,3,23,18,3,2,8
12410,453,2024,4,22,20,1,1,1
12411,453,2024,5,20,18,2,0,2
12412,453,2024,6,23,18,3,2,8
12413,453,2024,7,22,20,0,2,1
12414,453,2024,8,21,21,0,0,7
12415,453,2024,9,23,20,3,0,8
12416,453,2024,10,22,20,1,1,2
12417,453,2024,11,21,16,4,1,7
12418,453,2024,12,20,17,2,1,5
12419,453,2025,1,23,17,4,2,4
12420,453,2025,2,23,20,2,1,6
12421,453,2025,3,21,17,4,0,2
12422,453,2025,4,22,18,4,0,4
12423,453,2025,5,20,20,0,0,6
12424,453,2025,6,23,22,0,1,7
12425,453,2025,7,22,19,1,2,2
12426,453,2025,8,21,19,0,2,5
12427,453,2025,9,22,19,1,2,8
12428,453,2025,10,20,17,3,0,2
12429,453,2025,11,22,22,0,0,5
12430,453,2025,12,23,18,4,1,6
12431,454,2025,11,23,22,1,0,0
12432,454,2025,12,20,15,4,1,3
12433,455,2022,2,21,20,0,1,3
12434,455,2022,3,23,21,1,1,0
12435,455,2022,4,22,18,4,0,1
12436,455,2022,5,21,17,3,1,0
12437,455,2022,6,20,17,2,1,0
12438,455,2022,7,20,19,0,1,6
12439,455,2022,8,21,18,1,2,2
12440,455,2022,9,22,20,1,1,8
12441,455,2022,10,21,16,3,2,4
12442,455,2022,11,23,21,0,2,6
12443,455,2022,12,23,20,2,1,7
12444,455,2023,1,20,19,1,0,2
12445,455,2023,2,23,23,0,0,2
12446,455,2023,3,20,18,1,1,6
12447,455,2023,4,23,18,3,2,3
12448,455,2023,5,20,18,1,1,8
12449,455,2023,6,21,18,3,0,1
12450,455,2023,7,22,22,0,0,4
12451,455,2023,8,20,18,1,1,2
12452,455,2023,9,22,19,2,1,4
12453,455,2023,10,21,18,2,1,3
12454,455,2023,11,22,22,0,0,6
12455,455,2023,12,21,16,4,1,2
12456,455,2024,1,22,18,3,1,2
12457,455,2024,2,20,15,4,1,3
12458,455,2024,3,23,20,3,0,0
12459,455,2024,4,20,18,0,2,7
12460,455,2024,5,22,18,4,0,4
12461,455,2024,6,21,17,4,0,3
12462,455,2024,7,23,19,4,0,0
12463,455,2024,8,20,16,4,0,3
12464,455,2024,9,21,16,3,2,6
12465,455,2024,10,21,17,2,2,6
12466,455,2024,11,22,17,3,2,4
12467,455,2024,12,23,20,3,0,1
12468,455,2025,1,23,20,2,1,0
12469,455,2025,2,21,15,4,2,2
12470,455,2025,3,23,19,4,0,5
12471,455,2025,4,21,20,0,1,3
12472,455,2025,5,22,20,0,2,5
12473,455,2025,6,22,17,4,1,5
12474,455,2025,7,20,15,3,2,2
12475,455,2025,8,23,18,3,2,7
12476,455,2025,9,22,20,2,0,5
12477,455,2025,10,23,19,2,2,4
12478,455,2025,11,23,22,0,1,4
12479,455,2025,12,22,16,4,2,0
12480,456,2023,1,23,18,3,2,7
12481,456,2023,2,23,19,2,2,4
12482,456,2023,3,23,19,3,1,0
12483,456,2023,4,22,20,2,0,7
12484,456,2023,5,23,18,3,2,8
12485,456,2023,6,21,16,4,1,3
12486,456,2023,7,23,21,0,2,3
12487,456,2023,8,22,21,1,0,2
12488,456,2023,9,21,20,1,0,0
12489,456,2023,10,20,19,0,1,5
12490,456,2023,11,21,18,3,0,0
12491,456,2023,12,22,19,2,1,3
12492,456,2024,1,21,19,0,2,2
12493,456,2024,2,20,16,3,1,7
12494,456,2024,3,23,19,3,1,3
12495,456,2024,4,21,21,0,0,8
12496,456,2024,5,23,20,2,1,3
12497,456,2024,6,22,17,4,1,5
12498,456,2024,7,20,14,4,2,8
12499,456,2024,8,21,18,2,1,1
12500,456,2024,9,20,19,1,0,3
12501,456,2024,10,20,17,2,1,8
12502,456,2024,11,21,18,2,1,3
12503,456,2024,12,23,17,4,2,3
12504,456,2025,1,21,15,4,2,2
12505,456,2025,2,23,22,1,0,4
12506,456,2025,3,20,16,3,1,4
12507,456,2025,4,23,21,0,2,7
12508,456,2025,5,22,18,4,0,7
12509,456,2025,6,22,19,1,2,6
12510,456,2025,7,22,18,4,0,3
12511,456,2025,8,20,18,2,0,8
12512,456,2025,9,21,17,4,0,7
12513,456,2025,10,20,18,2,0,5
12514,456,2025,11,20,16,3,1,1
12515,456,2025,12,21,15,4,2,0
12516,457,2024,9,22,21,0,1,5
12517,457,2024,10,23,22,1,0,4
12518,457,2024,11,21,16,4,1,8
12519,457,2024,12,21,15,4,2,5
12520,457,2025,1,20,17,1,2,6
12521,457,2025,2,22,17,4,1,8
12522,457,2025,3,21,15,4,2,0
12523,457,2025,4,23,19,4,0,3
12524,457,2025,5,20,15,4,1,0
12525,457,2025,6,20,20,0,0,6
12526,457,2025,7,22,16,4,2,6
12527,457,2025,8,20,14,4,2,1
12528,457,2025,9,22,17,4,1,2
12529,457,2025,10,23,22,0,1,8
12530,457,2025,11,23,19,3,1,3
12531,457,2025,12,20,15,4,1,8
12532,458,2021,1,22,22,0,0,3
12533,458,2021,2,22,18,2,2,4
12534,458,2021,3,23,17,4,2,4
12535,458,2021,4,20,20,0,0,0
12536,458,2021,5,20,15,4,1,6
12537,458,2021,6,23,19,4,0,6
12538,458,2021,7,23,19,3,1,7
12539,458,2021,8,23,19,3,1,3
12540,458,2021,9,22,16,4,2,4
12541,458,2021,10,21,18,2,1,8
12542,458,2021,11,21,19,0,2,7
12543,458,2021,12,21,17,4,0,7
12544,458,2022,1,23,21,0,2,5
12545,458,2022,2,20,20,0,0,6
12546,458,2022,3,23,21,2,0,3
12547,458,2022,4,22,19,2,1,4
12548,458,2022,5,21,19,2,0,2
12549,458,2022,6,22,18,4,0,6
12550,458,2022,7,23,21,1,1,1
12551,458,2022,8,22,18,4,0,0
12552,458,2022,9,22,18,4,0,3
12553,458,2022,10,21,17,2,2,6
12554,458,2022,11,21,16,3,2,2
12555,458,2022,12,23,18,4,1,4
12556,458,2023,1,21,20,1,0,1
12557,458,2023,2,23,22,0,1,8
12558,458,2023,3,20,16,2,2,5
12559,458,2023,4,22,20,1,1,7
12560,458,2023,5,20,14,4,2,1
12561,458,2023,6,22,20,0,2,3
12562,458,2023,7,20,14,4,2,2
12563,458,2023,8,20,18,0,2,5
12564,458,2023,9,21,19,0,2,8
12565,458,2023,10,22,18,4,0,5
12566,458,2023,11,23,21,1,1,0
12567,458,2023,12,23,23,0,0,8
12568,458,2024,1,21,17,4,0,7
12569,458,2024,2,22,18,2,2,2
12570,458,2024,3,22,18,4,0,0
12571,458,2024,4,23,21,1,1,7
12572,458,2024,5,23,19,4,0,4
12573,458,2024,6,23,20,1,2,7
12574,458,2024,7,21,17,4,0,0
12575,458,2024,8,23,18,4,1,1
12576,458,2024,9,21,18,1,2,8
12577,458,2024,10,22,16,4,2,1
12578,458,2024,11,23,18,3,2,2
12579,458,2024,12,23,18,3,2,0
12580,458,2025,1,22,17,4,1,5
12581,458,2025,2,22,18,2,2,4
12582,458,2025,3,23,17,4,2,0
12583,458,2025,4,20,16,3,1,5
12584,458,2025,5,21,21,0,0,2
12585,458,2025,6,21,21,0,0,8
12586,458,2025,7,22,19,3,0,6
12587,458,2025,8,21,17,4,0,8
12588,458,2025,9,22,17,3,2,4
12589,458,2025,10,20,19,0,1,8
12590,458,2025,11,22,19,1,2,5
12591,458,2025,12,21,18,3,0,3
12592,459,2024,6,22,21,0,1,7
12593,459,2024,7,22,17,4,1,4
12594,459,2024,8,21,19,1,1,7
12595,459,2024,9,22,20,1,1,5
12596,459,2024,10,22,17,3,2,7
12597,459,2024,11,20,15,3,2,1
12598,459,2024,12,23,21,0,2,8
12599,459,2025,1,23,21,1,1,0
12600,459,2025,2,23,21,2,0,8
12601,459,2025,3,22,21,1,0,5
12602,459,2025,4,22,21,0,1,8
12603,459,2025,5,20,18,0,2,4
12604,459,2025,6,23,21,0,2,1
12605,459,2025,7,23,23,0,0,6
12606,459,2025,8,21,17,4,0,2
12607,459,2025,9,21,15,4,2,4
12608,459,2025,10,21,15,4,2,6
12609,459,2025,11,22,20,0,2,2
12610,459,2025,12,21,18,1,2,0
12611,460,2023,8,20,17,1,2,1
12612,460,2023,9,23,21,2,0,8
12613,460,2023,10,21,19,1,1,4
12614,460,2023,11,23,17,4,2,1
12615,460,2023,12,22,20,0,2,3
12616,460,2024,1,21,18,2,1,3
12617,460,2024,2,22,20,2,0,1
12618,460,2024,3,23,19,2,2,7
12619,460,2024,4,20,16,2,2,0
12620,460,2024,5,20,17,1,2,3
12621,460,2024,6,21,19,2,0,3
12622,460,2024,7,21,15,4,2,5
12623,460,2024,8,23,18,3,2,7
12624,460,2024,9,21,16,3,2,4
12625,460,2024,10,22,20,0,2,4
12626,460,2024,11,21,19,2,0,2
12627,460,2024,12,23,21,0,2,2
12628,460,2025,1,23,20,2,1,5
12629,460,2025,2,23,20,3,0,4
12630,460,2025,3,21,20,1,0,4
12631,460,2025,4,21,16,3,2,2
12632,460,2025,5,23,21,1,1,8
12633,460,2025,6,22,20,1,1,0
12634,460,2025,7,21,19,0,2,5
12635,460,2025,8,22,22,0,0,7
12636,460,2025,9,20,19,1,0,2
12637,460,2025,10,21,18,1,2,5
12638,460,2025,11,20,18,0,2,3
12639,460,2025,12,23,19,2,2,8
12640,461,2025,2,20,19,1,0,4
12641,461,2025,3,21,20,1,0,5
12642,461,2025,4,20,17,3,0,7
12643,461,2025,5,21,16,4,1,6
12644,461,2025,6,23,21,2,0,7
12645,461,2025,7,21,19,2,0,1
12646,461,2025,8,22,21,0,1,5
12647,461,2025,9,21,21,0,0,1
12648,461,2025,10,22,22,0,0,3
12649,461,2025,11,22,17,4,1,1
12650,461,2025,12,22,20,2,0,1
12651,462,2024,2,20,16,4,0,2
12652,462,2024,3,23,19,2,2,5
12653,462,2024,4,21,16,3,2,1
12654,462,2024,5,23,21,1,1,6
12655,462,2024,6,22,17,3,2,6
12656,462,2024,7,22,20,1,1,1
12657,462,2024,8,22,19,1,2,7
12658,462,2024,9,23,19,3,1,5
12659,462,2024,10,20,20,0,0,0
12660,462,2024,11,23,19,3,1,1
12661,462,2024,12,23,19,2,2,1
12662,462,2025,1,20,18,2,0,7
12663,462,2025,2,20,19,0,1,3
12664,462,2025,3,22,19,1,2,1
12665,462,2025,4,20,19,1,0,4
12666,462,2025,5,20,16,4,0,0
12667,462,2025,6,21,17,3,1,8
12668,462,2025,7,20,16,3,1,6
12669,462,2025,8,22,18,4,0,8
12670,462,2025,9,23,18,3,2,7
12671,462,2025,10,21,16,3,2,6
12672,462,2025,11,23,19,4,0,6
12673,462,2025,12,23,19,3,1,2
12674,463,2022,5,21,16,4,1,7
12675,463,2022,6,21,16,4,1,5
12676,463,2022,7,20,18,0,2,2
12677,463,2022,8,23,20,3,0,1
12678,463,2022,9,20,15,3,2,5
12679,463,2022,10,22,20,2,0,4
12680,463,2022,11,23,22,1,0,8
12681,463,2022,12,23,22,0,1,4
12682,463,2023,1,21,19,0,2,4
12683,463,2023,2,21,19,1,1,6
12684,463,2023,3,20,15,3,2,7
12685,463,2023,4,21,17,3,1,1
12686,463,2023,5,23,20,3,0,2
12687,463,2023,6,21,17,4,0,0
12688,463,2023,7,20,18,0,2,5
12689,463,2023,8,20,20,0,0,2
12690,463,2023,9,23,19,2,2,8
12691,463,2023,10,20,17,1,2,0
12692,463,2023,11,22,19,3,0,2
12693,463,2023,12,22,19,3,0,5
12694,463,2024,1,21,18,1,2,5
12695,463,2024,2,21,17,2,2,2
12696,463,2024,3,22,18,2,2,7
12697,463,2024,4,20,14,4,2,2
12698,463,2024,5,22,17,3,2,4
12699,463,2024,6,21,19,2,0,8
12700,463,2024,7,20,16,3,1,1
12701,463,2024,8,23,20,3,0,5
12702,463,2024,9,21,18,1,2,3
12703,463,2024,10,21,16,3,2,8
12704,463,2024,11,23,22,0,1,3
12705,463,2024,12,20,20,0,0,5
12706,463,2025,1,20,18,1,1,6
12707,463,2025,2,21,17,4,0,6
12708,463,2025,3,20,15,4,1,6
12709,463,2025,4,22,21,0,1,4
12710,463,2025,5,22,16,4,2,4
12711,463,2025,6,21,20,1,0,8
12712,463,2025,7,20,18,0,2,7
12713,463,2025,8,22,20,2,0,2
12714,463,2025,9,21,19,0,2,4
12715,463,2025,10,23,18,3,2,8
12716,463,2025,11,21,17,3,1,3
12717,463,2025,12,22,17,3,2,4
12718,464,2023,7,20,17,3,0,4
12719,464,2023,8,20,15,4,1,1
12720,464,2023,9,20,16,2,2,3
12721,464,2023,10,23,21,0,2,0
12722,464,2023,11,20,14,4,2,3
12723,464,2023,12,20,20,0,0,7
12724,464,2024,1,22,16,4,2,1
12725,464,2024,2,22,18,2,2,2
12726,464,2024,3,21,19,2,0,8
12727,464,2024,4,23,21,1,1,4
12728,464,2024,5,22,19,1,2,6
12729,464,2024,6,21,19,1,1,8
12730,464,2024,7,20,17,2,1,8
12731,464,2024,8,23,22,0,1,0
12732,464,2024,9,23,22,0,1,6
12733,464,2024,10,20,16,3,1,1
12734,464,2024,11,21,18,2,1,2
12735,464,2024,12,23,19,3,1,0
12736,464,2025,1,23,22,1,0,3
12737,464,2025,2,20,19,1,0,7
12738,464,2025,3,20,20,0,0,2
12739,464,2025,4,21,19,0,2,3
12740,464,2025,5,22,18,2,2,4
12741,464,2025,6,22,18,3,1,2
12742,464,2025,7,22,21,0,1,4
12743,464,2025,8,21,17,3,1,3
12744,464,2025,9,23,18,3,2,8
12745,464,2025,10,21,17,2,2,6
12746,464,2025,11,21,18,1,2,5
12747,464,2025,12,23,21,0,2,8
12748,465,2023,10,23,23,0,0,0
12749,465,2023,11,20,17,1,2,5
12750,465,2023,12,21,16,4,1,6
12751,465,2024,1,22,16,4,2,0
12752,465,2024,2,20,18,2,0,4
12753,465,2024,3,20,17,2,1,5
12754,465,2024,4,22,21,1,0,6
12755,465,2024,5,23,23,0,0,1
12756,465,2024,6,20,14,4,2,3
12757,465,2024,7,20,20,0,0,2
12758,465,2024,8,20,15,4,1,7
12759,465,2024,9,21,19,2,0,1
12760,465,2024,10,23,18,3,2,0
12761,465,2024,11,20,18,2,0,7
12762,465,2024,12,21,16,3,2,4
12763,465,2025,1,21,18,2,1,8
12764,465,2025,2,21,19,2,0,7
12765,465,2025,3,20,14,4,2,7
12766,465,2025,4,20,19,0,1,6
12767,465,2025,5,22,21,0,1,5
12768,465,2025,6,20,15,3,2,4
12769,465,2025,7,22,18,3,1,0
12770,465,2025,8,20,16,2,2,3
12771,465,2025,9,21,17,4,0,6
12772,465,2025,10,22,21,1,0,2
12773,465,2025,11,22,19,3,0,3
12774,465,2025,12,23,20,3,0,1
12775,466,2022,11,23,18,3,2,8
12776,466,2022,12,21,17,4,0,5
12777,466,2023,1,22,18,4,0,1
12778,466,2023,2,21,16,3,2,1
12779,466,2023,3,21,19,0,2,6
12780,466,2023,4,21,21,0,0,6
12781,466,2023,5,21,18,1,2,5
12782,466,2023,6,21,17,4,0,3
12783,466,2023,7,22,18,4,0,0
12784,466,2023,8,20,14,4,2,7
12785,466,2023,9,22,19,3,0,1
12786,466,2023,10,22,21,1,0,4
12787,466,2023,11,22,21,0,1,1
12788,466,2023,12,20,17,2,1,0
12789,466,2024,1,22,16,4,2,4
12790,466,2024,2,22,21,0,1,6
12791,466,2024,3,22,20,0,2,2
12792,466,2024,4,20,19,0,1,8
12793,466,2024,5,23,21,1,1,2
12794,466,2024,6,21,20,0,1,8
12795,466,2024,7,22,22,0,0,6
12796,466,2024,8,23,20,3,0,0
12797,466,2024,9,20,16,3,1,8
12798,466,2024,10,23,20,2,1,0
12799,466,2024,11,23,20,2,1,2
12800,466,2024,12,21,18,1,2,5
12801,467,2024,11,21,19,0,2,6
12802,467,2024,12,23,19,2,2,4
12803,467,2025,1,22,21,1,0,6
12804,467,2025,2,23,21,2,0,2
12805,467,2025,3,21,15,4,2,7
12806,467,2025,4,21,16,3,2,1
12807,467,2025,5,20,15,3,2,2
12808,467,2025,6,22,20,0,2,2
12809,467,2025,7,23,21,1,1,6
12810,467,2025,8,23,19,2,2,3
12811,467,2025,9,20,18,0,2,5
12812,467,2025,10,23,22,1,0,7
12813,467,2025,11,20,17,3,0,8
12814,467,2025,12,23,17,4,2,6
12815,468,2025,7,23,22,1,0,8
12816,468,2025,8,23,17,4,2,7
12817,468,2025,9,20,18,0,2,4
12818,468,2025,10,22,18,2,2,5
12819,468,2025,11,20,17,1,2,5
12820,468,2025,12,23,21,1,1,3
12821,469,2021,10,22,18,3,1,5
12822,469,2021,11,23,19,4,0,2
12823,469,2021,12,20,15,3,2,7
12824,469,2022,1,21,18,1,2,7
12825,469,2022,2,23,22,1,0,8
12826,469,2022,3,22,21,1,0,4
12827,469,2022,4,21,16,4,1,8
12828,469,2022,5,20,17,2,1,5
12829,469,2022,6,20,18,2,0,1
12830,469,2022,7,23,20,1,2,4
12831,469,2022,8,20,18,0,2,0
12832,469,2022,9,21,21,0,0,1
12833,469,2022,10,21,19,2,0,5
12834,469,2022,11,23,21,1,1,5
12835,469,2022,12,22,20,2,0,6
12836,469,2023,1,20,20,0,0,2
12837,469,2023,2,20,19,1,0,4
12838,469,2023,3,22,16,4,2,8
12839,469,2023,4,20,14,4,2,5
12840,469,2023,5,22,21,1,0,8
12841,469,2023,6,20,18,0,2,6
12842,469,2023,7,21,17,3,1,4
12843,469,2023,8,22,17,4,1,6
12844,469,2023,9,22,18,2,2,1
12845,469,2023,10,20,15,4,1,2
12846,469,2023,11,23,20,2,1,0
12847,469,2023,12,23,21,1,1,0
12848,469,2024,1,23,17,4,2,7
12849,469,2024,2,21,17,3,1,6
12850,469,2024,3,20,18,0,2,5
12851,469,2024,4,21,16,4,1,2
12852,469,2024,5,23,20,1,2,2
12853,469,2024,6,21,21,0,0,6
12854,469,2024,7,22,20,1,1,4
12855,469,2024,8,23,21,0,2,5
12856,469,2024,9,23,21,2,0,2
12857,469,2024,10,22,18,3,1,6
12858,469,2024,11,23,22,1,0,5
12859,469,2024,12,21,20,1,0,2
12860,469,2025,1,23,22,0,1,3
12861,469,2025,2,21,16,4,1,4
12862,469,2025,3,20,15,3,2,0
12863,469,2025,4,20,18,2,0,6
12864,469,2025,5,21,17,4,0,8
12865,469,2025,6,20,19,0,1,1
12866,469,2025,7,23,23,0,0,0
12867,469,2025,8,21,20,1,0,4
12868,469,2025,9,23,21,1,1,4
12869,469,2025,10,22,20,1,1,7
12870,469,2025,11,22,21,0,1,1
12871,469,2025,12,22,19,2,1,5
12872,470,2021,12,22,19,3,0,1
12873,470,2022,1,21,15,4,2,3
12874,470,2022,2,22,18,3,1,0
12875,470,2022,3,20,14,4,2,2
12876,470,2022,4,20,16,2,2,2
12877,470,2022,5,23,21,0,2,0
12878,470,2022,6,21,19,2,0,5
12879,470,2022,7,20,16,4,0,6
12880,470,2022,8,22,21,1,0,4
12881,470,2022,9,20,16,4,0,2
12882,470,2022,10,21,19,0,2,5
12883,470,2022,11,20,16,3,1,6
12884,470,2022,12,20,20,0,0,6
12885,470,2023,1,21,16,4,1,3
12886,470,2023,2,21,16,3,2,1
12887,470,2023,3,20,17,1,2,2
12888,470,2023,4,22,19,2,1,8
12889,470,2023,5,23,17,4,2,3
12890,470,2023,6,21,21,0,0,8
12891,470,2023,7,20,18,0,2,7
12892,470,2023,8,20,16,2,2,5
12893,470,2023,9,21,19,0,2,6
12894,471,2021,12,23,17,4,2,8
12895,471,2022,1,20,18,0,2,5
12896,471,2022,2,21,18,1,2,3
12897,471,2022,3,23,21,2,0,6
12898,471,2022,4,23,18,3,2,3
12899,471,2022,5,20,16,4,0,5
12900,471,2022,6,21,18,2,1,8
12901,471,2022,7,21,20,0,1,8
12902,471,2022,8,21,17,2,2,7
12903,471,2022,9,20,16,3,1,2
12904,471,2022,10,23,20,3,0,8
12905,471,2022,11,20,17,2,1,0
12906,471,2022,12,23,19,4,0,0
12907,471,2023,1,23,21,0,2,6
12908,471,2023,2,23,18,4,1,2
12909,471,2023,3,22,18,2,2,5
12910,471,2023,4,22,18,4,0,0
12911,471,2023,5,23,22,1,0,4
12912,471,2023,6,23,21,1,1,5
12913,471,2023,7,20,18,2,0,2
12914,471,2023,8,23,21,0,2,6
12915,471,2023,9,23,18,3,2,8
12916,471,2023,10,21,17,2,2,4
12917,471,2023,11,22,20,0,2,4
12918,471,2023,12,22,21,1,0,7
12919,471,2024,1,23,22,1,0,7
12920,471,2024,2,22,19,1,2,3
12921,471,2024,3,23,17,4,2,8
12922,471,2024,4,20,18,0,2,3
12923,471,2024,5,23,18,3,2,5
12924,471,2024,6,23,20,3,0,2
12925,471,2024,7,20,15,4,1,2
12926,471,2024,8,20,15,3,2,0
12927,471,2024,9,23,20,2,1,0
12928,471,2024,10,22,18,2,2,3
12929,471,2024,11,20,16,3,1,0
12930,471,2024,12,22,17,3,2,5
12931,471,2025,1,21,19,1,1,3
12932,471,2025,2,21,20,1,0,7
12933,471,2025,3,22,21,1,0,2
12934,471,2025,4,20,16,3,1,4
12935,471,2025,5,22,18,4,0,6
12936,471,2025,6,21,19,2,0,0
12937,471,2025,7,23,20,1,2,6
12938,471,2025,8,20,19,0,1,6
12939,471,2025,9,21,16,3,2,8
12940,471,2025,10,22,19,3,0,1
12941,471,2025,11,23,18,4,1,3
12942,471,2025,12,21,18,1,2,8
12943,472,2024,5,20,17,2,1,2
12944,472,2024,6,20,15,4,1,5
12945,472,2024,7,20,16,3,1,5
12946,472,2024,8,22,19,3,0,8
12947,472,2024,9,23,18,4,1,7
12948,472,2024,10,23,17,4,2,7
12949,472,2024,11,23,20,3,0,0
12950,472,2024,12,21,20,0,1,4
12951,472,2025,1,21,18,1,2,4
12952,472,2025,2,20,15,3,2,8
12953,472,2025,3,21,16,3,2,8
12954,472,2025,4,20,14,4,2,7
12955,472,2025,5,22,20,0,2,8
12956,472,2025,6,21,17,3,1,6
12957,472,2025,7,22,20,1,1,5
12958,472,2025,8,22,20,0,2,5
12959,472,2025,9,20,18,2,0,2
12960,472,2025,10,22,18,2,2,0
12961,472,2025,11,21,19,2,0,8
12962,472,2025,12,20,17,1,2,5
12963,473,2021,10,22,17,4,1,0
12964,473,2021,11,20,17,3,0,5
12965,473,2021,12,20,14,4,2,1
12966,473,2022,1,20,18,1,1,3
12967,473,2022,2,23,22,1,0,6
12968,473,2022,3,21,16,3,2,5
12969,473,2022,4,20,19,0,1,7
12970,473,2022,5,22,16,4,2,0
12971,473,2022,6,20,17,1,2,7
12972,473,2022,7,20,16,4,0,2
12973,473,2022,8,23,21,0,2,1
12974,473,2022,9,23,18,3,2,8
12975,473,2022,10,20,16,3,1,6
12976,473,2022,11,23,20,3,0,0
12977,473,2022,12,21,21,0,0,2
12978,473,2023,1,21,15,4,2,6
12979,473,2023,2,23,18,4,1,0
12980,473,2023,3,21,16,4,1,0
12981,473,2023,4,21,15,4,2,6
12982,473,2023,5,22,18,3,1,2
12983,473,2023,6,21,18,1,2,8
12984,473,2023,7,23,17,4,2,6
12985,473,2023,8,20,15,3,2,3
12986,473,2023,9,22,21,0,1,8
12987,473,2023,10,20,16,3,1,5
12988,473,2023,11,22,20,0,2,3
12989,473,2023,12,23,23,0,0,6
12990,473,2024,1,20,18,0,2,4
12991,473,2024,2,22,18,3,1,7
12992,473,2024,3,21,17,4,0,3
12993,473,2024,4,23,18,4,1,0
12994,473,2024,5,20,18,2,0,6
12995,473,2024,6,20,17,2,1,0
12996,473,2024,7,21,17,4,0,2
12997,473,2024,8,21,18,1,2,6
12998,473,2024,9,23,23,0,0,2
12999,473,2024,10,22,19,1,2,3
13000,473,2024,11,20,18,2,0,8
13001,473,2024,12,22,20,2,0,5
13002,473,2025,1,21,20,0,1,1
13003,473,2025,2,20,18,2,0,2
13004,473,2025,3,21,16,3,2,4
13005,473,2025,4,23,18,4,1,5
13006,473,2025,5,23,17,4,2,7
13007,473,2025,6,23,21,1,1,3
13008,473,2025,7,20,20,0,0,4
13009,473,2025,8,20,15,3,2,4
13010,473,2025,9,23,22,1,0,2
13011,473,2025,10,23,18,3,2,7
13012,473,2025,11,23,21,2,0,1
13013,473,2025,12,23,23,0,0,0
13014,474,2021,11,22,20,0,2,2
13015,474,2021,12,23,22,1,0,3
13016,474,2022,1,20,18,0,2,8
13017,474,2022,2,22,16,4,2,7
13018,474,2022,3,23,22,0,1,5
13019,474,2022,4,21,16,4,1,0
13020,474,2022,5,22,21,1,0,1
13021,474,2022,6,22,21,1,0,8
13022,474,2022,7,21,17,3,1,5
13023,474,2022,8,23,18,4,1,7
13024,474,2022,9,23,17,4,2,2
13025,474,2022,10,20,19,1,0,8
13026,474,2022,11,20,19,0,1,1
13027,474,2022,12,22,20,0,2,7
13028,474,2023,1,22,21,0,1,7
13029,474,2023,2,23,21,0,2,2
13030,474,2023,3,20,18,0,2,5
13031,474,2023,4,22,22,0,0,5
13032,474,2023,5,22,20,2,0,6
13033,474,2023,6,23,21,0,2,3
13034,474,2023,7,21,18,3,0,3
13035,474,2023,8,21,20,0,1,6
13036,474,2023,9,23,18,4,1,2
13037,474,2023,10,22,20,2,0,1
13038,474,2023,11,22,20,0,2,5
13039,474,2023,12,22,20,2,0,1
13040,474,2024,1,20,14,4,2,4
13041,474,2024,2,21,20,1,0,0
13042,474,2024,3,23,21,2,0,7
13043,474,2024,4,20,16,2,2,4
13044,474,2024,5,21,21,0,0,1
13045,474,2024,6,20,19,1,0,7
13046,474,2024,7,20,18,1,1,2
13047,474,2024,8,20,17,2,1,1
13048,474,2024,9,23,18,3,2,8
13049,474,2024,10,23,19,2,2,8
13050,474,2024,11,20,17,3,0,8
13051,474,2024,12,23,17,4,2,3
13052,474,2025,1,22,17,4,1,4
13053,474,2025,2,22,17,3,2,1
13054,474,2025,3,21,19,1,1,6
13055,474,2025,4,23,21,0,2,1
13056,475,2025,2,22,19,1,2,8
13057,475,2025,3,21,17,3,1,4
13058,475,2025,4,20,19,1,0,8
13059,475,2025,5,21,18,2,1,5
13060,475,2025,6,22,19,1,2,6
13061,475,2025,7,22,17,4,1,8
13062,475,2025,8,20,20,0,0,7
13063,475,2025,9,20,19,0,1,3
13064,475,2025,10,21,19,1,1,5
13065,475,2025,11,20,18,1,1,6
13066,475,2025,12,22,18,3,1,5
13067,476,2021,1,23,20,1,2,0
13068,476,2021,2,22,20,2,0,1
13069,476,2021,3,23,18,3,2,1
13070,476,2021,4,20,18,2,0,5
13071,476,2021,5,20,17,3,0,2
13072,476,2021,6,22,19,1,2,1
13073,476,2021,7,20,14,4,2,3
13074,476,2021,8,21,16,3,2,0
13075,476,2021,9,21,17,3,1,6
13076,476,2021,10,21,18,3,0,1
13077,476,2021,11,20,14,4,2,0
13078,476,2021,12,22,18,2,2,6
13079,476,2022,1,23,20,1,2,8
13080,476,2022,2,23,21,2,0,2
13081,476,2022,3,23,20,3,0,1
13082,476,2022,4,21,15,4,2,5
13083,476,2022,5,22,19,3,0,6
13084,476,2022,6,20,17,3,0,8
13085,476,2022,7,22,18,3,1,2
13086,476,2022,8,22,17,3,2,1
13087,476,2022,9,23,22,1,0,8
13088,476,2022,10,23,19,3,1,3
13089,476,2022,11,22,20,0,2,4
13090,476,2022,12,23,18,3,2,1
13091,476,2023,1,23,20,2,1,2
13092,476,2023,2,20,14,4,2,0
13093,476,2023,3,20,14,4,2,0
13094,476,2023,4,22,19,2,1,7
13095,476,2023,5,21,19,0,2,8
13096,476,2023,6,20,17,1,2,0
13097,476,2023,7,22,16,4,2,0
13098,476,2023,8,21,18,1,2,8
13099,476,2023,9,22,19,2,1,7
13100,476,2023,10,20,18,0,2,0
13101,476,2023,11,21,17,2,2,8
13102,476,2023,12,21,19,1,1,3
13103,476,2024,1,21,20,1,0,0
13104,476,2024,2,20,17,1,2,2
13105,476,2024,3,20,15,4,1,0
13106,476,2024,4,21,17,3,1,1
13107,476,2024,5,20,19,1,0,8
13108,476,2024,6,22,21,0,1,3
13109,476,2024,7,20,20,0,0,7
13110,476,2024,8,20,17,2,1,8
13111,476,2024,9,22,21,1,0,0
13112,476,2024,10,23,19,2,2,6
13113,476,2024,11,23,18,4,1,2
13114,476,2024,12,22,20,2,0,5
13115,476,2025,1,23,18,3,2,4
13116,476,2025,2,20,19,0,1,4
13117,476,2025,3,23,19,2,2,6
13118,476,2025,4,20,15,4,1,5
13119,476,2025,5,20,16,4,0,0
13120,476,2025,6,21,17,2,2,3
13121,476,2025,7,21,18,2,1,4
13122,476,2025,8,22,17,3,2,1
13123,476,2025,9,23,22,0,1,3
13124,476,2025,10,23,23,0,0,7
13125,476,2025,11,22,17,3,2,7
13126,476,2025,12,20,16,4,0,3
13127,477,2025,3,21,19,0,2,5
13128,477,2025,4,22,19,2,1,6
13129,477,2025,5,20,14,4,2,8
13130,477,2025,6,20,16,3,1,4
13131,477,2025,7,21,18,3,0,7
13132,477,2025,8,22,22,0,0,1
13133,477,2025,9,22,19,2,1,6
13134,477,2025,10,22,18,2,2,3
13135,477,2025,11,23,19,4,0,6
13136,477,2025,12,22,19,1,2,2
13137,478,2021,11,23,17,4,2,4
13138,478,2021,12,20,14,4,2,3
13139,478,2022,1,21,21,0,0,2
13140,478,2022,2,20,16,2,2,6
13141,478,2022,3,23,23,0,0,0
13142,479,2022,11,23,21,2,0,0
13143,479,2022,12,21,17,3,1,3
13144,479,2023,1,21,15,4,2,7
13145,479,2023,2,21,19,2,0,6
13146,479,2023,3,20,18,2,0,3
13147,479,2023,4,20,17,3,0,6
13148,479,2023,5,20,14,4,2,6
13149,479,2023,6,21,19,2,0,8
13150,479,2023,7,20,17,2,1,2
13151,479,2023,8,21,16,4,1,4
13152,479,2023,9,23,19,3,1,2
13153,479,2023,10,23,17,4,2,7
13154,479,2023,11,23,22,1,0,3
13155,479,2023,12,23,17,4,2,8
13156,479,2024,1,22,18,4,0,4
13157,479,2024,2,23,20,2,1,5
13158,479,2024,3,20,15,3,2,4
13159,479,2024,4,22,20,2,0,7
13160,479,2024,5,21,19,0,2,2
13161,479,2024,6,22,16,4,2,1
13162,479,2024,7,20,16,3,1,2
13163,479,2024,8,22,18,2,2,3
13164,479,2024,9,22,18,4,0,3
13165,479,2024,10,21,17,3,1,0
13166,479,2024,11,21,18,3,0,1
13167,479,2024,12,23,21,2,0,2
13168,479,2025,1,21,16,4,1,3
13169,479,2025,2,23,19,4,0,0
13170,479,2025,3,22,20,1,1,2
13171,479,2025,4,22,19,1,2,6
13172,479,2025,5,23,23,0,0,2
13173,479,2025,6,20,19,1,0,4
13174,479,2025,7,22,18,2,2,3
13175,479,2025,8,21,17,3,1,6
13176,479,2025,9,22,19,2,1,5
13177,479,2025,10,22,19,2,1,4
13178,479,2025,11,20,17,1,2,7
13179,479,2025,12,20,19,1,0,0
13180,480,2023,12,21,18,2,1,5
13181,480,2024,1,20,17,3,0,2
13182,480,2024,2,23,22,1,0,2
13183,480,2024,3,23,17,4,2,6
13184,480,2024,4,20,18,2,0,5
13185,480,2024,5,23,19,3,1,3
13186,480,2024,6,23,19,2,2,7
13187,480,2024,7,22,18,3,1,5
13188,480,2024,8,20,15,3,2,3
13189,480,2024,9,22,19,1,2,8
13190,480,2024,10,20,20,0,0,7
13191,480,2024,11,22,21,1,0,2
13192,480,2024,12,22,17,3,2,2
13193,480,2025,1,21,19,2,0,3
13194,480,2025,2,23,18,4,1,6
13195,480,2025,3,23,18,3,2,4
13196,480,2025,4,20,17,1,2,5
13197,480,2025,5,23,17,4,2,2
13198,480,2025,6,22,20,2,0,8
13199,480,2025,7,21,15,4,2,4
13200,481,2023,8,21,19,0,2,7
13201,481,2023,9,20,19,0,1,2
13202,481,2023,10,22,16,4,2,1
13203,481,2023,11,22,20,2,0,8
13204,481,2023,12,22,17,4,1,2
13205,481,2024,1,22,21,0,1,1
13206,481,2024,2,23,19,3,1,1
13207,481,2024,3,21,17,4,0,4
13208,481,2024,4,20,15,4,1,5
13209,481,2024,5,20,16,2,2,0
13210,481,2024,6,22,22,0,0,7
13211,481,2024,7,20,15,3,2,8
13212,481,2024,8,21,16,4,1,3
13213,481,2024,9,20,17,1,2,4
13214,481,2024,10,23,20,1,2,6
13215,481,2024,11,21,18,2,1,3
13216,481,2024,12,20,15,4,1,2
13217,481,2025,1,23,19,2,2,6
13218,481,2025,2,23,18,4,1,5
13219,481,2025,3,20,16,2,2,3
13220,481,2025,4,23,19,3,1,7
13221,481,2025,5,21,18,2,1,7
13222,481,2025,6,23,19,4,0,7
13223,481,2025,7,22,20,0,2,4
13224,481,2025,8,21,21,0,0,7
13225,481,2025,9,22,22,0,0,1
13226,481,2025,10,22,18,3,1,4
13227,481,2025,11,23,21,1,1,3
13228,481,2025,12,20,19,0,1,5
13229,482,2021,2,23,18,3,2,4
13230,482,2021,3,20,16,3,1,4
13231,482,2021,4,21,19,2,0,0
13232,482,2021,5,23,22,1,0,8
13233,482,2021,6,20,16,2,2,4
13234,482,2021,7,22,21,1,0,4
13235,482,2021,8,23,19,3,1,1
13236,482,2021,9,20,16,2,2,2
13237,482,2021,10,22,20,0,2,1
13238,482,2021,11,21,19,2,0,6
13239,482,2021,12,20,14,4,2,2
13240,482,2022,1,20,20,0,0,7
13241,482,2022,2,21,18,1,2,3
13242,482,2022,3,23,19,4,0,0
13243,482,2022,4,20,16,4,0,8
13244,482,2022,5,21,18,3,0,7
13245,482,2022,6,20,19,0,1,3
13246,482,2022,7,22,22,0,0,4
13247,482,2022,8,22,21,1,0,2
13248,482,2022,9,21,18,3,0,4
13249,482,2022,10,23,23,0,0,4
13250,482,2022,11,23,22,1,0,6
13251,482,2022,12,21,21,0,0,3
13252,482,2023,1,22,21,0,1,7
13253,482,2023,2,22,21,0,1,1
13254,482,2023,3,20,17,3,0,0
13255,482,2023,4,20,18,0,2,8
13256,482,2023,5,22,18,3,1,6
13257,482,2023,6,20,14,4,2,5
13258,482,2023,7,20,17,2,1,0
13259,482,2023,8,21,20,0,1,2
13260,482,2023,9,21,16,3,2,5
13261,482,2023,10,22,19,3,0,5
13262,482,2023,11,20,15,4,1,7
13263,482,2023,12,23,21,1,1,2
13264,482,2024,1,23,18,3,2,2
13265,482,2024,2,22,17,4,1,3
13266,482,2024,3,21,16,3,2,5
13267,482,2024,4,23,19,4,0,7
13268,482,2024,5,23,22,1,0,1
13269,482,2024,6,23,21,1,1,2
13270,482,2024,7,23,21,0,2,0
13271,482,2024,8,23,20,2,1,4
13272,482,2024,9,22,20,0,2,7
13273,482,2024,10,22,19,3,0,4
13274,482,2024,11,22,21,1,0,7
13275,482,2024,12,23,20,1,2,3
13276,482,2025,1,22,16,4,2,4
13277,482,2025,2,23,20,1,2,0
13278,482,2025,3,22,18,2,2,5
13279,482,2025,4,22,21,0,1,3
13280,482,2025,5,23,20,1,2,5
13281,482,2025,6,20,19,1,0,1
13282,482,2025,7,20,18,1,1,7
13283,482,2025,8,21,18,3,0,2
13284,482,2025,9,20,18,1,1,0
13285,482,2025,10,21,18,1,2,3
13286,482,2025,11,22,17,4,1,5
13287,482,2025,12,22,17,4,1,7
13288,483,2024,4,20,15,4,1,8
13289,483,2024,5,22,18,2,2,6
13290,483,2024,6,21,18,1,2,3
13291,483,2024,7,20,19,1,0,8
13292,483,2024,8,22,17,4,1,5
13293,483,2024,9,23,20,1,2,0
13294,483,2024,10,21,18,3,0,2
13295,483,2024,11,21,19,1,1,5
13296,483,2024,12,20,16,2,2,4
13297,483,2025,1,21,16,4,1,4
13298,483,2025,2,22,22,0,0,5
13299,483,2025,3,22,19,3,0,3
13300,483,2025,4,23,20,3,0,6
13301,483,2025,5,22,20,1,1,2
13302,483,2025,6,21,21,0,0,3
13303,483,2025,7,22,21,1,0,5
13304,483,2025,8,22,21,0,1,5
13305,483,2025,9,23,19,4,0,0
13306,483,2025,10,20,16,2,2,3
13307,483,2025,11,23,17,4,2,0
13308,483,2025,12,22,18,3,1,4
13309,484,2021,5,20,17,1,2,8
13310,484,2021,6,22,21,0,1,6
13311,484,2021,7,21,19,2,0,2
13312,484,2021,8,23,22,1,0,5
13313,484,2021,9,22,18,3,1,2
13314,484,2021,10,22,19,3,0,6
13315,484,2021,11,21,18,3,0,3
13316,484,2021,12,21,18,1,2,2
13317,484,2022,1,20,18,2,0,1
13318,484,2022,2,20,16,3,1,0
13319,484,2022,3,23,19,4,0,6
13320,484,2022,4,20,18,1,1,6
13321,484,2022,5,20,17,1,2,8
13322,484,2022,6,20,19,1,0,3
13323,484,2022,7,23,20,3,0,3
13324,484,2022,8,22,19,1,2,4
13325,484,2022,9,23,18,4,1,2
13326,484,2022,10,23,23,0,0,1
13327,484,2022,11,22,16,4,2,2
13328,484,2022,12,21,18,2,1,1
13329,484,2023,1,22,19,1,2,1
13330,484,2023,2,21,20,0,1,4
13331,484,2023,3,22,22,0,0,3
13332,484,2023,4,21,17,4,0,7
13333,484,2023,5,21,20,1,0,5
13334,484,2023,6,20,19,1,0,8
13335,484,2023,7,23,20,2,1,1
13336,484,2023,8,20,16,4,0,1
13337,484,2023,9,23,21,2,0,3
13338,484,2023,10,22,16,4,2,6
13339,484,2023,11,22,19,3,0,4
13340,484,2023,12,22,19,3,0,3
13341,484,2024,1,22,16,4,2,7
13342,484,2024,2,23,19,2,2,7
13343,484,2024,3,21,19,0,2,3
13344,484,2024,4,20,19,1,0,8
13345,484,2024,5,20,19,0,1,2
13346,484,2024,6,22,17,4,1,4
13347,484,2024,7,22,22,0,0,4
13348,484,2024,8,22,19,3,0,8
13349,484,2024,9,22,19,1,2,2
13350,484,2024,10,20,18,2,0,5
13351,484,2024,11,23,20,3,0,4
13352,484,2024,12,20,20,0,0,5
13353,484,2025,1,22,17,4,1,7
13354,484,2025,2,23,23,0,0,7
13355,484,2025,3,22,20,2,0,4
13356,484,2025,4,21,17,4,0,3
13357,484,2025,5,22,21,0,1,6
13358,484,2025,6,22,18,4,0,1
13359,484,2025,7,21,18,2,1,6
13360,484,2025,8,23,21,0,2,7
13361,484,2025,9,22,21,0,1,0
13362,484,2025,10,23,19,3,1,4
13363,484,2025,11,23,18,4,1,3
13364,484,2025,12,21,16,3,2,0
13365,485,2023,4,23,18,3,2,6
13366,485,2023,5,23,20,2,1,6
13367,485,2023,6,23,22,1,0,3
13368,485,2023,7,20,20,0,0,5
13369,485,2023,8,22,17,3,2,7
13370,485,2023,9,22,17,3,2,4
13371,485,2023,10,22,17,3,2,6
13372,485,2023,11,21,17,3,1,2
13373,485,2023,12,21,19,1,1,3
13374,485,2024,1,21,16,4,1,8
13375,485,2024,2,23,22,1,0,1
13376,485,2024,3,20,18,0,2,7
13377,485,2024,4,21,18,1,2,4
13378,485,2024,5,20,17,3,0,5
13379,485,2024,6,23,23,0,0,0
13380,485,2024,7,22,20,1,1,6
13381,485,2024,8,20,17,3,0,2
13382,485,2024,9,21,17,2,2,3
13383,485,2024,10,23,20,1,2,6
13384,485,2024,11,21,17,2,2,1
13385,485,2024,12,21,17,4,0,1
13386,485,2025,1,20,19,1,0,6
13387,485,2025,2,22,20,2,0,0
13388,485,2025,3,21,17,2,2,7
13389,485,2025,4,20,17,1,2,8
13390,485,2025,5,21,18,3,0,1
13391,485,2025,6,20,19,0,1,0
13392,485,2025,7,23,17,4,2,2
13393,485,2025,8,22,20,2,0,6
13394,485,2025,9,21,16,3,2,1
13395,485,2025,10,22,22,0,0,1
13396,485,2025,11,20,17,1,2,8
13397,485,2025,12,22,16,4,2,7
13398,486,2025,10,21,19,2,0,2
13399,486,2025,11,20,18,2,0,3
13400,486,2025,12,22,20,0,2,6
13401,487,2024,3,20,19,0,1,1
13402,487,2024,4,20,20,0,0,7
13403,487,2024,5,21,17,2,2,4
13404,487,2024,6,23,23,0,0,7
13405,487,2024,7,21,16,4,1,8
13406,487,2024,8,21,20,1,0,0
13407,487,2024,9,21,21,0,0,7
13408,487,2024,10,22,18,4,0,5
13409,488,2022,4,20,16,4,0,6
13410,488,2022,5,22,16,4,2,8
13411,488,2022,6,21,18,3,0,1
13412,488,2022,7,23,19,4,0,1
13413,488,2022,8,23,20,2,1,6
13414,488,2022,9,20,20,0,0,3
13415,488,2022,10,23,21,1,1,7
13416,488,2022,11,21,17,3,1,5
13417,488,2022,12,22,16,4,2,8
13418,488,2023,1,20,17,3,0,5
13419,488,2023,2,23,22,0,1,4
13420,488,2023,3,21,18,1,2,4
13421,488,2023,4,21,18,1,2,8
13422,488,2023,5,20,19,0,1,0
13423,488,2023,6,22,18,4,0,1
13424,488,2023,7,20,18,2,0,3
13425,488,2023,8,23,19,3,1,6
13426,488,2023,9,22,21,1,0,5
13427,488,2023,10,22,20,0,2,6
13428,488,2023,11,21,19,0,2,3
13429,488,2023,12,20,20,0,0,0
13430,488,2024,1,22,19,1,2,5
13431,488,2024,2,23,19,2,2,0
13432,488,2024,3,22,21,1,0,6
13433,488,2024,4,22,17,4,1,7
13434,488,2024,5,22,19,3,0,6
13435,488,2024,6,20,19,0,1,1
13436,488,2024,7,21,16,3,2,6
13437,488,2024,8,23,20,2,1,2
13438,488,2024,9,23,19,2,2,6
13439,488,2024,10,23,21,2,0,2
13440,488,2024,11,21,16,4,1,6
13441,488,2024,12,23,19,4,0,6
13442,488,2025,1,20,16,3,1,6
13443,488,2025,2,21,19,1,1,4
13444,488,2025,3,21,18,2,1,3
13445,488,2025,4,23,18,3,2,5
13446,488,2025,5,21,17,4,0,4
13447,488,2025,6,22,19,1,2,1
13448,488,2025,7,23,20,2,1,1
13449,488,2025,8,22,16,4,2,2
13450,488,2025,9,21,18,3,0,6
13451,488,2025,10,23,20,3,0,5
13452,488,2025,11,22,20,2,0,0
13453,488,2025,12,20,15,4,1,5
13454,489,2021,6,22,19,2,1,1
13455,489,2021,7,20,15,4,1,8
13456,489,2021,8,23,20,2,1,6
13457,489,2021,9,22,19,1,2,0
13458,489,2021,10,22,16,4,2,7
13459,489,2021,11,23,21,1,1,6
13460,489,2021,12,21,19,1,1,4
13461,489,2022,1,20,19,1,0,6
13462,489,2022,2,22,20,2,0,5
13463,489,2022,3,23,18,4,1,3
13464,489,2022,4,21,17,3,1,3
13465,489,2022,5,20,16,3,1,7
13466,489,2022,6,22,17,4,1,7
13467,489,2022,7,23,19,4,0,4
13468,489,2022,8,20,15,4,1,8
13469,489,2022,9,20,16,3,1,4
13470,489,2022,10,21,17,2,2,5
13471,489,2022,11,20,18,2,0,2
13472,489,2022,12,20,15,4,1,8
13473,489,2023,1,23,18,3,2,0
13474,489,2023,2,22,18,3,1,0
13475,489,2023,3,22,18,2,2,3
13476,489,2023,4,20,17,1,2,6
13477,489,2023,5,22,20,1,1,7
13478,489,2023,6,21,20,1,0,8
13479,489,2023,7,20,19,0,1,3
13480,489,2023,8,20,18,2,0,5
13481,489,2023,9,22,19,3,0,7
13482,489,2023,10,22,20,1,1,5
13483,489,2023,11,22,17,4,1,3
13484,489,2023,12,22,19,2,1,7
13485,489,2024,1,20,16,4,0,2
13486,489,2024,2,20,17,3,0,8
13487,489,2024,3,22,20,1,1,6
13488,489,2024,4,20,19,1,0,4
13489,489,2024,5,21,19,2,0,1
13490,489,2024,6,21,16,3,2,6
13491,489,2024,7,21,18,1,2,6
13492,489,2024,8,23,20,2,1,0
13493,489,2024,9,20,17,3,0,3
13494,489,2024,10,22,20,1,1,2
13495,489,2024,11,21,16,4,1,3
13496,489,2024,12,20,15,4,1,1
13497,489,2025,1,21,20,0,1,5
13498,489,2025,2,21,18,2,1,0
13499,489,2025,3,20,17,2,1,6
13500,489,2025,4,22,17,4,1,0
13501,489,2025,5,21,17,3,1,2
13502,489,2025,6,23,20,1,2,8
13503,489,2025,7,20,16,3,1,0
13504,489,2025,8,23,22,1,0,4
13505,489,2025,9,23,21,2,0,0
13506,489,2025,10,22,18,4,0,5
13507,489,2025,11,22,17,4,1,0
13508,489,2025,12,22,16,4,2,8
13509,490,2022,10,23,17,4,2,0
13510,490,2022,11,20,18,1,1,4
13511,490,2022,12,23,18,4,1,5
13512,490,2023,1,23,21,2,0,5
13513,490,2023,2,20,18,1,1,7
13514,490,2023,3,22,20,0,2,7
13515,490,2023,4,20,17,2,1,3
13516,490,2023,5,23,22,1,0,6
13517,490,2023,6,20,15,4,1,0
13518,490,2023,7,20,19,1,0,3
13519,490,2023,8,20,16,4,0,5
13520,490,2023,9,23,20,3,0,7
13521,490,2023,10,22,19,2,1,6
13522,490,2023,11,23,20,1,2,2
13523,490,2023,12,21,17,4,0,6
13524,490,2024,1,21,16,3,2,5
13525,490,2024,2,20,17,3,0,8
13526,490,2024,3,20,16,3,1,3
13527,490,2024,4,21,15,4,2,3
13528,490,2024,5,21,15,4,2,1
13529,490,2024,6,20,19,1,0,7
13530,490,2024,7,22,17,4,1,4
13531,490,2024,8,23,19,3,1,2
13532,490,2024,9,23,20,3,0,7
13533,490,2024,10,22,17,4,1,5
13534,490,2024,11,20,19,1,0,3
13535,490,2024,12,20,18,1,1,3
13536,490,2025,1,23,22,0,1,3
13537,490,2025,2,20,18,0,2,1
13538,490,2025,3,20,16,3,1,7
13539,490,2025,4,21,18,1,2,0
13540,490,2025,5,21,17,2,2,2
13541,490,2025,6,21,17,4,0,7
13542,490,2025,7,20,16,4,0,3
13543,490,2025,8,20,17,1,2,4
13544,490,2025,9,23,20,1,2,8
13545,490,2025,10,20,17,3,0,0
13546,490,2025,11,22,20,2,0,1
13547,490,2025,12,23,20,2,1,2
13548,491,2022,6,20,17,2,1,6
13549,491,2022,7,23,18,4,1,5
13550,491,2022,8,20,18,1,1,1
13551,491,2022,9,22,17,4,1,1
13552,491,2022,10,22,18,4,0,8
13553,491,2022,11,20,18,0,2,0
13554,491,2022,12,23,20,2,1,5
13555,491,2023,1,23,21,0,2,6
13556,491,2023,2,23,20,1,2,1
13557,491,2023,3,22,22,0,0,1
13558,491,2023,4,23,20,3,0,4
13559,491,2023,5,22,18,3,1,6
13560,491,2023,6,22,20,2,0,8
13561,491,2023,7,21,18,2,1,2
13562,491,2023,8,23,19,2,2,8
13563,491,2023,9,21,19,2,0,2
13564,491,2023,10,22,20,0,2,7
13565,491,2023,11,23,19,4,0,7
13566,491,2023,12,20,15,4,1,3
13567,491,2024,1,23,23,0,0,1
13568,491,2024,2,23,21,1,1,5
13569,491,2024,3,21,20,1,0,5
13570,491,2024,4,20,18,0,2,1
13571,491,2024,5,21,15,4,2,0
13572,491,2024,6,23,23,0,0,6
13573,491,2024,7,23,20,2,1,4
13574,491,2024,8,21,18,3,0,5
13575,491,2024,9,22,20,1,1,7
13576,491,2024,10,20,17,2,1,0
13577,491,2024,11,22,20,2,0,7
13578,491,2024,12,21,18,1,2,6
13579,491,2025,1,22,19,1,2,7
13580,491,2025,2,23,17,4,2,8
13581,491,2025,3,23,20,1,2,5
13582,491,2025,4,22,21,1,0,4
13583,491,2025,5,21,18,1,2,1
13584,491,2025,6,20,20,0,0,5
13585,491,2025,7,22,20,0,2,1
13586,491,2025,8,21,18,2,1,4
13587,491,2025,9,20,14,4,2,3
13588,491,2025,10,20,17,2,1,7
13589,491,2025,11,23,20,3,0,0
13590,491,2025,12,23,19,4,0,0
13591,492,2022,3,20,18,2,0,1
13592,492,2022,4,22,19,2,1,1
13593,492,2022,5,22,22,0,0,5
13594,492,2022,6,20,16,4,0,5
13595,492,2022,7,21,16,3,2,2
13596,492,2022,8,21,17,4,0,7
13597,492,2022,9,23,17,4,2,7
13598,492,2022,10,22,20,2,0,3
13599,492,2022,11,23,19,2,2,1
13600,492,2022,12,21,16,3,2,3
13601,492,2023,1,21,18,2,1,8
13602,492,2023,2,23,19,4,0,4
13603,492,2023,3,23,23,0,0,7
13604,492,2023,4,22,19,2,1,6
13605,492,2023,5,23,19,4,0,7
13606,492,2023,6,23,22,0,1,2
13607,492,2023,7,22,19,2,1,5
13608,492,2023,8,20,15,4,1,1
13609,492,2023,9,23,20,2,1,6
13610,492,2023,10,22,21,1,0,1
13611,492,2023,11,23,18,4,1,0
13612,492,2023,12,22,18,2,2,4
13613,492,2024,1,20,16,3,1,0
13614,492,2024,2,22,18,2,2,3
13615,492,2024,3,22,19,1,2,6
13616,492,2024,4,20,16,4,0,8
13617,492,2024,5,23,23,0,0,6
13618,492,2024,6,21,16,4,1,2
13619,492,2024,7,20,18,2,0,6
13620,492,2024,8,22,19,1,2,1
13621,492,2024,9,21,18,2,1,2
13622,492,2024,10,21,17,2,2,2
13623,492,2024,11,22,17,3,2,2
13624,492,2024,12,21,19,1,1,0
13625,492,2025,1,22,19,2,1,1
13626,492,2025,2,22,21,0,1,2
13627,492,2025,3,22,18,3,1,1
13628,492,2025,4,20,17,3,0,2
13629,492,2025,5,22,21,1,0,8
13630,492,2025,6,22,17,4,1,3
13631,492,2025,7,21,18,2,1,0
13632,492,2025,8,20,18,2,0,5
13633,492,2025,9,21,19,2,0,3
13634,492,2025,10,20,16,3,1,2
13635,492,2025,11,23,19,3,1,0
13636,492,2025,12,22,16,4,2,7
13637,493,2021,2,21,15,4,2,6
13638,493,2021,3,20,20,0,0,2
13639,493,2021,4,23,19,4,0,6
13640,493,2021,5,20,17,2,1,3
13641,493,2021,6,22,18,3,1,2
13642,493,2021,7,20,14,4,2,0
13643,493,2021,8,20,16,3,1,3
13644,493,2021,9,22,22,0,0,3
13645,493,2021,10,20,16,3,1,3
13646,493,2021,11,23,23,0,0,5
13647,493,2021,12,21,16,3,2,1
13648,493,2022,1,22,19,3,0,5
13649,493,2022,2,20,15,4,1,7
13650,493,2022,3,20,15,4,1,3
13651,493,2022,4,21,17,2,2,5
13652,493,2022,5,21,17,4,0,7
13653,493,2022,6,22,18,2,2,5
13654,493,2022,7,20,19,1,0,3
13655,493,2022,8,23,21,0,2,0
13656,493,2022,9,21,17,2,2,4
13657,493,2022,10,21,17,4,0,8
13658,493,2022,11,20,17,3,0,2
13659,493,2022,12,20,16,2,2,4
13660,493,2023,1,22,22,0,0,2
13661,493,2023,2,23,20,3,0,1
13662,493,2023,3,21,15,4,2,4
13663,493,2023,4,22,16,4,2,0
13664,493,2023,5,21,19,0,2,3
13665,493,2023,6,22,19,1,2,5
13666,493,2023,7,22,19,1,2,6
13667,493,2023,8,23,18,3,2,8
13668,493,2023,9,22,18,2,2,5
13669,493,2023,10,23,23,0,0,3
13670,493,2023,11,23,18,3,2,1
13671,493,2023,12,21,16,4,1,4
13672,493,2024,1,22,21,0,1,8
13673,493,2024,2,21,17,3,1,0
13674,493,2024,3,20,17,1,2,8
13675,493,2024,4,21,19,2,0,7
13676,493,2024,5,23,22,1,0,5
13677,493,2024,6,23,19,3,1,3
13678,493,2024,7,23,18,3,2,6
13679,493,2024,8,20,16,4,0,6
13680,493,2024,9,22,16,4,2,8
13681,493,2024,10,22,16,4,2,8
13682,493,2024,11,21,16,3,2,7
13683,493,2024,12,23,19,2,2,4
13684,493,2025,1,23,21,1,1,1
13685,493,2025,2,23,21,2,0,3
13686,493,2025,3,22,22,0,0,2
13687,493,2025,4,22,18,3,1,4
13688,493,2025,5,23,19,4,0,7
13689,493,2025,6,20,15,4,1,8
13690,493,2025,7,22,17,3,2,3
13691,493,2025,8,21,19,0,2,0
13692,493,2025,9,22,19,2,1,7
13693,493,2025,10,21,17,3,1,5
13694,493,2025,11,22,19,1,2,6
13695,493,2025,12,21,19,1,1,5
13696,494,2023,9,22,21,1,0,4
13697,494,2023,10,20,16,4,0,3
13698,494,2023,11,21,20,1,0,3
13699,494,2023,12,20,18,2,0,2
13700,494,2024,1,21,17,4,0,6
13701,494,2024,2,21,16,4,1,6
13702,494,2024,3,21,18,3,0,2
13703,494,2024,4,21,18,3,0,0
13704,494,2024,5,21,20,0,1,8
13705,494,2024,6,20,18,2,0,6
13706,494,2024,7,20,17,2,1,0
13707,494,2024,8,20,20,0,0,7
13708,494,2024,9,20,17,1,2,8
13709,494,2024,10,21,20,0,1,2
13710,494,2024,11,20,18,2,0,6
13711,494,2024,12,23,21,0,2,6
13712,494,2025,1,20,18,2,0,6
13713,494,2025,2,22,18,2,2,7
13714,494,2025,3,22,21,1,0,7
13715,494,2025,4,23,21,1,1,3
13716,494,2025,5,20,17,3,0,3
13717,494,2025,6,21,18,1,2,8
13718,494,2025,7,22,17,3,2,1
13719,494,2025,8,22,17,4,1,8
13720,494,2025,9,22,18,3,1,5
13721,494,2025,10,20,18,0,2,8
13722,494,2025,11,23,18,3,2,5
13723,494,2025,12,20,15,3,2,7
13724,495,2024,12,22,17,3,2,6
13725,495,2025,1,23,20,2,1,8
13726,495,2025,2,22,21,1,0,2
13727,495,2025,3,23,19,2,2,0
13728,495,2025,4,21,18,3,0,7
13729,495,2025,5,20,16,4,0,5
13730,495,2025,6,21,17,2,2,1
13731,495,2025,7,20,20,0,0,8
13732,495,2025,8,21,17,4,0,5
13733,495,2025,9,23,20,3,0,6
13734,495,2025,10,21,19,1,1,4
13735,495,2025,11,23,19,2,2,2
13736,495,2025,12,21,18,2,1,6
13737,496,2023,8,23,23,0,0,1
13738,496,2023,9,20,16,4,0,1
13739,496,2023,10,20,15,3,2,7
13740,496,2023,11,21,18,1,2,4
13741,496,2023,12,23,18,4,1,7
13742,496,2024,1,20,16,3,1,3
13743,496,2024,2,23,17,4,2,7
13744,496,2024,3,22,20,0,2,7
13745,496,2024,4,22,19,3,0,4
13746,496,2024,5,23,20,2,1,0
13747,496,2024,6,21,17,2,2,7
13748,496,2024,7,22,17,4,1,5
13749,496,2024,8,22,20,0,2,5
13750,496,2024,9,21,16,3,2,2
13751,496,2024,10,20,18,0,2,1
13752,496,2024,11,23,21,0,2,0
13753,496,2024,12,23,21,0,2,2
13754,496,2025,1,22,19,3,0,1
13755,496,2025,2,23,19,3,1,1
13756,496,2025,3,20,16,4,0,3
13757,496,2025,4,20,19,0,1,5
13758,496,2025,5,20,17,1,2,2
13759,496,2025,6,23,18,3,2,6
13760,496,2025,7,23,20,1,2,3
13761,496,2025,8,22,18,2,2,5
13762,496,2025,9,23,21,1,1,8
13763,496,2025,10,21,19,2,0,1
13764,496,2025,11,22,18,2,2,5
13765,496,2025,12,22,16,4,2,6
13766,497,2024,2,21,17,3,1,7
13767,497,2024,3,21,19,2,0,7
13768,497,2024,4,22,18,4,0,8
13769,497,2024,5,20,18,0,2,2
13770,497,2024,6,21,16,3,2,5
13771,497,2024,7,21,20,1,0,6
13772,497,2024,8,22,17,4,1,6
13773,497,2024,9,21,15,4,2,4
13774,497,2024,10,22,17,3,2,5
13775,497,2024,11,20,17,2,1,6
13776,497,2024,12,20,15,3,2,5
13777,497,2025,1,23,20,2,1,4
13778,497,2025,2,20,20,0,0,7
13779,497,2025,3,21,16,4,1,7
13780,497,2025,4,20,16,2,2,2
13781,497,2025,5,22,18,2,2,2
13782,497,2025,6,20,18,0,2,8
13783,497,2025,7,21,18,2,1,0
13784,497,2025,8,21,16,4,1,1
13785,497,2025,9,22,18,3,1,1
13786,497,2025,10,20,17,3,0,3
13787,497,2025,11,21,19,0,2,6
13788,497,2025,12,21,19,0,2,0
13789,498,2023,1,22,21,1,0,5
13790,498,2023,2,23,18,4,1,1
13791,498,2023,3,21,17,2,2,8
13792,498,2023,4,22,18,3,1,3
13793,498,2023,5,21,16,3,2,2
13794,498,2023,6,21,20,1,0,5
13795,498,2023,7,20,18,0,2,0
13796,498,2023,8,20,18,1,1,5
13797,498,2023,9,22,19,3,0,0
13798,498,2023,10,21,19,0,2,5
13799,498,2023,11,23,22,0,1,7
13800,498,2023,12,21,19,1,1,5
13801,498,2024,1,20,18,1,1,8
13802,498,2024,2,22,18,3,1,0
13803,498,2024,3,21,17,4,0,2
13804,498,2024,4,21,21,0,0,3
13805,498,2024,5,21,20,0,1,1
13806,498,2024,6,23,22,0,1,4
13807,498,2024,7,21,16,3,2,6
13808,498,2024,8,22,20,0,2,3
13809,498,2024,9,23,18,4,1,6
13810,498,2024,10,21,16,3,2,7
13811,498,2024,11,23,20,3,0,3
13812,498,2024,12,20,17,1,2,4
13813,498,2025,1,23,19,2,2,3
13814,498,2025,2,20,19,1,0,8
13815,498,2025,3,21,18,3,0,7
13816,498,2025,4,20,15,3,2,6
13817,498,2025,5,23,17,4,2,1
13818,498,2025,6,21,15,4,2,2
13819,498,2025,7,20,15,3,2,2
13820,498,2025,8,23,20,1,2,3
13821,498,2025,9,20,20,0,0,2
13822,498,2025,10,21,21,0,0,1
13823,498,2025,11,20,18,2,0,0
13824,498,2025,12,20,16,2,2,2
13825,499,2021,5,22,21,0,1,3
13826,499,2021,6,23,21,2,0,5
13827,499,2021,7,23,21,0,2,3
13828,499,2021,8,21,21,0,0,5
13829,499,2021,9,21,19,0,2,0
13830,499,2021,10,21,17,2,2,2
13831,499,2021,11,22,21,0,1,2
13832,499,2021,12,20,16,3,1,1
13833,499,2022,1,23,19,3,1,5
13834,499,2022,2,20,18,0,2,6
13835,499,2022,3,21,20,1,0,0
13836,499,2022,4,21,19,0,2,5
13837,499,2022,5,21,18,1,2,7
13838,499,2022,6,20,16,4,0,0
13839,499,2022,7,22,17,3,2,1
13840,499,2022,8,21,19,1,1,2
13841,500,2021,7,20,19,1,0,4
13842,500,2021,8,20,16,2,2,7
13843,500,2021,9,22,16,4,2,2
13844,500,2021,10,23,20,2,1,5
13845,500,2021,11,21,19,0,2,6
13846,500,2021,12,20,16,3,1,0
13847,500,2022,1,21,19,2,0,2
13848,500,2022,2,23,17,4,2,0
13849,500,2022,3,23,23,0,0,6
13850,500,2022,4,21,16,3,2,1
13851,500,2022,5,21,19,0,2,1
13852,500,2022,6,22,17,4,1,6
13853,500,2022,7,20,15,3,2,0
13854,500,2022,8,21,15,4,2,0
13855,500,2022,9,20,19,0,1,0
13856,500,2022,10,21,18,2,1,3
13857,500,2022,11,22,18,4,0,2
13858,500,2022,12,23,22,1,0,8
13859,500,2023,1,23,21,2,0,7
13860,500,2023,2,22,20,0,2,3
13861,500,2023,3,21,17,4,0,3
13862,500,2023,4,22,20,1,1,6
13863,500,2023,5,23,19,3,1,6
13864,500,2023,6,23,19,3,1,1
13865,500,2023,7,22,21,0,1,7
13866,500,2023,8,20,18,0,2,2
13867,500,2023,9,20,14,4,2,7
13868,500,2023,10,22,20,1,1,6
13869,500,2023,11,21,16,4,1,6
13870,500,2023,12,20,19,1,0,4
13871,500,2024,1,20,19,0,1,2
13872,500,2024,2,21,18,1,2,7
13873,500,2024,3,23,19,3,1,8
13874,500,2024,4,20,15,3,2,4
13875,500,2024,5,21,17,3,1,1
13876,500,2024,6,22,16,4,2,2
13877,500,2024,7,22,19,3,0,7
13878,500,2024,8,20,19,1,0,8
13879,500,2024,9,23,21,2,0,2
13880,500,2024,10,23,20,2,1,5
13881,500,2024,11,21,17,4,0,0
13882,500,2024,12,20,19,1,0,4
13883,500,2025,1,22,18,4,0,1
13884,500,2025,2,23,23,0,0,1
13885,500,2025,3,23,20,2,1,5
13886,500,2025,4,22,17,3,2,5
13887,500,2025,5,23,17,4,2,6
13888,500,2025,6,22,18,3,1,7
13889,500,2025,7,22,17,4,1,3
13890,500,2025,8,22,22,0,0,6
13891,500,2025,9,20,17,1,2,6
13892,500,2025,10,23,23,0,0,7
13893,500,2025,11,22,20,0,2,6
13894,500,2025,12,22,20,1,1,6
13895,501,2024,10,22,21,1,0,8
13896,501,2024,11,20,17,3,0,2
13897,501,2024,12,21,18,2,1,6
13898,501,2025,1,21,16,3,2,6
13899,501,2025,2,23,21,2,0,0
13900,501,2025,3,20,18,2,0,7
13901,501,2025,4,22,17,4,1,7
13902,501,2025,5,23,20,1,2,0
13903,501,2025,6,20,19,0,1,7
13904,501,2025,7,21,20,1,0,7
13905,501,2025,8,23,23,0,0,3
13906,501,2025,9,23,21,2,0,8
13907,501,2025,10,21,19,1,1,4
13908,501,2025,11,20,18,2,0,2
13909,501,2025,12,22,20,1,1,0
13910,502,2024,10,21,21,0,0,2
13911,502,2024,11,21,16,4,1,4
13912,502,2024,12,20,16,4,0,5
13913,502,2025,1,20,17,2,1,1
13914,502,2025,2,22,22,0,0,4
13915,502,2025,3,22,21,0,1,6
13916,502,2025,4,21,18,2,1,8
13917,502,2025,5,21,15,4,2,6
13918,502,2025,6,21,18,2,1,8
13919,502,2025,7,21,21,0,0,1
13920,502,2025,8,23,19,4,0,7
13921,502,2025,9,21,18,3,0,1
13922,502,2025,10,23,21,0,2,2
13923,502,2025,11,23,19,2,2,3
13924,503,2025,9,22,20,1,1,5
13925,503,2025,10,23,20,2,1,1
13926,503,2025,11,20,18,1,1,0
13927,503,2025,12,21,18,3,0,2
13928,504,2021,3,21,19,0,2,2
13929,504,2021,4,21,20,0,1,0
13930,504,2021,5,22,16,4,2,1
13931,504,2021,6,20,17,1,2,8
13932,504,2021,7,23,22,0,1,5
13933,504,2021,8,21,16,4,1,3
13934,504,2021,9,20,19,1,0,1
13935,504,2021,10,22,22,0,0,1
13936,504,2021,11,23,19,2,2,2
13937,504,2021,12,23,22,1,0,3
13938,504,2022,1,21,17,3,1,8
13939,504,2022,2,20,15,3,2,5
13940,504,2022,3,23,17,4,2,7
13941,504,2022,4,23,18,3,2,3
13942,504,2022,5,22,21,0,1,8
13943,504,2022,6,21,17,3,1,6
13944,504,2022,7,21,20,1,0,8
13945,504,2022,8,23,19,3,1,8
13946,504,2022,9,22,18,2,2,0
13947,504,2022,10,22,20,1,1,7
13948,504,2022,11,20,18,0,2,5
13949,504,2022,12,22,19,3,0,8
13950,504,2023,1,20,15,3,2,6
13951,504,2023,2,21,17,4,0,6
13952,504,2023,3,23,20,3,0,7
13953,504,2023,4,20,16,4,0,3
13954,504,2023,5,22,20,0,2,5
13955,504,2023,6,23,22,0,1,4
13956,504,2023,7,23,20,2,1,3
13957,504,2023,8,21,17,3,1,2
13958,504,2023,9,23,21,1,1,5
13959,504,2023,10,20,17,3,0,7
13960,504,2023,11,23,23,0,0,7
13961,504,2023,12,20,19,1,0,8
13962,504,2024,1,21,16,4,1,1
13963,504,2024,2,23,23,0,0,0
13964,504,2024,3,21,20,1,0,2
13965,504,2024,4,21,19,0,2,3
13966,504,2024,5,21,20,1,0,6
13967,504,2024,6,22,17,4,1,2
13968,504,2024,7,20,16,4,0,1
13969,504,2024,8,22,17,4,1,3
13970,504,2024,9,23,18,3,2,2
13971,504,2024,10,22,21,0,1,4
13972,504,2024,11,20,16,4,0,3
13973,504,2024,12,23,17,4,2,7
13974,504,2025,1,21,19,0,2,7
13975,504,2025,2,21,19,1,1,5
13976,504,2025,3,22,18,4,0,2
13977,504,2025,4,23,18,4,1,3
13978,504,2025,5,23,19,4,0,4
13979,504,2025,6,22,18,2,2,0
13980,504,2025,7,20,19,0,1,3
13981,504,2025,8,23,19,4,0,3
13982,504,2025,9,22,19,2,1,6
13983,504,2025,10,20,17,3,0,8
13984,504,2025,11,21,16,3,2,3
13985,504,2025,12,23,17,4,2,2
13986,505,2024,3,23,22,1,0,7
13987,505,2024,4,20,14,4,2,6
13988,505,2024,5,23,19,3,1,6
13989,505,2024,6,22,19,2,1,5
13990,505,2024,7,20,15,4,1,8
13991,505,2024,8,21,19,2,0,4
13992,505,2024,9,20,17,3,0,5
13993,505,2024,10,22,19,3,0,5
13994,505,2024,11,20,17,3,0,7
13995,505,2024,12,20,19,0,1,5
13996,505,2025,1,21,19,0,2,8
13997,505,2025,2,20,20,0,0,2
13998,505,2025,3,22,20,0,2,6
13999,505,2025,4,23,18,3,2,8
14000,505,2025,5,22,19,2,1,3
14001,505,2025,6,22,18,4,0,7
14002,505,2025,7,22,18,4,0,4
14003,505,2025,8,20,18,1,1,0
14004,505,2025,9,20,18,2,0,3
14005,505,2025,10,23,20,1,2,6
14006,505,2025,11,23,19,4,0,8
14007,505,2025,12,23,20,1,2,7
14008,506,2025,1,21,19,1,1,4
14009,506,2025,2,22,19,2,1,6
14010,506,2025,3,20,20,0,0,0
14011,506,2025,4,21,18,2,1,5
14012,506,2025,5,22,17,3,2,3
14013,506,2025,6,21,15,4,2,4
14014,506,2025,7,22,16,4,2,4
14015,506,2025,8,20,16,2,2,2
14016,506,2025,9,23,21,0,2,4
14017,506,2025,10,23,23,0,0,5
14018,506,2025,11,21,17,2,2,5
14019,506,2025,12,21,17,2,2,0
14020,507,2025,8,23,21,2,0,1
14021,507,2025,9,21,19,2,0,1
14022,507,2025,10,21,17,2,2,8
14023,507,2025,11,20,15,3,2,3
14024,508,2023,3,22,20,0,2,6
14025,508,2023,4,21,19,2,0,4
14026,508,2023,5,20,16,3,1,7
14027,508,2023,6,23,17,4,2,6
14028,508,2023,7,20,14,4,2,5
14029,508,2023,8,21,17,2,2,0
14030,508,2023,9,23,20,2,1,2
14031,508,2023,10,23,19,3,1,7
14032,508,2023,11,21,17,2,2,5
14033,508,2023,12,23,21,1,1,5
14034,508,2024,1,20,18,2,0,1
14035,508,2024,2,20,18,2,0,3
14036,508,2024,3,20,18,0,2,1
14037,508,2024,4,22,17,3,2,5
14038,508,2024,5,23,18,3,2,6
14039,508,2024,6,23,18,4,1,0
14040,508,2024,7,21,17,4,0,4
14041,508,2024,8,20,18,0,2,1
14042,508,2024,9,23,19,4,0,6
14043,508,2024,10,20,20,0,0,4
14044,508,2024,11,22,22,0,0,5
14045,508,2024,12,23,21,2,0,6
14046,508,2025,1,22,21,1,0,7
14047,508,2025,2,21,17,3,1,0
14048,508,2025,3,20,16,4,0,8
14049,508,2025,4,22,17,3,2,2
14050,508,2025,5,20,18,0,2,8
14051,508,2025,6,22,22,0,0,6
14052,508,2025,7,21,19,1,1,8
14053,508,2025,8,22,20,2,0,4
14054,508,2025,9,20,16,2,2,1
14055,508,2025,10,20,20,0,0,4
14056,508,2025,11,23,19,3,1,3
14057,508,2025,12,21,18,2,1,2
14058,509,2025,5,22,16,4,2,1
14059,509,2025,6,23,20,2,1,2
14060,509,2025,7,22,20,1,1,4
14061,509,2025,8,20,17,1,2,6
14062,509,2025,9,22,17,4,1,7
14063,509,2025,10,20,17,2,1,3
14064,509,2025,11,20,14,4,2,3
14065,510,2024,11,22,18,2,2,8
14066,510,2024,12,21,19,0,2,0
14067,510,2025,1,20,15,3,2,1
14068,510,2025,2,21,17,4,0,7
14069,510,2025,3,23,18,4,1,8
14070,510,2025,4,23,21,1,1,7
14071,510,2025,5,23,18,3,2,0
14072,510,2025,6,23,21,1,1,8
14073,510,2025,7,20,17,2,1,4
14074,510,2025,8,23,20,1,2,7
14075,510,2025,9,22,19,1,2,4
14076,510,2025,10,21,19,0,2,1
14077,510,2025,11,20,15,4,1,8
14078,510,2025,12,21,19,1,1,1
14079,511,2023,9,20,18,1,1,0
14080,511,2023,10,22,19,2,1,0
14081,511,2023,11,23,22,0,1,8
14082,511,2023,12,21,20,1,0,5
14083,511,2024,1,21,15,4,2,2
14084,511,2024,2,23,22,0,1,4
14085,511,2024,3,20,18,1,1,2
14086,511,2024,4,21,18,2,1,7
14087,511,2024,5,23,19,4,0,8
14088,511,2024,6,22,19,3,0,6
14089,511,2024,7,20,19,1,0,6
14090,511,2024,8,21,17,3,1,5
14091,511,2024,9,23,19,4,0,6
14092,511,2024,10,21,21,0,0,7
14093,511,2024,11,20,14,4,2,3
14094,511,2024,12,23,20,3,0,3
14095,511,2025,1,23,22,1,0,3
14096,511,2025,2,22,18,2,2,6
14097,511,2025,3,22,20,1,1,1
14098,511,2025,4,21,18,2,1,8
14099,511,2025,5,20,17,3,0,8
14100,511,2025,6,22,17,3,2,4
14101,511,2025,7,22,18,2,2,5
14102,511,2025,8,23,20,3,0,3
14103,511,2025,9,23,19,4,0,8
14104,511,2025,10,21,15,4,2,3
14105,511,2025,11,22,20,2,0,8
14106,511,2025,12,22,20,1,1,3
14107,512,2022,6,23,20,3,0,4
14108,512,2022,7,21,21,0,0,0
14109,512,2022,8,22,16,4,2,1
14110,512,2022,9,21,16,3,2,6
14111,512,2022,10,22,17,4,1,3
14112,512,2022,11,23,20,2,1,8
14113,512,2022,12,20,18,1,1,6
14114,512,2023,1,23,18,4,1,6
14115,512,2023,2,23,21,0,2,4
14116,512,2023,3,20,18,2,0,6
14117,512,2023,4,20,16,2,2,3
14118,512,2023,5,20,16,4,0,3
14119,512,2023,6,22,18,3,1,7
14120,512,2023,7,22,19,3,0,1
14121,512,2023,8,21,18,3,0,6
14122,512,2023,9,22,16,4,2,0
14123,512,2023,10,21,19,2,0,1
14124,512,2023,11,20,18,1,1,6
14125,512,2023,12,21,21,0,0,6
14126,512,2024,1,22,17,3,2,8
14127,512,2024,2,22,20,2,0,1
14128,512,2024,3,20,16,3,1,3
14129,512,2024,4,21,16,3,2,5
14130,512,2024,5,20,18,2,0,6
14131,512,2024,6,22,17,3,2,5
14132,512,2024,7,23,18,4,1,0
14133,512,2024,8,20,17,3,0,5
14134,512,2024,9,20,18,2,0,3
14135,512,2024,10,20,15,3,2,7
14136,512,2024,11,21,19,1,1,3
14137,512,2024,12,23,19,4,0,8
14138,512,2025,1,21,18,1,2,4
14139,512,2025,2,23,22,0,1,7
14140,512,2025,3,20,18,2,0,1
14141,512,2025,4,20,17,3,0,1
14142,512,2025,5,22,20,0,2,0
14143,512,2025,6,21,19,0,2,0
14144,512,2025,7,20,17,1,2,8
14145,512,2025,8,21,17,2,2,4
14146,512,2025,9,22,19,1,2,7
14147,512,2025,10,23,21,1,1,6
14148,512,2025,11,22,21,1,0,1
14149,512,2025,12,22,22,0,0,4
14150,513,2025,7,22,21,1,0,8
14151,513,2025,8,22,18,2,2,6
14152,513,2025,9,21,16,3,2,7
14153,513,2025,10,22,21,1,0,0
14154,513,2025,11,21,18,3,0,7
14155,513,2025,12,20,15,4,1,2
14156,514,2023,6,20,18,2,0,4
14157,514,2023,7,23,19,4,0,1
14158,514,2023,8,22,16,4,2,2
14159,514,2023,9,20,17,1,2,2
14160,514,2023,10,23,18,4,1,0
14161,514,2023,11,23,23,0,0,3
14162,514,2023,12,21,19,0,2,3
14163,514,2024,1,22,20,2,0,3
14164,514,2024,2,23,20,3,0,2
14165,514,2024,3,20,14,4,2,6
14166,514,2024,4,20,17,1,2,4
14167,514,2024,5,20,20,0,0,6
14168,514,2024,6,23,22,1,0,2
14169,514,2024,7,22,16,4,2,2
14170,514,2024,8,20,19,1,0,2
14171,514,2024,9,23,21,2,0,6
14172,514,2024,10,23,22,1,0,2
14173,514,2024,11,22,19,3,0,6
14174,514,2024,12,23,23,0,0,5
14175,514,2025,1,22,16,4,2,1
14176,514,2025,2,20,16,2,2,3
14177,514,2025,3,22,18,3,1,8
14178,514,2025,4,21,19,2,0,8
14179,514,2025,5,20,14,4,2,0
14180,514,2025,6,20,15,3,2,1
14181,514,2025,7,23,21,1,1,4
14182,514,2025,8,21,19,2,0,1
14183,514,2025,9,23,20,1,2,5
14184,514,2025,10,21,17,4,0,2
14185,514,2025,11,20,19,0,1,3
14186,514,2025,12,23,17,4,2,6
14187,515,2025,8,23,19,4,0,4
14188,515,2025,9,21,21,0,0,0
14189,515,2025,10,21,17,3,1,6
14190,515,2025,11,20,16,2,2,3
14191,515,2025,12,20,15,3,2,8
14192,516,2023,1,21,21,0,0,8
14193,516,2023,2,21,18,2,1,5
14194,516,2023,3,22,18,4,0,3
14195,516,2023,4,21,19,1,1,5
14196,516,2023,5,22,20,2,0,2
14197,516,2023,6,21,19,0,2,4
14198,516,2023,7,21,18,3,0,3
14199,516,2023,8,20,16,4,0,4
14200,516,2023,9,20,16,2,2,2
14201,516,2023,10,22,20,0,2,0
14202,516,2023,11,21,20,1,0,4
14203,516,2023,12,21,19,1,1,2
14204,516,2024,1,21,19,2,0,7
14205,516,2024,2,22,21,0,1,2
14206,516,2024,3,21,17,4,0,6
14207,516,2024,4,21,17,3,1,0
14208,516,2024,5,20,16,2,2,4
14209,516,2024,6,22,20,0,2,4
14210,516,2024,7,23,22,1,0,0
14211,516,2024,8,20,19,1,0,5
14212,516,2024,9,21,21,0,0,8
14213,516,2024,10,22,19,2,1,4
14214,516,2024,11,20,18,0,2,3
14215,516,2024,12,23,22,1,0,4
14216,516,2025,1,23,19,3,1,2
14217,516,2025,2,21,19,2,0,1
14218,516,2025,3,20,17,3,0,4
14219,516,2025,4,23,20,2,1,4
14220,516,2025,5,22,21,1,0,5
14221,516,2025,6,23,20,1,2,6
14222,516,2025,7,22,16,4,2,1
14223,516,2025,8,22,17,3,2,0
14224,516,2025,9,21,18,3,0,6
14225,516,2025,10,23,20,3,0,4
14226,516,2025,11,21,18,1,2,7
14227,516,2025,12,22,20,0,2,7
14228,517,2023,8,22,16,4,2,2
14229,517,2023,9,23,22,0,1,3
14230,517,2023,10,23,22,0,1,5
14231,517,2023,11,21,18,2,1,8
14232,517,2023,12,22,17,3,2,4
14233,517,2024,1,21,15,4,2,5
14234,517,2024,2,22,20,0,2,1
14235,517,2024,3,22,19,2,1,3
14236,517,2024,4,21,17,3,1,3
14237,517,2024,5,22,18,4,0,6
14238,517,2024,6,21,18,2,1,6
14239,517,2024,7,21,18,2,1,6
14240,517,2024,8,23,22,0,1,8
14241,517,2024,9,22,18,3,1,3
14242,517,2024,10,20,16,2,2,1
14243,517,2024,11,21,17,4,0,3
14244,517,2024,12,22,19,2,1,8
14245,517,2025,1,21,17,4,0,1
14246,517,2025,2,22,21,1,0,7
14247,517,2025,3,23,20,2,1,2
14248,517,2025,4,20,18,1,1,2
14249,517,2025,5,20,15,4,1,7
14250,517,2025,6,23,20,3,0,4
14251,517,2025,7,20,16,3,1,3
14252,517,2025,8,21,18,2,1,2
14253,517,2025,9,23,20,3,0,5
14254,517,2025,10,20,19,0,1,5
14255,517,2025,11,20,17,1,2,6
14256,517,2025,12,20,17,3,0,7
14257,518,2023,8,21,17,3,1,4
14258,518,2023,9,23,22,0,1,6
14259,518,2023,10,22,19,1,2,4
14260,518,2023,11,23,19,2,2,3
14261,518,2023,12,20,17,3,0,2
14262,518,2024,1,22,19,3,0,7
14263,518,2024,2,23,18,3,2,3
14264,518,2024,3,20,16,2,2,4
14265,518,2024,4,20,14,4,2,8
14266,518,2024,5,23,22,1,0,5
14267,518,2024,6,20,15,3,2,7
14268,518,2024,7,23,18,3,2,5
14269,518,2024,8,20,19,1,0,7
14270,518,2024,9,21,19,0,2,0
14271,518,2024,10,22,18,2,2,1
14272,518,2024,11,22,16,4,2,3
14273,518,2024,12,23,21,0,2,1
14274,518,2025,1,22,21,0,1,6
14275,518,2025,2,20,16,4,0,0
14276,518,2025,3,20,20,0,0,6
14277,518,2025,4,22,20,0,2,7
14278,518,2025,5,21,17,2,2,3
14279,518,2025,6,21,16,3,2,1
14280,518,2025,7,23,19,4,0,1
14281,518,2025,8,23,20,2,1,0
14282,518,2025,9,20,18,1,1,7
14283,518,2025,10,21,16,3,2,7
14284,518,2025,11,21,17,3,1,2
14285,518,2025,12,20,15,3,2,0
14286,519,2024,2,22,16,4,2,8
14287,519,2024,3,20,15,4,1,8
14288,519,2024,4,22,19,1,2,0
14289,519,2024,5,22,22,0,0,4
14290,519,2024,6,22,19,3,0,4
14291,519,2024,7,21,15,4,2,6
14292,519,2024,8,21,21,0,0,6
14293,519,2024,9,20,19,0,1,8
14294,519,2024,10,23,20,1,2,4
14295,519,2024,11,21,20,1,0,4
14296,519,2024,12,23,19,4,0,3
14297,519,2025,1,20,17,2,1,1
14298,519,2025,2,23,19,2,2,0
14299,520,2022,5,20,16,2,2,3
14300,520,2022,6,21,16,3,2,7
14301,520,2022,7,21,17,4,0,3
14302,520,2022,8,21,17,3,1,4
14303,520,2022,9,20,14,4,2,0
14304,520,2022,10,22,19,3,0,7
14305,520,2022,11,22,21,1,0,4
14306,520,2022,12,21,19,2,0,2
14307,520,2023,1,22,22,0,0,6
14308,520,2023,2,20,15,4,1,7
14309,520,2023,3,21,18,3,0,1
14310,520,2023,4,20,16,3,1,7
14311,520,2023,5,21,16,4,1,8
14312,520,2023,6,22,17,3,2,3
14313,520,2023,7,20,17,1,2,1
14314,520,2023,8,23,22,1,0,5
14315,520,2023,9,23,20,3,0,5
14316,520,2023,10,22,21,1,0,4
14317,520,2023,11,21,17,4,0,3
14318,520,2023,12,21,16,3,2,0
14319,520,2024,1,21,18,3,0,4
14320,520,2024,2,22,18,3,1,6
14321,520,2024,3,20,17,2,1,8
14322,520,2024,4,21,17,4,0,2
14323,520,2024,5,22,20,1,1,8
14324,520,2024,6,22,18,2,2,5
14325,520,2024,7,22,21,0,1,6
14326,520,2024,8,23,22,0,1,7
14327,520,2024,9,22,20,1,1,0
14328,520,2024,10,21,20,1,0,0
14329,520,2024,11,20,15,4,1,1
14330,520,2024,12,22,20,0,2,1
14331,520,2025,1,21,19,1,1,6
14332,520,2025,2,21,18,2,1,5
14333,520,2025,3,22,17,4,1,8
14334,520,2025,4,22,17,3,2,0
14335,520,2025,5,21,20,0,1,3
14336,520,2025,6,22,20,2,0,2
14337,520,2025,7,21,21,0,0,0
14338,520,2025,8,20,14,4,2,7
14339,520,2025,9,20,16,2,2,8
14340,520,2025,10,23,21,1,1,3
14341,520,2025,11,23,21,2,0,3
14342,520,2025,12,21,17,4,0,1
14343,521,2021,5,22,16,4,2,2
14344,521,2021,6,21,16,4,1,2
14345,521,2021,7,21,17,4,0,1
14346,521,2021,8,22,16,4,2,7
14347,521,2021,9,23,20,2,1,3
14348,521,2021,10,22,19,3,0,3
14349,521,2021,11,21,21,0,0,1
14350,521,2021,12,20,18,2,0,0
14351,521,2022,1,22,18,4,0,5
14352,521,2022,2,21,15,4,2,3
14353,521,2022,3,23,18,3,2,8
14354,521,2022,4,20,16,4,0,0
14355,521,2022,5,20,15,3,2,0
14356,521,2022,6,22,18,2,2,7
14357,521,2022,7,20,17,3,0,0
14358,521,2022,8,23,19,4,0,4
14359,521,2022,9,20,16,2,2,4
14360,521,2022,10,23,20,2,1,8
14361,521,2022,11,22,19,3,0,3
14362,521,2022,12,21,21,0,0,5
14363,521,2023,1,22,19,1,2,2
14364,521,2023,2,21,20,1,0,4
14365,521,2023,3,22,18,2,2,5
14366,521,2023,4,20,19,1,0,1
14367,521,2023,5,22,20,0,2,2
14368,521,2023,6,20,15,4,1,7
14369,521,2023,7,23,20,2,1,8
14370,521,2023,8,21,17,2,2,0
14371,521,2023,9,21,15,4,2,3
14372,521,2023,10,22,20,1,1,1
14373,521,2023,11,20,16,4,0,6
14374,521,2023,12,22,19,2,1,5
14375,521,2024,1,20,18,1,1,2
14376,521,2024,2,21,20,1,0,3
14377,521,2024,3,20,16,3,1,6
14378,521,2024,4,21,16,4,1,1
14379,521,2024,5,20,15,3,2,4
14380,521,2024,6,21,17,4,0,1
14381,521,2024,7,20,19,1,0,7
14382,521,2024,8,23,19,4,0,2
14383,521,2024,9,22,16,4,2,3
14384,521,2024,10,21,18,3,0,6
14385,521,2024,11,20,15,4,1,6
14386,521,2024,12,20,15,3,2,3
14387,521,2025,1,20,20,0,0,3
14388,521,2025,2,21,19,1,1,4
14389,521,2025,3,20,20,0,0,7
14390,521,2025,4,22,17,3,2,3
14391,521,2025,5,23,17,4,2,7
14392,521,2025,6,22,21,0,1,7
14393,521,2025,7,23,20,2,1,7
14394,521,2025,8,21,17,2,2,5
14395,521,2025,9,21,21,0,0,7
14396,521,2025,10,21,17,4,0,1
14397,521,2025,11,21,21,0,0,1
14398,521,2025,12,23,22,0,1,6
14399,522,2021,3,21,18,2,1,7
14400,522,2021,4,22,16,4,2,6
14401,522,2021,5,22,21,0,1,5
14402,522,2021,6,22,16,4,2,8
14403,522,2021,7,20,14,4,2,6
14404,522,2021,8,22,22,0,0,1
14405,522,2021,9,23,19,3,1,7
14406,522,2021,10,21,17,3,1,7
14407,522,2021,11,20,17,1,2,6
14408,522,2021,12,23,20,1,2,5
14409,522,2022,1,23,18,4,1,7
14410,522,2022,2,23,18,4,1,6
14411,522,2022,3,22,18,4,0,1
14412,522,2022,4,23,19,3,1,3
14413,522,2022,5,21,18,3,0,0
14414,522,2022,6,23,20,1,2,3
14415,522,2022,7,22,19,3,0,8
14416,522,2022,8,21,17,3,1,7
14417,522,2022,9,22,18,3,1,1
14418,522,2022,10,21,16,3,2,1
14419,522,2022,11,23,23,0,0,2
14420,522,2022,12,23,18,4,1,0
14421,522,2023,1,21,16,3,2,4
14422,522,2023,2,22,17,4,1,7
14423,522,2023,3,21,15,4,2,3
14424,522,2023,4,22,18,4,0,6
14425,522,2023,5,20,16,4,0,3
14426,522,2023,6,21,16,3,2,4
14427,522,2023,7,21,20,0,1,3
14428,522,2023,8,20,15,4,1,6
14429,522,2023,9,20,17,2,1,1
14430,522,2023,10,22,19,1,2,8
14431,522,2023,11,23,21,0,2,4
14432,522,2023,12,21,19,1,1,1
14433,522,2024,1,23,18,3,2,3
14434,522,2024,2,20,18,0,2,1
14435,522,2024,3,20,14,4,2,3
14436,522,2024,4,23,21,2,0,4
14437,522,2024,5,23,20,3,0,1
14438,522,2024,6,20,18,0,2,6
14439,522,2024,7,22,20,1,1,8
14440,522,2024,8,21,16,4,1,6
14441,522,2024,9,22,20,0,2,1
14442,522,2024,10,23,19,3,1,3
14443,522,2024,11,23,19,4,0,1
14444,522,2024,12,21,19,0,2,8
14445,522,2025,1,20,19,0,1,0
14446,522,2025,2,23,19,3,1,8
14447,522,2025,3,20,17,3,0,4
14448,522,2025,4,22,17,4,1,8
14449,522,2025,5,21,18,2,1,6
14450,522,2025,6,21,17,4,0,0
14451,522,2025,7,21,20,0,1,4
14452,522,2025,8,21,17,2,2,3
14453,522,2025,9,21,21,0,0,7
14454,522,2025,10,22,21,1,0,7
14455,522,2025,11,22,18,4,0,1
14456,522,2025,12,20,16,4,0,2
14457,523,2025,7,20,16,2,2,3
14458,523,2025,8,22,21,1,0,5
14459,523,2025,9,22,18,4,0,6
14460,523,2025,10,23,20,3,0,2
14461,523,2025,11,22,18,2,2,7
14462,523,2025,12,23,18,3,2,2
14463,524,2021,10,20,14,4,2,0
14464,524,2021,11,23,19,4,0,6
14465,524,2021,12,20,19,0,1,2
14466,524,2022,1,22,21,0,1,4
14467,524,2022,2,21,18,2,1,7
14468,524,2022,3,23,18,4,1,7
14469,524,2022,4,20,16,4,0,6
14470,524,2022,5,23,20,1,2,4
14471,524,2022,6,22,20,1,1,1
14472,524,2022,7,21,19,1,1,8
14473,524,2022,8,23,20,1,2,2
14474,524,2022,9,20,16,3,1,0
14475,524,2022,10,22,18,3,1,2
14476,524,2022,11,22,17,3,2,5
14477,524,2022,12,22,18,3,1,6
14478,524,2023,1,22,20,1,1,3
14479,524,2023,2,20,18,0,2,5
14480,524,2023,3,23,20,1,2,3
14481,524,2023,4,20,17,2,1,0
14482,524,2023,5,21,21,0,0,6
14483,524,2023,6,20,17,1,2,3
14484,524,2023,7,22,20,1,1,4
14485,524,2023,8,23,23,0,0,7
14486,524,2023,9,20,16,3,1,3
14487,524,2023,10,20,14,4,2,0
14488,524,2023,11,23,20,2,1,5
14489,524,2023,12,22,20,0,2,1
14490,524,2024,1,23,20,2,1,2
14491,524,2024,2,23,20,3,0,6
14492,524,2024,3,21,20,1,0,3
14493,524,2024,4,21,18,2,1,6
14494,524,2024,5,22,21,1,0,5
14495,524,2024,6,22,16,4,2,8
14496,524,2024,7,20,15,4,1,6
14497,524,2024,8,22,19,2,1,4
14498,524,2024,9,22,21,1,0,2
14499,524,2024,10,21,21,0,0,4
14500,524,2024,11,21,17,4,0,4
14501,524,2024,12,22,18,4,0,3
14502,524,2025,1,23,20,2,1,5
14503,524,2025,2,23,20,1,2,7
14504,524,2025,3,20,18,2,0,7
14505,524,2025,4,21,16,4,1,7
14506,524,2025,5,23,21,0,2,7
14507,524,2025,6,23,19,3,1,5
14508,524,2025,7,21,21,0,0,7
14509,524,2025,8,22,16,4,2,1
14510,524,2025,9,22,19,1,2,0
14511,524,2025,10,23,21,1,1,0
14512,524,2025,11,21,18,2,1,0
14513,524,2025,12,21,18,3,0,2
14514,525,2021,8,23,19,3,1,7
14515,525,2021,9,22,21,1,0,6
14516,525,2021,10,21,15,4,2,2
14517,525,2021,11,20,15,4,1,2
14518,525,2021,12,23,17,4,2,1
14519,525,2022,1,22,19,1,2,7
14520,525,2022,2,20,19,1,0,4
14521,525,2022,3,21,19,1,1,4
14522,525,2022,4,23,19,2,2,1
14523,525,2022,5,22,19,1,2,3
14524,525,2022,6,22,16,4,2,4
14525,525,2022,7,21,16,4,1,1
14526,525,2022,8,20,17,2,1,8
14527,525,2022,9,21,20,0,1,6
14528,525,2022,10,21,16,4,1,7
14529,525,2022,11,21,20,0,1,1
14530,525,2022,12,21,19,0,2,8
14531,525,2023,1,21,17,3,1,1
14532,525,2023,2,21,17,3,1,2
14533,525,2023,3,21,17,2,2,4
14534,525,2023,4,20,17,3,0,0
14535,525,2023,5,23,20,3,0,4
14536,525,2023,6,22,21,1,0,4
14537,525,2023,7,23,21,0,2,1
14538,525,2023,8,22,21,1,0,5
14539,525,2023,9,23,22,0,1,0
14540,525,2023,10,20,15,3,2,5
14541,525,2023,11,22,21,1,0,3
14542,525,2023,12,22,22,0,0,7
14543,525,2024,1,20,15,3,2,0
14544,525,2024,2,20,17,1,2,8
14545,525,2024,3,21,15,4,2,1
14546,525,2024,4,20,16,4,0,2
14547,525,2024,5,20,20,0,0,7
14548,525,2024,6,21,18,1,2,4
14549,525,2024,7,20,15,4,1,8
14550,525,2024,8,21,20,1,0,1
14551,525,2024,9,23,21,0,2,1
14552,525,2024,10,22,19,2,1,1
14553,525,2024,11,21,19,1,1,8
14554,525,2024,12,21,18,3,0,8
14555,525,2025,1,21,19,1,1,8
14556,525,2025,2,23,22,1,0,6
14557,525,2025,3,21,20,1,0,6
14558,525,2025,4,23,22,1,0,1
14559,525,2025,5,20,18,2,0,0
14560,525,2025,6,21,17,2,2,1
14561,525,2025,7,22,16,4,2,2
14562,525,2025,8,22,17,3,2,6
14563,525,2025,9,20,19,0,1,4
14564,525,2025,10,22,18,4,0,7
14565,525,2025,11,23,21,1,1,1
14566,525,2025,12,22,19,3,0,8
14567,526,2025,8,23,23,0,0,5
14568,526,2025,9,23,20,1,2,2
14569,526,2025,10,21,19,2,0,6
14570,527,2024,12,20,19,0,1,4
14571,527,2025,1,23,19,4,0,0
14572,527,2025,2,22,18,4,0,5
14573,527,2025,3,23,18,4,1,7
14574,527,2025,4,23,19,2,2,2
14575,527,2025,5,21,17,2,2,0
14576,527,2025,6,23,21,0,2,4
14577,527,2025,7,22,18,2,2,4
14578,527,2025,8,23,19,4,0,2
14579,527,2025,9,22,21,1,0,2
14580,527,2025,10,20,16,3,1,3
14581,528,2024,11,23,21,2,0,5
14582,528,2024,12,23,20,2,1,0
14583,528,2025,1,22,19,1,2,4
14584,528,2025,2,22,16,4,2,4
14585,528,2025,3,20,16,2,2,2
14586,528,2025,4,22,22,0,0,0
14587,528,2025,5,22,19,2,1,4
14588,528,2025,6,22,21,0,1,8
14589,528,2025,7,20,20,0,0,3
14590,528,2025,8,21,19,2,0,3
14591,528,2025,9,22,19,1,2,4
14592,528,2025,10,21,18,3,0,6
14593,528,2025,11,22,20,2,0,6
14594,528,2025,12,21,17,3,1,6
14595,529,2025,7,21,18,1,2,1
14596,529,2025,8,20,20,0,0,4
14597,529,2025,9,21,19,1,1,6
14598,529,2025,10,22,21,1,0,3
14599,529,2025,11,21,18,2,1,5
14600,529,2025,12,23,20,3,0,4
14601,530,2023,3,23,23,0,0,4
14602,530,2023,4,23,23,0,0,4
14603,530,2023,5,21,18,1,2,7
14604,530,2023,6,20,15,3,2,5
14605,530,2023,7,23,19,2,2,2
14606,530,2023,8,21,19,0,2,5
14607,530,2023,9,20,17,1,2,3
14608,530,2023,10,23,23,0,0,8
14609,530,2023,11,20,15,3,2,4
14610,530,2023,12,22,22,0,0,5
14611,530,2024,1,23,19,3,1,5
14612,530,2024,2,23,19,2,2,4
14613,530,2024,3,22,20,1,1,0
14614,530,2024,4,21,19,1,1,7
14615,530,2024,5,23,22,0,1,2
14616,530,2024,6,20,18,0,2,0
14617,530,2024,7,21,20,0,1,6
14618,530,2024,8,22,19,3,0,3
14619,530,2024,9,23,23,0,0,6
14620,530,2024,10,23,18,4,1,0
14621,530,2024,11,20,16,4,0,8
14622,530,2024,12,20,16,4,0,7
14623,530,2025,1,23,20,1,2,4
14624,530,2025,2,23,21,0,2,4
14625,530,2025,3,23,18,4,1,5
14626,530,2025,4,21,17,2,2,3
14627,530,2025,5,20,14,4,2,4
14628,530,2025,6,20,15,3,2,4
14629,530,2025,7,23,22,0,1,1
14630,530,2025,8,23,17,4,2,2
14631,530,2025,9,21,16,4,1,6
14632,530,2025,10,20,19,0,1,8
14633,530,2025,11,23,19,3,1,3
14634,530,2025,12,21,20,1,0,2
14635,531,2021,11,22,19,3,0,5
14636,531,2021,12,23,18,3,2,6
14637,531,2022,1,22,19,1,2,1
14638,531,2022,2,23,18,4,1,5
14639,532,2021,6,20,19,1,0,6
14640,532,2021,7,21,18,1,2,5
14641,532,2021,8,23,18,3,2,8
14642,532,2021,9,20,15,4,1,5
14643,532,2021,10,22,16,4,2,0
14644,532,2021,11,20,16,2,2,0
14645,532,2021,12,23,21,0,2,1
14646,532,2022,1,22,19,2,1,3
14647,532,2022,2,22,18,4,0,0
14648,532,2022,3,21,19,1,1,3
14649,532,2022,4,20,19,1,0,4
14650,532,2022,5,23,18,3,2,8
14651,532,2022,6,21,17,3,1,0
14652,532,2022,7,20,18,0,2,4
14653,532,2022,8,22,18,3,1,8
14654,532,2022,9,22,22,0,0,1
14655,532,2022,10,23,18,3,2,4
14656,532,2022,11,22,19,2,1,3
14657,532,2022,12,22,18,3,1,7
14658,532,2023,1,23,21,1,1,3
14659,532,2023,2,20,15,3,2,3
14660,532,2023,3,21,20,1,0,4
14661,532,2023,4,22,21,0,1,5
14662,532,2023,5,20,16,4,0,5
14663,532,2023,6,23,18,4,1,1
14664,532,2023,7,23,22,0,1,1
14665,532,2023,8,21,19,0,2,5
14666,532,2023,9,23,21,0,2,2
14667,532,2023,10,21,17,3,1,4
14668,532,2023,11,22,19,3,0,3
14669,532,2023,12,21,19,0,2,0
14670,532,2024,1,23,20,2,1,0
14671,532,2024,2,20,19,1,0,0
14672,532,2024,3,23,22,1,0,1
14673,532,2024,4,23,21,1,1,0
14674,532,2024,5,23,21,2,0,8
14675,532,2024,6,20,16,3,1,7
14676,532,2024,7,21,18,3,0,0
14677,532,2024,8,20,15,3,2,3
14678,532,2024,9,23,18,4,1,7
14679,532,2024,10,22,21,0,1,5
14680,532,2024,11,23,18,3,2,5
14681,532,2024,12,21,16,3,2,8
14682,532,2025,1,21,18,2,1,5
14683,532,2025,2,21,18,1,2,8
14684,532,2025,3,23,22,0,1,7
14685,532,2025,4,23,21,2,0,3
14686,532,2025,5,21,18,2,1,2
14687,532,2025,6,23,21,2,0,3
14688,532,2025,7,21,17,4,0,5
14689,532,2025,8,22,17,4,1,8
14690,532,2025,9,21,17,4,0,1
14691,532,2025,10,22,18,4,0,0
14692,532,2025,11,22,18,4,0,4
14693,532,2025,12,23,21,1,1,8
14694,533,2022,12,21,16,3,2,3
14695,533,2023,1,20,16,4,0,4
14696,533,2023,2,20,18,2,0,5
14697,533,2023,3,23,20,3,0,3
14698,533,2023,4,21,17,4,0,5
14699,533,2023,5,21,17,2,2,6
14700,533,2023,6,20,19,0,1,8
14701,533,2023,7,22,18,4,0,4
14702,533,2023,8,23,20,1,2,8
14703,533,2023,9,21,18,3,0,2
14704,533,2023,10,21,17,2,2,8
14705,533,2023,11,23,18,3,2,4
14706,533,2023,12,22,21,0,1,6
14707,533,2024,1,21,17,2,2,4
14708,533,2024,2,20,18,1,1,5
14709,533,2024,3,20,16,3,1,6
14710,533,2024,4,22,19,1,2,7
14711,533,2024,5,23,20,2,1,1
14712,533,2024,6,22,19,1,2,1
14713,533,2024,7,21,19,2,0,1
14714,533,2024,8,22,21,0,1,8
14715,533,2024,9,22,21,0,1,2
14716,533,2024,10,23,18,3,2,2
14717,533,2024,11,22,19,3,0,6
14718,533,2024,12,21,18,2,1,1
14719,533,2025,1,22,18,2,2,0
14720,534,2021,6,20,15,3,2,7
14721,534,2021,7,22,18,2,2,1
14722,534,2021,8,22,18,4,0,4
14723,534,2021,9,21,18,1,2,2
14724,534,2021,10,20,19,1,0,6
14725,534,2021,11,23,21,1,1,3
14726,534,2021,12,23,21,1,1,7
14727,534,2022,1,22,18,4,0,4
14728,534,2022,2,23,19,2,2,2
14729,534,2022,3,23,20,3,0,4
14730,534,2022,4,22,18,4,0,7
14731,534,2022,5,23,21,1,1,5
14732,534,2022,6,20,16,3,1,0
14733,534,2022,7,20,17,2,1,6
14734,534,2022,8,22,19,1,2,0
14735,534,2022,9,23,22,0,1,2
14736,534,2022,10,23,21,2,0,8
14737,534,2022,11,23,21,1,1,4
14738,534,2022,12,23,20,2,1,2
14739,534,2023,1,22,18,4,0,6
14740,534,2023,2,21,17,3,1,0
14741,534,2023,3,22,19,3,0,3
14742,534,2023,4,21,17,4,0,8
14743,534,2023,5,23,18,4,1,3
14744,534,2023,6,23,23,0,0,6
14745,534,2023,7,22,16,4,2,5
14746,534,2023,8,23,19,2,2,5
14747,534,2023,9,20,17,2,1,2
14748,534,2023,10,20,19,0,1,3
14749,534,2023,11,22,20,0,2,2
14750,534,2023,12,22,17,3,2,2
14751,534,2024,1,20,16,4,0,7
14752,534,2024,2,21,18,2,1,4
14753,534,2024,3,21,21,0,0,2
14754,534,2024,4,22,19,3,0,7
14755,534,2024,5,23,22,1,0,0
14756,534,2024,6,22,18,2,2,6
14757,534,2024,7,23,19,2,2,3
14758,534,2024,8,22,18,3,1,2
14759,534,2024,9,21,17,2,2,3
14760,534,2024,10,22,18,2,2,1
14761,534,2024,11,21,19,1,1,1
14762,534,2024,12,23,20,2,1,5
14763,534,2025,1,23,20,3,0,4
14764,534,2025,2,23,22,1,0,5
14765,534,2025,3,22,19,2,1,2
14766,534,2025,4,21,18,3,0,6
14767,534,2025,5,23,20,1,2,2
14768,534,2025,6,22,19,1,2,2
14769,534,2025,7,22,18,3,1,2
14770,534,2025,8,22,19,2,1,1
14771,534,2025,9,20,18,0,2,6
14772,534,2025,10,22,18,3,1,8
14773,534,2025,11,20,19,1,0,7
14774,534,2025,12,20,15,4,1,6
14775,535,2022,3,22,18,4,0,7
14776,535,2022,4,21,21,0,0,4
14777,535,2022,5,20,16,3,1,0
14778,535,2022,6,23,23,0,0,5
14779,535,2022,7,20,14,4,2,6
14780,535,2022,8,23,19,4,0,5
14781,535,2022,9,23,23,0,0,7
14782,535,2022,10,20,16,4,0,2
14783,535,2022,11,20,18,1,1,7
14784,535,2022,12,22,22,0,0,6
14785,535,2023,1,22,19,3,0,2
14786,535,2023,2,22,21,1,0,3
14787,535,2023,3,23,21,1,1,7
14788,535,2023,4,21,18,2,1,6
14789,535,2023,5,20,16,2,2,6
14790,535,2023,6,23,17,4,2,2
14791,535,2023,7,22,16,4,2,5
14792,535,2023,8,20,15,3,2,5
14793,535,2023,9,22,17,3,2,8
14794,535,2023,10,20,17,3,0,8
14795,535,2023,11,22,22,0,0,2
14796,535,2023,12,22,18,4,0,3
14797,535,2024,1,23,22,0,1,7
14798,535,2024,2,21,18,3,0,2
14799,535,2024,3,20,18,0,2,5
14800,535,2024,4,21,20,0,1,5
14801,535,2024,5,22,19,2,1,3
14802,535,2024,6,23,18,4,1,5
14803,535,2024,7,20,18,2,0,3
14804,535,2024,8,22,21,1,0,0
14805,535,2024,9,22,19,1,2,5
14806,535,2024,10,22,21,1,0,1
14807,535,2024,11,21,19,1,1,5
14808,535,2024,12,20,14,4,2,1
14809,535,2025,1,23,23,0,0,2
14810,535,2025,2,20,18,1,1,5
14811,535,2025,3,21,19,1,1,1
14812,535,2025,4,22,20,1,1,2
14813,535,2025,5,20,16,4,0,0
14814,535,2025,6,20,16,4,0,2
14815,535,2025,7,20,18,0,2,0
14816,535,2025,8,22,18,4,0,8
14817,535,2025,9,22,20,0,2,3
14818,535,2025,10,23,20,3,0,4
14819,535,2025,11,21,16,3,2,6
14820,535,2025,12,20,17,1,2,0
14821,536,2025,4,20,17,2,1,1
14822,536,2025,5,22,21,0,1,1
14823,536,2025,6,22,20,2,0,7
14824,536,2025,7,21,18,2,1,8
14825,536,2025,8,22,21,1,0,7
14826,536,2025,9,21,16,4,1,8
14827,536,2025,10,22,21,1,0,4
14828,536,2025,11,21,19,2,0,8
14829,536,2025,12,23,21,0,2,7
14830,537,2021,1,21,16,3,2,8
14831,537,2021,2,20,16,4,0,6
14832,537,2021,3,21,20,1,0,3
14833,537,2021,4,22,22,0,0,8
14834,537,2021,5,20,18,2,0,2
14835,537,2021,6,22,18,2,2,7
14836,537,2021,7,23,19,2,2,2
14837,537,2021,8,21,19,0,2,2
14838,537,2021,9,23,19,2,2,6
14839,537,2021,10,23,21,2,0,5
14840,537,2021,11,22,19,1,2,6
14841,537,2021,12,22,20,1,1,5
14842,537,2022,1,23,19,4,0,4
14843,537,2022,2,20,19,1,0,3
14844,537,2022,3,22,18,4,0,7
14845,537,2022,4,21,16,4,1,7
14846,537,2022,5,22,18,3,1,3
14847,537,2022,6,22,20,0,2,7
14848,537,2022,7,21,19,0,2,5
14849,537,2022,8,23,20,1,2,5
14850,537,2022,9,20,16,4,0,2
14851,537,2022,10,23,20,2,1,0
14852,537,2022,11,21,17,3,1,1
14853,537,2022,12,21,18,2,1,0
14854,537,2023,1,22,19,2,1,8
14855,537,2023,2,21,21,0,0,0
14856,537,2023,3,22,19,2,1,5
14857,537,2023,4,22,20,1,1,2
14858,537,2023,5,21,18,1,2,8
14859,537,2023,6,22,22,0,0,4
14860,537,2023,7,22,20,0,2,7
14861,537,2023,8,21,16,4,1,2
14862,537,2023,9,20,15,3,2,5
14863,537,2023,10,20,17,1,2,5
14864,537,2023,11,20,19,0,1,4
14865,537,2023,12,21,16,3,2,0
14866,537,2024,1,23,18,3,2,1
14867,537,2024,2,23,20,3,0,6
14868,537,2024,3,22,18,2,2,3
14869,537,2024,4,20,17,3,0,8
14870,537,2024,5,20,15,3,2,4
14871,537,2024,6,21,16,4,1,7
14872,537,2024,7,23,18,4,1,5
14873,537,2024,8,21,21,0,0,1
14874,537,2024,9,23,17,4,2,5
14875,537,2024,10,20,15,3,2,1
14876,537,2024,11,20,14,4,2,5
14877,537,2024,12,22,18,3,1,0
14878,537,2025,1,23,23,0,0,3
14879,537,2025,2,20,14,4,2,4
14880,537,2025,3,22,20,1,1,3
14881,537,2025,4,23,19,2,2,5
14882,537,2025,5,23,20,3,0,0
14883,537,2025,6,20,17,3,0,8
14884,537,2025,7,23,20,3,0,4
14885,537,2025,8,21,20,1,0,6
14886,537,2025,9,21,15,4,2,8
14887,537,2025,10,23,17,4,2,3
14888,537,2025,11,23,20,3,0,5
14889,537,2025,12,21,16,3,2,2
14890,538,2022,1,22,16,4,2,6
14891,538,2022,2,23,21,0,2,7
14892,538,2022,3,20,17,2,1,7
14893,538,2022,4,21,18,2,1,1
14894,538,2022,5,22,21,1,0,8
14895,538,2022,6,21,17,2,2,4
14896,538,2022,7,20,20,0,0,8
14897,538,2022,8,21,16,4,1,7
14898,538,2022,9,20,17,3,0,7
14899,538,2022,10,21,18,3,0,4
14900,538,2022,11,20,16,4,0,8
14901,538,2022,12,20,16,4,0,3
14902,538,2023,1,22,20,0,2,1
14903,538,2023,2,23,19,3,1,2
14904,538,2023,3,23,18,3,2,8
14905,538,2023,4,20,17,3,0,2
14906,538,2023,5,23,19,2,2,7
14907,538,2023,6,20,14,4,2,5
14908,538,2023,7,22,22,0,0,7
14909,538,2023,8,21,15,4,2,6
14910,538,2023,9,21,16,4,1,8
14911,538,2023,10,22,19,3,0,5
14912,538,2023,11,20,18,2,0,6
14913,538,2023,12,23,19,4,0,1
14914,538,2024,1,23,19,2,2,6
14915,538,2024,2,22,21,1,0,4
14916,538,2024,3,23,20,3,0,0
14917,538,2024,4,20,16,4,0,0
14918,538,2024,5,20,16,3,1,6
14919,538,2024,6,21,15,4,2,5
14920,538,2024,7,20,18,0,2,3
14921,538,2024,8,22,20,0,2,5
14922,539,2023,6,20,20,0,0,2
14923,539,2023,7,21,21,0,0,0
14924,539,2023,8,22,21,1,0,3
14925,539,2023,9,22,20,0,2,1
14926,539,2023,10,21,21,0,0,1
14927,539,2023,11,22,16,4,2,8
14928,539,2023,12,21,17,4,0,5
14929,539,2024,1,22,19,1,2,8
14930,539,2024,2,20,20,0,0,2
14931,539,2024,3,21,20,0,1,3
14932,539,2024,4,21,18,2,1,6
14933,539,2024,5,21,20,0,1,6
14934,539,2024,6,23,18,3,2,6
14935,539,2024,7,22,18,4,0,4
14936,539,2024,8,21,20,1,0,4
14937,539,2024,9,20,17,3,0,0
14938,539,2024,10,21,17,3,1,6
14939,539,2024,11,23,18,4,1,3
14940,539,2024,12,21,16,3,2,0
14941,539,2025,1,22,19,2,1,3
14942,539,2025,2,20,17,3,0,1
14943,539,2025,3,20,16,4,0,2
14944,540,2021,6,20,14,4,2,8
14945,540,2021,7,20,17,3,0,7
14946,540,2021,8,21,19,2,0,4
14947,540,2021,9,22,22,0,0,4
14948,540,2021,10,22,20,2,0,2
14949,540,2021,11,22,21,0,1,4
14950,540,2021,12,21,18,2,1,8
14951,540,2022,1,20,18,0,2,2
14952,540,2022,2,21,16,3,2,2
14953,540,2022,3,23,21,1,1,5
14954,540,2022,4,23,20,1,2,2
14955,540,2022,5,20,19,0,1,6
14956,540,2022,6,21,20,1,0,7
14957,540,2022,7,21,19,2,0,2
14958,540,2022,8,21,18,1,2,5
14959,540,2022,9,20,18,0,2,6
14960,540,2022,10,22,18,2,2,1
14961,540,2022,11,23,20,2,1,5
14962,540,2022,12,23,20,3,0,7
14963,540,2023,1,23,17,4,2,7
14964,540,2023,2,21,21,0,0,6
14965,540,2023,3,22,16,4,2,1
14966,540,2023,4,20,20,0,0,1
14967,540,2023,5,22,18,4,0,8
14968,540,2023,6,21,18,1,2,6
14969,540,2023,7,20,17,2,1,6
14970,540,2023,8,21,19,1,1,0
14971,540,2023,9,22,18,2,2,5
14972,540,2023,10,20,15,3,2,0
14973,540,2023,11,23,21,2,0,4
14974,540,2023,12,20,17,3,0,2
14975,540,2024,1,23,22,1,0,7
14976,540,2024,2,23,22,0,1,4
14977,540,2024,3,20,14,4,2,8
14978,540,2024,4,20,18,1,1,1
14979,540,2024,5,23,22,0,1,2
14980,540,2024,6,20,16,2,2,8
14981,540,2024,7,20,16,4,0,5
14982,540,2024,8,21,20,1,0,6
14983,540,2024,9,22,22,0,0,3
14984,540,2024,10,23,18,4,1,2
14985,540,2024,11,22,21,0,1,8
14986,540,2024,12,21,17,3,1,0
14987,540,2025,1,21,18,2,1,4
14988,540,2025,2,22,21,0,1,5
14989,540,2025,3,22,22,0,0,2
14990,540,2025,4,20,19,1,0,7
14991,540,2025,5,20,17,2,1,0
14992,540,2025,6,23,23,0,0,8
14993,540,2025,7,23,17,4,2,1
14994,540,2025,8,21,17,2,2,7
14995,540,2025,9,20,17,3,0,7
14996,540,2025,10,21,15,4,2,4
14997,540,2025,11,20,18,0,2,8
14998,540,2025,12,22,22,0,0,1
14999,541,2023,8,20,18,1,1,7
15000,541,2023,9,21,17,3,1,2
15001,541,2023,10,23,19,2,2,1
15002,541,2023,11,21,19,0,2,3
15003,541,2023,12,23,20,2,1,0
15004,541,2024,1,21,17,3,1,1
15005,541,2024,2,23,19,4,0,1
15006,541,2024,3,20,14,4,2,4
15007,541,2024,4,20,18,2,0,0
15008,541,2024,5,21,19,2,0,3
15009,541,2024,6,21,21,0,0,7
15010,541,2024,7,20,14,4,2,0
15011,541,2024,8,20,16,4,0,2
15012,541,2024,9,23,19,4,0,1
15013,541,2024,10,21,18,3,0,0
15014,541,2024,11,22,18,3,1,2
15015,541,2024,12,22,16,4,2,1
15016,541,2025,1,21,19,1,1,8
15017,541,2025,2,22,20,0,2,7
15018,541,2025,3,20,18,2,0,5
15019,541,2025,4,21,18,2,1,1
15020,541,2025,5,22,17,3,2,7
15021,541,2025,6,21,16,3,2,3
15022,541,2025,7,21,19,0,2,2
15023,541,2025,8,22,21,0,1,3
15024,541,2025,9,20,19,0,1,2
15025,541,2025,10,23,20,3,0,5
15026,541,2025,11,23,23,0,0,3
15027,541,2025,12,21,20,0,1,8
15028,542,2025,7,21,18,2,1,8
15029,542,2025,8,20,14,4,2,4
15030,542,2025,9,22,19,3,0,1
15031,542,2025,10,21,19,2,0,4
15032,542,2025,11,21,16,4,1,3
15033,542,2025,12,22,21,1,0,8
15034,543,2023,5,21,17,4,0,5
15035,543,2023,6,22,16,4,2,4
15036,543,2023,7,22,18,2,2,5
15037,543,2023,8,23,21,1,1,8
15038,543,2023,9,21,20,1,0,4
15039,543,2023,10,23,21,0,2,4
15040,544,2025,3,23,17,4,2,7
15041,544,2025,4,20,16,3,1,4
15042,544,2025,5,23,21,2,0,7
15043,544,2025,6,22,19,1,2,3
15044,544,2025,7,22,20,1,1,1
15045,544,2025,8,20,19,1,0,6
15046,544,2025,9,21,15,4,2,8
15047,544,2025,10,20,18,1,1,2
15048,545,2023,4,22,21,0,1,7
15049,545,2023,5,20,14,4,2,3
15050,545,2023,6,23,19,4,0,0
15051,545,2023,7,20,17,2,1,3
15052,545,2023,8,22,17,3,2,1
15053,545,2023,9,23,19,4,0,4
15054,545,2023,10,21,19,2,0,1
15055,545,2023,11,23,19,4,0,0
15056,545,2023,12,20,16,2,2,6
15057,545,2024,1,20,19,1,0,3
15058,545,2024,2,21,19,2,0,5
15059,545,2024,3,22,19,1,2,3
15060,545,2024,4,22,18,2,2,8
15061,545,2024,5,22,20,0,2,4
15062,545,2024,6,20,20,0,0,4
15063,545,2024,7,23,19,3,1,5
15064,545,2024,8,21,19,0,2,1
15065,545,2024,9,20,18,1,1,5
15066,545,2024,10,23,19,4,0,6
15067,545,2024,11,22,21,0,1,4
15068,545,2024,12,20,16,2,2,1
15069,545,2025,1,20,15,3,2,1
15070,545,2025,2,20,14,4,2,4
15071,545,2025,3,23,21,2,0,4
15072,545,2025,4,21,19,2,0,1
15073,545,2025,5,22,19,1,2,5
15074,545,2025,6,21,16,3,2,0
15075,545,2025,7,23,18,3,2,2
15076,545,2025,8,23,19,4,0,1
15077,545,2025,9,23,18,4,1,1
15078,545,2025,10,22,16,4,2,6
15079,545,2025,11,22,18,4,0,6
15080,545,2025,12,20,17,2,1,3
15081,546,2023,3,21,17,2,2,1
15082,546,2023,4,21,17,4,0,7
15083,546,2023,5,22,18,2,2,3
15084,546,2023,6,20,19,0,1,2
15085,546,2023,7,23,22,1,0,1
15086,546,2023,8,20,17,1,2,7
15087,546,2023,9,21,19,0,2,2
15088,546,2023,10,21,19,1,1,5
15089,546,2023,11,23,22,1,0,8
15090,546,2023,12,22,20,0,2,3
15091,546,2024,1,20,20,0,0,7
15092,546,2024,2,20,18,2,0,2
15093,546,2024,3,21,19,0,2,0
15094,546,2024,4,22,18,3,1,4
15095,546,2024,5,21,19,1,1,5
15096,546,2024,6,20,17,3,0,2
15097,546,2024,7,22,21,0,1,3
15098,546,2024,8,22,21,1,0,1
15099,546,2024,9,21,16,3,2,3
15100,546,2024,10,22,21,0,1,2
15101,546,2024,11,23,18,3,2,4
15102,546,2024,12,21,19,2,0,2
15103,546,2025,1,22,20,1,1,6
15104,546,2025,2,21,17,4,0,0
15105,546,2025,3,20,17,2,1,5
15106,546,2025,4,23,19,2,2,3
15107,546,2025,5,20,19,0,1,3
15108,546,2025,6,23,18,4,1,4
15109,546,2025,7,20,14,4,2,6
15110,546,2025,8,23,22,0,1,5
15111,546,2025,9,20,20,0,0,5
15112,546,2025,10,21,16,3,2,3
15113,546,2025,11,23,21,2,0,5
15114,546,2025,12,21,15,4,2,2
15115,547,2025,8,23,20,2,1,4
15116,547,2025,9,23,23,0,0,2
15117,547,2025,10,21,15,4,2,3
15118,547,2025,11,23,18,4,1,6
15119,547,2025,12,22,17,4,1,3
15120,548,2023,2,22,19,3,0,7
15121,548,2023,3,20,16,3,1,7
15122,548,2023,4,22,22,0,0,5
15123,548,2023,5,20,15,4,1,6
15124,548,2023,6,20,15,4,1,7
15125,548,2023,7,22,17,3,2,0
15126,548,2023,8,22,18,4,0,7
15127,548,2023,9,23,19,4,0,0
15128,548,2023,10,22,20,2,0,3
15129,548,2023,11,21,19,2,0,1
15130,548,2023,12,20,19,1,0,8
15131,548,2024,1,23,23,0,0,7
15132,548,2024,2,21,19,0,2,8
15133,548,2024,3,20,18,0,2,5
15134,548,2024,4,22,19,1,2,5
15135,548,2024,5,23,19,4,0,7
15136,548,2024,6,20,18,0,2,0
15137,548,2024,7,20,19,1,0,4
15138,548,2024,8,21,19,1,1,5
15139,548,2024,9,23,20,2,1,4
15140,548,2024,10,22,19,3,0,3
15141,548,2024,11,21,20,0,1,0
15142,548,2024,12,21,18,3,0,1
15143,548,2025,1,21,20,1,0,7
15144,548,2025,2,20,18,1,1,8
15145,548,2025,3,23,19,2,2,0
15146,548,2025,4,20,20,0,0,1
15147,548,2025,5,20,17,3,0,0
15148,548,2025,6,22,18,4,0,5
15149,548,2025,7,20,15,4,1,8
15150,548,2025,8,23,22,0,1,7
15151,548,2025,9,22,21,1,0,2
15152,548,2025,10,21,20,1,0,2
15153,548,2025,11,23,22,1,0,0
15154,548,2025,12,22,18,3,1,0
15155,549,2022,9,20,18,0,2,0
15156,549,2022,10,20,18,1,1,6
15157,549,2022,11,20,16,2,2,6
15158,549,2022,12,23,21,1,1,3
15159,549,2023,1,22,18,3,1,4
15160,549,2023,2,23,23,0,0,8
15161,549,2023,3,21,18,3,0,3
15162,549,2023,4,22,18,3,1,7
15163,549,2023,5,23,20,3,0,5
15164,549,2023,6,21,16,3,2,8
15165,549,2023,7,20,17,1,2,2
15166,549,2023,8,21,19,1,1,1
15167,549,2023,9,21,17,2,2,4
15168,549,2023,10,22,21,1,0,3
15169,549,2023,11,23,19,3,1,7
15170,549,2023,12,21,18,2,1,0
15171,549,2024,1,23,22,0,1,3
15172,549,2024,2,20,18,2,0,0
15173,549,2024,3,22,19,2,1,7
15174,549,2024,4,21,18,3,0,2
15175,549,2024,5,21,17,2,2,6
15176,549,2024,6,22,19,1,2,8
15177,549,2024,7,23,20,1,2,8
15178,549,2024,8,23,21,2,0,1
15179,549,2024,9,22,20,1,1,3
15180,549,2024,10,23,20,2,1,4
15181,549,2024,11,22,18,3,1,4
15182,549,2024,12,23,21,1,1,3
15183,549,2025,1,22,19,1,2,6
15184,549,2025,2,23,18,4,1,4
15185,549,2025,3,23,21,2,0,1
15186,549,2025,4,20,17,1,2,2
15187,549,2025,5,21,16,4,1,3
15188,549,2025,6,22,19,2,1,4
15189,549,2025,7,23,22,0,1,1
15190,549,2025,8,20,14,4,2,3
15191,549,2025,9,22,20,0,2,7
15192,549,2025,10,22,22,0,0,4
15193,549,2025,11,20,15,4,1,3
15194,549,2025,12,20,14,4,2,7
15195,550,2022,9,21,19,0,2,2
15196,550,2022,10,23,18,3,2,1
15197,550,2022,11,20,18,1,1,1
15198,550,2022,12,23,21,1,1,5
15199,550,2023,1,22,16,4,2,5
15200,550,2023,2,22,18,4,0,6
15201,551,2023,12,23,19,3,1,6
15202,551,2024,1,20,17,1,2,1
15203,551,2024,2,20,14,4,2,1
15204,551,2024,3,20,16,2,2,8
15205,551,2024,4,22,19,2,1,5
15206,551,2024,5,23,22,0,1,4
15207,551,2024,6,21,15,4,2,6
15208,551,2024,7,20,20,0,0,0
15209,551,2024,8,22,18,4,0,8
15210,551,2024,9,22,21,0,1,3
15211,551,2024,10,22,16,4,2,0
15212,551,2024,11,22,19,1,2,5
15213,551,2024,12,23,20,1,2,4
15214,551,2025,1,20,15,4,1,4
15215,551,2025,2,21,19,0,2,1
15216,551,2025,3,20,17,1,2,5
15217,551,2025,4,20,16,2,2,2
15218,551,2025,5,22,18,2,2,3
15219,551,2025,6,23,21,1,1,0
15220,551,2025,7,20,18,2,0,6
15221,551,2025,8,22,21,0,1,1
15222,551,2025,9,21,17,4,0,4
15223,551,2025,10,20,19,1,0,5
15224,551,2025,11,21,15,4,2,3
15225,551,2025,12,22,20,1,1,4
15226,552,2025,4,20,18,2,0,0
15227,552,2025,5,21,18,1,2,1
15228,552,2025,6,20,19,1,0,2
15229,552,2025,7,20,16,2,2,7
15230,552,2025,8,23,20,3,0,8
15231,552,2025,9,22,22,0,0,6
15232,552,2025,10,22,18,2,2,1
15233,552,2025,11,22,22,0,0,4
15234,552,2025,12,22,17,4,1,1
15235,553,2022,12,20,14,4,2,8
15236,553,2023,1,22,21,0,1,8
15237,553,2023,2,20,17,3,0,7
15238,553,2023,3,21,19,2,0,2
15239,553,2023,4,21,17,4,0,4
15240,553,2023,5,21,17,4,0,1
15241,553,2023,6,22,16,4,2,6
15242,553,2023,7,23,20,1,2,2
15243,553,2023,8,20,17,2,1,0
15244,553,2023,9,22,20,1,1,7
15245,553,2023,10,23,22,1,0,4
15246,553,2023,11,22,16,4,2,4
15247,553,2023,12,23,19,4,0,4
15248,553,2024,1,22,17,3,2,2
15249,553,2024,2,21,19,0,2,7
15250,553,2024,3,20,18,0,2,4
15251,553,2024,4,20,17,3,0,5
15252,553,2024,5,21,18,2,1,0
15253,553,2024,6,23,19,3,1,1
15254,553,2024,7,21,20,1,0,5
15255,553,2024,8,22,17,3,2,1
15256,553,2024,9,23,18,4,1,4
15257,553,2024,10,22,17,3,2,7
15258,553,2024,11,23,21,0,2,0
15259,553,2024,12,20,17,3,0,1
15260,553,2025,1,23,23,0,0,1
15261,553,2025,2,21,16,4,1,5
15262,553,2025,3,23,21,1,1,1
15263,553,2025,4,21,20,0,1,2
15264,553,2025,5,21,21,0,0,1
15265,553,2025,6,21,18,3,0,1
15266,553,2025,7,23,20,1,2,1
15267,553,2025,8,20,20,0,0,6
15268,553,2025,9,21,16,3,2,0
15269,553,2025,10,21,19,1,1,8
15270,553,2025,11,22,18,2,2,7
15271,553,2025,12,21,17,4,0,8
15272,554,2022,6,21,18,2,1,5
15273,554,2022,7,22,18,2,2,5
15274,554,2022,8,21,19,1,1,7
15275,554,2022,9,23,18,3,2,3
15276,554,2022,10,20,17,3,0,1
15277,554,2022,11,20,16,2,2,5
15278,554,2022,12,22,17,4,1,4
15279,554,2023,1,23,20,3,0,5
15280,554,2023,2,22,18,4,0,0
15281,554,2023,3,20,20,0,0,2
15282,554,2023,4,20,18,0,2,3
15283,554,2023,5,20,16,2,2,8
15284,554,2023,6,20,18,2,0,8
15285,554,2023,7,20,14,4,2,0
15286,554,2023,8,20,20,0,0,7
15287,554,2023,9,21,20,0,1,2
15288,554,2023,10,23,19,3,1,2
15289,554,2023,11,22,22,0,0,3
15290,554,2023,12,21,20,0,1,0
15291,554,2024,1,22,18,4,0,4
15292,554,2024,2,20,18,0,2,4
15293,554,2024,3,20,16,4,0,5
15294,554,2024,4,23,19,2,2,5
15295,554,2024,5,20,18,2,0,4
15296,554,2024,6,21,19,0,2,2
15297,554,2024,7,20,16,3,1,3
15298,554,2024,8,20,16,2,2,1
15299,554,2024,9,20,16,2,2,2
15300,554,2024,10,21,17,3,1,6
15301,554,2024,11,22,20,1,1,1
15302,554,2024,12,23,20,1,2,4
15303,554,2025,1,20,16,3,1,4
15304,554,2025,2,20,19,0,1,3
15305,554,2025,3,23,20,3,0,5
15306,554,2025,4,20,16,4,0,8
15307,554,2025,5,22,21,1,0,2
15308,554,2025,6,22,18,2,2,4
15309,554,2025,7,22,16,4,2,0
15310,554,2025,8,22,22,0,0,0
15311,554,2025,9,23,20,3,0,2
15312,554,2025,10,20,19,0,1,7
15313,554,2025,11,23,21,0,2,1
15314,554,2025,12,21,20,0,1,7
15315,555,2024,2,21,17,2,2,3
15316,555,2024,3,22,21,1,0,2
15317,555,2024,4,23,18,4,1,4
15318,555,2024,5,21,17,4,0,7
15319,555,2024,6,23,18,3,2,0
15320,555,2024,7,21,19,0,2,0
15321,555,2024,8,21,16,4,1,6
15322,555,2024,9,22,17,4,1,0
15323,555,2024,10,22,18,2,2,4
15324,555,2024,11,23,20,1,2,5
15325,555,2024,12,20,16,2,2,1
15326,555,2025,1,22,16,4,2,7
15327,555,2025,2,21,20,0,1,3
15328,555,2025,3,20,16,2,2,5
15329,555,2025,4,23,18,3,2,3
15330,555,2025,5,20,16,4,0,4
15331,555,2025,6,23,20,3,0,1
15332,556,2024,5,23,20,2,1,5
15333,556,2024,6,21,18,2,1,7
15334,556,2024,7,22,20,2,0,3
15335,556,2024,8,20,17,2,1,3
15336,556,2024,9,23,19,4,0,0
15337,556,2024,10,20,17,1,2,2
15338,556,2024,11,22,16,4,2,6
15339,556,2024,12,23,17,4,2,5
15340,556,2025,1,22,22,0,0,4
15341,556,2025,2,22,19,3,0,8
15342,556,2025,3,23,18,4,1,3
15343,556,2025,4,22,20,1,1,3
15344,556,2025,5,23,21,1,1,2
15345,556,2025,6,20,18,1,1,6
15346,556,2025,7,20,16,2,2,1
15347,556,2025,8,21,17,3,1,7
15348,556,2025,9,21,21,0,0,6
15349,556,2025,10,21,15,4,2,5
15350,556,2025,11,22,18,4,0,0
15351,556,2025,12,22,19,1,2,3
15352,557,2024,3,21,17,4,0,7
15353,557,2024,4,23,20,3,0,5
15354,557,2024,5,23,22,0,1,1
15355,557,2024,6,20,17,1,2,3
15356,557,2024,7,20,16,2,2,1
15357,557,2024,8,21,17,2,2,3
15358,557,2024,9,20,15,3,2,6
15359,557,2024,10,20,15,4,1,8
15360,557,2024,11,23,18,3,2,6
15361,557,2024,12,22,22,0,0,4
15362,557,2025,1,23,18,4,1,7
15363,557,2025,2,22,20,2,0,5
15364,557,2025,3,20,18,2,0,1
15365,557,2025,4,22,19,3,0,6
15366,557,2025,5,21,19,0,2,0
15367,557,2025,6,20,18,2,0,5
15368,557,2025,7,21,17,3,1,8
15369,557,2025,8,23,19,3,1,2
15370,557,2025,9,21,21,0,0,5
15371,557,2025,10,22,21,1,0,5
15372,557,2025,11,21,20,0,1,0
15373,557,2025,12,23,19,4,0,6
15374,558,2021,12,23,18,4,1,0
15375,558,2022,1,22,21,0,1,6
15376,558,2022,2,23,23,0,0,0
15377,558,2022,3,21,19,0,2,6
15378,558,2022,4,23,23,0,0,1
15379,558,2022,5,20,16,3,1,3
15380,558,2022,6,23,20,2,1,4
15381,558,2022,7,22,18,4,0,6
15382,558,2022,8,20,16,4,0,8
15383,558,2022,9,20,16,4,0,4
15384,558,2022,10,23,17,4,2,8
15385,558,2022,11,21,18,3,0,8
15386,558,2022,12,23,21,2,0,7
15387,558,2023,1,20,18,1,1,1
15388,558,2023,2,21,19,0,2,1
15389,558,2023,3,20,20,0,0,1
15390,558,2023,4,20,18,2,0,1
15391,558,2023,5,20,17,2,1,1
15392,558,2023,6,23,20,1,2,7
15393,558,2023,7,21,15,4,2,4
15394,558,2023,8,22,17,4,1,8
15395,558,2023,9,23,20,1,2,8
15396,558,2023,10,22,17,3,2,6
15397,558,2023,11,20,20,0,0,0
15398,558,2023,12,21,20,0,1,8
15399,558,2024,1,21,16,3,2,1
15400,558,2024,2,20,19,1,0,0
15401,558,2024,3,22,17,4,1,5
15402,558,2024,4,22,20,1,1,1
15403,558,2024,5,22,18,3,1,5
15404,558,2024,6,21,20,0,1,2
15405,558,2024,7,20,15,4,1,6
15406,558,2024,8,23,20,2,1,0
15407,558,2024,9,20,17,3,0,4
15408,558,2024,10,23,23,0,0,1
15409,558,2024,11,23,21,0,2,5
15410,558,2024,12,21,20,1,0,5
15411,558,2025,1,20,17,3,0,8
15412,558,2025,2,23,21,1,1,5
15413,558,2025,3,22,18,2,2,6
15414,558,2025,4,23,22,0,1,6
15415,558,2025,5,20,20,0,0,8
15416,558,2025,6,23,18,4,1,3
15417,558,2025,7,20,16,2,2,4
15418,558,2025,8,20,19,0,1,3
15419,558,2025,9,21,17,2,2,0
15420,558,2025,10,22,17,4,1,6
15421,558,2025,11,20,19,0,1,8
15422,558,2025,12,21,18,3,0,5
15423,559,2023,7,20,18,2,0,3
15424,559,2023,8,21,21,0,0,7
15425,559,2023,9,23,23,0,0,7
15426,559,2023,10,23,20,1,2,0
15427,559,2023,11,23,19,2,2,8
15428,559,2023,12,21,15,4,2,7
15429,559,2024,1,21,20,1,0,4
15430,559,2024,2,21,19,1,1,4
15431,559,2024,3,21,15,4,2,6
15432,559,2024,4,20,20,0,0,7
15433,559,2024,5,22,20,2,0,5
15434,559,2024,6,20,16,3,1,3
15435,559,2024,7,23,17,4,2,0
15436,559,2024,8,23,18,4,1,3
15437,559,2024,9,21,19,1,1,0
15438,559,2024,10,20,17,3,0,5
15439,559,2024,11,23,21,2,0,8
15440,559,2024,12,22,18,2,2,8
15441,559,2025,1,20,19,1,0,8
15442,559,2025,2,23,19,2,2,2
15443,559,2025,3,23,17,4,2,6
15444,559,2025,4,22,19,3,0,2
15445,559,2025,5,21,17,4,0,0
15446,559,2025,6,20,18,1,1,6
15447,559,2025,7,21,17,4,0,3
15448,559,2025,8,20,20,0,0,1
15449,559,2025,9,20,15,3,2,6
15450,559,2025,10,23,17,4,2,3
15451,559,2025,11,20,14,4,2,2
15452,559,2025,12,21,16,4,1,2
15453,560,2022,3,23,21,0,2,8
15454,560,2022,4,21,18,1,2,5
15455,560,2022,5,20,17,2,1,7
15456,560,2022,6,22,16,4,2,4
15457,560,2022,7,20,15,3,2,5
15458,560,2022,8,22,22,0,0,2
15459,560,2022,9,21,16,3,2,0
15460,560,2022,10,23,20,1,2,1
15461,560,2022,11,21,16,3,2,5
15462,560,2022,12,22,20,1,1,2
15463,560,2023,1,23,19,3,1,1
15464,560,2023,2,21,16,4,1,4
15465,560,2023,3,22,18,4,0,7
15466,560,2023,4,21,17,2,2,5
15467,560,2023,5,22,17,4,1,1
15468,560,2023,6,20,17,1,2,6
15469,560,2023,7,21,18,3,0,1
15470,560,2023,8,22,21,0,1,2
15471,560,2023,9,20,20,0,0,5
15472,560,2023,10,22,20,0,2,8
15473,560,2023,11,23,19,3,1,7
15474,560,2023,12,21,17,2,2,7
15475,560,2024,1,22,19,2,1,4
15476,560,2024,2,23,21,2,0,4
15477,560,2024,3,21,16,4,1,7
15478,560,2024,4,23,18,4,1,8
15479,560,2024,5,22,18,2,2,5
15480,560,2024,6,23,22,1,0,6
15481,560,2024,7,20,16,4,0,0
15482,560,2024,8,23,22,1,0,3
15483,560,2024,9,21,16,4,1,5
15484,560,2024,10,20,18,0,2,5
15485,560,2024,11,20,19,1,0,3
15486,560,2024,12,21,17,4,0,6
15487,560,2025,1,20,19,1,0,6
15488,560,2025,2,21,18,2,1,7
15489,560,2025,3,21,18,3,0,0
15490,560,2025,4,23,19,4,0,3
15491,560,2025,5,23,18,4,1,4
15492,560,2025,6,20,16,3,1,5
15493,560,2025,7,22,18,2,2,7
15494,560,2025,8,21,15,4,2,6
15495,560,2025,9,20,16,4,0,8
15496,560,2025,10,21,17,3,1,1
15497,560,2025,11,21,17,4,0,6
15498,560,2025,12,22,19,3,0,7
15499,561,2025,2,21,20,0,1,6
15500,561,2025,3,21,19,1,1,3
15501,561,2025,4,21,17,3,1,8
15502,561,2025,5,21,16,3,2,2
15503,561,2025,6,22,19,3,0,0
15504,561,2025,7,21,18,3,0,2
15505,561,2025,8,23,19,3,1,0
15506,561,2025,9,20,17,3,0,2
15507,561,2025,10,20,16,2,2,4
15508,561,2025,11,22,19,1,2,4
15509,561,2025,12,23,19,4,0,3
15510,562,2024,2,21,18,3,0,1
15511,562,2024,3,23,18,4,1,4
15512,562,2024,4,21,20,0,1,3
15513,562,2024,5,21,15,4,2,0
15514,562,2024,6,21,20,0,1,7
15515,562,2024,7,21,17,4,0,0
15516,562,2024,8,20,17,3,0,7
15517,562,2024,9,22,16,4,2,0
15518,562,2024,10,22,18,2,2,5
15519,562,2024,11,21,17,3,1,5
15520,562,2024,12,23,18,4,1,4
15521,562,2025,1,22,19,1,2,0
15522,562,2025,2,21,16,4,1,3
15523,562,2025,3,20,17,1,2,7
15524,562,2025,4,21,19,0,2,3
15525,562,2025,5,21,15,4,2,2
15526,562,2025,6,21,19,2,0,6
15527,562,2025,7,23,21,2,0,0
15528,562,2025,8,22,20,2,0,3
15529,562,2025,9,23,20,2,1,6
15530,562,2025,10,22,17,4,1,6
15531,562,2025,11,21,18,1,2,5
15532,562,2025,12,20,16,4,0,8
15533,563,2023,6,23,18,4,1,2
15534,563,2023,7,22,20,0,2,8
15535,563,2023,8,23,22,1,0,5
15536,563,2023,9,23,18,4,1,7
15537,563,2023,10,23,23,0,0,0
15538,563,2023,11,22,18,4,0,1
15539,563,2023,12,22,19,1,2,3
15540,563,2024,1,20,15,4,1,6
15541,563,2024,2,21,18,3,0,5
15542,563,2024,3,23,17,4,2,0
15543,563,2024,4,21,19,0,2,1
15544,563,2024,5,21,19,2,0,8
15545,563,2024,6,20,15,3,2,0
15546,563,2024,7,23,23,0,0,0
15547,563,2024,8,23,21,0,2,0
15548,563,2024,9,22,17,4,1,7
15549,563,2024,10,22,21,0,1,7
15550,563,2024,11,21,16,3,2,7
15551,563,2024,12,22,17,3,2,3
15552,563,2025,1,21,16,3,2,5
15553,563,2025,2,20,14,4,2,3
15554,563,2025,3,20,20,0,0,8
15555,563,2025,4,22,18,4,0,5
15556,563,2025,5,23,19,4,0,6
15557,563,2025,6,22,20,0,2,8
15558,563,2025,7,21,19,2,0,0
15559,563,2025,8,23,19,4,0,6
15560,563,2025,9,21,18,2,1,1
15561,563,2025,10,22,20,0,2,8
15562,563,2025,11,23,22,1,0,2
15563,563,2025,12,22,17,4,1,8
15564,564,2021,5,23,23,0,0,3
15565,564,2021,6,20,15,3,2,0
15566,564,2021,7,22,18,2,2,4
15567,564,2021,8,21,18,3,0,3
15568,564,2021,9,20,18,1,1,0
15569,564,2021,10,20,16,2,2,2
15570,564,2021,11,23,21,0,2,0
15571,564,2021,12,22,19,2,1,6
15572,564,2022,1,20,18,0,2,4
15573,564,2022,2,22,19,2,1,3
15574,564,2022,3,23,20,3,0,8
15575,564,2022,4,22,19,2,1,1
15576,564,2022,5,22,21,0,1,4
15577,564,2022,6,23,18,4,1,6
15578,564,2022,7,22,21,0,1,3
15579,564,2022,8,23,20,1,2,6
15580,564,2022,9,22,20,0,2,7
15581,564,2022,10,20,19,0,1,8
15582,564,2022,11,22,20,0,2,3
15583,564,2022,12,23,21,1,1,1
15584,564,2023,1,20,17,2,1,1
15585,564,2023,2,20,20,0,0,7
15586,564,2023,3,21,18,1,2,5
15587,564,2023,4,23,22,0,1,5
15588,564,2023,5,20,18,2,0,0
15589,564,2023,6,21,17,3,1,2
15590,564,2023,7,22,19,1,2,0
15591,564,2023,8,20,14,4,2,6
15592,564,2023,9,20,18,2,0,4
15593,564,2023,10,20,17,3,0,2
15594,564,2023,11,23,19,4,0,2
15595,564,2023,12,21,17,2,2,4
15596,564,2024,1,21,18,2,1,2
15597,564,2024,2,22,18,2,2,2
15598,564,2024,3,23,19,4,0,6
15599,564,2024,4,23,21,2,0,7
15600,564,2024,5,22,18,4,0,5
15601,564,2024,6,22,18,3,1,7
15602,564,2024,7,21,17,3,1,4
15603,564,2024,8,21,19,2,0,8
15604,564,2024,9,21,19,0,2,3
15605,564,2024,10,22,20,2,0,1
15606,564,2024,11,22,16,4,2,4
15607,564,2024,12,20,16,2,2,1
15608,564,2025,1,22,21,1,0,0
15609,564,2025,2,21,19,0,2,1
15610,564,2025,3,23,20,3,0,4
15611,564,2025,4,20,16,3,1,6
15612,564,2025,5,20,19,1,0,6
15613,564,2025,6,21,20,1,0,4
15614,564,2025,7,22,19,1,2,7
15615,564,2025,8,20,18,0,2,2
15616,564,2025,9,23,22,1,0,2
15617,564,2025,10,20,18,1,1,8
15618,564,2025,11,21,20,1,0,1
15619,564,2025,12,23,19,3,1,7
15620,565,2024,3,23,21,2,0,2
15621,565,2024,4,22,18,2,2,3
15622,565,2024,5,23,18,4,1,5
15623,565,2024,6,21,15,4,2,0
15624,565,2024,7,23,22,0,1,6
15625,565,2024,8,21,16,3,2,7
15626,565,2024,9,20,20,0,0,0
15627,565,2024,10,21,17,3,1,5
15628,565,2024,11,23,20,2,1,0
15629,565,2024,12,22,19,1,2,7
15630,565,2025,1,23,20,2,1,7
15631,565,2025,2,21,17,3,1,3
15632,565,2025,3,23,21,2,0,6
15633,565,2025,4,20,14,4,2,1
15634,565,2025,5,23,19,3,1,1
15635,565,2025,6,20,15,4,1,4
15636,566,2021,7,20,17,3,0,0
15637,566,2021,8,23,20,2,1,3
15638,566,2021,9,20,19,0,1,3
15639,566,2021,10,20,17,1,2,5
15640,566,2021,11,22,20,1,1,7
15641,566,2021,12,23,18,4,1,7
15642,566,2022,1,21,17,2,2,8
15643,566,2022,2,22,17,4,1,8
15644,566,2022,3,20,18,1,1,2
15645,566,2022,4,22,18,4,0,2
15646,566,2022,5,20,16,4,0,1
15647,566,2022,6,23,22,0,1,1
15648,566,2022,7,22,17,4,1,8
15649,566,2022,8,20,18,2,0,8
15650,566,2022,9,21,18,1,2,5
15651,566,2022,10,22,18,2,2,7
15652,566,2022,11,20,17,1,2,3
15653,566,2022,12,23,19,2,2,7
15654,566,2023,1,22,17,4,1,0
15655,566,2023,2,20,17,3,0,1
15656,566,2023,3,20,18,0,2,8
15657,566,2023,4,23,19,4,0,1
15658,566,2023,5,20,19,1,0,6
15659,566,2023,6,22,20,1,1,7
15660,566,2023,7,23,18,3,2,6
15661,566,2023,8,22,22,0,0,5
15662,566,2023,9,21,19,2,0,6
15663,566,2023,10,22,17,3,2,6
15664,566,2023,11,23,17,4,2,1
15665,566,2023,12,22,19,2,1,2
15666,566,2024,1,21,15,4,2,8
15667,566,2024,2,23,20,3,0,4
15668,566,2024,3,22,20,1,1,3
15669,566,2024,4,22,19,3,0,1
15670,566,2024,5,21,18,1,2,5
15671,566,2024,6,22,16,4,2,7
15672,566,2024,7,21,18,2,1,4
15673,566,2024,8,21,16,4,1,8
15674,566,2024,9,21,16,4,1,4
15675,566,2024,10,20,18,0,2,2
15676,566,2024,11,22,22,0,0,4
15677,566,2024,12,23,17,4,2,8
15678,566,2025,1,20,14,4,2,3
15679,566,2025,2,23,19,2,2,0
15680,566,2025,3,20,17,1,2,0
15681,566,2025,4,23,18,3,2,2
15682,566,2025,5,20,19,1,0,6
15683,566,2025,6,23,22,0,1,8
15684,566,2025,7,21,18,2,1,8
15685,566,2025,8,23,20,3,0,4
15686,566,2025,9,21,20,1,0,6
15687,566,2025,10,23,22,1,0,5
15688,566,2025,11,22,21,1,0,7
15689,566,2025,12,23,23,0,0,5
15690,567,2024,11,20,16,2,2,6
15691,567,2024,12,23,17,4,2,2
15692,567,2025,1,23,20,2,1,7
15693,567,2025,2,20,16,3,1,2
15694,567,2025,3,22,17,3,2,7
15695,567,2025,4,20,17,3,0,6
15696,567,2025,5,20,15,3,2,2
15697,567,2025,6,23,18,3,2,7
15698,567,2025,7,22,21,0,1,5
15699,567,2025,8,22,17,4,1,0
15700,567,2025,9,22,21,0,1,4
15701,567,2025,10,21,17,3,1,0
15702,567,2025,11,23,21,0,2,4
15703,567,2025,12,23,20,3,0,0
15704,568,2022,9,21,21,0,0,4
15705,568,2022,10,23,22,1,0,2
15706,568,2022,11,23,20,2,1,2
15707,568,2022,12,21,15,4,2,2
15708,568,2023,1,21,19,0,2,6
15709,568,2023,2,20,17,2,1,7
15710,568,2023,3,20,17,1,2,5
15711,568,2023,4,23,17,4,2,5
15712,568,2023,5,21,18,1,2,5
15713,568,2023,6,22,21,1,0,4
15714,568,2023,7,20,16,2,2,3
15715,568,2023,8,20,19,1,0,8
15716,568,2023,9,20,19,0,1,2
15717,568,2023,10,20,17,1,2,0
15718,568,2023,11,23,18,3,2,2
15719,568,2023,12,22,18,4,0,2
15720,568,2024,1,21,20,1,0,7
15721,568,2024,2,23,22,1,0,4
15722,568,2024,3,23,20,3,0,1
15723,568,2024,4,21,19,1,1,6
15724,568,2024,5,20,16,3,1,0
15725,568,2024,6,23,21,0,2,1
15726,568,2024,7,22,19,3,0,8
15727,568,2024,8,21,20,1,0,6
15728,568,2024,9,20,19,0,1,7
15729,568,2024,10,23,18,4,1,3
15730,568,2024,11,23,19,4,0,6
15731,568,2024,12,22,19,3,0,6
15732,568,2025,1,23,18,3,2,0
15733,568,2025,2,21,17,3,1,4
15734,568,2025,3,22,21,1,0,5
15735,568,2025,4,22,19,1,2,0
15736,568,2025,5,20,15,3,2,0
15737,568,2025,6,20,20,0,0,0
15738,568,2025,7,21,17,4,0,3
15739,568,2025,8,21,21,0,0,1
15740,568,2025,9,21,20,0,1,0
15741,568,2025,10,20,15,3,2,4
15742,568,2025,11,21,20,1,0,5
15743,568,2025,12,23,21,2,0,0
15744,569,2022,10,22,22,0,0,4
15745,569,2022,11,22,18,4,0,2
15746,569,2022,12,21,21,0,0,6
15747,569,2023,1,20,16,2,2,4
15748,569,2023,2,23,21,2,0,4
15749,569,2023,3,22,21,1,0,8
15750,569,2023,4,22,20,1,1,3
15751,569,2023,5,21,20,1,0,3
15752,569,2023,6,20,18,2,0,1
15753,569,2023,7,20,15,3,2,4
15754,569,2023,8,23,22,0,1,5
15755,569,2023,9,21,19,2,0,7
15756,569,2023,10,22,22,0,0,6
15757,569,2023,11,22,17,4,1,2
15758,569,2023,12,22,19,1,2,6
15759,569,2024,1,20,17,1,2,2
15760,569,2024,2,22,17,3,2,2
15761,569,2024,3,20,17,3,0,7
15762,569,2024,4,21,19,0,2,3
15763,569,2024,5,20,19,0,1,4
15764,569,2024,6,20,20,0,0,5
15765,569,2024,7,21,18,1,2,6
15766,569,2024,8,21,20,0,1,0
15767,569,2024,9,22,19,1,2,8
15768,569,2024,10,23,18,3,2,3
15769,569,2024,11,22,20,2,0,3
15770,569,2024,12,20,17,2,1,3
15771,569,2025,1,20,19,0,1,8
15772,569,2025,2,21,17,3,1,2
15773,569,2025,3,23,21,1,1,5
15774,569,2025,4,20,14,4,2,3
15775,569,2025,5,23,21,2,0,3
15776,569,2025,6,22,21,0,1,8
15777,569,2025,7,20,15,4,1,7
15778,569,2025,8,20,18,2,0,6
15779,569,2025,9,23,22,0,1,5
15780,569,2025,10,22,19,3,0,0
15781,569,2025,11,22,17,4,1,0
15782,569,2025,12,21,20,0,1,6
15783,570,2023,10,20,17,1,2,0
15784,570,2023,11,20,16,2,2,8
15785,570,2023,12,22,19,1,2,0
15786,570,2024,1,23,23,0,0,2
15787,570,2024,2,23,19,3,1,7
15788,570,2024,3,23,20,2,1,1
15789,570,2024,4,21,17,4,0,4
15790,570,2024,5,20,15,3,2,0
15791,570,2024,6,22,21,1,0,1
15792,570,2024,7,22,18,3,1,3
15793,570,2024,8,23,20,3,0,8
15794,570,2024,9,23,19,3,1,4
15795,570,2024,10,21,16,4,1,8
15796,570,2024,11,22,18,3,1,2
15797,570,2024,12,20,15,3,2,2
15798,570,2025,1,21,16,3,2,6
15799,570,2025,2,22,18,3,1,5
15800,570,2025,3,21,19,1,1,0
15801,570,2025,4,21,16,4,1,0
15802,570,2025,5,21,16,4,1,5
15803,570,2025,6,21,20,1,0,0
15804,570,2025,7,21,20,1,0,2
15805,570,2025,8,21,19,0,2,0
15806,570,2025,9,23,18,3,2,3
15807,570,2025,10,20,17,3,0,6
15808,570,2025,11,22,18,4,0,8
15809,570,2025,12,22,18,3,1,6
15810,571,2023,4,22,21,1,0,5
15811,571,2023,5,20,16,4,0,1
15812,571,2023,6,20,17,1,2,5
15813,571,2023,7,22,19,2,1,2
15814,571,2023,8,22,22,0,0,7
15815,571,2023,9,20,18,2,0,3
15816,571,2023,10,23,22,0,1,7
15817,571,2023,11,23,22,1,0,3
15818,571,2023,12,22,21,0,1,0
15819,571,2024,1,23,18,4,1,7
15820,571,2024,2,22,20,1,1,1
15821,571,2024,3,21,20,1,0,1
15822,571,2024,4,22,16,4,2,5
15823,571,2024,5,21,19,1,1,0
15824,571,2024,6,22,16,4,2,7
15825,571,2024,7,22,20,0,2,5
15826,571,2024,8,20,17,1,2,8
15827,571,2024,9,21,16,3,2,1
15828,571,2024,10,23,19,3,1,5
15829,571,2024,11,22,16,4,2,7
15830,571,2024,12,21,17,2,2,2
15831,571,2025,1,20,16,4,0,1
15832,571,2025,2,22,22,0,0,4
15833,571,2025,3,23,19,3,1,0
15834,571,2025,4,20,18,0,2,2
15835,571,2025,5,22,20,1,1,5
15836,571,2025,6,23,21,1,1,1
15837,571,2025,7,23,18,4,1,1
15838,571,2025,8,23,19,3,1,6
15839,571,2025,9,21,18,1,2,5
15840,571,2025,10,20,18,1,1,2
15841,571,2025,11,22,21,1,0,7
15842,572,2023,3,21,17,3,1,1
15843,572,2023,4,22,18,3,1,3
15844,572,2023,5,21,19,0,2,6
15845,572,2023,6,20,16,3,1,2
15846,572,2023,7,21,16,4,1,0
15847,572,2023,8,21,17,3,1,0
15848,572,2023,9,20,16,2,2,7
15849,572,2023,10,20,18,1,1,6
15850,572,2023,11,23,19,4,0,5
15851,572,2023,12,20,17,1,2,8
15852,572,2024,1,20,20,0,0,5
15853,572,2024,2,22,21,0,1,5
15854,572,2024,3,22,17,4,1,2
15855,572,2024,4,23,19,2,2,4
15856,572,2024,5,20,17,3,0,3
15857,573,2024,3,20,15,4,1,4
15858,573,2024,4,22,18,2,2,4
15859,573,2024,5,21,21,0,0,1
15860,573,2024,6,20,20,0,0,3
15861,573,2024,7,22,20,1,1,6
15862,573,2024,8,20,19,0,1,5
15863,573,2024,9,21,15,4,2,5
15864,573,2024,10,20,20,0,0,2
15865,573,2024,11,23,19,4,0,8
15866,573,2024,12,22,18,4,0,4
15867,573,2025,1,23,20,2,1,7
15868,573,2025,2,23,17,4,2,1
15869,573,2025,3,23,21,1,1,2
15870,573,2025,4,20,18,1,1,5
15871,573,2025,5,20,18,0,2,0
15872,573,2025,6,22,17,3,2,3
15873,573,2025,7,22,21,0,1,2
15874,573,2025,8,22,21,0,1,4
15875,573,2025,9,21,20,0,1,3
15876,573,2025,10,20,19,0,1,8
15877,573,2025,11,20,18,2,0,2
15878,573,2025,12,22,21,0,1,6
15879,574,2024,8,20,15,3,2,0
15880,574,2024,9,23,21,1,1,4
15881,574,2024,10,22,18,2,2,1
15882,574,2024,11,22,19,3,0,0
15883,574,2024,12,22,20,2,0,1
15884,574,2025,1,23,22,0,1,1
15885,574,2025,2,21,18,2,1,6
15886,574,2025,3,21,20,1,0,4
15887,574,2025,4,22,19,3,0,8
15888,574,2025,5,21,17,4,0,6
15889,574,2025,6,23,20,1,2,6
15890,574,2025,7,21,20,1,0,1
15891,574,2025,8,20,16,2,2,2
15892,574,2025,9,22,18,3,1,4
15893,574,2025,10,23,18,3,2,7
15894,574,2025,11,22,18,4,0,7
15895,574,2025,12,22,16,4,2,0
15896,575,2022,3,22,18,3,1,0
15897,575,2022,4,21,17,3,1,7
15898,575,2022,5,20,15,3,2,1
15899,575,2022,6,20,20,0,0,0
15900,575,2022,7,21,18,2,1,3
15901,575,2022,8,21,16,3,2,0
15902,575,2022,9,23,19,3,1,7
15903,575,2022,10,21,16,3,2,5
15904,575,2022,11,21,15,4,2,7
15905,575,2022,12,22,19,3,0,4
15906,575,2023,1,22,22,0,0,3
15907,575,2023,2,22,20,2,0,0
15908,575,2023,3,22,20,0,2,7
15909,575,2023,4,20,17,2,1,4
15910,575,2023,5,21,16,4,1,1
15911,575,2023,6,23,19,3,1,0
15912,575,2023,7,21,18,2,1,6
15913,575,2023,8,20,15,3,2,5
15914,575,2023,9,23,19,4,0,8
15915,575,2023,10,23,21,0,2,6
15916,575,2023,11,20,20,0,0,1
15917,575,2023,12,20,17,1,2,4
15918,575,2024,1,20,16,3,1,1
15919,575,2024,2,23,21,1,1,3
15920,575,2024,3,20,17,2,1,1
15921,575,2024,4,20,15,3,2,6
15922,575,2024,5,21,17,4,0,7
15923,575,2024,6,23,17,4,2,5
15924,575,2024,7,21,17,4,0,7
15925,575,2024,8,22,16,4,2,6
15926,575,2024,9,21,19,1,1,8
15927,575,2024,10,21,16,4,1,1
15928,575,2024,11,21,19,2,0,4
15929,575,2024,12,23,19,2,2,6
15930,575,2025,1,22,17,4,1,7
15931,575,2025,2,21,17,2,2,4
15932,575,2025,3,22,17,4,1,2
15933,575,2025,4,21,18,2,1,0
15934,575,2025,5,21,16,3,2,0
15935,575,2025,6,23,19,4,0,4
15936,575,2025,7,22,19,1,2,3
15937,575,2025,8,22,21,1,0,4
15938,575,2025,9,23,17,4,2,2
15939,575,2025,10,22,20,1,1,0
15940,575,2025,11,21,15,4,2,4
15941,575,2025,12,21,19,0,2,0
15942,576,2022,6,23,19,2,2,0
15943,576,2022,7,22,17,3,2,4
15944,576,2022,8,23,21,2,0,6
15945,576,2022,9,21,20,1,0,7
15946,576,2022,10,21,16,3,2,0
15947,576,2022,11,23,18,3,2,2
15948,576,2022,12,22,21,0,1,7
15949,576,2023,1,23,18,4,1,4
15950,576,2023,2,21,21,0,0,0
15951,576,2023,3,23,19,2,2,6
15952,576,2023,4,22,19,1,2,1
15953,576,2023,5,20,16,2,2,6
15954,576,2023,6,20,18,1,1,8
15955,576,2023,7,20,18,1,1,1
15956,576,2023,8,22,22,0,0,6
15957,576,2023,9,20,15,4,1,4
15958,576,2023,10,22,17,4,1,5
15959,576,2023,11,22,16,4,2,4
15960,576,2023,12,22,17,4,1,5
15961,576,2024,1,22,16,4,2,2
15962,576,2024,2,23,18,3,2,6
15963,576,2024,3,22,20,0,2,4
15964,576,2024,4,20,18,0,2,8
15965,576,2024,5,20,19,0,1,2
15966,576,2024,6,23,21,1,1,8
15967,576,2024,7,23,19,4,0,4
15968,576,2024,8,23,22,0,1,5
15969,576,2024,9,21,18,3,0,5
15970,576,2024,10,22,19,3,0,7
15971,576,2024,11,21,17,4,0,8
15972,576,2024,12,23,21,1,1,5
15973,576,2025,1,22,17,3,2,6
15974,576,2025,2,20,16,4,0,4
15975,576,2025,3,23,19,3,1,2
15976,576,2025,4,23,22,0,1,1
15977,576,2025,5,22,22,0,0,8
15978,576,2025,6,22,18,4,0,4
15979,576,2025,7,20,15,3,2,0
15980,576,2025,8,21,15,4,2,7
15981,576,2025,9,21,19,1,1,2
15982,576,2025,10,23,20,2,1,0
15983,576,2025,11,20,18,1,1,7
15984,576,2025,12,21,21,0,0,2
15985,577,2022,8,21,16,3,2,5
15986,577,2022,9,22,16,4,2,0
15987,577,2022,10,21,20,0,1,8
15988,577,2022,11,22,21,0,1,6
15989,577,2022,12,22,21,1,0,8
15990,577,2023,1,23,18,3,2,7
15991,577,2023,2,22,17,4,1,5
15992,577,2023,3,21,21,0,0,0
15993,577,2023,4,20,16,2,2,5
15994,577,2023,5,23,20,2,1,0
15995,577,2023,6,20,14,4,2,6
15996,577,2023,7,20,19,0,1,4
15997,577,2023,8,22,20,0,2,7
15998,577,2023,9,21,15,4,2,4
15999,577,2023,10,20,14,4,2,3
16000,577,2023,11,21,17,3,1,2
16001,577,2023,12,23,21,0,2,3
16002,577,2024,1,23,18,4,1,1
16003,577,2024,2,22,21,0,1,1
16004,577,2024,3,22,16,4,2,8
16005,577,2024,4,20,18,0,2,8
16006,577,2024,5,22,18,2,2,4
16007,577,2024,6,21,17,4,0,4
16008,577,2024,7,20,18,2,0,8
16009,577,2024,8,20,18,1,1,7
16010,577,2024,9,20,14,4,2,1
16011,577,2024,10,21,21,0,0,4
16012,577,2024,11,20,15,4,1,7
16013,577,2024,12,22,20,2,0,5
16014,577,2025,1,20,19,1,0,6
16015,577,2025,2,20,20,0,0,3
16016,577,2025,3,21,18,2,1,5
16017,577,2025,4,21,21,0,0,8
16018,577,2025,5,21,19,0,2,7
16019,577,2025,6,21,20,1,0,2
16020,577,2025,7,20,18,2,0,0
16021,577,2025,8,22,21,1,0,3
16022,577,2025,9,22,16,4,2,3
16023,577,2025,10,22,16,4,2,7
16024,577,2025,11,22,22,0,0,6
16025,577,2025,12,22,20,1,1,0
16026,578,2023,1,20,18,2,0,7
16027,578,2023,2,20,18,1,1,8
16028,578,2023,3,21,18,3,0,0
16029,578,2023,4,20,17,2,1,2
16030,578,2023,5,21,15,4,2,6
16031,578,2023,6,22,20,0,2,4
16032,578,2023,7,22,19,3,0,6
16033,579,2023,2,21,20,1,0,6
16034,579,2023,3,23,21,1,1,8
16035,579,2023,4,20,16,3,1,3
16036,579,2023,5,21,20,0,1,8
16037,579,2023,6,21,17,3,1,2
16038,579,2023,7,23,22,1,0,4
16039,579,2023,8,21,16,4,1,1
16040,579,2023,9,21,17,4,0,8
16041,579,2023,10,22,19,3,0,8
16042,579,2023,11,20,16,3,1,5
16043,579,2023,12,22,21,0,1,8
16044,579,2024,1,23,21,1,1,2
16045,579,2024,2,23,21,2,0,0
16046,579,2024,3,23,20,3,0,8
16047,579,2024,4,21,18,2,1,7
16048,579,2024,5,20,14,4,2,3
16049,579,2024,6,23,20,2,1,6
16050,579,2024,7,21,18,2,1,5
16051,579,2024,8,20,19,1,0,3
16052,579,2024,9,20,18,0,2,4
16053,579,2024,10,22,18,2,2,5
16054,579,2024,11,21,18,1,2,5
16055,579,2024,12,22,19,3,0,6
16056,579,2025,1,22,20,2,0,8
16057,579,2025,2,23,23,0,0,7
16058,579,2025,3,20,15,4,1,1
16059,579,2025,4,20,17,3,0,1
16060,579,2025,5,23,21,0,2,8
16061,579,2025,6,22,20,1,1,8
16062,579,2025,7,21,19,1,1,0
16063,579,2025,8,23,21,2,0,6
16064,579,2025,9,20,17,3,0,3
16065,579,2025,10,22,21,0,1,8
16066,579,2025,11,21,19,0,2,4
16067,579,2025,12,20,19,1,0,7
16068,580,2023,11,22,20,1,1,8
16069,580,2023,12,22,20,2,0,4
16070,580,2024,1,20,15,3,2,0
16071,580,2024,2,21,15,4,2,0
16072,580,2024,3,23,22,0,1,6
16073,580,2024,4,20,18,1,1,7
16074,580,2024,5,23,17,4,2,6
16075,580,2024,6,21,21,0,0,8
16076,580,2024,7,20,14,4,2,2
16077,580,2024,8,20,16,4,0,5
16078,580,2024,9,23,20,1,2,0
16079,580,2024,10,23,21,0,2,6
16080,580,2024,11,21,20,1,0,0
16081,580,2024,12,22,19,2,1,7
16082,580,2025,1,21,19,1,1,8
16083,580,2025,2,23,20,3,0,3
16084,580,2025,3,20,14,4,2,3
16085,580,2025,4,23,21,2,0,2
16086,580,2025,5,21,20,0,1,6
16087,580,2025,6,21,16,3,2,1
16088,580,2025,7,22,20,0,2,6
16089,580,2025,8,21,17,3,1,5
16090,580,2025,9,20,16,3,1,3
16091,580,2025,10,20,17,3,0,1
16092,580,2025,11,20,17,2,1,6
16093,580,2025,12,20,16,4,0,8
16094,581,2025,10,21,17,3,1,6
16095,581,2025,11,22,18,3,1,8
16096,581,2025,12,21,16,3,2,5
16097,582,2022,9,20,16,3,1,5
16098,582,2022,10,22,20,1,1,2
16099,582,2022,11,20,18,2,0,1
16100,582,2022,12,22,17,3,2,1
16101,582,2023,1,20,15,4,1,2
16102,582,2023,2,20,18,1,1,3
16103,582,2023,3,22,17,3,2,8
16104,582,2023,4,20,16,3,1,7
16105,582,2023,5,21,16,4,1,1
16106,582,2023,6,20,18,2,0,7
16107,582,2023,7,21,16,3,2,6
16108,582,2023,8,21,18,1,2,5
16109,582,2023,9,21,15,4,2,6
16110,582,2023,10,23,17,4,2,1
16111,582,2023,11,22,18,3,1,7
16112,582,2023,12,22,20,0,2,2
16113,582,2024,1,22,18,3,1,6
16114,582,2024,2,23,20,2,1,6
16115,582,2024,3,23,20,3,0,1
16116,582,2024,4,20,19,1,0,6
16117,582,2024,5,21,19,0,2,3
16118,582,2024,6,21,17,3,1,1
16119,582,2024,7,22,19,3,0,0
16120,582,2024,8,21,20,0,1,3
16121,582,2024,9,23,20,1,2,4
16122,582,2024,10,20,20,0,0,4
16123,582,2024,11,22,17,4,1,1
16124,582,2024,12,23,19,2,2,5
16125,582,2025,1,20,16,2,2,4
16126,582,2025,2,23,20,3,0,0
16127,582,2025,3,20,17,2,1,8
16128,582,2025,4,23,18,3,2,2
16129,582,2025,5,23,18,4,1,8
16130,582,2025,6,23,21,0,2,4
16131,582,2025,7,22,17,4,1,4
16132,582,2025,8,20,18,2,0,6
16133,582,2025,9,22,18,2,2,2
16134,582,2025,10,21,19,0,2,6
16135,582,2025,11,21,16,4,1,7
16136,582,2025,12,20,17,1,2,8
16137,583,2021,12,23,18,4,1,0
16138,583,2022,1,20,17,3,0,3
16139,583,2022,2,20,19,0,1,5
16140,583,2022,3,21,16,3,2,8
16141,583,2022,4,21,18,2,1,2
16142,583,2022,5,20,18,1,1,7
16143,583,2022,6,22,20,2,0,0
16144,583,2022,7,20,20,0,0,1
16145,583,2022,8,22,21,1,0,6
16146,583,2022,9,23,17,4,2,7
16147,583,2022,10,20,15,3,2,5
16148,583,2022,11,21,19,2,0,5
16149,583,2022,12,21,20,1,0,7
16150,583,2023,1,23,23,0,0,0
16151,583,2023,2,20,15,4,1,6
16152,583,2023,3,21,18,2,1,3
16153,583,2023,4,22,21,0,1,0
16154,583,2023,5,22,16,4,2,8
16155,583,2023,6,22,18,2,2,3
16156,583,2023,7,22,16,4,2,3
16157,583,2023,8,20,16,3,1,2
16158,583,2023,9,23,23,0,0,2
16159,583,2023,10,20,17,2,1,5
16160,583,2023,11,22,18,2,2,6
16161,583,2023,12,20,16,3,1,4
16162,583,2024,1,21,21,0,0,5
16163,583,2024,2,22,22,0,0,5
16164,583,2024,3,21,18,1,2,4
16165,583,2024,4,21,19,0,2,3
16166,583,2024,5,21,16,4,1,3
16167,583,2024,6,20,17,1,2,3
16168,583,2024,7,21,19,1,1,4
16169,583,2024,8,20,18,0,2,0
16170,583,2024,9,20,18,2,0,3
16171,583,2024,10,20,18,2,0,7
16172,583,2024,11,22,20,1,1,4
16173,583,2024,12,22,19,3,0,2
16174,583,2025,1,21,20,1,0,2
16175,583,2025,2,22,17,4,1,8
16176,583,2025,3,23,22,0,1,7
16177,583,2025,4,21,21,0,0,2
16178,583,2025,5,21,17,3,1,6
16179,583,2025,6,21,21,0,0,2
16180,583,2025,7,23,17,4,2,6
16181,583,2025,8,20,19,0,1,3
16182,583,2025,9,22,16,4,2,3
16183,583,2025,10,23,21,0,2,7
16184,583,2025,11,21,17,4,0,4
16185,583,2025,12,20,19,1,0,5
16186,584,2022,9,22,20,0,2,1
16187,584,2022,10,22,22,0,0,0
16188,584,2022,11,21,15,4,2,1
16189,584,2022,12,20,15,3,2,0
16190,584,2023,1,23,19,2,2,2
16191,584,2023,2,21,21,0,0,7
16192,584,2023,3,20,14,4,2,4
16193,584,2023,4,23,17,4,2,6
16194,584,2023,5,21,17,2,2,7
16195,584,2023,6,20,18,1,1,8
16196,584,2023,7,22,18,3,1,4
16197,584,2023,8,22,16,4,2,6
16198,584,2023,9,22,20,0,2,3
16199,584,2023,10,22,20,1,1,1
16200,584,2023,11,20,16,4,0,7
16201,584,2023,12,20,18,0,2,2
16202,584,2024,1,21,18,1,2,1
16203,584,2024,2,23,18,3,2,4
16204,584,2024,3,20,18,2,0,8
16205,584,2024,4,22,19,2,1,1
16206,584,2024,5,23,22,1,0,1
16207,584,2024,6,22,20,0,2,7
16208,584,2024,7,20,16,3,1,1
16209,584,2024,8,22,19,1,2,7
16210,584,2024,9,21,16,3,2,8
16211,584,2024,10,23,20,3,0,8
16212,584,2024,11,21,20,1,0,2
16213,584,2024,12,22,17,3,2,3
16214,584,2025,1,22,17,4,1,2
16215,584,2025,2,20,15,4,1,3
16216,584,2025,3,23,17,4,2,5
16217,584,2025,4,22,20,1,1,4
16218,584,2025,5,21,17,2,2,7
16219,584,2025,6,23,23,0,0,7
16220,584,2025,7,21,20,0,1,7
16221,584,2025,8,21,19,0,2,4
16222,584,2025,9,22,20,2,0,3
16223,584,2025,10,21,18,3,0,5
16224,584,2025,11,20,16,3,1,6
16225,584,2025,12,22,19,3,0,7
16226,585,2024,5,21,15,4,2,4
16227,585,2024,6,21,16,4,1,4
16228,585,2024,7,23,19,4,0,4
16229,585,2024,8,22,20,0,2,2
16230,585,2024,9,21,18,3,0,7
16231,585,2024,10,23,18,3,2,5
16232,585,2024,11,22,17,4,1,0
16233,585,2024,12,21,18,1,2,4
16234,585,2025,1,23,21,1,1,6
16235,585,2025,2,20,14,4,2,2
16236,585,2025,3,20,16,2,2,5
16237,585,2025,4,21,20,0,1,0
16238,585,2025,5,23,19,3,1,5
16239,585,2025,6,23,18,4,1,4
16240,585,2025,7,23,20,2,1,6
16241,585,2025,8,21,18,2,1,3
16242,585,2025,9,23,20,1,2,4
16243,585,2025,10,20,18,2,0,6
16244,585,2025,11,23,18,4,1,2
16245,585,2025,12,20,14,4,2,4
16246,586,2022,5,22,20,0,2,8
16247,586,2022,6,23,19,2,2,1
16248,586,2022,7,23,21,2,0,4
16249,586,2022,8,22,20,0,2,8
16250,586,2022,9,23,22,0,1,6
16251,586,2022,10,21,18,2,1,2
16252,586,2022,11,21,20,0,1,5
16253,586,2022,12,22,19,2,1,5
16254,586,2023,1,21,19,0,2,1
16255,586,2023,2,23,20,2,1,5
16256,586,2023,3,22,20,2,0,7
16257,586,2023,4,22,19,2,1,6
16258,586,2023,5,21,18,1,2,1
16259,586,2023,6,23,18,3,2,2
16260,586,2023,7,22,18,2,2,7
16261,586,2023,8,22,18,2,2,0
16262,586,2023,9,20,18,0,2,4
16263,586,2023,10,23,20,1,2,4
16264,586,2023,11,22,18,4,0,6
16265,586,2023,12,23,23,0,0,7
16266,586,2024,1,23,19,4,0,2
16267,586,2024,2,20,15,4,1,3
16268,586,2024,3,20,14,4,2,0
16269,586,2024,4,21,15,4,2,4
16270,586,2024,5,21,19,2,0,0
16271,586,2024,6,22,19,2,1,0
16272,586,2024,7,23,17,4,2,6
16273,586,2024,8,20,18,2,0,2
16274,586,2024,9,20,15,4,1,5
16275,586,2024,10,20,17,2,1,8
16276,586,2024,11,23,22,0,1,6
16277,586,2024,12,22,20,1,1,5
16278,586,2025,1,20,19,1,0,8
16279,586,2025,2,21,20,1,0,1
16280,586,2025,3,21,18,2,1,4
16281,586,2025,4,22,18,4,0,1
16282,586,2025,5,20,14,4,2,4
16283,586,2025,6,20,16,2,2,2
16284,586,2025,7,20,20,0,0,4
16285,586,2025,8,21,20,0,1,5
16286,586,2025,9,20,18,0,2,7
16287,586,2025,10,20,19,1,0,7
16288,586,2025,11,23,21,0,2,2
16289,586,2025,12,20,15,4,1,2
16290,587,2025,9,20,16,4,0,1
16291,587,2025,10,23,20,2,1,1
16292,587,2025,11,21,17,2,2,6
16293,587,2025,12,21,21,0,0,0
16294,588,2023,8,20,15,4,1,2
16295,588,2023,9,20,17,1,2,4
16296,588,2023,10,23,19,3,1,0
16297,588,2023,11,21,15,4,2,2
16298,588,2023,12,20,18,0,2,5
16299,588,2024,1,21,19,2,0,4
16300,588,2024,2,22,18,3,1,6
16301,588,2024,3,20,17,1,2,8
16302,588,2024,4,22,22,0,0,3
16303,588,2024,5,20,18,0,2,4
16304,588,2024,6,22,22,0,0,1
16305,588,2024,7,23,20,1,2,5
16306,588,2024,8,23,19,2,2,0
16307,588,2024,9,20,18,1,1,7
16308,588,2024,10,23,20,2,1,5
16309,588,2024,11,22,21,1,0,4
16310,588,2024,12,23,21,1,1,4
16311,588,2025,1,21,16,4,1,8
16312,588,2025,2,21,16,3,2,1
16313,588,2025,3,22,18,4,0,5
16314,588,2025,4,20,16,2,2,5
16315,588,2025,5,22,18,3,1,4
16316,588,2025,6,23,18,3,2,0
16317,588,2025,7,21,18,3,0,5
16318,588,2025,8,20,18,0,2,4
16319,588,2025,9,20,15,3,2,8
16320,588,2025,10,21,17,2,2,6
16321,588,2025,11,23,23,0,0,8
16322,588,2025,12,20,19,0,1,5
16323,589,2023,10,20,14,4,2,2
16324,589,2023,11,22,17,3,2,5
16325,589,2023,12,21,17,3,1,5
16326,589,2024,1,22,18,4,0,7
16327,589,2024,2,23,19,3,1,7
16328,589,2024,3,23,22,1,0,3
16329,589,2024,4,21,20,1,0,2
16330,589,2024,5,20,15,3,2,1
16331,589,2024,6,20,19,1,0,2
16332,589,2024,7,20,16,3,1,5
16333,589,2024,8,22,16,4,2,8
16334,589,2024,9,23,18,4,1,4
16335,589,2024,10,20,19,0,1,4
16336,589,2024,11,22,20,2,0,0
16337,589,2024,12,22,18,3,1,8
16338,589,2025,1,21,17,4,0,4
16339,589,2025,2,23,21,1,1,1
16340,589,2025,3,23,23,0,0,4
16341,589,2025,4,23,18,4,1,8
16342,589,2025,5,20,17,3,0,6
16343,589,2025,6,23,17,4,2,3
16344,589,2025,7,21,19,1,1,0
16345,589,2025,8,23,20,2,1,8
16346,589,2025,9,21,20,1,0,1
16347,589,2025,10,23,19,3,1,1
16348,589,2025,11,21,17,2,2,7
16349,589,2025,12,20,18,1,1,6
16350,590,2021,9,22,19,2,1,3
16351,590,2021,10,20,19,1,0,1
16352,590,2021,11,22,19,3,0,4
16353,590,2021,12,22,22,0,0,6
16354,590,2022,1,23,18,4,1,8
16355,590,2022,2,20,15,4,1,1
16356,590,2022,3,20,15,4,1,1
16357,590,2022,4,22,20,1,1,4
16358,590,2022,5,20,18,0,2,0
16359,590,2022,6,22,22,0,0,5
16360,590,2022,7,23,20,3,0,2
16361,590,2022,8,20,18,0,2,5
16362,590,2022,9,21,18,3,0,8
16363,590,2022,10,23,22,1,0,2
16364,590,2022,11,20,17,2,1,8
16365,590,2022,12,20,18,2,0,1
16366,590,2023,1,20,17,3,0,2
16367,590,2023,2,23,20,1,2,0
16368,590,2023,3,22,20,1,1,6
16369,590,2023,4,22,18,3,1,2
16370,590,2023,5,20,19,1,0,8
16371,590,2023,6,23,20,3,0,2
16372,590,2023,7,21,18,1,2,5
16373,590,2023,8,21,15,4,2,6
16374,590,2023,9,23,20,1,2,6
16375,590,2023,10,22,19,2,1,7
16376,590,2023,11,23,21,0,2,0
16377,590,2023,12,21,15,4,2,6
16378,590,2024,1,23,21,1,1,0
16379,590,2024,2,22,22,0,0,6
16380,590,2024,3,23,21,0,2,0
16381,590,2024,4,22,16,4,2,0
16382,590,2024,5,23,23,0,0,0
16383,590,2024,6,22,20,1,1,6
16384,590,2024,7,23,20,2,1,3
16385,590,2024,8,21,15,4,2,8
16386,590,2024,9,20,16,2,2,7
16387,590,2024,10,20,18,2,0,6
16388,590,2024,11,22,22,0,0,8
16389,590,2024,12,22,20,2,0,6
16390,590,2025,1,21,20,1,0,1
16391,590,2025,2,21,20,0,1,8
16392,590,2025,3,23,19,3,1,7
16393,590,2025,4,21,16,4,1,5
16394,590,2025,5,21,19,1,1,6
16395,590,2025,6,22,19,3,0,0
16396,590,2025,7,20,19,0,1,6
16397,590,2025,8,22,20,0,2,1
16398,590,2025,9,20,14,4,2,8
16399,590,2025,10,20,18,1,1,5
16400,590,2025,11,20,17,3,0,3
16401,590,2025,12,20,17,2,1,5
16402,591,2025,4,21,19,0,2,0
16403,591,2025,5,21,18,1,2,0
16404,591,2025,6,22,18,4,0,0
16405,591,2025,7,20,20,0,0,2
16406,591,2025,8,20,18,2,0,2
16407,591,2025,9,23,22,0,1,3
16408,592,2025,7,21,18,1,2,2
16409,592,2025,8,23,19,4,0,6
16410,592,2025,9,22,20,0,2,2
16411,592,2025,10,20,14,4,2,6
16412,592,2025,11,23,17,4,2,1
16413,592,2025,12,21,18,2,1,6
16414,593,2023,9,21,19,2,0,2
16415,593,2023,10,21,19,0,2,3
16416,593,2023,11,22,18,4,0,2
16417,593,2023,12,20,17,2,1,1
16418,593,2024,1,22,16,4,2,0
16419,593,2024,2,23,23,0,0,0
16420,593,2024,3,20,19,1,0,8
16421,593,2024,4,23,22,0,1,7
16422,593,2024,5,22,20,0,2,5
16423,593,2024,6,20,14,4,2,8
16424,593,2024,7,22,19,3,0,3
16425,593,2024,8,23,19,2,2,4
16426,593,2024,9,21,21,0,0,2
16427,593,2024,10,23,21,0,2,4
16428,593,2024,11,22,20,0,2,7
16429,593,2024,12,21,20,1,0,3
16430,593,2025,1,20,15,3,2,3
16431,593,2025,2,23,19,4,0,6
16432,593,2025,3,22,22,0,0,6
16433,593,2025,4,22,18,4,0,6
16434,593,2025,5,22,19,2,1,8
16435,593,2025,6,21,20,1,0,4
16436,593,2025,7,20,17,2,1,3
16437,593,2025,8,21,19,2,0,2
16438,593,2025,9,23,19,4,0,2
16439,593,2025,10,23,18,3,2,7
16440,593,2025,11,21,19,1,1,5
16441,593,2025,12,20,17,1,2,5
16442,594,2025,1,20,20,0,0,6
16443,594,2025,2,22,20,2,0,4
16444,594,2025,3,21,17,2,2,0
16445,594,2025,4,21,21,0,0,2
16446,594,2025,5,22,19,3,0,2
16447,594,2025,6,20,17,3,0,5
16448,594,2025,7,23,20,2,1,8
16449,594,2025,8,22,21,1,0,8
16450,594,2025,9,22,18,2,2,0
16451,594,2025,10,21,16,4,1,4
16452,594,2025,11,20,15,3,2,0
16453,594,2025,12,21,19,0,2,7
16454,595,2023,7,23,23,0,0,6
16455,595,2023,8,20,15,4,1,3
16456,595,2023,9,23,20,3,0,2
16457,595,2023,10,20,18,1,1,1
16458,595,2023,11,22,20,0,2,2
16459,595,2023,12,21,18,3,0,1
16460,595,2024,1,22,16,4,2,6
16461,595,2024,2,22,18,2,2,4
16462,595,2024,3,23,19,2,2,5
16463,595,2024,4,22,19,3,0,7
16464,595,2024,5,23,22,0,1,5
16465,595,2024,6,22,18,4,0,7
16466,595,2024,7,23,20,2,1,2
16467,595,2024,8,23,22,1,0,6
16468,595,2024,9,22,22,0,0,6
16469,595,2024,10,22,21,1,0,8
16470,595,2024,11,22,20,1,1,6
16471,595,2024,12,21,20,1,0,2
16472,595,2025,1,22,20,1,1,6
16473,595,2025,2,23,18,4,1,1
16474,595,2025,3,22,21,0,1,8
16475,595,2025,4,23,23,0,0,1
16476,595,2025,5,22,17,3,2,1
16477,595,2025,6,21,15,4,2,8
16478,595,2025,7,21,17,2,2,2
16479,595,2025,8,23,22,0,1,0
16480,595,2025,9,23,21,1,1,2
16481,595,2025,10,22,17,3,2,5
16482,595,2025,11,20,15,4,1,1
16483,595,2025,12,22,16,4,2,5
16484,596,2022,12,23,21,2,0,5
16485,596,2023,1,20,14,4,2,2
16486,596,2023,2,20,16,2,2,7
16487,596,2023,3,22,20,1,1,1
16488,596,2023,4,23,18,3,2,6
16489,596,2023,5,20,17,1,2,6
16490,596,2023,6,20,16,4,0,7
16491,596,2023,7,20,14,4,2,6
16492,596,2023,8,20,16,2,2,7
16493,596,2023,9,20,17,3,0,7
16494,596,2023,10,21,18,3,0,6
16495,596,2023,11,23,22,0,1,8
16496,596,2023,12,22,17,4,1,8
16497,596,2024,1,20,15,4,1,7
16498,596,2024,2,20,16,2,2,8
16499,596,2024,3,20,14,4,2,3
16500,596,2024,4,23,19,3,1,5
16501,596,2024,5,20,17,1,2,7
16502,596,2024,6,23,20,2,1,0
16503,596,2024,7,22,18,2,2,0
16504,596,2024,8,22,17,4,1,2
16505,596,2024,9,21,17,3,1,7
16506,596,2024,10,23,20,1,2,3
16507,596,2024,11,23,20,1,2,8
16508,596,2024,12,23,17,4,2,0
16509,596,2025,1,23,19,2,2,3
16510,596,2025,2,22,16,4,2,4
16511,596,2025,3,22,16,4,2,0
16512,597,2025,3,23,21,0,2,7
16513,597,2025,4,23,20,3,0,5
16514,597,2025,5,23,19,3,1,2
16515,597,2025,6,22,20,2,0,8
16516,597,2025,7,22,17,4,1,1
16517,597,2025,8,22,19,1,2,0
16518,597,2025,9,23,20,2,1,3
16519,597,2025,10,22,18,2,2,7
16520,597,2025,11,20,15,3,2,6
16521,597,2025,12,23,20,3,0,0
16522,598,2025,7,22,18,3,1,7
16523,598,2025,8,22,20,0,2,0
16524,598,2025,9,20,18,2,0,6
16525,598,2025,10,21,19,1,1,7
16526,598,2025,11,20,14,4,2,1
16527,598,2025,12,22,18,3,1,6
16528,599,2022,12,20,20,0,0,4
16529,599,2023,1,23,21,0,2,7
16530,599,2023,2,21,18,3,0,3
16531,599,2023,3,20,19,1,0,0
16532,599,2023,4,22,20,0,2,3
16533,599,2023,5,20,17,1,2,2
16534,599,2023,6,20,20,0,0,5
16535,599,2023,7,20,16,2,2,1
16536,599,2023,8,23,21,1,1,7
16537,599,2023,9,22,18,3,1,3
16538,599,2023,10,23,18,4,1,7
16539,599,2023,11,22,21,0,1,3
16540,599,2023,12,22,22,0,0,2
16541,599,2024,1,22,22,0,0,6
16542,599,2024,2,20,19,1,0,7
16543,599,2024,3,23,21,1,1,5
16544,599,2024,4,21,17,3,1,3
16545,599,2024,5,22,22,0,0,5
16546,599,2024,6,23,19,4,0,1
16547,599,2024,7,20,18,0,2,0
16548,599,2024,8,22,20,0,2,7
16549,599,2024,9,20,17,1,2,5
16550,599,2024,10,20,20,0,0,2
16551,599,2024,11,21,16,3,2,3
16552,599,2024,12,22,20,1,1,2
16553,599,2025,1,23,20,2,1,6
16554,599,2025,2,20,18,1,1,0
16555,599,2025,3,23,18,4,1,2
16556,599,2025,4,20,19,0,1,3
16557,599,2025,5,23,21,2,0,3
16558,599,2025,6,23,21,0,2,0
16559,599,2025,7,21,16,3,2,1
16560,599,2025,8,21,18,3,0,2
16561,599,2025,9,23,21,2,0,3
16562,599,2025,10,20,20,0,0,1
16563,599,2025,11,20,16,3,1,7
16564,599,2025,12,20,15,4,1,4
16565,600,2024,7,21,21,0,0,1
16566,600,2024,8,22,18,2,2,8
16567,600,2024,9,22,19,3,0,4
16568,600,2024,10,21,19,1,1,1
16569,600,2024,11,23,17,4,2,7
16570,600,2024,12,22,17,4,1,4
16571,600,2025,1,23,18,4,1,2
16572,600,2025,2,22,20,2,0,7
16573,600,2025,3,23,19,2,2,5
16574,600,2025,4,21,19,1,1,3
16575,600,2025,5,20,14,4,2,3
16576,600,2025,6,21,15,4,2,7
16577,600,2025,7,20,17,3,0,0
16578,600,2025,8,21,19,2,0,0
16579,601,2025,5,23,21,1,1,6
16580,601,2025,6,23,18,4,1,3
16581,601,2025,7,23,17,4,2,7
16582,601,2025,8,21,18,2,1,6
16583,601,2025,9,22,17,4,1,4
16584,601,2025,10,20,20,0,0,8
16585,601,2025,11,21,15,4,2,1
16586,601,2025,12,22,20,1,1,4
16587,602,2025,4,20,14,4,2,3
16588,602,2025,5,21,20,1,0,2
16589,602,2025,6,21,20,1,0,8
16590,602,2025,7,21,17,3,1,4
16591,602,2025,8,20,19,0,1,6
16592,602,2025,9,20,17,2,1,8
16593,603,2022,1,22,21,0,1,0
16594,603,2022,2,22,18,3,1,6
16595,603,2022,3,20,15,4,1,6
16596,603,2022,4,21,19,2,0,0
16597,603,2022,5,21,15,4,2,2
16598,603,2022,6,23,19,3,1,2
16599,603,2022,7,23,19,2,2,0
16600,603,2022,8,22,20,0,2,0
16601,603,2022,9,21,17,3,1,3
16602,603,2022,10,20,17,3,0,4
16603,603,2022,11,23,22,1,0,1
16604,603,2022,12,23,20,3,0,5
16605,603,2023,1,23,19,3,1,5
16606,603,2023,2,21,16,3,2,7
16607,603,2023,3,23,18,4,1,3
16608,603,2023,4,22,20,2,0,4
16609,603,2023,5,23,18,4,1,8
16610,603,2023,6,22,19,2,1,0
16611,603,2023,7,21,16,3,2,5
16612,603,2023,8,22,18,4,0,4
16613,603,2023,9,22,16,4,2,4
16614,603,2023,10,22,22,0,0,4
16615,603,2023,11,21,17,2,2,1
16616,603,2023,12,22,20,2,0,3
16617,603,2024,1,23,17,4,2,1
16618,603,2024,2,22,21,0,1,4
16619,603,2024,3,22,17,3,2,3
16620,603,2024,4,21,15,4,2,0
16621,603,2024,5,22,18,3,1,7
16622,603,2024,6,21,21,0,0,3
16623,603,2024,7,22,20,1,1,4
16624,603,2024,8,22,18,2,2,7
16625,603,2024,9,21,17,3,1,8
16626,603,2024,10,23,18,3,2,4
16627,603,2024,11,20,15,4,1,3
16628,603,2024,12,21,21,0,0,0
16629,603,2025,1,21,19,2,0,4
16630,603,2025,2,21,17,3,1,2
16631,603,2025,3,20,19,1,0,2
16632,603,2025,4,23,20,2,1,1
16633,603,2025,5,20,17,3,0,6
16634,603,2025,6,21,16,3,2,3
16635,603,2025,7,22,19,2,1,7
16636,603,2025,8,21,19,0,2,0
16637,603,2025,9,21,17,3,1,3
16638,603,2025,10,20,15,3,2,7
16639,603,2025,11,22,17,4,1,6
16640,603,2025,12,20,18,0,2,4
16641,604,2022,6,20,17,3,0,5
16642,604,2022,7,20,17,1,2,5
16643,604,2022,8,22,16,4,2,0
16644,604,2022,9,21,20,0,1,5
16645,604,2022,10,20,16,4,0,0
16646,604,2022,11,20,18,0,2,2
16647,604,2022,12,20,16,4,0,2
16648,604,2023,1,23,21,2,0,0
16649,604,2023,2,23,21,0,2,8
16650,604,2023,3,23,19,2,2,0
16651,604,2023,4,22,19,2,1,8
16652,604,2023,5,23,20,3,0,1
16653,604,2023,6,21,19,1,1,5
16654,604,2023,7,20,16,3,1,8
16655,604,2023,8,23,19,3,1,3
16656,604,2023,9,22,21,1,0,6
16657,604,2023,10,22,16,4,2,7
16658,604,2023,11,21,18,2,1,1
16659,604,2023,12,21,19,1,1,8
16660,604,2024,1,20,18,2,0,1
16661,604,2024,2,22,22,0,0,6
16662,604,2024,3,23,21,1,1,1
16663,604,2024,4,20,15,3,2,1
16664,604,2024,5,21,17,2,2,6
16665,604,2024,6,21,17,2,2,7
16666,604,2024,7,21,16,3,2,2
16667,604,2024,8,20,18,1,1,0
16668,604,2024,9,23,18,4,1,1
16669,604,2024,10,21,20,0,1,5
16670,604,2024,11,22,18,2,2,6
16671,604,2024,12,22,21,0,1,7
16672,604,2025,1,23,21,1,1,3
16673,604,2025,2,20,16,4,0,3
16674,604,2025,3,21,15,4,2,7
16675,604,2025,4,20,16,4,0,0
16676,604,2025,5,22,17,3,2,2
16677,604,2025,6,22,16,4,2,5
16678,604,2025,7,20,19,0,1,6
16679,604,2025,8,23,18,3,2,5
16680,604,2025,9,20,16,4,0,8
16681,604,2025,10,22,20,0,2,7
16682,604,2025,11,20,17,3,0,4
16683,604,2025,12,21,18,2,1,8
16684,605,2021,9,22,18,3,1,6
16685,605,2021,10,21,19,2,0,1
16686,605,2021,11,20,14,4,2,6
16687,605,2021,12,23,21,0,2,6
16688,605,2022,1,23,19,4,0,3
16689,605,2022,2,21,17,4,0,0
16690,605,2022,3,21,16,3,2,3
16691,605,2022,4,21,17,2,2,0
16692,606,2023,4,23,18,4,1,2
16693,606,2023,5,20,17,2,1,8
16694,606,2023,6,23,21,1,1,4
16695,606,2023,7,21,20,1,0,5
16696,606,2023,8,20,20,0,0,6
16697,606,2023,9,21,15,4,2,0
16698,606,2023,10,23,22,0,1,5
16699,606,2023,11,20,16,4,0,5
16700,606,2023,12,21,18,1,2,6
16701,606,2024,1,22,17,3,2,7
16702,606,2024,2,20,17,1,2,5
16703,606,2024,3,20,19,0,1,0
16704,606,2024,4,22,19,3,0,6
16705,606,2024,5,20,17,3,0,6
16706,606,2024,6,22,18,4,0,2
16707,606,2024,7,20,18,0,2,1
16708,606,2024,8,22,20,1,1,4
16709,606,2024,9,20,14,4,2,5
16710,606,2024,10,23,19,2,2,1
16711,606,2024,11,20,16,2,2,5
16712,606,2024,12,20,18,0,2,6
16713,606,2025,1,22,21,1,0,3
16714,606,2025,2,20,19,0,1,2
16715,606,2025,3,22,18,2,2,7
16716,606,2025,4,21,17,3,1,1
16717,606,2025,5,22,19,3,0,5
16718,606,2025,6,20,19,1,0,4
16719,606,2025,7,22,19,3,0,8
16720,606,2025,8,23,18,3,2,6
16721,606,2025,9,23,22,1,0,7
16722,606,2025,10,23,21,1,1,2
16723,606,2025,11,23,21,0,2,3
16724,606,2025,12,22,18,3,1,3
16725,607,2024,5,21,20,1,0,7
16726,607,2024,6,20,16,4,0,3
16727,607,2024,7,23,23,0,0,8
16728,607,2024,8,20,16,3,1,1
16729,607,2024,9,22,18,2,2,5
16730,607,2024,10,23,20,3,0,6
16731,607,2024,11,23,22,0,1,4
16732,607,2024,12,21,21,0,0,3
16733,607,2025,1,22,19,2,1,8
16734,607,2025,2,22,21,0,1,2
16735,607,2025,3,22,18,3,1,5
16736,607,2025,4,22,16,4,2,7
16737,607,2025,5,23,23,0,0,8
16738,607,2025,6,23,21,2,0,7
16739,607,2025,7,22,18,2,2,7
16740,607,2025,8,21,16,4,1,1
16741,607,2025,9,20,18,2,0,5
16742,607,2025,10,20,19,0,1,7
16743,607,2025,11,23,21,1,1,4
16744,607,2025,12,22,19,3,0,4
16745,608,2022,5,21,17,2,2,4
16746,608,2022,6,20,18,0,2,2
16747,608,2022,7,23,21,1,1,2
16748,608,2022,8,20,17,3,0,6
16749,608,2022,9,23,23,0,0,7
16750,608,2022,10,22,21,0,1,1
16751,608,2022,11,22,18,3,1,6
16752,608,2022,12,21,19,1,1,6
16753,608,2023,1,20,18,0,2,4
16754,608,2023,2,23,18,4,1,0
16755,608,2023,3,23,21,2,0,0
16756,608,2023,4,21,15,4,2,7
16757,608,2023,5,23,21,0,2,0
16758,608,2023,6,21,18,3,0,7
16759,608,2023,7,21,15,4,2,0
16760,608,2023,8,20,19,0,1,1
16761,608,2023,9,20,15,4,1,1
16762,608,2023,10,21,17,2,2,4
16763,608,2023,11,21,18,2,1,7
16764,608,2023,12,21,17,2,2,2
16765,608,2024,1,21,16,4,1,3
16766,608,2024,2,20,20,0,0,7
16767,608,2024,3,20,19,0,1,4
16768,608,2024,4,23,22,0,1,1
16769,608,2024,5,20,16,4,0,0
16770,608,2024,6,22,18,4,0,2
16771,608,2024,7,20,18,1,1,8
16772,608,2024,8,22,19,3,0,2
16773,608,2024,9,20,20,0,0,0
16774,608,2024,10,20,18,0,2,4
16775,608,2024,11,21,16,4,1,8
16776,608,2024,12,20,18,0,2,4
16777,608,2025,1,20,15,3,2,4
16778,608,2025,2,23,20,3,0,7
16779,608,2025,3,20,18,0,2,7
16780,608,2025,4,22,20,0,2,8
16781,608,2025,5,21,18,2,1,2
16782,608,2025,6,21,20,1,0,1
16783,608,2025,7,23,20,1,2,7
16784,608,2025,8,23,21,0,2,6
16785,608,2025,9,23,20,3,0,8
16786,608,2025,10,23,21,1,1,3
16787,608,2025,11,20,19,0,1,1
16788,608,2025,12,22,16,4,2,0
16789,609,2021,7,21,15,4,2,5
16790,609,2021,8,22,18,3,1,0
16791,609,2021,9,20,19,1,0,4
16792,609,2021,10,22,20,2,0,3
16793,609,2021,11,21,18,3,0,8
16794,609,2021,12,21,17,2,2,3
16795,609,2022,1,20,18,1,1,1
16796,609,2022,2,22,20,1,1,4
16797,609,2022,3,22,16,4,2,2
16798,609,2022,4,21,19,2,0,2
16799,609,2022,5,20,16,4,0,5
16800,609,2022,6,23,17,4,2,8
16801,609,2022,7,22,19,3,0,6
16802,609,2022,8,20,16,2,2,3
16803,609,2022,9,20,18,0,2,2
16804,609,2022,10,20,18,2,0,5
16805,609,2022,11,20,15,4,1,8
16806,609,2022,12,23,18,4,1,8
16807,609,2023,1,21,18,1,2,3
16808,609,2023,2,21,19,1,1,4
16809,609,2023,3,21,21,0,0,5
16810,609,2023,4,23,20,3,0,4
16811,609,2023,5,22,20,0,2,5
16812,609,2023,6,21,21,0,0,8
16813,609,2023,7,20,15,4,1,0
16814,609,2023,8,22,21,1,0,5
16815,609,2023,9,22,18,2,2,2
16816,609,2023,10,21,16,4,1,3
16817,609,2023,11,23,20,1,2,2
16818,609,2023,12,22,20,1,1,0
16819,609,2024,1,21,16,4,1,1
16820,609,2024,2,20,19,1,0,1
16821,610,2025,6,23,19,4,0,3
16822,610,2025,7,21,16,3,2,7
16823,610,2025,8,23,18,3,2,2
16824,610,2025,9,22,18,4,0,4
16825,610,2025,10,23,22,0,1,7
16826,610,2025,11,22,17,3,2,0
16827,610,2025,12,21,19,1,1,6
16828,611,2025,6,20,16,4,0,6
16829,611,2025,7,22,18,4,0,3
16830,611,2025,8,23,21,2,0,2
16831,611,2025,9,23,22,0,1,7
16832,611,2025,10,21,19,2,0,1
16833,611,2025,11,21,17,2,2,4
16834,611,2025,12,21,16,3,2,0
16835,612,2023,11,23,19,2,2,5
16836,612,2023,12,23,17,4,2,8
16837,612,2024,1,20,15,3,2,1
16838,612,2024,2,22,19,1,2,3
16839,612,2024,3,22,20,1,1,1
16840,612,2024,4,23,18,3,2,5
16841,612,2024,5,20,15,3,2,2
16842,612,2024,6,23,19,2,2,4
16843,612,2024,7,23,20,2,1,1
16844,612,2024,8,20,18,1,1,0
16845,612,2024,9,20,18,0,2,5
16846,612,2024,10,23,21,2,0,7
16847,612,2024,11,23,18,3,2,4
16848,612,2024,12,20,19,0,1,2
16849,612,2025,1,23,19,2,2,4
16850,612,2025,2,22,16,4,2,2
16851,612,2025,3,21,16,3,2,1
16852,612,2025,4,22,18,3,1,8
16853,612,2025,5,23,23,0,0,3
16854,612,2025,6,21,16,3,2,6
16855,612,2025,7,21,19,0,2,7
16856,612,2025,8,21,18,2,1,0
16857,612,2025,9,21,16,3,2,7
16858,612,2025,10,20,18,2,0,6
16859,612,2025,11,23,21,1,1,8
16860,612,2025,12,22,20,0,2,0
16861,613,2024,6,23,19,2,2,7
16862,613,2024,7,23,22,1,0,6
16863,613,2024,8,21,17,3,1,7
16864,613,2024,9,20,18,2,0,7
16865,613,2024,10,22,22,0,0,2
16866,613,2024,11,23,17,4,2,3
16867,613,2024,12,22,19,1,2,5
16868,613,2025,1,20,18,0,2,1
16869,613,2025,2,23,22,1,0,7
16870,613,2025,3,22,19,1,2,7
16871,613,2025,4,23,20,1,2,6
16872,613,2025,5,21,18,2,1,3
16873,613,2025,6,22,18,4,0,8
16874,613,2025,7,20,15,3,2,8
16875,613,2025,8,22,20,2,0,4
16876,613,2025,9,20,17,1,2,5
16877,613,2025,10,20,15,3,2,6
16878,613,2025,11,23,18,4,1,0
16879,613,2025,12,22,19,3,0,6
16880,614,2023,1,22,17,3,2,5
16881,614,2023,2,23,20,2,1,1
16882,614,2023,3,22,20,0,2,5
16883,614,2023,4,21,20,0,1,6
16884,614,2023,5,23,17,4,2,2
16885,614,2023,6,23,17,4,2,7
16886,614,2023,7,20,17,3,0,6
16887,614,2023,8,20,20,0,0,3
16888,614,2023,9,22,22,0,0,2
16889,614,2023,10,22,20,2,0,3
16890,614,2023,11,21,17,2,2,3
16891,614,2023,12,20,14,4,2,4
16892,614,2024,1,20,17,3,0,4
16893,614,2024,2,20,14,4,2,0
16894,614,2024,3,23,18,3,2,5
16895,614,2024,4,21,17,2,2,6
16896,614,2024,5,21,20,0,1,6
16897,614,2024,6,20,20,0,0,4
16898,614,2024,7,21,20,0,1,4
16899,614,2024,8,20,17,1,2,6
16900,614,2024,9,23,20,2,1,6
16901,614,2024,10,22,20,0,2,1
16902,614,2024,11,20,17,1,2,0
16903,614,2024,12,20,18,1,1,3
16904,614,2025,1,22,19,2,1,8
16905,614,2025,2,21,17,3,1,6
16906,614,2025,3,22,19,2,1,5
16907,614,2025,4,21,16,3,2,3
16908,614,2025,5,22,17,4,1,5
16909,614,2025,6,22,20,2,0,2
16910,614,2025,7,22,20,2,0,0
16911,614,2025,8,20,17,2,1,6
16912,614,2025,9,20,14,4,2,2
16913,614,2025,10,20,20,0,0,8
16914,614,2025,11,23,19,4,0,4
16915,614,2025,12,23,21,2,0,1
16916,615,2021,7,23,18,4,1,3
16917,615,2021,8,21,20,1,0,6
16918,615,2021,9,20,18,2,0,7
16919,615,2021,10,22,20,2,0,7
16920,615,2021,11,21,19,1,1,2
16921,615,2021,12,21,16,4,1,2
16922,615,2022,1,23,19,2,2,4
16923,615,2022,2,23,18,3,2,5
16924,615,2022,3,22,20,0,2,7
16925,615,2022,4,22,18,3,1,6
16926,615,2022,5,21,16,4,1,1
16927,615,2022,6,22,22,0,0,4
16928,615,2022,7,21,20,0,1,4
16929,615,2022,8,20,17,3,0,8
16930,615,2022,9,21,19,2,0,0
16931,615,2022,10,21,18,3,0,5
16932,615,2022,11,21,19,0,2,0
16933,615,2022,12,22,19,1,2,6
16934,615,2023,1,21,19,2,0,5
16935,615,2023,2,21,18,3,0,5
16936,615,2023,3,21,18,2,1,2
16937,615,2023,4,21,21,0,0,3
16938,615,2023,5,20,16,3,1,3
16939,615,2023,6,22,18,4,0,8
16940,615,2023,7,23,20,1,2,4
16941,615,2023,8,21,19,2,0,6
16942,615,2023,9,23,22,1,0,5
16943,615,2023,10,20,16,2,2,4
16944,615,2023,11,20,16,3,1,4
16945,615,2023,12,21,17,2,2,1
16946,615,2024,1,23,22,1,0,5
16947,615,2024,2,22,21,1,0,8
16948,615,2024,3,20,15,3,2,8
16949,615,2024,4,22,17,4,1,1
16950,615,2024,5,20,18,2,0,7
16951,615,2024,6,21,18,3,0,8
16952,615,2024,7,22,18,2,2,3
16953,615,2024,8,21,20,0,1,7
16954,615,2024,9,20,18,1,1,8
16955,615,2024,10,23,21,0,2,0
16956,615,2024,11,21,21,0,0,2
16957,615,2024,12,20,17,3,0,7
16958,615,2025,1,22,19,1,2,8
16959,615,2025,2,21,20,0,1,5
16960,615,2025,3,21,17,3,1,7
16961,615,2025,4,23,20,1,2,2
16962,615,2025,5,23,18,3,2,7
16963,615,2025,6,22,18,3,1,7
16964,615,2025,7,20,18,0,2,8
16965,616,2024,4,21,18,2,1,0
16966,616,2024,5,20,16,4,0,8
16967,616,2024,6,22,20,1,1,6
16968,617,2022,11,20,15,3,2,5
16969,617,2022,12,21,15,4,2,7
16970,617,2023,1,22,18,2,2,3
16971,617,2023,2,20,19,0,1,5
16972,617,2023,3,22,19,2,1,0
16973,617,2023,4,21,19,1,1,0
16974,617,2023,5,23,20,3,0,1
16975,617,2023,6,21,17,2,2,0
16976,617,2023,7,22,16,4,2,8
16977,617,2023,8,20,18,1,1,0
16978,617,2023,9,23,18,4,1,1
16979,617,2023,10,20,17,1,2,6
16980,617,2023,11,23,19,3,1,8
16981,617,2023,12,22,17,3,2,8
16982,617,2024,1,21,17,2,2,2
16983,617,2024,2,22,18,2,2,5
16984,617,2024,3,22,18,3,1,4
16985,617,2024,4,21,18,1,2,2
16986,617,2024,5,21,17,4,0,2
16987,617,2024,6,21,21,0,0,2
16988,617,2024,7,22,20,0,2,5
16989,617,2024,8,22,17,4,1,5
16990,617,2024,9,20,15,3,2,7
16991,617,2024,10,23,18,4,1,5
16992,617,2024,11,23,18,3,2,4
16993,617,2024,12,22,18,3,1,0
16994,617,2025,1,22,21,1,0,8
16995,617,2025,2,21,19,0,2,6
16996,617,2025,3,21,19,0,2,0
16997,617,2025,4,22,20,2,0,3
16998,617,2025,5,23,21,0,2,8
16999,618,2025,2,20,17,3,0,0
17000,618,2025,3,23,22,0,1,7
17001,618,2025,4,21,18,2,1,1
17002,618,2025,5,22,21,1,0,3
17003,618,2025,6,20,16,3,1,1
17004,619,2021,8,23,21,1,1,2
17005,619,2021,9,22,16,4,2,0
17006,619,2021,10,22,22,0,0,4
17007,619,2021,11,20,17,1,2,6
17008,619,2021,12,20,17,3,0,0
17009,619,2022,1,22,21,1,0,2
17010,619,2022,2,22,19,1,2,3
17011,619,2022,3,22,18,3,1,0
17012,619,2022,4,20,20,0,0,6
17013,619,2022,5,20,20,0,0,1
17014,619,2022,6,21,18,1,2,5
17015,619,2022,7,20,14,4,2,5
17016,619,2022,8,23,19,4,0,7
17017,619,2022,9,23,21,2,0,0
17018,619,2022,10,23,20,1,2,1
17019,619,2022,11,23,21,1,1,4
17020,619,2022,12,21,19,0,2,3
17021,619,2023,1,22,16,4,2,5
17022,619,2023,2,22,21,1,0,4
17023,619,2023,3,21,17,2,2,1
17024,620,2023,9,20,14,4,2,7
17025,620,2023,10,23,19,3,1,1
17026,620,2023,11,20,18,1,1,4
17027,620,2023,12,21,17,3,1,5
17028,620,2024,1,20,18,0,2,8
17029,620,2024,2,20,19,0,1,8
17030,620,2024,3,23,21,1,1,4
17031,620,2024,4,22,21,1,0,1
17032,620,2024,5,22,16,4,2,3
17033,620,2024,6,21,17,2,2,6
17034,620,2024,7,21,18,3,0,6
17035,620,2024,8,22,20,2,0,8
17036,620,2024,9,20,19,1,0,4
17037,620,2024,10,21,16,4,1,6
17038,620,2024,11,23,23,0,0,5
17039,620,2024,12,20,17,3,0,4
17040,620,2025,1,21,20,0,1,5
17041,620,2025,2,20,16,2,2,2
17042,620,2025,3,22,19,1,2,3
17043,620,2025,4,22,17,3,2,4
17044,620,2025,5,22,18,4,0,3
17045,620,2025,6,20,20,0,0,4
17046,620,2025,7,20,16,2,2,4
17047,620,2025,8,21,18,3,0,0
17048,620,2025,9,21,17,2,2,6
17049,620,2025,10,20,18,1,1,2
17050,620,2025,11,23,18,3,2,8
17051,620,2025,12,22,17,4,1,3
17052,621,2024,12,20,16,2,2,8
17053,621,2025,1,20,17,2,1,6
17054,621,2025,2,21,18,1,2,0
17055,621,2025,3,23,23,0,0,7
17056,621,2025,4,22,18,2,2,5
17057,621,2025,5,20,16,2,2,6
17058,621,2025,6,21,15,4,2,5
17059,621,2025,7,22,18,4,0,0
17060,621,2025,8,22,16,4,2,8
17061,621,2025,9,20,16,2,2,5
17062,621,2025,10,22,17,3,2,2
17063,621,2025,11,21,20,0,1,0
17064,621,2025,12,21,18,3,0,5
17065,622,2025,10,23,20,1,2,4
17066,622,2025,11,21,18,2,1,4
17067,622,2025,12,21,20,1,0,4
17068,623,2021,12,21,17,2,2,0
17069,623,2022,1,23,23,0,0,3
17070,623,2022,2,20,20,0,0,3
17071,623,2022,3,20,17,2,1,6
17072,623,2022,4,20,16,2,2,0
17073,623,2022,5,23,19,3,1,4
17074,623,2022,6,22,21,0,1,8
17075,623,2022,7,23,21,1,1,1
17076,623,2022,8,23,17,4,2,2
17077,623,2022,9,20,20,0,0,5
17078,623,2022,10,22,18,4,0,0
17079,623,2022,11,22,20,0,2,8
17080,623,2022,12,21,20,0,1,0
17081,623,2023,1,20,18,0,2,7
17082,623,2023,2,20,18,1,1,3
17083,623,2023,3,21,17,4,0,8
17084,623,2023,4,23,18,3,2,2
17085,623,2023,5,22,19,3,0,1
17086,623,2023,6,23,21,2,0,7
17087,623,2023,7,22,18,3,1,3
17088,623,2023,8,23,21,2,0,8
17089,623,2023,9,20,16,2,2,1
17090,623,2023,10,22,16,4,2,0
17091,623,2023,11,23,17,4,2,6
17092,623,2023,12,23,21,0,2,4
17093,623,2024,1,23,20,3,0,0
17094,624,2022,6,21,16,3,2,4
17095,624,2022,7,21,15,4,2,1
17096,624,2022,8,20,17,3,0,5
17097,624,2022,9,23,19,4,0,3
17098,624,2022,10,21,16,4,1,5
17099,624,2022,11,21,16,3,2,3
17100,624,2022,12,21,20,0,1,2
17101,624,2023,1,23,20,3,0,8
17102,624,2023,2,20,15,4,1,7
17103,624,2023,3,23,19,2,2,1
17104,624,2023,4,20,18,0,2,5
17105,624,2023,5,22,19,2,1,1
17106,624,2023,6,21,18,2,1,5
17107,624,2023,7,20,15,3,2,1
17108,624,2023,8,22,17,4,1,4
17109,624,2023,9,22,19,3,0,2
17110,624,2023,10,22,18,4,0,4
17111,624,2023,11,23,20,3,0,8
17112,624,2023,12,22,18,4,0,5
17113,624,2024,1,22,22,0,0,5
17114,624,2024,2,22,19,1,2,5
17115,624,2024,3,21,21,0,0,8
17116,624,2024,4,20,15,3,2,5
17117,624,2024,5,22,18,2,2,0
17118,624,2024,6,22,17,4,1,8
17119,624,2024,7,21,16,4,1,2
17120,624,2024,8,22,20,1,1,7
17121,624,2024,9,22,19,1,2,0
17122,624,2024,10,20,19,1,0,7
17123,624,2024,11,22,18,4,0,2
17124,624,2024,12,21,20,0,1,6
17125,624,2025,1,23,18,3,2,2
17126,624,2025,2,21,16,3,2,4
17127,624,2025,3,22,22,0,0,8
17128,624,2025,4,22,20,2,0,8
17129,624,2025,5,22,17,4,1,5
17130,624,2025,6,23,22,1,0,0
17131,624,2025,7,23,20,3,0,7
17132,624,2025,8,21,20,1,0,4
17133,624,2025,9,23,21,0,2,3
17134,624,2025,10,23,19,2,2,7
17135,624,2025,11,20,17,3,0,4
17136,624,2025,12,20,16,4,0,2
17137,625,2023,11,20,16,4,0,1
17138,625,2023,12,23,19,3,1,0
17139,625,2024,1,22,17,3,2,2
17140,625,2024,2,23,19,2,2,0
17141,625,2024,3,22,18,4,0,3
17142,625,2024,4,22,19,2,1,6
17143,625,2024,5,21,18,1,2,7
17144,625,2024,6,21,16,4,1,5
17145,625,2024,7,23,23,0,0,1
17146,625,2024,8,23,20,3,0,6
17147,625,2024,9,23,23,0,0,1
17148,625,2024,10,22,20,2,0,2
17149,625,2024,11,22,17,4,1,6
17150,625,2024,12,20,18,1,1,3
17151,625,2025,1,23,17,4,2,7
17152,625,2025,2,23,17,4,2,5
17153,625,2025,3,23,23,0,0,0
17154,625,2025,4,21,21,0,0,1
17155,625,2025,5,21,15,4,2,5
17156,625,2025,6,23,21,1,1,0
17157,625,2025,7,21,16,4,1,8
17158,625,2025,8,20,17,2,1,5
17159,625,2025,9,21,18,2,1,0
17160,625,2025,10,23,21,1,1,4
17161,625,2025,11,23,20,2,1,0
17162,625,2025,12,22,20,2,0,1
17163,626,2021,4,20,19,1,0,0
17164,626,2021,5,20,20,0,0,2
17165,626,2021,6,22,20,1,1,2
17166,626,2021,7,23,17,4,2,6
17167,626,2021,8,21,18,2,1,6
17168,626,2021,9,21,20,0,1,4
17169,626,2021,10,22,20,1,1,4
17170,626,2021,11,23,18,3,2,2
17171,626,2021,12,22,19,1,2,3
17172,626,2022,1,23,22,1,0,5
17173,626,2022,2,22,18,4,0,6
17174,626,2022,3,22,18,2,2,2
17175,626,2022,4,20,20,0,0,8
17176,626,2022,5,22,16,4,2,4
17177,626,2022,6,21,17,4,0,6
17178,626,2022,7,23,23,0,0,2
17179,626,2022,8,23,18,3,2,4
17180,626,2022,9,21,19,0,2,0
17181,626,2022,10,23,17,4,2,0
17182,626,2022,11,22,19,3,0,8
17183,626,2022,12,21,17,3,1,1
17184,626,2023,1,22,18,2,2,7
17185,626,2023,2,21,20,0,1,4
17186,626,2023,3,23,22,0,1,5
17187,626,2023,4,22,20,2,0,1
17188,626,2023,5,22,18,3,1,5
17189,626,2023,6,22,20,2,0,2
17190,626,2023,7,20,16,4,0,5
17191,626,2023,8,22,22,0,0,0
17192,626,2023,9,21,17,2,2,8
17193,626,2023,10,20,16,3,1,2
17194,626,2023,11,20,19,0,1,3
17195,626,2023,12,21,17,4,0,2
17196,626,2024,1,20,16,2,2,2
17197,626,2024,2,20,15,3,2,4
17198,626,2024,3,21,20,0,1,6
17199,626,2024,4,22,20,0,2,5
17200,626,2024,5,20,16,3,1,4
17201,626,2024,6,21,17,4,0,2
17202,626,2024,7,21,17,2,2,7
17203,626,2024,8,21,17,2,2,4
17204,626,2024,9,20,15,3,2,1
17205,626,2024,10,23,19,2,2,0
17206,626,2024,11,21,21,0,0,1
17207,626,2024,12,22,20,2,0,2
17208,626,2025,1,22,17,3,2,4
17209,626,2025,2,23,20,2,1,0
17210,626,2025,3,22,18,2,2,2
17211,626,2025,4,23,22,1,0,1
17212,626,2025,5,23,21,2,0,8
17213,626,2025,6,20,20,0,0,7
17214,627,2023,8,20,16,2,2,1
17215,627,2023,9,22,18,3,1,5
17216,627,2023,10,23,21,1,1,5
17217,627,2023,11,23,22,0,1,5
17218,627,2023,12,21,16,4,1,8
17219,627,2024,1,20,18,0,2,5
17220,627,2024,2,23,19,3,1,0
17221,627,2024,3,23,21,1,1,5
17222,627,2024,4,23,19,3,1,8
17223,627,2024,5,21,15,4,2,7
17224,627,2024,6,23,20,2,1,0
17225,627,2024,7,23,21,0,2,7
17226,627,2024,8,21,16,4,1,7
17227,627,2024,9,20,16,4,0,6
17228,627,2024,10,20,18,1,1,2
17229,627,2024,11,22,18,3,1,6
17230,627,2024,12,23,20,3,0,4
17231,627,2025,1,21,17,4,0,6
17232,627,2025,2,22,21,1,0,6
17233,627,2025,3,23,19,4,0,0
17234,627,2025,4,22,19,3,0,8
17235,627,2025,5,21,17,4,0,2
17236,627,2025,6,22,21,0,1,1
17237,627,2025,7,22,20,2,0,1
17238,627,2025,8,22,20,2,0,4
17239,627,2025,9,20,15,4,1,7
17240,627,2025,10,23,20,3,0,2
17241,627,2025,11,21,16,4,1,7
17242,627,2025,12,21,17,2,2,1
17243,628,2021,8,22,20,1,1,3
17244,628,2021,9,21,16,3,2,6
17245,628,2021,10,21,18,2,1,2
17246,628,2021,11,22,18,3,1,0
17247,628,2021,12,21,19,2,0,3
17248,628,2022,1,21,18,2,1,8
17249,628,2022,2,23,21,2,0,6
17250,628,2022,3,22,22,0,0,7
17251,628,2022,4,22,18,2,2,1
17252,628,2022,5,20,17,2,1,4
17253,628,2022,6,22,19,3,0,6
17254,628,2022,7,21,18,1,2,5
17255,628,2022,8,23,18,3,2,8
17256,628,2022,9,21,20,0,1,7
17257,628,2022,10,21,16,4,1,1
17258,628,2022,11,22,20,1,1,8
17259,628,2022,12,20,18,0,2,5
17260,628,2023,1,21,20,0,1,7
17261,628,2023,2,21,15,4,2,6
17262,628,2023,3,21,15,4,2,0
17263,628,2023,4,21,21,0,0,3
17264,628,2023,5,22,16,4,2,8
17265,628,2023,6,21,18,2,1,5
17266,628,2023,7,20,18,0,2,8
17267,628,2023,8,20,20,0,0,2
17268,628,2023,9,21,18,1,2,0
17269,628,2023,10,22,19,1,2,6
17270,628,2023,11,23,18,3,2,5
17271,628,2023,12,21,18,3,0,0
17272,628,2024,1,23,21,1,1,1
17273,628,2024,2,21,19,0,2,0
17274,628,2024,3,22,22,0,0,2
17275,628,2024,4,21,19,1,1,0
17276,628,2024,5,22,21,1,0,1
17277,628,2024,6,23,22,0,1,8
17278,628,2024,7,21,18,2,1,8
17279,628,2024,8,23,17,4,2,1
17280,628,2024,9,21,20,0,1,2
17281,628,2024,10,23,19,3,1,3
17282,628,2024,11,23,21,0,2,2
17283,628,2024,12,20,16,3,1,6
17284,628,2025,1,20,19,1,0,6
17285,628,2025,2,21,17,2,2,2
17286,628,2025,3,21,17,3,1,2
17287,628,2025,4,21,15,4,2,5
17288,628,2025,5,23,23,0,0,1
17289,628,2025,6,22,18,4,0,2
17290,628,2025,7,22,17,3,2,0
17291,628,2025,8,23,19,3,1,1
17292,628,2025,9,20,18,0,2,8
17293,628,2025,10,20,17,2,1,6
17294,628,2025,11,22,19,3,0,4
17295,628,2025,12,22,17,4,1,4
17296,629,2022,12,21,19,2,0,7
17297,629,2023,1,23,21,2,0,2
17298,629,2023,2,21,18,2,1,3
17299,629,2023,3,20,16,3,1,5
17300,629,2023,4,22,17,4,1,8
17301,629,2023,5,23,21,1,1,5
17302,629,2023,6,21,18,1,2,3
17303,629,2023,7,23,21,1,1,7
17304,629,2023,8,23,19,2,2,6
17305,629,2023,9,20,17,1,2,5
17306,629,2023,10,22,17,4,1,7
17307,629,2023,11,23,22,1,0,5
17308,629,2023,12,21,21,0,0,1
17309,629,2024,1,22,19,2,1,0
17310,629,2024,2,20,16,3,1,8
17311,629,2024,3,20,19,1,0,3
17312,629,2024,4,22,21,1,0,8
17313,629,2024,5,20,16,2,2,5
17314,629,2024,6,20,15,3,2,0
17315,629,2024,7,20,15,3,2,3
17316,629,2024,8,21,19,1,1,7
17317,629,2024,9,21,15,4,2,4
17318,629,2024,10,20,20,0,0,5
17319,629,2024,11,21,15,4,2,1
17320,629,2024,12,22,20,2,0,4
17321,629,2025,1,22,19,2,1,3
17322,629,2025,2,23,22,0,1,6
17323,629,2025,3,20,19,1,0,3
17324,629,2025,4,23,19,3,1,4
17325,629,2025,5,22,18,3,1,7
17326,629,2025,6,20,17,2,1,6
17327,629,2025,7,23,22,0,1,2
17328,629,2025,8,21,17,4,0,0
17329,629,2025,9,23,23,0,0,5
17330,629,2025,10,20,15,3,2,5
17331,629,2025,11,23,19,4,0,6
17332,629,2025,12,21,21,0,0,2
17333,630,2025,1,22,16,4,2,6
17334,630,2025,2,21,16,3,2,1
17335,630,2025,3,21,18,3,0,1
17336,630,2025,4,22,20,0,2,0
17337,630,2025,5,22,20,2,0,4
17338,630,2025,6,20,15,3,2,2
17339,630,2025,7,23,21,0,2,8
17340,630,2025,8,22,17,4,1,8
17341,630,2025,9,21,18,2,1,0
17342,630,2025,10,20,17,2,1,8
17343,630,2025,11,20,15,3,2,3
17344,630,2025,12,22,21,0,1,0
17345,631,2024,4,20,18,1,1,5
17346,631,2024,5,23,20,3,0,0
17347,631,2024,6,21,19,0,2,5
17348,631,2024,7,21,20,0,1,1
17349,631,2024,8,23,20,1,2,0
17350,631,2024,9,23,19,2,2,2
17351,631,2024,10,20,19,0,1,4
17352,631,2024,11,23,21,1,1,7
17353,631,2024,12,20,15,4,1,1
17354,631,2025,1,22,19,2,1,1
17355,631,2025,2,21,18,1,2,7
17356,631,2025,3,20,17,3,0,8
17357,631,2025,4,23,19,4,0,6
17358,631,2025,5,23,21,1,1,2
17359,631,2025,6,23,20,2,1,7
17360,631,2025,7,21,18,1,2,7
17361,632,2024,8,23,18,3,2,8
17362,632,2024,9,20,18,1,1,6
17363,632,2024,10,23,18,4,1,2
17364,632,2024,11,22,19,1,2,5
17365,632,2024,12,23,19,2,2,5
17366,632,2025,1,20,18,1,1,7
17367,632,2025,2,20,16,4,0,0
17368,632,2025,3,23,20,3,0,0
17369,632,2025,4,23,22,0,1,1
17370,633,2023,4,22,20,1,1,2
17371,633,2023,5,21,20,0,1,8
17372,633,2023,6,20,18,0,2,5
17373,633,2023,7,20,17,2,1,5
17374,633,2023,8,23,19,2,2,8
17375,633,2023,9,20,17,1,2,3
17376,633,2023,10,20,17,3,0,0
17377,633,2023,11,20,17,3,0,6
17378,633,2023,12,20,15,4,1,6
17379,633,2024,1,22,18,2,2,5
17380,633,2024,2,21,21,0,0,0
17381,633,2024,3,20,18,1,1,0
17382,633,2024,4,20,19,0,1,4
17383,633,2024,5,23,19,2,2,3
17384,633,2024,6,21,17,2,2,1
17385,633,2024,7,21,15,4,2,5
17386,633,2024,8,21,18,3,0,2
17387,633,2024,9,21,20,0,1,4
17388,633,2024,10,21,16,4,1,3
17389,633,2024,11,21,17,4,0,4
17390,633,2024,12,23,19,2,2,0
17391,633,2025,1,20,16,2,2,5
17392,633,2025,2,22,19,2,1,0
17393,633,2025,3,21,16,4,1,2
17394,633,2025,4,22,21,1,0,2
17395,633,2025,5,21,17,2,2,6
17396,633,2025,6,20,14,4,2,4
17397,633,2025,7,20,17,1,2,6
17398,633,2025,8,21,17,4,0,3
17399,633,2025,9,21,18,3,0,4
17400,633,2025,10,21,16,4,1,6
17401,633,2025,11,23,18,3,2,2
17402,633,2025,12,21,18,2,1,0
17403,634,2025,5,23,22,0,1,6
17404,634,2025,6,21,20,1,0,6
17405,634,2025,7,20,16,4,0,8
17406,634,2025,8,20,16,3,1,0
17407,634,2025,9,23,21,1,1,7
17408,635,2023,3,20,16,4,0,2
17409,635,2023,4,21,18,3,0,3
17410,635,2023,5,21,17,2,2,0
17411,635,2023,6,20,19,1,0,7
17412,635,2023,7,21,18,1,2,5
17413,635,2023,8,20,18,2,0,6
17414,635,2023,9,22,21,1,0,7
17415,635,2023,10,20,18,1,1,6
17416,635,2023,11,20,19,1,0,4
17417,635,2023,12,23,21,0,2,4
17418,635,2024,1,20,17,3,0,2
17419,635,2024,2,20,17,2,1,6
17420,635,2024,3,22,19,2,1,1
17421,635,2024,4,23,21,2,0,2
17422,635,2024,5,22,19,1,2,4
17423,635,2024,6,22,19,3,0,1
17424,635,2024,7,22,17,3,2,2
17425,636,2025,8,21,18,2,1,1
17426,636,2025,9,20,18,1,1,1
17427,636,2025,10,20,14,4,2,4
17428,637,2024,7,20,18,0,2,7
17429,637,2024,8,21,16,3,2,2
17430,637,2024,9,23,20,2,1,0
17431,637,2024,10,22,21,0,1,7
17432,637,2024,11,23,20,2,1,5
17433,637,2024,12,20,14,4,2,8
17434,637,2025,1,20,16,2,2,7
17435,637,2025,2,22,18,4,0,7
17436,637,2025,3,22,19,2,1,6
17437,637,2025,4,23,20,1,2,3
17438,637,2025,5,20,14,4,2,7
17439,637,2025,6,21,18,1,2,5
17440,637,2025,7,23,21,2,0,3
17441,637,2025,8,23,19,4,0,4
17442,637,2025,9,21,20,1,0,0
17443,637,2025,10,21,19,0,2,6
17444,637,2025,11,23,21,0,2,1
17445,637,2025,12,23,23,0,0,1
17446,638,2023,3,23,22,0,1,1
17447,638,2023,4,20,16,4,0,4
17448,638,2023,5,23,21,2,0,1
17449,638,2023,6,22,17,4,1,5
17450,638,2023,7,22,18,4,0,1
17451,638,2023,8,22,17,4,1,0
17452,638,2023,9,22,16,4,2,8
17453,638,2023,10,23,20,2,1,2
17454,638,2023,11,23,18,4,1,6
17455,638,2023,12,20,15,4,1,5
17456,638,2024,1,20,17,1,2,7
17457,638,2024,2,20,15,4,1,7
17458,638,2024,3,22,22,0,0,6
17459,638,2024,4,21,17,2,2,6
17460,638,2024,5,23,23,0,0,3
17461,638,2024,6,23,19,4,0,5
17462,638,2024,7,23,17,4,2,1
17463,638,2024,8,20,18,0,2,1
17464,638,2024,9,21,19,1,1,0
17465,638,2024,10,23,22,1,0,0
17466,638,2024,11,20,16,2,2,3
17467,638,2024,12,20,17,3,0,1
17468,638,2025,1,22,17,3,2,3
17469,638,2025,2,22,18,3,1,5
17470,638,2025,3,23,20,3,0,4
17471,638,2025,4,23,20,3,0,0
17472,638,2025,5,21,18,1,2,6
17473,638,2025,6,20,17,1,2,8
17474,638,2025,7,20,17,1,2,5
17475,638,2025,8,21,16,3,2,7
17476,638,2025,9,21,16,3,2,3
17477,638,2025,10,22,19,2,1,6
17478,638,2025,11,22,19,2,1,7
17479,638,2025,12,23,23,0,0,7
17480,639,2025,4,22,21,1,0,4
17481,639,2025,5,20,15,3,2,7
17482,639,2025,6,23,19,3,1,7
17483,639,2025,7,22,16,4,2,0
17484,639,2025,8,20,17,2,1,3
17485,639,2025,9,23,20,2,1,8
17486,639,2025,10,21,15,4,2,2
17487,639,2025,11,23,18,3,2,7
17488,639,2025,12,23,21,0,2,1
17489,640,2023,8,20,19,0,1,3
17490,640,2023,9,22,20,2,0,1
17491,640,2023,10,20,18,2,0,2
17492,640,2023,11,23,21,2,0,7
17493,640,2023,12,23,19,3,1,8
17494,640,2024,1,23,20,3,0,2
17495,640,2024,2,23,20,2,1,1
17496,640,2024,3,20,15,3,2,4
17497,640,2024,4,23,17,4,2,4
17498,640,2024,5,22,17,4,1,0
17499,640,2024,6,22,19,3,0,3
17500,640,2024,7,22,18,4,0,4
17501,640,2024,8,22,19,1,2,5
17502,640,2024,9,23,23,0,0,7
17503,640,2024,10,21,19,2,0,7
17504,640,2024,11,21,17,4,0,8
17505,640,2024,12,22,16,4,2,0
17506,640,2025,1,21,19,1,1,6
17507,640,2025,2,22,18,4,0,0
17508,640,2025,3,23,21,2,0,0
17509,640,2025,4,20,19,1,0,1
17510,640,2025,5,23,19,2,2,6
17511,640,2025,6,21,18,3,0,1
17512,640,2025,7,23,18,4,1,6
17513,640,2025,8,22,19,3,0,8
17514,640,2025,9,20,16,3,1,8
17515,640,2025,10,20,18,2,0,3
17516,640,2025,11,23,22,0,1,3
17517,640,2025,12,21,21,0,0,5
17518,641,2023,10,22,17,4,1,7
17519,641,2023,11,23,20,2,1,5
17520,641,2023,12,22,20,0,2,4
17521,641,2024,1,23,22,1,0,5
17522,641,2024,2,23,19,3,1,0
17523,641,2024,3,22,17,4,1,5
17524,641,2024,4,20,17,3,0,5
17525,641,2024,5,23,19,3,1,2
17526,641,2024,6,22,16,4,2,6
17527,641,2024,7,21,16,4,1,7
17528,641,2024,8,20,15,4,1,2
17529,641,2024,9,20,17,1,2,6
17530,641,2024,10,23,21,1,1,5
17531,641,2024,11,22,17,4,1,5
17532,641,2024,12,22,20,1,1,1
17533,641,2025,1,20,17,2,1,8
17534,641,2025,2,22,21,0,1,1
17535,641,2025,3,23,23,0,0,2
17536,641,2025,4,20,17,3,0,7
17537,641,2025,5,20,16,4,0,3
17538,641,2025,6,21,18,3,0,8
17539,641,2025,7,20,14,4,2,8
17540,641,2025,8,21,17,2,2,1
17541,641,2025,9,21,20,1,0,2
17542,641,2025,10,23,18,4,1,5
17543,641,2025,11,21,19,1,1,6
17544,641,2025,12,20,17,3,0,5
17545,642,2025,5,21,19,0,2,3
17546,642,2025,6,22,20,0,2,5
17547,642,2025,7,21,17,4,0,5
17548,642,2025,8,22,20,2,0,2
17549,642,2025,9,21,18,3,0,4
17550,642,2025,10,21,17,3,1,5
17551,642,2025,11,21,17,4,0,7
17552,642,2025,12,22,19,2,1,4
17553,643,2023,2,21,21,0,0,5
17554,643,2023,3,23,18,4,1,0
17555,643,2023,4,22,18,3,1,1
17556,643,2023,5,23,21,0,2,5
17557,643,2023,6,20,16,4,0,8
17558,643,2023,7,21,16,4,1,2
17559,643,2023,8,23,20,2,1,8
17560,643,2023,9,21,17,3,1,1
17561,643,2023,10,21,17,3,1,7
17562,643,2023,11,22,21,1,0,4
17563,643,2023,12,22,21,0,1,3
17564,643,2024,1,21,18,2,1,3
17565,643,2024,2,22,21,1,0,8
17566,643,2024,3,20,16,4,0,1
17567,643,2024,4,21,21,0,0,5
17568,643,2024,5,23,23,0,0,8
17569,643,2024,6,20,15,3,2,4
17570,643,2024,7,21,17,4,0,4
17571,643,2024,8,21,19,0,2,2
17572,643,2024,9,23,18,3,2,3
17573,643,2024,10,21,18,3,0,8
17574,643,2024,11,23,19,3,1,7
17575,643,2024,12,21,17,3,1,6
17576,643,2025,1,20,18,1,1,0
17577,643,2025,2,20,18,1,1,2
17578,643,2025,3,22,19,3,0,3
17579,643,2025,4,21,16,3,2,3
17580,643,2025,5,20,17,1,2,2
17581,643,2025,6,21,18,1,2,7
17582,643,2025,7,23,22,1,0,7
17583,643,2025,8,22,19,3,0,2
17584,643,2025,9,21,20,1,0,7
17585,643,2025,10,20,16,3,1,7
17586,643,2025,11,21,20,1,0,0
17587,643,2025,12,21,21,0,0,8
17588,644,2021,2,21,19,2,0,8
17589,644,2021,3,21,17,2,2,4
17590,644,2021,4,23,19,2,2,6
17591,644,2021,5,21,19,0,2,3
17592,644,2021,6,20,18,1,1,0
17593,644,2021,7,23,22,0,1,7
17594,644,2021,8,22,22,0,0,8
17595,644,2021,9,23,23,0,0,5
17596,644,2021,10,23,19,2,2,0
17597,644,2021,11,20,16,3,1,4
17598,644,2021,12,21,15,4,2,1
17599,644,2022,1,21,20,0,1,0
17600,644,2022,2,21,19,1,1,0
17601,644,2022,3,21,16,4,1,3
17602,644,2022,4,23,19,3,1,8
17603,644,2022,5,23,21,0,2,1
17604,644,2022,6,22,16,4,2,5
17605,644,2022,7,22,20,1,1,5
17606,644,2022,8,20,16,2,2,8
17607,644,2022,9,22,17,3,2,1
17608,644,2022,10,22,21,0,1,1
17609,644,2022,11,21,17,2,2,2
17610,644,2022,12,20,19,0,1,3
17611,644,2023,1,21,16,3,2,0
17612,644,2023,2,23,21,0,2,8
17613,644,2023,3,22,21,0,1,6
17614,644,2023,4,20,17,2,1,5
17615,644,2023,5,23,18,3,2,0
17616,644,2023,6,22,17,3,2,4
17617,644,2023,7,22,18,2,2,1
17618,644,2023,8,23,18,3,2,1
17619,644,2023,9,22,18,4,0,7
17620,644,2023,10,22,22,0,0,1
17621,644,2023,11,21,21,0,0,1
17622,644,2023,12,21,19,2,0,0
17623,644,2024,1,22,20,0,2,8
17624,644,2024,2,22,18,4,0,0
17625,644,2024,3,21,17,2,2,6
17626,644,2024,4,23,18,4,1,6
17627,644,2024,5,21,20,0,1,3
17628,644,2024,6,23,19,3,1,7
17629,644,2024,7,20,19,0,1,5
17630,644,2024,8,22,20,1,1,0
17631,644,2024,9,22,21,1,0,1
17632,644,2024,10,23,20,2,1,7
17633,644,2024,11,22,19,2,1,5
17634,644,2024,12,21,17,2,2,2
17635,644,2025,1,22,19,3,0,5
17636,644,2025,2,23,23,0,0,1
17637,644,2025,3,23,23,0,0,2
17638,644,2025,4,22,18,4,0,4
17639,644,2025,5,21,15,4,2,4
17640,644,2025,6,21,21,0,0,4
17641,644,2025,7,20,17,2,1,8
17642,644,2025,8,23,18,3,2,0
17643,644,2025,9,22,20,0,2,2
17644,644,2025,10,23,20,2,1,1
17645,644,2025,11,22,18,3,1,4
17646,644,2025,12,21,21,0,0,8
17647,645,2021,6,23,21,2,0,8
17648,645,2021,7,21,15,4,2,1
17649,645,2021,8,23,19,3,1,3
17650,645,2021,9,21,15,4,2,5
17651,645,2021,10,21,19,0,2,7
17652,645,2021,11,23,20,3,0,6
17653,645,2021,12,21,19,0,2,5
17654,645,2022,1,21,20,0,1,3
17655,645,2022,2,21,20,1,0,3
17656,645,2022,3,22,19,2,1,8
17657,645,2022,4,20,14,4,2,4
17658,645,2022,5,22,20,0,2,3
17659,645,2022,6,21,18,2,1,7
17660,645,2022,7,21,15,4,2,7
17661,645,2022,8,20,16,3,1,3
17662,645,2022,9,20,16,2,2,5
17663,645,2022,10,22,20,0,2,8
17664,645,2022,11,23,21,1,1,1
17665,645,2022,12,22,18,4,0,1
17666,645,2023,1,20,17,1,2,4
17667,645,2023,2,21,16,3,2,6
17668,645,2023,3,21,18,2,1,4
17669,645,2023,4,23,20,3,0,0
17670,645,2023,5,20,16,4,0,4
17671,645,2023,6,20,14,4,2,0
17672,645,2023,7,21,20,1,0,1
17673,645,2023,8,22,18,4,0,2
17674,645,2023,9,22,17,4,1,5
17675,645,2023,10,23,22,0,1,4
17676,645,2023,11,21,17,4,0,0
17677,645,2023,12,20,20,0,0,6
17678,645,2024,1,20,16,2,2,7
17679,645,2024,2,20,17,1,2,4
17680,645,2024,3,22,19,2,1,0
17681,645,2024,4,23,17,4,2,7
17682,645,2024,5,21,17,3,1,0
17683,645,2024,6,23,22,0,1,5
17684,645,2024,7,23,19,4,0,1
17685,645,2024,8,20,19,1,0,7
17686,645,2024,9,20,20,0,0,7
17687,645,2024,10,22,22,0,0,8
17688,645,2024,11,23,21,2,0,3
17689,645,2024,12,22,17,4,1,2
17690,645,2025,1,22,17,4,1,4
17691,645,2025,2,21,19,2,0,1
17692,645,2025,3,23,21,2,0,0
17693,645,2025,4,22,20,0,2,5
17694,645,2025,5,22,21,0,1,5
17695,645,2025,6,20,20,0,0,1
17696,645,2025,7,20,18,0,2,0
17697,645,2025,8,20,16,2,2,8
17698,645,2025,9,20,14,4,2,7
17699,645,2025,10,20,18,2,0,0
17700,645,2025,11,22,17,3,2,5
17701,645,2025,12,23,18,3,2,7
17702,646,2021,10,23,23,0,0,5
17703,646,2021,11,20,20,0,0,8
17704,646,2021,12,22,18,4,0,7
17705,646,2022,1,23,18,4,1,0
17706,646,2022,2,22,20,2,0,3
17707,646,2022,3,22,17,3,2,1
17708,646,2022,4,21,18,1,2,7
17709,646,2022,5,21,15,4,2,1
17710,646,2022,6,21,15,4,2,0
17711,646,2022,7,22,20,0,2,8
17712,646,2022,8,22,18,2,2,1
17713,646,2022,9,20,17,2,1,4
17714,646,2022,10,20,14,4,2,7
17715,646,2022,11,21,19,1,1,8
17716,646,2022,12,22,19,1,2,2
17717,646,2023,1,20,16,4,0,6
17718,646,2023,2,23,21,2,0,6
17719,646,2023,3,20,19,1,0,0
17720,646,2023,4,20,19,1,0,1
17721,646,2023,5,22,20,1,1,1
17722,646,2023,6,22,17,4,1,6
17723,646,2023,7,21,18,1,2,7
17724,646,2023,8,23,19,3,1,2
17725,646,2023,9,23,19,4,0,2
17726,646,2023,10,20,17,3,0,0
17727,646,2023,11,23,17,4,2,8
17728,646,2023,12,21,16,4,1,5
17729,646,2024,1,20,18,0,2,7
17730,646,2024,2,20,16,3,1,8
17731,646,2024,3,23,17,4,2,0
17732,646,2024,4,22,18,4,0,8
17733,646,2024,5,22,17,3,2,0
17734,646,2024,6,21,20,0,1,3
17735,646,2024,7,20,19,1,0,6
17736,646,2024,8,21,21,0,0,7
17737,646,2024,9,23,19,2,2,8
17738,646,2024,10,23,19,3,1,7
17739,646,2024,11,22,19,1,2,8
17740,646,2024,12,23,21,1,1,3
17741,646,2025,1,23,20,1,2,2
17742,646,2025,2,21,18,3,0,6
17743,646,2025,3,20,18,0,2,0
17744,646,2025,4,21,16,3,2,2
17745,646,2025,5,23,18,4,1,2
17746,646,2025,6,20,17,2,1,2
17747,646,2025,7,23,19,3,1,1
17748,646,2025,8,23,17,4,2,2
17749,646,2025,9,23,21,0,2,6
17750,646,2025,10,21,18,1,2,3
17751,646,2025,11,20,15,3,2,6
17752,646,2025,12,20,17,3,0,5
17753,647,2025,5,22,19,2,1,0
17754,647,2025,6,22,19,3,0,8
17755,647,2025,7,20,15,4,1,5
17756,647,2025,8,21,15,4,2,2
17757,647,2025,9,22,16,4,2,5
17758,647,2025,10,20,16,2,2,7
17759,648,2024,4,21,18,1,2,2
17760,648,2024,5,20,20,0,0,7
17761,648,2024,6,22,18,4,0,2
17762,648,2024,7,21,20,1,0,0
17763,648,2024,8,21,17,2,2,7
17764,648,2024,9,21,20,0,1,7
17765,648,2024,10,21,18,3,0,8
17766,648,2024,11,23,19,3,1,0
17767,648,2024,12,22,18,2,2,0
17768,648,2025,1,23,21,1,1,4
17769,648,2025,2,20,15,4,1,3
17770,648,2025,3,20,15,3,2,2
17771,648,2025,4,20,16,3,1,2
17772,648,2025,5,20,16,4,0,5
17773,648,2025,6,20,17,3,0,8
17774,648,2025,7,23,21,0,2,4
17775,648,2025,8,21,19,2,0,2
17776,648,2025,9,20,18,0,2,1
17777,648,2025,10,20,17,1,2,3
17778,648,2025,11,23,17,4,2,2
17779,648,2025,12,22,18,3,1,2
17780,649,2024,5,20,20,0,0,4
17781,649,2024,6,23,18,4,1,3
17782,649,2024,7,22,18,4,0,5
17783,649,2024,8,22,18,4,0,0
17784,649,2024,9,23,21,0,2,6
17785,649,2024,10,20,18,1,1,0
17786,649,2024,11,21,19,2,0,2
17787,649,2024,12,22,19,3,0,6
17788,649,2025,1,23,20,2,1,8
17789,649,2025,2,20,17,2,1,7
17790,649,2025,3,23,20,1,2,3
17791,649,2025,4,22,17,3,2,8
17792,649,2025,5,23,22,1,0,1
17793,649,2025,6,22,20,2,0,2
17794,649,2025,7,23,20,3,0,7
17795,649,2025,8,22,19,2,1,3
17796,649,2025,9,21,20,0,1,3
17797,649,2025,10,22,16,4,2,3
17798,649,2025,11,23,18,4,1,6
17799,649,2025,12,20,19,1,0,7
17800,650,2024,5,22,16,4,2,8
17801,650,2024,6,21,19,0,2,0
17802,650,2024,7,23,18,4,1,6
17803,650,2024,8,21,17,4,0,1
17804,650,2024,9,23,20,1,2,8
17805,650,2024,10,20,18,2,0,1
17806,650,2024,11,23,18,3,2,4
17807,650,2024,12,23,17,4,2,2
17808,650,2025,1,23,20,3,0,8
17809,650,2025,2,21,16,4,1,2
17810,650,2025,3,23,21,1,1,6
17811,650,2025,4,23,17,4,2,8
17812,650,2025,5,22,19,2,1,2
17813,650,2025,6,20,17,2,1,1
17814,650,2025,7,21,18,3,0,6
17815,650,2025,8,20,16,2,2,0
17816,650,2025,9,21,16,3,2,6
17817,650,2025,10,21,18,3,0,2
17818,650,2025,11,23,17,4,2,8
17819,650,2025,12,20,16,3,1,6
17820,651,2024,11,21,19,2,0,7
17821,651,2024,12,21,20,1,0,7
17822,651,2025,1,21,18,1,2,4
17823,651,2025,2,20,15,4,1,4
17824,651,2025,3,23,21,1,1,2
17825,651,2025,4,21,17,4,0,6
17826,651,2025,5,22,20,0,2,3
17827,651,2025,6,23,22,1,0,4
17828,651,2025,7,23,18,3,2,1
17829,651,2025,8,20,18,2,0,5
17830,651,2025,9,21,20,0,1,7
17831,651,2025,10,20,17,2,1,0
17832,651,2025,11,22,17,3,2,3
17833,651,2025,12,20,20,0,0,7
17834,652,2024,10,23,22,1,0,0
17835,652,2024,11,21,17,4,0,8
17836,652,2024,12,22,19,2,1,6
17837,652,2025,1,22,20,2,0,7
17838,652,2025,2,21,17,2,2,0
17839,652,2025,3,21,16,4,1,0
17840,652,2025,4,23,23,0,0,3
17841,652,2025,5,20,18,1,1,7
17842,652,2025,6,23,20,2,1,3
17843,652,2025,7,21,16,4,1,7
17844,652,2025,8,20,16,4,0,5
17845,652,2025,9,20,16,2,2,4
17846,652,2025,10,20,16,3,1,3
17847,652,2025,11,20,16,3,1,1
17848,652,2025,12,20,18,0,2,6
17849,653,2023,11,20,18,0,2,1
17850,653,2023,12,20,19,1,0,6
17851,653,2024,1,21,18,1,2,0
17852,653,2024,2,21,18,1,2,2
17853,653,2024,3,22,21,0,1,7
17854,653,2024,4,22,16,4,2,4
17855,653,2024,5,22,21,0,1,8
17856,653,2024,6,20,15,3,2,5
17857,653,2024,7,20,17,1,2,2
17858,653,2024,8,20,18,0,2,1
17859,653,2024,9,23,18,4,1,0
17860,653,2024,10,20,17,1,2,4
17861,653,2024,11,20,15,4,1,4
17862,653,2024,12,23,20,3,0,8
17863,653,2025,1,21,21,0,0,3
17864,653,2025,2,22,19,2,1,1
17865,653,2025,3,21,19,1,1,2
17866,653,2025,4,23,21,0,2,1
17867,653,2025,5,20,18,2,0,5
17868,653,2025,6,21,19,1,1,1
17869,653,2025,7,22,21,1,0,1
17870,653,2025,8,21,16,3,2,7
17871,653,2025,9,21,20,1,0,1
17872,653,2025,10,22,19,2,1,6
17873,653,2025,11,22,22,0,0,1
17874,653,2025,12,21,19,1,1,3
17875,654,2021,11,23,20,1,2,8
17876,654,2021,12,20,18,0,2,1
17877,654,2022,1,22,21,1,0,1
17878,654,2022,2,22,20,0,2,5
17879,654,2022,3,22,16,4,2,2
17880,654,2022,4,22,22,0,0,6
17881,654,2022,5,23,19,2,2,6
17882,654,2022,6,22,18,2,2,5
17883,654,2022,7,23,23,0,0,1
17884,654,2022,8,21,18,3,0,2
17885,654,2022,9,20,16,4,0,6
17886,654,2022,10,21,20,0,1,7
17887,654,2022,11,23,23,0,0,4
17888,654,2022,12,22,21,1,0,6
17889,654,2023,1,20,18,1,1,0
17890,654,2023,2,21,18,1,2,0
17891,654,2023,3,22,20,0,2,8
17892,654,2023,4,23,19,3,1,8
17893,654,2023,5,22,16,4,2,3
17894,654,2023,6,20,19,1,0,1
17895,654,2023,7,20,17,2,1,0
17896,654,2023,8,22,16,4,2,6
17897,654,2023,9,23,21,0,2,1
17898,654,2023,10,22,17,4,1,7
17899,654,2023,11,20,18,1,1,5
17900,654,2023,12,23,17,4,2,3
17901,654,2024,1,20,15,3,2,7
17902,654,2024,2,20,17,3,0,8
17903,654,2024,3,20,16,3,1,7
17904,654,2024,4,22,19,3,0,8
17905,654,2024,5,20,19,1,0,8
17906,654,2024,6,23,19,2,2,7
17907,654,2024,7,21,18,1,2,4
17908,655,2022,6,22,19,1,2,0
17909,655,2022,7,22,22,0,0,8
17910,655,2022,8,20,14,4,2,3
17911,655,2022,9,20,20,0,0,8
17912,655,2022,10,22,21,1,0,8
17913,655,2022,11,20,16,2,2,3
17914,655,2022,12,20,14,4,2,1
17915,655,2023,1,21,18,1,2,5
17916,655,2023,2,23,20,3,0,6
17917,655,2023,3,23,21,1,1,7
17918,655,2023,4,20,16,3,1,4
17919,655,2023,5,23,21,0,2,6
17920,655,2023,6,22,20,0,2,8
17921,655,2023,7,22,20,0,2,0
17922,655,2023,8,22,20,2,0,7
17923,655,2023,9,22,17,4,1,3
17924,655,2023,10,23,20,2,1,4
17925,655,2023,11,23,17,4,2,2
17926,655,2023,12,23,20,2,1,5
17927,655,2024,1,21,18,1,2,4
17928,655,2024,2,20,18,0,2,4
17929,655,2024,3,20,19,0,1,1
17930,655,2024,4,20,17,3,0,6
17931,655,2024,5,20,17,2,1,3
17932,655,2024,6,23,18,4,1,8
17933,655,2024,7,21,18,3,0,2
17934,655,2024,8,21,18,3,0,0
17935,655,2024,9,23,19,2,2,5
17936,655,2024,10,23,18,4,1,4
17937,655,2024,11,22,18,4,0,1
17938,655,2024,12,21,17,4,0,1
17939,655,2025,1,23,20,2,1,5
17940,655,2025,2,23,17,4,2,3
17941,655,2025,3,22,20,0,2,4
17942,655,2025,4,23,18,4,1,8
17943,655,2025,5,21,17,3,1,7
17944,655,2025,6,22,21,0,1,8
17945,655,2025,7,21,16,3,2,2
17946,655,2025,8,21,16,4,1,2
17947,655,2025,9,21,16,3,2,8
17948,655,2025,10,21,19,2,0,6
17949,655,2025,11,20,17,2,1,2
17950,655,2025,12,22,21,0,1,5
17951,656,2024,8,21,18,3,0,1
17952,656,2024,9,22,21,1,0,5
17953,656,2024,10,20,18,1,1,5
17954,656,2024,11,22,18,2,2,4
17955,656,2024,12,23,22,0,1,4
17956,656,2025,1,22,16,4,2,0
17957,656,2025,2,20,18,2,0,3
17958,656,2025,3,21,17,2,2,0
17959,656,2025,4,20,19,0,1,3
17960,656,2025,5,23,22,1,0,6
17961,656,2025,6,22,18,2,2,3
17962,656,2025,7,21,17,4,0,7
17963,656,2025,8,20,16,2,2,4
17964,656,2025,9,23,19,3,1,1
17965,656,2025,10,20,18,0,2,0
17966,656,2025,11,21,17,2,2,5
17967,656,2025,12,21,21,0,0,7
17968,657,2022,11,20,15,4,1,1
17969,657,2022,12,23,19,4,0,3
17970,657,2023,1,20,16,2,2,0
17971,657,2023,2,23,20,1,2,4
17972,657,2023,3,20,17,3,0,6
17973,657,2023,4,20,18,2,0,4
17974,657,2023,5,23,17,4,2,3
17975,657,2023,6,21,18,1,2,5
17976,657,2023,7,21,15,4,2,0
17977,657,2023,8,21,17,3,1,1
17978,657,2023,9,21,17,4,0,6
17979,657,2023,10,21,16,4,1,0
17980,657,2023,11,21,17,4,0,5
17981,657,2023,12,20,16,4,0,6
17982,657,2024,1,23,19,2,2,8
17983,657,2024,2,20,16,2,2,7
17984,657,2024,3,21,19,2,0,0
17985,657,2024,4,20,18,2,0,6
17986,657,2024,5,21,18,2,1,3
17987,657,2024,6,21,18,2,1,7
17988,657,2024,7,21,19,0,2,5
17989,657,2024,8,20,18,2,0,3
17990,657,2024,9,23,20,3,0,1
17991,657,2024,10,20,16,3,1,1
17992,657,2024,11,21,21,0,0,3
17993,657,2024,12,22,20,0,2,8
17994,657,2025,1,22,21,1,0,7
17995,657,2025,2,23,23,0,0,6
17996,657,2025,3,21,17,4,0,0
17997,657,2025,4,21,19,0,2,2
17998,657,2025,5,22,19,2,1,0
17999,657,2025,6,20,16,4,0,3
18000,657,2025,7,22,18,3,1,0
18001,657,2025,8,21,20,1,0,7
18002,657,2025,9,21,19,2,0,1
18003,657,2025,10,23,19,4,0,8
18004,657,2025,11,21,17,4,0,2
18005,657,2025,12,20,19,0,1,5
18006,658,2024,10,21,16,4,1,7
18007,658,2024,11,23,20,2,1,1
18008,658,2024,12,21,18,3,0,0
18009,658,2025,1,20,18,1,1,3
18010,658,2025,2,23,20,1,2,0
18011,658,2025,3,22,17,4,1,6
18012,658,2025,4,20,14,4,2,0
18013,658,2025,5,23,22,0,1,0
18014,658,2025,6,21,20,1,0,0
18015,658,2025,7,21,19,1,1,5
18016,658,2025,8,22,18,4,0,6
18017,658,2025,9,23,19,4,0,6
18018,658,2025,10,20,18,2,0,2
18019,658,2025,11,21,19,1,1,7
18020,658,2025,12,23,23,0,0,8
18021,659,2022,3,22,19,2,1,0
18022,659,2022,4,22,19,2,1,1
18023,659,2022,5,22,18,2,2,8
18024,659,2022,6,22,21,1,0,4
18025,659,2022,7,23,22,0,1,0
18026,659,2022,8,21,21,0,0,4
18027,659,2022,9,20,19,0,1,2
18028,659,2022,10,20,18,1,1,2
18029,659,2022,11,20,19,0,1,1
18030,659,2022,12,20,15,4,1,1
18031,659,2023,1,23,18,4,1,3
18032,659,2023,2,23,20,2,1,0
18033,659,2023,3,22,19,2,1,6
18034,659,2023,4,21,17,4,0,8
18035,659,2023,5,22,16,4,2,0
18036,659,2023,6,23,22,0,1,5
18037,659,2023,7,21,19,2,0,3
18038,659,2023,8,23,20,2,1,3
18039,659,2023,9,20,19,1,0,2
18040,659,2023,10,20,16,2,2,2
18041,659,2023,11,21,21,0,0,3
18042,659,2023,12,23,20,1,2,4
18043,659,2024,1,20,14,4,2,3
18044,659,2024,2,23,17,4,2,0
18045,659,2024,3,22,17,3,2,3
18046,659,2024,4,22,19,1,2,5
18047,659,2024,5,22,19,1,2,6
18048,659,2024,6,22,18,3,1,1
18049,659,2024,7,23,23,0,0,8
18050,659,2024,8,21,18,3,0,4
18051,659,2024,9,21,19,0,2,4
18052,659,2024,10,23,19,4,0,2
18053,659,2024,11,21,21,0,0,2
18054,659,2024,12,23,19,4,0,1
18055,659,2025,1,20,18,2,0,7
18056,659,2025,2,23,21,0,2,7
18057,659,2025,3,23,17,4,2,3
18058,659,2025,4,23,21,2,0,0
18059,659,2025,5,21,20,0,1,1
18060,659,2025,6,20,14,4,2,1
18061,659,2025,7,23,23,0,0,4
18062,659,2025,8,21,20,0,1,2
18063,659,2025,9,21,15,4,2,3
18064,659,2025,10,23,21,1,1,0
18065,659,2025,11,21,19,0,2,0
18066,659,2025,12,22,19,2,1,3
18067,660,2025,1,20,18,2,0,0
18068,660,2025,2,20,19,1,0,6
18069,660,2025,3,23,23,0,0,6
18070,660,2025,4,22,19,2,1,1
18071,660,2025,5,23,21,2,0,7
18072,660,2025,6,23,21,2,0,8
18073,660,2025,7,20,19,0,1,8
18074,660,2025,8,23,19,2,2,4
18075,660,2025,9,23,20,2,1,6
18076,660,2025,10,23,23,0,0,2
18077,660,2025,11,21,17,4,0,8
18078,660,2025,12,21,18,2,1,8
18079,661,2023,12,20,16,3,1,7
18080,661,2024,1,20,18,1,1,6
18081,661,2024,2,22,18,3,1,5
18082,661,2024,3,21,15,4,2,6
18083,661,2024,4,20,15,4,1,0
18084,661,2024,5,21,18,1,2,8
18085,661,2024,6,21,20,1,0,5
18086,661,2024,7,23,18,4,1,6
18087,661,2024,8,21,18,1,2,7
18088,661,2024,9,20,16,2,2,0
18089,661,2024,10,20,18,2,0,1
18090,661,2024,11,23,18,3,2,3
18091,661,2024,12,21,20,0,1,2
18092,661,2025,1,22,17,3,2,6
18093,661,2025,2,20,17,1,2,3
18094,661,2025,3,23,18,4,1,1
18095,661,2025,4,21,16,4,1,5
18096,661,2025,5,22,18,4,0,2
18097,661,2025,6,23,17,4,2,5
18098,661,2025,7,20,15,3,2,4
18099,661,2025,8,20,14,4,2,6
18100,661,2025,9,20,18,0,2,6
18101,661,2025,10,22,17,4,1,0
18102,661,2025,11,23,19,4,0,0
18103,661,2025,12,21,19,2,0,4
18104,662,2022,3,20,15,4,1,8
18105,662,2022,4,20,19,1,0,4
18106,662,2022,5,23,20,2,1,3
18107,662,2022,6,22,17,4,1,6
18108,662,2022,7,20,17,1,2,4
18109,662,2022,8,22,18,3,1,4
18110,662,2022,9,20,16,2,2,1
18111,662,2022,10,23,20,3,0,1
18112,662,2022,11,23,22,0,1,5
18113,662,2022,12,21,19,0,2,2
18114,662,2023,1,22,20,2,0,6
18115,662,2023,2,23,18,3,2,3
18116,662,2023,3,23,19,4,0,4
18117,662,2023,4,22,20,1,1,3
18118,662,2023,5,21,19,1,1,0
18119,662,2023,6,22,17,4,1,4
18120,662,2023,7,21,18,1,2,3
18121,662,2023,8,23,17,4,2,4
18122,662,2023,9,21,18,3,0,2
18123,662,2023,10,22,17,3,2,2
18124,662,2023,11,23,20,3,0,7
18125,662,2023,12,21,19,1,1,4
18126,662,2024,1,23,21,1,1,7
18127,662,2024,2,20,17,1,2,4
18128,662,2024,3,21,18,1,2,4
18129,662,2024,4,20,18,1,1,7
18130,662,2024,5,23,18,4,1,5
18131,662,2024,6,22,21,1,0,8
18132,662,2024,7,21,18,1,2,6
18133,662,2024,8,23,19,3,1,6
18134,662,2024,9,23,22,0,1,3
18135,662,2024,10,21,17,3,1,2
18136,662,2024,11,22,18,3,1,0
18137,662,2024,12,21,17,4,0,0
18138,662,2025,1,23,17,4,2,8
18139,662,2025,2,22,18,2,2,5
18140,662,2025,3,22,18,4,0,8
18141,662,2025,4,21,20,1,0,3
18142,662,2025,5,20,18,2,0,6
18143,662,2025,6,22,20,0,2,2
18144,662,2025,7,21,18,3,0,6
18145,662,2025,8,22,21,0,1,0
18146,662,2025,9,21,18,1,2,4
18147,662,2025,10,22,18,3,1,4
18148,662,2025,11,22,22,0,0,4
18149,662,2025,12,20,17,3,0,1
18150,663,2024,7,23,22,1,0,2
18151,663,2024,8,20,16,4,0,1
18152,663,2024,9,22,21,0,1,5
18153,663,2024,10,21,20,1,0,7
18154,663,2024,11,20,19,1,0,0
18155,663,2024,12,20,17,1,2,4
18156,663,2025,1,20,18,1,1,0
18157,663,2025,2,21,18,2,1,2
18158,663,2025,3,22,18,4,0,6
18159,664,2025,5,20,16,2,2,6
18160,664,2025,6,23,18,3,2,4
18161,664,2025,7,21,19,2,0,6
18162,664,2025,8,21,19,2,0,5
18163,664,2025,9,23,22,0,1,3
18164,664,2025,10,20,16,2,2,0
18165,664,2025,11,20,17,1,2,7
18166,664,2025,12,23,21,2,0,1
18167,665,2025,6,20,18,1,1,8
18168,665,2025,7,22,21,0,1,1
18169,665,2025,8,22,18,3,1,8
18170,665,2025,9,21,15,4,2,0
18171,665,2025,10,20,18,0,2,8
18172,665,2025,11,20,18,2,0,1
18173,665,2025,12,20,17,3,0,1
18174,666,2023,11,20,17,3,0,1
18175,666,2023,12,20,17,1,2,3
18176,666,2024,1,20,15,3,2,4
18177,666,2024,2,21,19,1,1,5
18178,666,2024,3,22,16,4,2,8
18179,666,2024,4,20,18,0,2,0
18180,666,2024,5,23,20,2,1,1
18181,666,2024,6,22,17,3,2,0
18182,666,2024,7,21,16,4,1,8
18183,666,2024,8,20,18,1,1,5
18184,666,2024,9,21,15,4,2,5
18185,666,2024,10,23,19,3,1,1
18186,666,2024,11,20,16,4,0,2
18187,666,2024,12,23,17,4,2,8
18188,666,2025,1,20,16,3,1,1
18189,666,2025,2,20,16,2,2,0
18190,666,2025,3,23,22,0,1,7
18191,666,2025,4,23,21,1,1,3
18192,666,2025,5,23,21,2,0,6
18193,666,2025,6,21,17,4,0,1
18194,666,2025,7,21,19,2,0,3
18195,666,2025,8,23,19,2,2,5
18196,666,2025,9,23,19,3,1,5
18197,666,2025,10,21,19,1,1,3
18198,666,2025,11,21,19,2,0,4
18199,666,2025,12,21,21,0,0,3
18200,667,2023,6,22,20,2,0,6
18201,667,2023,7,20,14,4,2,5
18202,667,2023,8,21,19,1,1,5
18203,667,2023,9,22,19,3,0,8
18204,667,2023,10,21,21,0,0,5
18205,667,2023,11,21,20,0,1,7
18206,667,2023,12,22,19,3,0,3
18207,667,2024,1,23,20,3,0,6
18208,667,2024,2,21,18,3,0,1
18209,667,2024,3,22,17,3,2,5
18210,667,2024,4,23,19,3,1,3
18211,667,2024,5,20,16,3,1,1
18212,667,2024,6,23,21,2,0,6
18213,667,2024,7,20,17,3,0,0
18214,667,2024,8,23,21,1,1,1
18215,667,2024,9,20,18,2,0,3
18216,667,2024,10,22,22,0,0,8
18217,667,2024,11,23,20,2,1,5
18218,667,2024,12,22,20,0,2,0
18219,667,2025,1,22,16,4,2,5
18220,667,2025,2,20,20,0,0,1
18221,667,2025,3,23,19,3,1,7
18222,667,2025,4,22,18,2,2,7
18223,667,2025,5,23,19,4,0,2
18224,667,2025,6,23,20,3,0,3
18225,667,2025,7,20,17,1,2,1
18226,667,2025,8,21,16,4,1,3
18227,667,2025,9,21,18,2,1,8
18228,667,2025,10,22,18,3,1,7
18229,667,2025,11,20,16,4,0,7
18230,667,2025,12,23,21,2,0,6
18231,668,2022,10,20,16,3,1,0
18232,668,2022,11,21,21,0,0,8
18233,668,2022,12,20,18,0,2,4
18234,668,2023,1,20,18,1,1,2
18235,668,2023,2,22,19,2,1,8
18236,668,2023,3,23,19,2,2,4
18237,668,2023,4,20,14,4,2,2
18238,668,2023,5,21,19,1,1,4
18239,668,2023,6,22,18,2,2,2
18240,668,2023,7,23,21,1,1,0
18241,668,2023,8,23,19,3,1,0
18242,669,2023,9,23,18,3,2,2
18243,669,2023,10,23,19,3,1,5
18244,669,2023,11,22,20,2,0,8
18245,669,2023,12,23,20,2,1,3
18246,669,2024,1,20,14,4,2,6
18247,669,2024,2,20,18,2,0,3
18248,669,2024,3,22,20,1,1,7
18249,669,2024,4,21,19,2,0,3
18250,669,2024,5,21,19,0,2,2
18251,669,2024,6,20,18,1,1,2
18252,669,2024,7,21,21,0,0,4
18253,669,2024,8,21,15,4,2,2
18254,669,2024,9,22,20,2,0,5
18255,669,2024,10,21,20,0,1,6
18256,669,2024,11,20,16,3,1,4
18257,669,2024,12,20,15,4,1,8
18258,669,2025,1,21,16,4,1,3
18259,669,2025,2,21,18,1,2,1
18260,669,2025,3,22,17,3,2,0
18261,669,2025,4,20,16,4,0,4
18262,669,2025,5,21,17,3,1,1
18263,669,2025,6,22,21,1,0,7
18264,669,2025,7,23,18,3,2,3
18265,669,2025,8,20,18,2,0,8
18266,669,2025,9,23,20,2,1,4
18267,669,2025,10,22,19,1,2,8
18268,669,2025,11,20,18,1,1,6
18269,669,2025,12,22,18,2,2,4
18270,670,2022,8,22,17,4,1,3
18271,670,2022,9,23,22,0,1,1
18272,670,2022,10,21,16,3,2,0
18273,670,2022,11,23,19,3,1,6
18274,670,2022,12,22,18,2,2,1
18275,670,2023,1,21,21,0,0,3
18276,670,2023,2,22,18,4,0,0
18277,670,2023,3,21,17,4,0,1
18278,670,2023,4,23,22,1,0,1
18279,670,2023,5,20,20,0,0,4
18280,670,2023,6,21,19,2,0,1
18281,670,2023,7,23,20,1,2,1
18282,670,2023,8,23,22,0,1,8
18283,670,2023,9,23,23,0,0,2
18284,670,2023,10,23,21,2,0,3
18285,670,2023,11,21,19,1,1,4
18286,670,2023,12,23,21,1,1,0
18287,670,2024,1,21,15,4,2,4
18288,670,2024,2,20,17,1,2,1
18289,670,2024,3,23,22,0,1,3
18290,670,2024,4,23,21,0,2,3
18291,670,2024,5,20,16,2,2,0
18292,670,2024,6,23,22,0,1,5
18293,670,2024,7,21,18,1,2,7
18294,670,2024,8,20,17,2,1,8
18295,670,2024,9,23,17,4,2,2
18296,670,2024,10,23,23,0,0,7
18297,670,2024,11,23,18,3,2,5
18298,670,2024,12,23,19,2,2,6
18299,670,2025,1,21,18,1,2,2
18300,670,2025,2,23,22,0,1,5
18301,670,2025,3,23,21,0,2,4
18302,670,2025,4,20,19,0,1,4
18303,671,2025,10,22,19,1,2,7
18304,671,2025,11,23,17,4,2,5
18305,671,2025,12,22,19,1,2,4
18306,672,2023,5,23,19,3,1,4
18307,672,2023,6,20,16,2,2,0
18308,672,2023,7,21,20,1,0,4
18309,672,2023,8,20,19,0,1,7
18310,672,2023,9,23,19,4,0,7
18311,672,2023,10,20,15,3,2,6
18312,672,2023,11,20,15,4,1,4
18313,672,2023,12,23,22,0,1,5
18314,672,2024,1,21,17,3,1,3
18315,672,2024,2,23,17,4,2,4
18316,672,2024,3,21,16,4,1,4
18317,672,2024,4,23,20,1,2,7
18318,672,2024,5,21,19,0,2,3
18319,672,2024,6,23,20,3,0,2
18320,672,2024,7,21,17,3,1,0
18321,672,2024,8,23,18,3,2,6
18322,672,2024,9,22,19,2,1,8
18323,672,2024,10,20,16,4,0,7
18324,672,2024,11,23,17,4,2,1
18325,672,2024,12,22,20,1,1,3
18326,672,2025,1,20,19,1,0,5
18327,672,2025,2,22,17,3,2,7
18328,672,2025,3,20,16,4,0,2
18329,672,2025,4,23,22,1,0,3
18330,672,2025,5,22,21,1,0,1
18331,672,2025,6,22,19,3,0,4
18332,672,2025,7,21,16,4,1,7
18333,672,2025,8,22,18,2,2,8
18334,672,2025,9,23,22,1,0,4
18335,672,2025,10,20,19,0,1,3
18336,672,2025,11,21,19,2,0,1
18337,672,2025,12,20,19,0,1,2
18338,673,2025,5,21,16,3,2,8
18339,673,2025,6,22,17,4,1,1
18340,673,2025,7,21,17,2,2,2
18341,673,2025,8,20,17,1,2,3
18342,673,2025,9,23,20,1,2,6
18343,673,2025,10,22,19,2,1,0
18344,673,2025,11,21,20,1,0,5
18345,673,2025,12,21,17,4,0,7
18346,674,2021,4,21,18,2,1,3
18347,674,2021,5,20,17,3,0,7
18348,674,2021,6,23,17,4,2,8
18349,674,2021,7,22,18,3,1,0
18350,674,2021,8,23,20,1,2,7
18351,674,2021,9,22,18,4,0,6
18352,674,2021,10,23,21,2,0,6
18353,674,2021,11,20,18,2,0,8
18354,674,2021,12,21,20,0,1,8
18355,674,2022,1,21,21,0,0,2
18356,674,2022,2,20,18,2,0,5
18357,674,2022,3,20,16,4,0,1
18358,674,2022,4,20,15,4,1,4
18359,674,2022,5,23,20,1,2,8
18360,674,2022,6,20,15,3,2,6
18361,674,2022,7,23,22,0,1,4
18362,674,2022,8,23,17,4,2,6
18363,674,2022,9,22,19,2,1,6
18364,674,2022,10,23,22,1,0,1
18365,674,2022,11,23,21,1,1,8
18366,674,2022,12,22,18,2,2,5
18367,674,2023,1,21,17,3,1,1
18368,674,2023,2,20,18,0,2,6
18369,674,2023,3,23,19,2,2,5
18370,674,2023,4,20,19,1,0,0
18371,674,2023,5,20,16,4,0,0
18372,674,2023,6,21,20,1,0,8
18373,674,2023,7,21,16,3,2,0
18374,674,2023,8,20,15,4,1,6
18375,674,2023,9,20,15,3,2,0
18376,674,2023,10,21,16,3,2,7
18377,674,2023,11,21,20,0,1,3
18378,674,2023,12,23,21,2,0,6
18379,674,2024,1,22,17,3,2,8
18380,674,2024,2,21,17,4,0,8
18381,674,2024,3,21,16,3,2,2
18382,674,2024,4,22,20,1,1,3
18383,674,2024,5,23,20,3,0,0
18384,674,2024,6,20,16,2,2,8
18385,674,2024,7,22,17,4,1,4
18386,674,2024,8,22,17,4,1,2
18387,674,2024,9,23,21,0,2,4
18388,674,2024,10,20,17,3,0,5
18389,674,2024,11,21,19,1,1,1
18390,674,2024,12,20,19,1,0,4
18391,674,2025,1,20,16,4,0,0
18392,674,2025,2,21,16,4,1,8
18393,674,2025,3,22,18,2,2,8
18394,674,2025,4,20,17,3,0,5
18395,674,2025,5,20,15,4,1,4
18396,674,2025,6,23,18,4,1,0
18397,674,2025,7,23,22,1,0,4
18398,674,2025,8,23,18,3,2,1
18399,674,2025,9,23,19,4,0,6
18400,674,2025,10,22,20,2,0,3
18401,674,2025,11,22,19,3,0,6
18402,674,2025,12,23,23,0,0,0
18403,675,2023,4,23,20,2,1,0
18404,675,2023,5,22,18,3,1,2
18405,675,2023,6,21,17,4,0,3
18406,675,2023,7,21,18,3,0,5
18407,675,2023,8,23,19,2,2,2
18408,675,2023,9,20,14,4,2,2
18409,675,2023,10,20,19,0,1,2
18410,675,2023,11,21,16,4,1,2
18411,675,2023,12,21,17,3,1,2
18412,675,2024,1,23,17,4,2,1
18413,675,2024,2,23,18,4,1,8
18414,675,2024,3,23,19,4,0,4
18415,675,2024,4,20,17,2,1,5
18416,675,2024,5,22,19,3,0,5
18417,675,2024,6,20,16,4,0,2
18418,675,2024,7,20,18,1,1,1
18419,675,2024,8,21,18,3,0,6
18420,675,2024,9,22,18,4,0,2
18421,675,2024,10,23,22,1,0,7
18422,675,2024,11,20,16,2,2,6
18423,675,2024,12,22,19,3,0,7
18424,675,2025,1,22,19,2,1,4
18425,675,2025,2,20,20,0,0,8
18426,675,2025,3,20,18,0,2,4
18427,675,2025,4,21,19,1,1,6
18428,675,2025,5,22,21,1,0,0
18429,675,2025,6,20,19,1,0,3
18430,675,2025,7,22,20,0,2,5
18431,675,2025,8,20,15,4,1,8
18432,675,2025,9,23,21,0,2,3
18433,675,2025,10,23,18,4,1,7
18434,675,2025,11,21,17,4,0,8
18435,675,2025,12,20,18,0,2,8
18436,676,2023,4,22,17,4,1,4
18437,676,2023,5,23,22,0,1,5
18438,676,2023,6,23,17,4,2,8
18439,676,2023,7,22,18,3,1,0
18440,676,2023,8,23,17,4,2,7
18441,676,2023,9,20,18,0,2,7
18442,676,2023,10,23,19,2,2,0
18443,676,2023,11,23,22,0,1,7
18444,676,2023,12,20,16,2,2,1
18445,676,2024,1,20,18,1,1,2
18446,676,2024,2,21,20,1,0,0
18447,676,2024,3,23,20,3,0,3
18448,676,2024,4,20,19,0,1,4
18449,676,2024,5,22,21,0,1,3
18450,676,2024,6,22,16,4,2,7
18451,676,2024,7,20,18,0,2,1
18452,676,2024,8,20,14,4,2,0
18453,676,2024,9,20,16,3,1,5
18454,676,2024,10,21,17,4,0,3
18455,676,2024,11,22,18,4,0,8
18456,676,2024,12,20,18,1,1,4
18457,676,2025,1,20,19,0,1,0
18458,676,2025,2,21,19,0,2,6
18459,676,2025,3,23,23,0,0,2
18460,676,2025,4,22,19,3,0,2
18461,676,2025,5,22,18,4,0,7
18462,676,2025,6,23,19,2,2,2
18463,676,2025,7,23,17,4,2,8
18464,676,2025,8,22,18,4,0,6
18465,676,2025,9,21,19,0,2,8
18466,676,2025,10,21,18,1,2,0
18467,676,2025,11,23,21,2,0,1
18468,676,2025,12,22,21,1,0,4
18469,677,2023,2,22,20,2,0,7
18470,677,2023,3,21,19,1,1,6
18471,677,2023,4,23,23,0,0,1
18472,677,2023,5,21,20,0,1,3
18473,677,2023,6,22,17,3,2,2
18474,677,2023,7,22,16,4,2,8
18475,677,2023,8,21,17,4,0,3
18476,677,2023,9,23,21,0,2,8
18477,677,2023,10,23,22,1,0,4
18478,677,2023,11,20,15,3,2,7
18479,677,2023,12,23,23,0,0,8
18480,677,2024,1,22,19,3,0,6
18481,677,2024,2,22,17,4,1,0
18482,677,2024,3,21,19,0,2,7
18483,677,2024,4,23,20,3,0,4
18484,677,2024,5,20,19,0,1,8
18485,677,2024,6,23,22,1,0,2
18486,677,2024,7,22,20,0,2,0
18487,677,2024,8,21,16,3,2,0
18488,677,2024,9,22,19,1,2,0
18489,677,2024,10,20,17,3,0,4
18490,677,2024,11,20,17,1,2,8
18491,677,2024,12,23,20,3,0,0
18492,677,2025,1,23,22,1,0,8
18493,677,2025,2,22,18,4,0,6
18494,677,2025,3,21,18,2,1,3
18495,677,2025,4,20,18,2,0,6
18496,677,2025,5,20,14,4,2,2
18497,677,2025,6,21,21,0,0,8
18498,677,2025,7,22,20,0,2,4
18499,677,2025,8,20,19,0,1,5
18500,677,2025,9,22,19,3,0,2
18501,677,2025,10,22,22,0,0,0
18502,677,2025,11,20,19,0,1,3
18503,677,2025,12,21,19,2,0,6
18504,678,2021,10,23,19,4,0,4
18505,678,2021,11,22,16,4,2,8
18506,678,2021,12,23,22,0,1,6
18507,678,2022,1,23,19,2,2,6
18508,678,2022,2,22,18,3,1,5
18509,678,2022,3,23,21,0,2,3
18510,678,2022,4,21,17,4,0,6
18511,678,2022,5,21,19,0,2,7
18512,678,2022,6,22,20,1,1,6
18513,678,2022,7,23,21,0,2,6
18514,678,2022,8,22,20,1,1,2
18515,678,2022,9,23,23,0,0,3
18516,678,2022,10,21,20,0,1,8
18517,678,2022,11,22,20,2,0,6
18518,678,2022,12,23,20,1,2,7
18519,678,2023,1,22,19,2,1,5
18520,678,2023,2,21,19,1,1,3
18521,678,2023,3,22,18,4,0,8
18522,678,2023,4,20,18,1,1,7
18523,678,2023,5,22,18,4,0,5
18524,678,2023,6,20,20,0,0,4
18525,678,2023,7,21,18,2,1,0
18526,678,2023,8,21,16,3,2,8
18527,678,2023,9,21,17,4,0,0
18528,678,2023,10,20,15,4,1,7
18529,678,2023,11,22,18,4,0,5
18530,678,2023,12,22,20,0,2,3
18531,678,2024,1,20,16,3,1,4
18532,678,2024,2,23,21,0,2,3
18533,678,2024,3,21,16,4,1,3
18534,678,2024,4,21,21,0,0,8
18535,678,2024,5,23,20,2,1,5
18536,678,2024,6,20,16,2,2,8
18537,678,2024,7,21,18,2,1,1
18538,678,2024,8,22,18,2,2,5
18539,678,2024,9,20,16,2,2,2
18540,678,2024,10,22,20,2,0,3
18541,678,2024,11,20,18,2,0,8
18542,678,2024,12,20,16,3,1,6
18543,678,2025,1,21,15,4,2,3
18544,678,2025,2,23,18,3,2,4
18545,678,2025,3,22,21,0,1,5
18546,678,2025,4,21,19,1,1,3
18547,678,2025,5,22,20,1,1,2
18548,678,2025,6,23,17,4,2,2
18549,678,2025,7,21,20,1,0,1
18550,678,2025,8,21,20,0,1,5
18551,678,2025,9,22,19,2,1,4
18552,678,2025,10,22,20,2,0,2
18553,678,2025,11,21,16,3,2,4
18554,678,2025,12,20,20,0,0,8
18555,679,2023,8,21,21,0,0,7
18556,679,2023,9,23,19,3,1,0
18557,679,2023,10,21,15,4,2,2
18558,679,2023,11,22,19,2,1,0
18559,679,2023,12,20,17,3,0,2
18560,679,2024,1,22,18,3,1,5
18561,679,2024,2,21,18,2,1,8
18562,679,2024,3,20,19,0,1,1
18563,679,2024,4,20,16,4,0,8
18564,679,2024,5,20,17,2,1,6
18565,679,2024,6,21,20,1,0,6
18566,679,2024,7,20,17,2,1,6
18567,679,2024,8,23,19,2,2,7
18568,679,2024,9,21,19,2,0,7
18569,679,2024,10,22,18,2,2,2
18570,679,2024,11,23,22,1,0,3
18571,679,2024,12,21,17,3,1,0
18572,679,2025,1,21,18,1,2,2
18573,679,2025,2,21,20,0,1,0
18574,679,2025,3,21,17,3,1,4
18575,679,2025,4,22,17,4,1,0
18576,679,2025,5,23,20,3,0,0
18577,679,2025,6,20,20,0,0,7
18578,679,2025,7,20,19,1,0,4
18579,679,2025,8,22,19,3,0,6
18580,679,2025,9,20,17,2,1,4
18581,679,2025,10,20,18,0,2,4
18582,679,2025,11,21,18,1,2,7
18583,679,2025,12,22,22,0,0,6
18584,680,2025,6,22,18,4,0,4
18585,680,2025,7,20,17,2,1,7
18586,680,2025,8,20,14,4,2,8
18587,680,2025,9,22,20,1,1,4
18588,680,2025,10,20,14,4,2,5
18589,680,2025,11,23,17,4,2,2
18590,680,2025,12,20,16,4,0,6
18591,681,2024,6,20,19,0,1,8
18592,681,2024,7,21,16,3,2,8
18593,681,2024,8,20,19,1,0,2
18594,681,2024,9,21,16,3,2,8
18595,681,2024,10,22,20,0,2,8
18596,681,2024,11,23,19,3,1,2
18597,681,2024,12,21,18,2,1,8
18598,681,2025,1,21,20,0,1,4
18599,681,2025,2,23,19,2,2,8
18600,681,2025,3,21,17,2,2,1
18601,681,2025,4,21,17,3,1,0
18602,681,2025,5,22,18,2,2,0
18603,681,2025,6,21,18,3,0,7
18604,681,2025,7,22,20,1,1,8
18605,681,2025,8,21,20,0,1,1
18606,681,2025,9,23,18,4,1,7
18607,681,2025,10,20,16,4,0,1
18608,681,2025,11,20,16,2,2,8
18609,681,2025,12,21,18,1,2,6
18610,682,2023,7,21,18,2,1,4
18611,682,2023,8,22,19,3,0,2
18612,682,2023,9,22,21,1,0,5
18613,682,2023,10,21,20,1,0,8
18614,682,2023,11,23,18,3,2,1
18615,682,2023,12,21,20,0,1,1
18616,682,2024,1,20,17,3,0,1
18617,682,2024,2,23,18,3,2,8
18618,682,2024,3,20,18,2,0,4
18619,682,2024,4,20,17,1,2,3
18620,682,2024,5,22,18,4,0,2
18621,682,2024,6,20,17,3,0,4
18622,682,2024,7,21,19,0,2,1
18623,682,2024,8,20,17,3,0,5
18624,682,2024,9,23,20,2,1,7
18625,682,2024,10,22,19,2,1,8
18626,682,2024,11,22,20,2,0,2
18627,682,2024,12,21,16,3,2,3
18628,682,2025,1,20,18,0,2,3
18629,682,2025,2,20,15,4,1,1
18630,682,2025,3,23,19,2,2,6
18631,682,2025,4,20,17,3,0,6
18632,682,2025,5,23,21,0,2,0
18633,682,2025,6,22,20,2,0,3
18634,682,2025,7,21,16,4,1,5
18635,682,2025,8,23,20,3,0,5
18636,682,2025,9,22,20,0,2,2
18637,682,2025,10,20,18,2,0,4
18638,682,2025,11,21,18,3,0,7
18639,682,2025,12,21,21,0,0,6
18640,683,2022,3,21,20,0,1,5
18641,683,2022,4,22,20,1,1,7
18642,683,2022,5,21,19,2,0,8
18643,683,2022,6,22,19,1,2,6
18644,683,2022,7,23,17,4,2,8
18645,683,2022,8,20,17,3,0,4
18646,683,2022,9,22,19,3,0,3
18647,683,2022,10,20,15,4,1,6
18648,683,2022,11,20,17,1,2,7
18649,683,2022,12,20,18,0,2,2
18650,683,2023,1,20,16,4,0,3
18651,683,2023,2,22,18,2,2,0
18652,683,2023,3,22,17,4,1,4
18653,683,2023,4,21,21,0,0,5
18654,683,2023,5,22,22,0,0,0
18655,683,2023,6,20,16,2,2,3
18656,683,2023,7,21,19,1,1,5
18657,683,2023,8,23,21,0,2,5
18658,683,2023,9,23,22,1,0,7
18659,683,2023,10,20,15,3,2,1
18660,683,2023,11,23,21,0,2,6
18661,683,2023,12,20,18,2,0,6
18662,683,2024,1,23,21,2,0,2
18663,683,2024,2,23,18,3,2,7
18664,683,2024,3,22,21,1,0,1
18665,683,2024,4,20,18,2,0,0
18666,683,2024,5,22,18,2,2,4
18667,683,2024,6,23,23,0,0,0
18668,683,2024,7,22,21,0,1,1
18669,683,2024,8,21,20,1,0,3
18670,683,2024,9,23,19,4,0,8
18671,683,2024,10,20,17,1,2,8
18672,683,2024,11,22,20,1,1,2
18673,683,2024,12,20,17,2,1,3
18674,683,2025,1,20,19,0,1,6
18675,683,2025,2,23,23,0,0,0
18676,683,2025,3,21,15,4,2,0
18677,683,2025,4,21,20,1,0,7
18678,683,2025,5,21,19,0,2,6
18679,683,2025,6,20,20,0,0,5
18680,683,2025,7,21,17,2,2,6
18681,683,2025,8,20,15,4,1,6
18682,683,2025,9,23,19,3,1,5
18683,683,2025,10,21,17,2,2,8
18684,683,2025,11,22,18,4,0,4
18685,683,2025,12,23,18,3,2,0
18686,684,2025,1,23,20,3,0,7
18687,684,2025,2,22,18,4,0,8
18688,684,2025,3,23,21,0,2,2
18689,684,2025,4,20,18,2,0,0
18690,684,2025,5,20,16,4,0,8
18691,684,2025,6,23,18,4,1,6
18692,684,2025,7,21,19,0,2,1
18693,684,2025,8,20,16,3,1,0
18694,684,2025,9,22,19,3,0,7
18695,684,2025,10,21,16,4,1,6
18696,684,2025,11,22,17,3,2,5
18697,684,2025,12,20,17,1,2,6
18698,685,2023,6,20,16,2,2,2
18699,685,2023,7,23,19,3,1,3
18700,685,2023,8,23,19,3,1,0
18701,685,2023,9,21,18,3,0,3
18702,685,2023,10,20,15,4,1,5
18703,685,2023,11,23,21,0,2,5
18704,685,2023,12,22,20,2,0,0
18705,685,2024,1,22,17,3,2,6
18706,685,2024,2,22,18,3,1,1
18707,685,2024,3,20,17,2,1,7
18708,685,2024,4,23,22,0,1,1
18709,685,2024,5,23,17,4,2,1
18710,685,2024,6,23,20,2,1,2
18711,685,2024,7,21,15,4,2,1
18712,685,2024,8,23,22,1,0,1
18713,685,2024,9,23,21,2,0,6
18714,685,2024,10,20,17,2,1,2
18715,685,2024,11,23,18,3,2,5
18716,685,2024,12,22,20,1,1,5
18717,685,2025,1,22,20,2,0,5
18718,685,2025,2,22,17,4,1,8
18719,685,2025,3,20,18,1,1,0
18720,685,2025,4,22,17,4,1,6
18721,685,2025,5,20,20,0,0,1
18722,685,2025,6,20,16,4,0,8
18723,685,2025,7,20,16,4,0,2
18724,685,2025,8,22,21,1,0,4
18725,685,2025,9,21,20,0,1,0
18726,685,2025,10,21,16,4,1,7
18727,685,2025,11,23,19,2,2,5
18728,685,2025,12,21,19,0,2,5
18729,686,2023,8,20,18,0,2,6
18730,686,2023,9,22,18,4,0,4
18731,686,2023,10,22,20,2,0,5
18732,686,2023,11,23,19,4,0,0
18733,686,2023,12,20,17,2,1,3
18734,686,2024,1,22,19,3,0,5
18735,686,2024,2,20,17,1,2,5
18736,686,2024,3,22,17,4,1,5
18737,686,2024,4,20,15,4,1,1
18738,686,2024,5,20,18,1,1,3
18739,686,2024,6,23,17,4,2,7
18740,686,2024,7,23,20,3,0,3
18741,686,2024,8,23,18,4,1,8
18742,686,2024,9,22,19,3,0,2
18743,686,2024,10,23,20,3,0,6
18744,686,2024,11,22,18,4,0,4
18745,686,2024,12,22,20,2,0,2
18746,686,2025,1,23,19,2,2,0
18747,686,2025,2,22,21,1,0,5
18748,686,2025,3,22,22,0,0,6
18749,686,2025,4,20,20,0,0,0
18750,686,2025,5,22,22,0,0,3
18751,686,2025,6,22,18,4,0,5
18752,686,2025,7,22,21,1,0,2
18753,686,2025,8,21,17,2,2,6
18754,686,2025,9,23,22,1,0,4
18755,686,2025,10,21,20,0,1,5
18756,686,2025,11,22,16,4,2,1
18757,686,2025,12,22,21,1,0,7
18758,687,2023,5,22,19,2,1,6
18759,687,2023,6,22,20,1,1,1
18760,687,2023,7,20,17,1,2,3
18761,687,2023,8,23,18,4,1,0
18762,687,2023,9,20,15,3,2,5
18763,687,2023,10,21,18,2,1,6
18764,687,2023,11,20,17,1,2,7
18765,687,2023,12,20,19,0,1,1
18766,687,2024,1,23,21,0,2,1
18767,687,2024,2,21,16,4,1,0
18768,687,2024,3,21,17,4,0,5
18769,687,2024,4,22,16,4,2,2
18770,687,2024,5,20,15,3,2,5
18771,687,2024,6,20,18,1,1,7
18772,687,2024,7,23,20,2,1,7
18773,687,2024,8,20,17,2,1,2
18774,687,2024,9,20,14,4,2,7
18775,687,2024,10,23,21,0,2,2
18776,687,2024,11,20,17,1,2,5
18777,687,2024,12,23,20,2,1,2
18778,687,2025,1,22,22,0,0,0
18779,687,2025,2,20,15,3,2,8
18780,687,2025,3,22,21,0,1,6
18781,687,2025,4,22,18,3,1,4
18782,687,2025,5,21,17,2,2,7
18783,687,2025,6,22,18,4,0,4
18784,687,2025,7,23,19,3,1,3
18785,687,2025,8,23,19,3,1,2
18786,687,2025,9,23,21,0,2,5
18787,687,2025,10,21,21,0,0,5
18788,687,2025,11,22,17,3,2,5
18789,687,2025,12,23,18,3,2,7
18790,688,2024,4,21,16,4,1,6
18791,688,2024,5,20,19,1,0,4
18792,688,2024,6,20,18,1,1,3
18793,688,2024,7,20,16,2,2,5
18794,688,2024,8,20,16,3,1,4
18795,688,2024,9,20,18,2,0,3
18796,688,2024,10,23,20,2,1,4
18797,688,2024,11,21,21,0,0,0
18798,688,2024,12,20,17,3,0,5
18799,688,2025,1,22,20,2,0,5
18800,688,2025,2,21,21,0,0,2
18801,688,2025,3,21,19,1,1,8
18802,688,2025,4,22,18,3,1,6
18803,688,2025,5,23,17,4,2,8
18804,688,2025,6,23,21,0,2,5
18805,688,2025,7,23,19,4,0,2
18806,688,2025,8,23,18,4,1,4
18807,688,2025,9,22,18,3,1,6
18808,688,2025,10,20,20,0,0,3
18809,688,2025,11,22,22,0,0,1
18810,688,2025,12,23,21,2,0,1
18811,689,2021,8,22,18,2,2,3
18812,689,2021,9,21,17,3,1,3
18813,689,2021,10,22,21,0,1,1
18814,689,2021,11,23,19,4,0,4
18815,689,2021,12,23,18,4,1,5
18816,689,2022,1,21,21,0,0,8
18817,689,2022,2,22,19,3,0,4
18818,689,2022,3,21,21,0,0,7
18819,689,2022,4,21,17,4,0,8
18820,689,2022,5,22,20,0,2,2
18821,689,2022,6,21,19,1,1,8
18822,689,2022,7,20,20,0,0,5
18823,689,2022,8,20,18,0,2,3
18824,689,2022,9,23,22,0,1,2
18825,689,2022,10,21,17,4,0,7
18826,689,2022,11,23,20,3,0,0
18827,689,2022,12,22,21,0,1,2
18828,689,2023,1,22,20,0,2,7
18829,689,2023,2,22,18,2,2,4
18830,689,2023,3,22,17,4,1,3
18831,689,2023,4,22,19,3,0,8
18832,689,2023,5,22,17,4,1,0
18833,689,2023,6,20,18,1,1,5
18834,689,2023,7,20,18,1,1,8
18835,689,2023,8,21,16,4,1,8
18836,689,2023,9,21,19,0,2,7
18837,689,2023,10,23,23,0,0,1
18838,689,2023,11,22,18,3,1,4
18839,689,2023,12,23,20,3,0,0
18840,689,2024,1,23,19,4,0,3
18841,689,2024,2,23,23,0,0,8
18842,689,2024,3,20,17,1,2,2
18843,689,2024,4,20,17,2,1,3
18844,689,2024,5,20,20,0,0,8
18845,689,2024,6,23,21,2,0,2
18846,689,2024,7,23,20,3,0,8
18847,689,2024,8,22,18,2,2,5
18848,689,2024,9,21,17,3,1,2
18849,689,2024,10,20,16,3,1,4
18850,689,2024,11,22,18,4,0,8
18851,689,2024,12,23,17,4,2,8
18852,689,2025,1,23,20,3,0,5
18853,689,2025,2,20,16,3,1,8
18854,689,2025,3,23,19,2,2,8
18855,689,2025,4,20,15,4,1,1
18856,689,2025,5,20,19,1,0,4
18857,689,2025,6,21,17,2,2,0
18858,689,2025,7,23,21,1,1,7
18859,689,2025,8,21,16,4,1,7
18860,689,2025,9,23,22,1,0,6
18861,689,2025,10,20,16,4,0,0
18862,689,2025,11,21,19,1,1,0
18863,689,2025,12,21,19,2,0,3
18864,690,2022,3,20,17,3,0,5
18865,690,2022,4,22,17,3,2,6
18866,690,2022,5,20,18,1,1,1
18867,690,2022,6,21,18,1,2,8
18868,690,2022,7,20,17,2,1,0
18869,690,2022,8,21,20,1,0,8
18870,690,2022,9,21,18,2,1,5
18871,690,2022,10,20,14,4,2,2
18872,690,2022,11,22,17,4,1,6
18873,690,2022,12,21,19,0,2,0
18874,690,2023,1,21,17,3,1,0
18875,690,2023,2,21,16,4,1,0
18876,690,2023,3,23,20,3,0,6
18877,690,2023,4,22,21,1,0,4
18878,690,2023,5,20,16,3,1,5
18879,690,2023,6,22,17,4,1,7
18880,690,2023,7,20,16,2,2,6
18881,690,2023,8,23,22,1,0,6
18882,690,2023,9,21,17,3,1,5
18883,690,2023,10,21,20,0,1,5
18884,690,2023,11,20,15,3,2,6
18885,690,2023,12,23,19,2,2,3
18886,691,2022,1,20,18,0,2,7
18887,691,2022,2,22,19,1,2,1
18888,691,2022,3,21,19,2,0,2
18889,691,2022,4,23,23,0,0,6
18890,691,2022,5,22,19,2,1,2
18891,691,2022,6,20,19,1,0,3
18892,691,2022,7,21,17,4,0,8
18893,691,2022,8,22,18,4,0,5
18894,691,2022,9,21,17,4,0,7
18895,691,2022,10,21,19,0,2,8
18896,691,2022,11,22,16,4,2,0
18897,691,2022,12,20,16,4,0,7
18898,691,2023,1,21,18,2,1,8
18899,691,2023,2,22,18,2,2,7
18900,691,2023,3,20,20,0,0,2
18901,691,2023,4,22,18,4,0,3
18902,691,2023,5,22,20,1,1,5
18903,691,2023,6,21,18,2,1,5
18904,691,2023,7,22,17,3,2,7
18905,691,2023,8,21,17,3,1,2
18906,691,2023,9,23,21,1,1,5
18907,691,2023,10,23,19,4,0,4
18908,691,2023,11,22,17,4,1,4
18909,691,2023,12,20,16,4,0,7
18910,691,2024,1,22,20,0,2,2
18911,691,2024,2,22,20,2,0,7
18912,691,2024,3,23,21,0,2,6
18913,691,2024,4,20,17,2,1,8
18914,691,2024,5,21,20,1,0,6
18915,691,2024,6,20,14,4,2,1
18916,691,2024,7,22,20,2,0,4
18917,691,2024,8,22,16,4,2,4
18918,691,2024,9,20,15,3,2,3
18919,691,2024,10,21,18,1,2,3
18920,691,2024,11,23,21,2,0,5
18921,691,2024,12,22,19,3,0,3
18922,691,2025,1,22,18,4,0,2
18923,691,2025,2,20,16,3,1,4
18924,691,2025,3,20,18,2,0,1
18925,691,2025,4,21,20,0,1,4
18926,691,2025,5,21,15,4,2,0
18927,691,2025,6,22,18,2,2,1
18928,691,2025,7,20,15,4,1,7
18929,691,2025,8,21,15,4,2,4
18930,691,2025,9,22,20,0,2,1
18931,691,2025,10,20,14,4,2,5
18932,691,2025,11,21,21,0,0,6
18933,691,2025,12,20,20,0,0,1
18934,692,2021,5,23,19,3,1,3
18935,692,2021,6,22,19,3,0,7
18936,692,2021,7,23,18,3,2,5
18937,692,2021,8,21,19,0,2,8
18938,692,2021,9,22,19,1,2,7
18939,692,2021,10,23,19,4,0,6
18940,692,2021,11,21,19,0,2,3
18941,692,2021,12,22,18,2,2,1
18942,692,2022,1,22,20,1,1,5
18943,692,2022,2,23,21,1,1,4
18944,692,2022,3,22,17,4,1,1
18945,692,2022,4,20,19,0,1,6
18946,692,2022,5,22,16,4,2,4
18947,692,2022,6,23,22,0,1,6
18948,692,2022,7,22,17,4,1,0
18949,692,2022,8,20,18,1,1,7
18950,692,2022,9,21,16,3,2,4
18951,692,2022,10,22,18,3,1,4
18952,692,2022,11,22,22,0,0,1
18953,692,2022,12,21,15,4,2,0
18954,692,2023,1,22,18,2,2,2
18955,692,2023,2,23,20,1,2,4
18956,692,2023,3,20,18,2,0,2
18957,692,2023,4,21,20,1,0,2
18958,692,2023,5,22,17,4,1,7
18959,692,2023,6,21,17,2,2,8
18960,692,2023,7,22,19,1,2,8
18961,692,2023,8,20,14,4,2,2
18962,692,2023,9,21,18,2,1,4
18963,692,2023,10,22,18,4,0,5
18964,692,2023,11,21,15,4,2,8
18965,692,2023,12,22,22,0,0,1
18966,692,2024,1,21,18,1,2,5
18967,692,2024,2,20,16,3,1,6
18968,692,2024,3,21,18,2,1,5
18969,692,2024,4,23,18,3,2,3
18970,692,2024,5,21,17,4,0,7
18971,692,2024,6,20,17,3,0,2
18972,692,2024,7,20,18,1,1,7
18973,693,2021,6,20,17,2,1,7
18974,693,2021,7,20,16,2,2,0
18975,693,2021,8,23,21,1,1,7
18976,693,2021,9,20,18,0,2,5
18977,693,2021,10,22,17,4,1,1
18978,693,2021,11,23,19,2,2,4
18979,693,2021,12,21,20,0,1,7
18980,693,2022,1,21,20,0,1,8
18981,693,2022,2,21,19,0,2,7
18982,693,2022,3,20,16,4,0,6
18983,693,2022,4,20,15,4,1,1
18984,693,2022,5,21,18,3,0,6
18985,693,2022,6,22,19,1,2,1
18986,693,2022,7,23,21,2,0,8
18987,693,2022,8,21,21,0,0,4
18988,693,2022,9,21,18,3,0,4
18989,693,2022,10,23,21,0,2,5
18990,693,2022,11,22,20,2,0,8
18991,693,2022,12,20,18,0,2,7
18992,693,2023,1,21,19,0,2,4
18993,693,2023,2,21,18,2,1,8
18994,693,2023,3,22,18,2,2,5
18995,693,2023,4,20,16,3,1,5
18996,693,2023,5,22,20,2,0,6
18997,693,2023,6,21,17,4,0,1
18998,693,2023,7,21,20,0,1,7
18999,693,2023,8,21,19,1,1,7
19000,693,2023,9,22,18,4,0,7
19001,693,2023,10,23,18,3,2,8
19002,693,2023,11,22,20,1,1,0
19003,693,2023,12,22,18,2,2,6
19004,693,2024,1,21,18,3,0,5
19005,693,2024,2,23,22,0,1,7
19006,693,2024,3,21,18,3,0,7
19007,693,2024,4,22,22,0,0,1
19008,693,2024,5,22,17,3,2,8
19009,693,2024,6,22,19,1,2,5
19010,693,2024,7,22,22,0,0,4
19011,693,2024,8,22,18,4,0,6
19012,693,2024,9,23,21,1,1,4
19013,693,2024,10,20,17,3,0,1
19014,693,2024,11,22,17,4,1,7
19015,693,2024,12,20,17,3,0,7
19016,693,2025,1,22,18,3,1,8
19017,693,2025,2,21,18,3,0,5
19018,693,2025,3,21,17,2,2,8
19019,693,2025,4,23,18,3,2,6
19020,693,2025,5,20,19,0,1,3
19021,693,2025,6,23,21,0,2,5
19022,693,2025,7,23,23,0,0,4
19023,693,2025,8,20,16,3,1,0
19024,693,2025,9,22,19,2,1,8
19025,693,2025,10,21,21,0,0,3
19026,693,2025,11,20,17,1,2,0
19027,693,2025,12,23,21,1,1,6
19028,694,2024,4,21,19,1,1,8
19029,694,2024,5,23,19,2,2,0
19030,694,2024,6,21,17,2,2,5
19031,694,2024,7,23,20,2,1,5
19032,694,2024,8,22,17,3,2,6
19033,694,2024,9,20,16,2,2,8
19034,694,2024,10,23,21,2,0,8
19035,694,2024,11,20,18,1,1,6
19036,694,2024,12,21,18,2,1,4
19037,694,2025,1,20,17,2,1,0
19038,694,2025,2,23,21,1,1,2
19039,694,2025,3,22,21,0,1,5
19040,694,2025,4,21,20,1,0,8
19041,694,2025,5,20,16,3,1,2
19042,694,2025,6,23,23,0,0,7
19043,694,2025,7,20,16,4,0,5
19044,694,2025,8,23,18,3,2,3
19045,694,2025,9,20,15,4,1,3
19046,694,2025,10,21,16,3,2,2
19047,694,2025,11,22,16,4,2,3
19048,694,2025,12,23,19,4,0,8
19049,695,2021,8,20,14,4,2,0
19050,695,2021,9,22,17,3,2,6
19051,695,2021,10,23,20,3,0,0
19052,695,2021,11,20,18,2,0,3
19053,695,2021,12,20,16,3,1,5
19054,695,2022,1,21,17,2,2,5
19055,695,2022,2,21,16,3,2,4
19056,695,2022,3,21,20,0,1,1
19057,695,2022,4,20,20,0,0,4
19058,695,2022,5,22,18,2,2,3
19059,695,2022,6,21,19,1,1,8
19060,695,2022,7,23,22,0,1,3
19061,695,2022,8,23,22,0,1,1
19062,695,2022,9,22,19,3,0,1
19063,695,2022,10,22,20,0,2,8
19064,695,2022,11,21,17,4,0,4
19065,695,2022,12,20,15,3,2,0
19066,695,2023,1,23,23,0,0,7
19067,695,2023,2,23,21,2,0,5
19068,695,2023,3,20,19,1,0,0
19069,695,2023,4,23,19,2,2,6
19070,695,2023,5,22,18,4,0,2
19071,695,2023,6,21,17,3,1,6
19072,695,2023,7,20,16,3,1,2
19073,695,2023,8,22,20,0,2,8
19074,695,2023,9,23,21,2,0,2
19075,695,2023,10,22,20,1,1,4
19076,695,2023,11,22,20,0,2,3
19077,695,2023,12,22,19,3,0,8
19078,695,2024,1,22,19,2,1,8
19079,695,2024,2,23,21,2,0,1
19080,695,2024,3,20,19,0,1,0
19081,695,2024,4,23,18,3,2,2
19082,695,2024,5,22,20,1,1,7
19083,695,2024,6,23,21,0,2,4
19084,695,2024,7,21,17,2,2,1
19085,695,2024,8,20,17,1,2,6
19086,695,2024,9,20,20,0,0,1
19087,695,2024,10,22,16,4,2,4
19088,695,2024,11,20,18,1,1,4
19089,695,2024,12,22,21,0,1,0
19090,695,2025,1,23,20,2,1,2
19091,695,2025,2,20,15,4,1,1
19092,695,2025,3,20,18,0,2,3
19093,695,2025,4,21,17,3,1,4
19094,695,2025,5,20,16,3,1,7
19095,695,2025,6,22,17,4,1,4
19096,695,2025,7,22,18,4,0,4
19097,695,2025,8,22,18,3,1,5
19098,695,2025,9,20,18,2,0,3
19099,695,2025,10,21,18,3,0,6
19100,695,2025,11,22,21,1,0,4
19101,695,2025,12,22,22,0,0,8
19102,696,2021,11,23,22,1,0,1
19103,696,2021,12,21,15,4,2,1
19104,696,2022,1,22,20,0,2,0
19105,696,2022,2,21,16,4,1,4
19106,696,2022,3,20,19,0,1,6
19107,696,2022,4,20,17,2,1,1
19108,696,2022,5,23,20,1,2,4
19109,696,2022,6,23,23,0,0,1
19110,696,2022,7,21,15,4,2,1
19111,696,2022,8,20,16,2,2,6
19112,696,2022,9,20,17,2,1,3
19113,696,2022,10,23,20,2,1,1
19114,696,2022,11,22,19,2,1,2
19115,696,2022,12,22,22,0,0,0
19116,696,2023,1,22,21,1,0,3
19117,696,2023,2,22,19,3,0,8
19118,696,2023,3,20,19,1,0,3
19119,696,2023,4,22,18,4,0,1
19120,696,2023,5,21,19,2,0,0
19121,696,2023,6,21,19,0,2,8
19122,696,2023,7,20,18,0,2,5
19123,696,2023,8,20,15,4,1,7
19124,696,2023,9,20,17,3,0,3
19125,696,2023,10,23,19,3,1,0
19126,696,2023,11,21,19,1,1,2
19127,696,2023,12,20,18,1,1,4
19128,696,2024,1,22,18,2,2,4
19129,696,2024,2,21,17,4,0,3
19130,696,2024,3,20,20,0,0,5
19131,696,2024,4,20,17,1,2,0
19132,696,2024,5,23,18,3,2,7
19133,696,2024,6,20,17,2,1,0
19134,696,2024,7,20,16,3,1,5
19135,696,2024,8,20,15,4,1,3
19136,696,2024,9,20,14,4,2,4
19137,696,2024,10,22,19,3,0,7
19138,696,2024,11,21,16,3,2,3
19139,696,2024,12,23,19,3,1,3
19140,696,2025,1,20,15,4,1,8
19141,696,2025,2,22,17,4,1,8
19142,696,2025,3,23,19,4,0,5
19143,696,2025,4,21,18,1,2,0
19144,696,2025,5,22,19,3,0,8
19145,696,2025,6,22,18,3,1,7
19146,696,2025,7,20,15,4,1,5
19147,696,2025,8,22,19,3,0,7
19148,696,2025,9,23,19,4,0,4
19149,696,2025,10,20,15,3,2,8
19150,696,2025,11,23,17,4,2,4
19151,696,2025,12,23,21,2,0,3
19152,697,2022,2,23,23,0,0,7
19153,697,2022,3,22,17,3,2,7
19154,697,2022,4,20,17,1,2,5
19155,697,2022,5,23,22,0,1,4
19156,697,2022,6,23,21,2,0,3
19157,697,2022,7,23,20,1,2,3
19158,697,2022,8,20,18,2,0,1
19159,697,2022,9,22,17,3,2,7
19160,697,2022,10,22,16,4,2,7
19161,697,2022,11,23,19,4,0,0
19162,697,2022,12,23,23,0,0,4
19163,697,2023,1,20,16,3,1,0
19164,697,2023,2,22,18,4,0,2
19165,697,2023,3,22,21,1,0,0
19166,697,2023,4,23,21,2,0,2
19167,697,2023,5,21,16,3,2,3
19168,697,2023,6,23,19,4,0,3
19169,697,2023,7,20,18,1,1,0
19170,697,2023,8,22,20,2,0,0
19171,697,2023,9,22,21,1,0,7
19172,697,2023,10,21,20,0,1,6
19173,697,2023,11,20,16,3,1,8
19174,697,2023,12,23,23,0,0,1
19175,697,2024,1,21,20,1,0,7
19176,697,2024,2,21,16,3,2,8
19177,697,2024,3,20,20,0,0,7
19178,697,2024,4,21,20,1,0,2
19179,697,2024,5,23,18,4,1,3
19180,697,2024,6,20,18,2,0,7
19181,697,2024,7,22,21,1,0,6
19182,697,2024,8,20,14,4,2,1
19183,697,2024,9,20,15,4,1,5
19184,697,2024,10,21,17,3,1,1
19185,697,2024,11,20,15,4,1,4
19186,697,2024,12,22,18,3,1,5
19187,697,2025,1,20,17,1,2,7
19188,697,2025,2,21,16,4,1,6
19189,698,2024,9,21,15,4,2,0
19190,698,2024,10,23,20,3,0,8
19191,698,2024,11,23,20,3,0,6
19192,698,2024,12,21,16,3,2,6
19193,698,2025,1,20,20,0,0,3
19194,698,2025,2,23,19,3,1,4
19195,698,2025,3,22,17,4,1,5
19196,698,2025,4,22,19,3,0,7
19197,698,2025,5,21,16,3,2,8
19198,698,2025,6,21,17,4,0,1
19199,698,2025,7,23,20,3,0,2
19200,698,2025,8,21,19,1,1,3
19201,698,2025,9,23,21,0,2,4
19202,698,2025,10,23,22,0,1,4
19203,698,2025,11,22,20,2,0,2
19204,698,2025,12,21,17,2,2,4
19205,699,2024,7,21,17,4,0,3
19206,699,2024,8,22,18,3,1,8
19207,699,2024,9,21,20,1,0,8
19208,699,2024,10,22,21,1,0,7
19209,699,2024,11,20,17,2,1,7
19210,699,2024,12,21,20,0,1,1
19211,699,2025,1,21,17,2,2,7
19212,699,2025,2,21,19,2,0,3
19213,699,2025,3,22,18,3,1,3
19214,699,2025,4,21,16,4,1,6
19215,699,2025,5,21,17,4,0,3
19216,699,2025,6,21,20,0,1,1
19217,699,2025,7,21,19,0,2,1
19218,699,2025,8,20,14,4,2,3
19219,699,2025,9,22,19,1,2,1
19220,699,2025,10,20,20,0,0,2
19221,699,2025,11,23,20,3,0,3
19222,699,2025,12,23,20,3,0,1
19223,700,2025,9,21,21,0,0,8
19224,700,2025,10,22,21,0,1,3
19225,700,2025,11,22,19,1,2,7
19226,700,2025,12,22,21,1,0,6
19227,701,2024,3,22,17,3,2,7
19228,701,2024,4,23,20,2,1,4
19229,701,2024,5,22,18,4,0,1
19230,701,2024,6,22,20,0,2,5
19231,701,2024,7,21,19,1,1,5
19232,701,2024,8,20,15,4,1,0
19233,701,2024,9,23,19,3,1,7
19234,701,2024,10,23,21,1,1,0
19235,701,2024,11,23,19,3,1,3
19236,701,2024,12,21,20,1,0,2
19237,701,2025,1,22,17,3,2,5
19238,701,2025,2,21,20,1,0,3
19239,701,2025,3,22,20,0,2,2
19240,701,2025,4,23,22,0,1,7
19241,701,2025,5,20,19,0,1,4
19242,701,2025,6,20,16,2,2,8
19243,701,2025,7,21,17,2,2,5
19244,701,2025,8,20,16,4,0,2
19245,701,2025,9,21,19,0,2,5
19246,701,2025,10,22,21,0,1,5
19247,701,2025,11,21,18,3,0,2
19248,701,2025,12,21,16,3,2,0
19249,702,2023,11,20,17,2,1,6
19250,702,2023,12,23,19,4,0,7
19251,702,2024,1,23,21,2,0,3
19252,702,2024,2,20,15,3,2,2
19253,702,2024,3,23,22,0,1,2
19254,702,2024,4,23,19,3,1,6
19255,702,2024,5,21,19,2,0,4
19256,702,2024,6,20,15,4,1,8
19257,702,2024,7,23,19,3,1,2
19258,702,2024,8,20,17,3,0,1
19259,702,2024,9,21,20,0,1,8
19260,702,2024,10,23,21,2,0,8
19261,702,2024,11,21,20,0,1,3
19262,702,2024,12,22,17,3,2,8
19263,702,2025,1,20,18,1,1,8
19264,702,2025,2,23,23,0,0,7
19265,702,2025,3,22,21,1,0,2
19266,702,2025,4,21,18,2,1,4
19267,702,2025,5,20,20,0,0,3
19268,702,2025,6,21,18,1,2,0
19269,702,2025,7,21,16,4,1,6
19270,702,2025,8,23,22,1,0,3
19271,702,2025,9,22,17,3,2,4
19272,702,2025,10,21,19,0,2,4
19273,702,2025,11,21,21,0,0,0
19274,702,2025,12,22,19,3,0,2
19275,703,2022,12,23,19,4,0,2
19276,703,2023,1,23,18,4,1,6
19277,703,2023,2,22,16,4,2,5
19278,703,2023,3,20,19,0,1,8
19279,703,2023,4,22,17,4,1,0
19280,703,2023,5,23,19,3,1,7
19281,703,2023,6,20,20,0,0,3
19282,703,2023,7,23,22,1,0,2
19283,703,2023,8,22,19,1,2,1
19284,703,2023,9,20,17,3,0,2
19285,703,2023,10,23,17,4,2,7
19286,703,2023,11,21,20,0,1,5
19287,703,2023,12,20,14,4,2,6
19288,703,2024,1,22,21,1,0,3
19289,703,2024,2,22,21,0,1,7
19290,703,2024,3,20,15,3,2,4
19291,703,2024,4,23,19,2,2,4
19292,703,2024,5,22,18,4,0,2
19293,703,2024,6,20,17,1,2,2
19294,703,2024,7,22,20,0,2,6
19295,703,2024,8,21,18,2,1,2
19296,703,2024,9,23,22,1,0,7
19297,703,2024,10,22,18,2,2,7
19298,703,2024,11,21,20,1,0,5
19299,703,2024,12,20,19,1,0,4
19300,704,2025,6,20,19,0,1,6
19301,704,2025,7,21,18,3,0,8
19302,704,2025,8,23,17,4,2,2
19303,704,2025,9,22,21,1,0,8
19304,705,2024,4,22,20,2,0,4
19305,705,2024,5,20,18,2,0,3
19306,705,2024,6,21,18,2,1,5
19307,705,2024,7,23,23,0,0,0
19308,705,2024,8,20,15,3,2,2
19309,705,2024,9,22,22,0,0,6
19310,705,2024,10,22,21,0,1,1
19311,705,2024,11,22,18,2,2,0
19312,705,2024,12,20,17,2,1,1
19313,705,2025,1,20,16,3,1,0
19314,705,2025,2,21,17,2,2,8
19315,705,2025,3,23,22,0,1,0
19316,705,2025,4,22,17,4,1,7
19317,705,2025,5,21,21,0,0,7
19318,705,2025,6,23,17,4,2,6
19319,705,2025,7,23,23,0,0,0
19320,705,2025,8,20,19,0,1,1
19321,705,2025,9,23,19,3,1,6
19322,705,2025,10,21,17,3,1,6
19323,705,2025,11,22,19,3,0,2
19324,705,2025,12,20,15,3,2,3
19325,706,2023,4,21,18,2,1,6
19326,706,2023,5,20,16,2,2,1
19327,706,2023,6,22,20,1,1,5
19328,706,2023,7,20,17,3,0,3
19329,706,2023,8,20,20,0,0,4
19330,706,2023,9,21,18,3,0,2
19331,706,2023,10,22,21,0,1,1
19332,706,2023,11,22,21,1,0,0
19333,706,2023,12,23,18,4,1,6
19334,706,2024,1,20,16,3,1,2
19335,706,2024,2,23,18,4,1,4
19336,706,2024,3,22,20,2,0,6
19337,706,2024,4,23,18,3,2,1
19338,706,2024,5,22,20,0,2,0
19339,706,2024,6,21,18,2,1,8
19340,706,2024,7,20,16,3,1,4
19341,706,2024,8,20,16,4,0,8
19342,706,2024,9,20,18,0,2,1
19343,706,2024,10,22,20,0,2,2
19344,706,2024,11,21,19,2,0,7
19345,706,2024,12,22,17,3,2,5
19346,706,2025,1,22,17,3,2,1
19347,706,2025,2,22,19,2,1,1
19348,706,2025,3,22,20,0,2,8
19349,706,2025,4,21,16,4,1,6
19350,706,2025,5,21,18,1,2,4
19351,706,2025,6,22,19,1,2,3
19352,706,2025,7,22,20,2,0,3
19353,706,2025,8,22,20,2,0,7
19354,706,2025,9,20,16,2,2,1
19355,706,2025,10,23,22,0,1,4
19356,706,2025,11,21,18,2,1,6
19357,706,2025,12,20,16,2,2,3
19358,707,2023,1,21,18,1,2,8
19359,707,2023,2,21,18,1,2,8
19360,707,2023,3,20,15,4,1,0
19361,707,2023,4,21,21,0,0,2
19362,707,2023,5,23,22,1,0,7
19363,707,2023,6,22,19,3,0,2
19364,707,2023,7,22,18,4,0,3
19365,707,2023,8,20,14,4,2,5
19366,708,2022,7,23,20,3,0,2
19367,708,2022,8,22,17,4,1,2
19368,708,2022,9,21,19,0,2,6
19369,708,2022,10,23,21,1,1,5
19370,708,2022,11,22,18,2,2,0
19371,708,2022,12,23,22,0,1,0
19372,708,2023,1,22,17,3,2,8
19373,708,2023,2,21,18,2,1,2
19374,708,2023,3,20,16,2,2,7
19375,708,2023,4,20,20,0,0,8
19376,708,2023,5,21,19,1,1,8
19377,708,2023,6,23,20,3,0,3
19378,708,2023,7,21,19,2,0,8
19379,708,2023,8,22,19,1,2,7
19380,708,2023,9,20,14,4,2,5
19381,708,2023,10,22,18,4,0,6
19382,708,2023,11,22,20,0,2,7
19383,708,2023,12,23,21,0,2,8
19384,708,2024,1,21,20,1,0,4
19385,708,2024,2,21,20,1,0,8
19386,708,2024,3,20,20,0,0,6
19387,708,2024,4,21,18,1,2,2
19388,708,2024,5,20,16,3,1,2
19389,708,2024,6,22,20,1,1,1
19390,708,2024,7,20,16,3,1,6
19391,708,2024,8,21,15,4,2,7
19392,708,2024,9,21,20,0,1,3
19393,708,2024,10,20,19,0,1,8
19394,708,2024,11,21,18,1,2,0
19395,708,2024,12,20,18,2,0,5
19396,708,2025,1,21,21,0,0,6
19397,708,2025,2,23,22,0,1,8
19398,708,2025,3,22,20,1,1,7
19399,708,2025,4,23,20,3,0,2
19400,708,2025,5,23,23,0,0,8
19401,708,2025,6,21,15,4,2,4
19402,708,2025,7,23,20,2,1,4
19403,708,2025,8,21,16,3,2,3
19404,708,2025,9,21,20,1,0,7
19405,708,2025,10,23,21,2,0,8
19406,708,2025,11,20,14,4,2,1
19407,708,2025,12,20,16,3,1,0
19408,709,2024,2,21,18,3,0,3
19409,709,2024,3,21,17,3,1,5
19410,709,2024,4,22,20,1,1,1
19411,709,2024,5,20,19,0,1,5
19412,709,2024,6,22,19,2,1,2
19413,709,2024,7,22,16,4,2,0
19414,709,2024,8,23,21,0,2,8
19415,709,2024,9,21,17,4,0,4
19416,709,2024,10,21,18,1,2,5
19417,709,2024,11,22,18,2,2,1
19418,709,2024,12,21,21,0,0,0
19419,709,2025,1,21,18,3,0,5
19420,709,2025,2,20,16,3,1,8
19421,709,2025,3,23,18,4,1,6
19422,709,2025,4,22,18,4,0,7
19423,709,2025,5,20,18,1,1,5
19424,709,2025,6,20,16,3,1,2
19425,709,2025,7,22,17,3,2,3
19426,709,2025,8,20,15,3,2,8
19427,709,2025,9,20,19,1,0,0
19428,709,2025,10,20,16,4,0,8
19429,709,2025,11,21,19,0,2,0
19430,709,2025,12,23,22,1,0,1
19431,710,2025,4,20,16,4,0,1
19432,710,2025,5,22,19,3,0,8
19433,710,2025,6,21,19,0,2,4
19434,710,2025,7,20,15,3,2,4
19435,710,2025,8,21,21,0,0,8
19436,710,2025,9,20,18,0,2,3
19437,710,2025,10,22,20,1,1,2
19438,710,2025,11,20,14,4,2,1
19439,710,2025,12,23,20,2,1,8
19440,711,2025,6,23,19,4,0,0
19441,711,2025,7,20,18,0,2,2
19442,711,2025,8,21,18,2,1,6
19443,711,2025,9,22,21,0,1,8
19444,711,2025,10,22,19,3,0,2
19445,711,2025,11,22,20,0,2,0
19446,711,2025,12,23,18,4,1,7
19447,712,2024,2,20,20,0,0,2
19448,712,2024,3,22,21,1,0,3
19449,712,2024,4,20,16,4,0,1
19450,712,2024,5,20,14,4,2,6
19451,712,2024,6,21,20,0,1,5
19452,712,2024,7,21,17,3,1,1
19453,712,2024,8,20,17,3,0,6
19454,713,2022,7,23,18,4,1,4
19455,713,2022,8,22,19,2,1,0
19456,713,2022,9,22,18,3,1,2
19457,713,2022,10,22,17,3,2,8
19458,713,2022,11,23,22,0,1,6
19459,713,2022,12,23,22,1,0,7
19460,713,2023,1,21,19,0,2,5
19461,713,2023,2,23,21,1,1,1
19462,713,2023,3,21,17,4,0,2
19463,713,2023,4,21,19,2,0,3
19464,713,2023,5,20,20,0,0,8
19465,713,2023,6,20,20,0,0,4
19466,713,2023,7,20,17,2,1,8
19467,713,2023,8,20,18,1,1,1
19468,713,2023,9,22,20,2,0,6
19469,713,2023,10,22,20,2,0,5
19470,713,2023,11,22,16,4,2,6
19471,713,2023,12,23,21,2,0,4
19472,713,2024,1,23,19,2,2,8
19473,713,2024,2,21,18,3,0,3
19474,713,2024,3,23,23,0,0,4
19475,713,2024,4,23,22,1,0,1
19476,713,2024,5,20,20,0,0,2
19477,713,2024,6,23,21,0,2,0
19478,713,2024,7,20,19,0,1,7
19479,713,2024,8,22,21,1,0,3
19480,713,2024,9,21,20,1,0,8
19481,713,2024,10,21,19,1,1,1
19482,713,2024,11,23,17,4,2,7
19483,713,2024,12,23,22,0,1,5
19484,713,2025,1,20,17,2,1,2
19485,713,2025,2,22,17,3,2,6
19486,713,2025,3,23,21,2,0,0
19487,713,2025,4,20,15,3,2,4
19488,713,2025,5,22,22,0,0,1
19489,713,2025,6,20,17,2,1,7
19490,713,2025,7,21,19,1,1,7
19491,713,2025,8,22,19,2,1,0
19492,713,2025,9,22,18,4,0,0
19493,713,2025,10,20,14,4,2,4
19494,713,2025,11,22,21,1,0,8
19495,713,2025,12,20,18,1,1,7
19496,714,2021,10,21,19,2,0,5
19497,714,2021,11,23,19,3,1,2
19498,714,2021,12,21,20,1,0,1
19499,714,2022,1,21,20,1,0,3
19500,714,2022,2,20,18,1,1,2
19501,714,2022,3,22,17,4,1,2
19502,714,2022,4,21,18,1,2,0
19503,714,2022,5,20,15,4,1,3
19504,714,2022,6,20,16,3,1,8
19505,714,2022,7,22,21,0,1,8
19506,714,2022,8,22,17,4,1,5
19507,714,2022,9,22,19,3,0,2
19508,714,2022,10,22,18,2,2,6
19509,714,2022,11,22,16,4,2,4
19510,714,2022,12,23,20,2,1,1
19511,714,2023,1,20,17,3,0,0
19512,714,2023,2,23,19,4,0,3
19513,714,2023,3,20,17,3,0,6
19514,714,2023,4,20,15,4,1,8
19515,714,2023,5,21,20,1,0,5
19516,714,2023,6,23,20,3,0,5
19517,714,2023,7,21,19,1,1,7
19518,714,2023,8,21,15,4,2,8
19519,714,2023,9,21,18,1,2,0
19520,714,2023,10,23,21,0,2,6
19521,714,2023,11,22,16,4,2,6
19522,714,2023,12,22,20,1,1,0
19523,714,2024,1,22,20,1,1,8
19524,714,2024,2,20,17,2,1,8
19525,714,2024,3,22,19,1,2,3
19526,714,2024,4,22,16,4,2,5
19527,714,2024,5,20,16,4,0,1
19528,714,2024,6,21,17,2,2,1
19529,714,2024,7,21,18,1,2,8
19530,714,2024,8,22,19,1,2,3
19531,714,2024,9,22,17,3,2,6
19532,714,2024,10,22,17,3,2,1
19533,714,2024,11,20,15,4,1,7
19534,714,2024,12,20,16,2,2,8
19535,714,2025,1,21,18,2,1,8
19536,714,2025,2,21,16,4,1,3
19537,714,2025,3,20,14,4,2,2
19538,714,2025,4,20,16,4,0,0
19539,714,2025,5,23,21,0,2,6
19540,714,2025,6,20,17,3,0,0
19541,714,2025,7,20,15,3,2,0
19542,714,2025,8,22,18,3,1,0
19543,714,2025,9,23,19,4,0,3
19544,714,2025,10,20,16,4,0,7
19545,714,2025,11,21,20,1,0,1
19546,714,2025,12,22,19,2,1,0
19547,715,2025,9,21,18,1,2,2
19548,715,2025,10,20,18,1,1,3
19549,715,2025,11,22,18,4,0,3
19550,715,2025,12,21,19,2,0,8
19551,716,2022,2,21,16,3,2,5
19552,716,2022,3,21,16,3,2,7
19553,716,2022,4,23,20,3,0,4
19554,716,2022,5,23,18,4,1,2
19555,716,2022,6,22,20,2,0,6
19556,716,2022,7,20,17,3,0,7
19557,716,2022,8,21,17,3,1,0
19558,716,2022,9,22,20,0,2,6
19559,716,2022,10,22,20,0,2,1
19560,716,2022,11,23,21,0,2,7
19561,716,2022,12,20,19,1,0,8
19562,716,2023,1,23,19,3,1,0
19563,716,2023,2,20,19,1,0,2
19564,716,2023,3,23,18,3,2,5
19565,716,2023,4,23,20,2,1,8
19566,716,2023,5,21,19,2,0,0
19567,716,2023,6,22,18,2,2,8
19568,716,2023,7,23,19,4,0,8
19569,716,2023,8,20,19,0,1,8
19570,716,2023,9,22,20,2,0,1
19571,716,2023,10,23,17,4,2,7
19572,716,2023,11,22,21,1,0,5
19573,716,2023,12,21,19,2,0,2
19574,716,2024,1,22,21,1,0,3
19575,716,2024,2,20,16,3,1,1
19576,716,2024,3,21,19,0,2,3
19577,716,2024,4,21,19,0,2,1
19578,716,2024,5,23,17,4,2,6
19579,716,2024,6,21,18,3,0,4
19580,716,2024,7,23,21,1,1,1
19581,716,2024,8,20,16,4,0,3
19582,716,2024,9,22,18,4,0,3
19583,716,2024,10,20,17,1,2,4
19584,716,2024,11,23,19,3,1,5
19585,716,2024,12,22,19,3,0,4
19586,716,2025,1,20,14,4,2,8
19587,716,2025,2,23,18,4,1,6
19588,716,2025,3,22,16,4,2,3
19589,716,2025,4,20,18,2,0,3
19590,716,2025,5,23,19,2,2,6
19591,716,2025,6,21,19,1,1,4
19592,716,2025,7,22,20,2,0,6
19593,716,2025,8,20,16,3,1,7
19594,716,2025,9,22,22,0,0,3
19595,716,2025,10,20,18,0,2,8
19596,716,2025,11,20,17,2,1,4
19597,716,2025,12,21,18,3,0,8
19598,717,2022,9,20,19,0,1,4
19599,717,2022,10,20,19,1,0,2
19600,717,2022,11,21,19,2,0,4
19601,717,2022,12,22,18,4,0,2
19602,717,2023,1,23,21,0,2,7
19603,717,2023,2,23,19,3,1,8
19604,717,2023,3,22,19,1,2,2
19605,717,2023,4,20,18,1,1,0
19606,717,2023,5,23,17,4,2,0
19607,717,2023,6,23,19,3,1,2
19608,717,2023,7,20,16,4,0,3
19609,717,2023,8,20,18,2,0,4
19610,717,2023,9,22,19,1,2,0
19611,717,2023,10,23,21,2,0,7
19612,717,2023,11,20,14,4,2,0
19613,717,2023,12,22,16,4,2,8
19614,717,2024,1,21,17,4,0,8
19615,717,2024,2,20,16,4,0,3
19616,717,2024,3,23,19,3,1,5
19617,717,2024,4,20,18,0,2,7
19618,717,2024,5,22,17,4,1,5
19619,717,2024,6,23,20,3,0,6
19620,717,2024,7,20,16,2,2,3
19621,717,2024,8,21,18,1,2,2
19622,717,2024,9,21,17,3,1,1
19623,717,2024,10,23,19,3,1,3
19624,717,2024,11,23,21,1,1,7
19625,717,2024,12,23,22,0,1,5
19626,717,2025,1,23,18,3,2,1
19627,717,2025,2,21,17,4,0,7
19628,717,2025,3,21,19,0,2,7
19629,717,2025,4,22,21,1,0,8
19630,717,2025,5,20,16,4,0,4
19631,717,2025,6,21,19,0,2,5
19632,717,2025,7,22,22,0,0,7
19633,717,2025,8,22,17,3,2,2
19634,717,2025,9,23,21,0,2,0
19635,717,2025,10,21,20,1,0,7
19636,717,2025,11,20,17,3,0,1
19637,717,2025,12,22,17,3,2,6
19638,718,2024,4,22,20,2,0,1
19639,718,2024,5,22,18,4,0,0
19640,718,2024,6,22,17,4,1,5
19641,718,2024,7,23,21,2,0,0
19642,718,2024,8,22,18,3,1,3
19643,718,2024,9,22,22,0,0,8
19644,718,2024,10,20,19,1,0,0
19645,718,2024,11,21,20,0,1,5
19646,718,2024,12,23,21,0,2,6
19647,718,2025,1,20,16,3,1,4
19648,718,2025,2,23,19,2,2,3
19649,718,2025,3,22,19,3,0,4
19650,718,2025,4,21,21,0,0,0
19651,718,2025,5,23,20,3,0,4
19652,718,2025,6,20,15,3,2,8
19653,718,2025,7,20,16,3,1,4
19654,718,2025,8,23,17,4,2,2
19655,718,2025,9,20,17,1,2,7
19656,718,2025,10,23,20,3,0,0
19657,718,2025,11,22,19,3,0,0
19658,718,2025,12,23,20,1,2,4
19659,719,2022,8,21,16,3,2,1
19660,719,2022,9,22,18,4,0,5
19661,719,2022,10,20,20,0,0,3
19662,719,2022,11,23,20,3,0,8
19663,719,2022,12,23,21,1,1,6
19664,719,2023,1,23,20,1,2,4
19665,719,2023,2,20,17,2,1,2
19666,719,2023,3,23,21,1,1,6
19667,719,2023,4,22,16,4,2,2
19668,719,2023,5,20,16,3,1,2
19669,719,2023,6,23,20,2,1,5
19670,719,2023,7,20,16,3,1,8
19671,719,2023,8,21,16,4,1,0
19672,719,2023,9,23,17,4,2,1
19673,719,2023,10,23,22,0,1,8
19674,719,2023,11,23,23,0,0,1
19675,719,2023,12,22,22,0,0,7
19676,719,2024,1,22,16,4,2,2
19677,719,2024,2,20,17,2,1,7
19678,719,2024,3,23,19,4,0,3
19679,719,2024,4,22,19,2,1,0
19680,719,2024,5,23,18,3,2,0
19681,719,2024,6,20,18,1,1,1
19682,719,2024,7,20,18,1,1,3
19683,719,2024,8,20,14,4,2,8
19684,719,2024,9,20,19,0,1,2
19685,719,2024,10,20,16,4,0,8
19686,719,2024,11,20,18,2,0,7
19687,719,2024,12,23,20,3,0,7
19688,719,2025,1,23,20,3,0,4
19689,719,2025,2,23,23,0,0,6
19690,719,2025,3,20,14,4,2,5
19691,719,2025,4,22,18,2,2,5
19692,719,2025,5,22,16,4,2,7
19693,719,2025,6,20,17,2,1,0
19694,719,2025,7,21,17,3,1,0
19695,719,2025,8,22,17,4,1,8
19696,719,2025,9,20,19,0,1,4
19697,719,2025,10,21,21,0,0,5
19698,719,2025,11,22,20,1,1,0
19699,719,2025,12,23,19,3,1,5
19700,720,2025,4,22,20,0,2,2
19701,720,2025,5,20,18,0,2,6
19702,720,2025,6,21,21,0,0,0
19703,720,2025,7,21,18,2,1,0
19704,720,2025,8,22,20,0,2,0
19705,720,2025,9,20,19,0,1,2
19706,720,2025,10,23,19,4,0,7
19707,720,2025,11,22,18,4,0,0
19708,720,2025,12,20,19,0,1,0
19709,721,2024,9,23,22,0,1,4
19710,721,2024,10,21,18,2,1,2
19711,721,2024,11,23,22,0,1,6
19712,721,2024,12,20,17,3,0,7
19713,721,2025,1,21,21,0,0,6
19714,721,2025,2,22,17,4,1,0
19715,721,2025,3,22,22,0,0,6
19716,721,2025,4,20,14,4,2,4
19717,721,2025,5,23,20,2,1,1
19718,722,2024,2,22,20,0,2,1
19719,722,2024,3,20,18,0,2,2
19720,722,2024,4,23,18,3,2,4
19721,722,2024,5,20,15,4,1,5
19722,722,2024,6,21,15,4,2,4
19723,722,2024,7,23,22,0,1,3
19724,722,2024,8,20,17,2,1,5
19725,722,2024,9,23,21,0,2,6
19726,722,2024,10,23,19,2,2,4
19727,722,2024,11,21,17,4,0,3
19728,722,2024,12,21,17,4,0,2
19729,722,2025,1,22,20,0,2,1
19730,722,2025,2,21,21,0,0,0
19731,722,2025,3,20,17,3,0,3
19732,722,2025,4,22,17,4,1,0
19733,722,2025,5,22,16,4,2,0
19734,722,2025,6,21,19,2,0,7
19735,723,2023,11,21,17,3,1,6
19736,723,2023,12,22,18,4,0,5
19737,723,2024,1,21,19,2,0,7
19738,723,2024,2,20,17,3,0,6
19739,723,2024,3,21,16,4,1,5
19740,723,2024,4,21,18,2,1,7
19741,723,2024,5,20,18,1,1,4
19742,723,2024,6,21,18,3,0,6
19743,723,2024,7,23,20,2,1,3
19744,723,2024,8,22,22,0,0,5
19745,723,2024,9,23,20,3,0,5
19746,723,2024,10,21,21,0,0,6
19747,723,2024,11,20,16,3,1,2
19748,723,2024,12,20,19,1,0,6
19749,723,2025,1,23,19,4,0,8
19750,723,2025,2,22,17,3,2,5
19751,723,2025,3,21,20,0,1,1
19752,723,2025,4,21,21,0,0,3
19753,723,2025,5,22,18,4,0,7
19754,723,2025,6,23,19,3,1,8
19755,723,2025,7,22,20,2,0,8
19756,723,2025,8,20,20,0,0,0
19757,723,2025,9,22,19,3,0,5
19758,723,2025,10,20,16,4,0,0
19759,723,2025,11,20,19,1,0,6
19760,723,2025,12,20,14,4,2,1
19761,724,2025,10,22,20,1,1,4
19762,724,2025,11,21,19,1,1,2
19763,724,2025,12,20,16,4,0,0
19764,725,2025,1,23,20,1,2,8
19765,725,2025,2,21,21,0,0,0
19766,725,2025,3,20,17,1,2,1
19767,725,2025,4,22,16,4,2,3
19768,725,2025,5,22,19,2,1,2
19769,725,2025,6,23,19,4,0,2
19770,725,2025,7,21,15,4,2,2
19771,725,2025,8,20,17,3,0,6
19772,725,2025,9,21,18,2,1,6
19773,725,2025,10,21,17,3,1,1
19774,725,2025,11,23,19,4,0,4
19775,725,2025,12,23,20,1,2,5
19776,726,2024,2,23,20,2,1,5
19777,726,2024,3,20,17,2,1,0
19778,726,2024,4,23,18,3,2,0
19779,726,2024,5,23,22,1,0,0
19780,726,2024,6,21,17,4,0,7
19781,726,2024,7,20,17,3,0,7
19782,726,2024,8,20,14,4,2,1
19783,726,2024,9,22,19,2,1,3
19784,726,2024,10,23,17,4,2,3
19785,726,2024,11,20,19,0,1,4
19786,726,2024,12,23,17,4,2,7
19787,726,2025,1,23,20,3,0,7
19788,726,2025,2,23,19,2,2,4
19789,726,2025,3,21,21,0,0,2
19790,726,2025,4,23,23,0,0,2
19791,726,2025,5,20,14,4,2,7
19792,726,2025,6,23,19,2,2,5
19793,726,2025,7,21,18,1,2,2
19794,726,2025,8,20,16,3,1,4
19795,726,2025,9,20,18,1,1,1
19796,726,2025,10,21,18,2,1,2
19797,726,2025,11,21,18,3,0,1
19798,726,2025,12,23,18,3,2,2
19799,727,2021,6,23,21,2,0,6
19800,727,2021,7,20,18,2,0,7
19801,727,2021,8,22,21,1,0,5
19802,727,2021,9,22,20,1,1,0
19803,727,2021,10,21,20,0,1,8
19804,727,2021,11,22,20,2,0,7
19805,727,2021,12,21,19,2,0,3
19806,727,2022,1,22,20,1,1,1
19807,727,2022,2,21,16,4,1,3
19808,727,2022,3,22,16,4,2,4
19809,727,2022,4,23,22,1,0,1
19810,727,2022,5,20,19,1,0,6
19811,727,2022,6,21,16,4,1,0
19812,727,2022,7,22,18,2,2,1
19813,727,2022,8,22,19,2,1,0
19814,727,2022,9,22,17,4,1,5
19815,727,2022,10,23,19,2,2,7
19816,727,2022,11,21,15,4,2,8
19817,727,2022,12,23,22,0,1,0
19818,727,2023,1,22,20,2,0,3
19819,727,2023,2,23,22,0,1,4
19820,727,2023,3,23,20,2,1,3
19821,727,2023,4,21,20,1,0,6
19822,727,2023,5,21,19,2,0,5
19823,727,2023,6,21,19,0,2,4
19824,727,2023,7,22,18,4,0,0
19825,727,2023,8,20,18,2,0,6
19826,727,2023,9,21,17,4,0,4
19827,727,2023,10,21,17,4,0,0
19828,727,2023,11,22,18,3,1,6
19829,727,2023,12,22,20,1,1,5
19830,727,2024,1,20,14,4,2,4
19831,727,2024,2,23,19,4,0,7
19832,727,2024,3,22,18,2,2,4
19833,727,2024,4,22,19,3,0,1
19834,727,2024,5,20,18,0,2,7
19835,727,2024,6,23,21,2,0,0
19836,727,2024,7,22,16,4,2,4
19837,727,2024,8,21,19,2,0,3
19838,727,2024,9,20,17,3,0,0
19839,727,2024,10,22,20,1,1,2
19840,727,2024,11,22,20,0,2,7
19841,727,2024,12,22,21,0,1,1
19842,727,2025,1,23,20,2,1,4
19843,727,2025,2,21,19,0,2,6
19844,727,2025,3,22,16,4,2,8
19845,727,2025,4,22,17,3,2,4
19846,727,2025,5,20,17,2,1,7
19847,727,2025,6,21,17,2,2,7
19848,727,2025,7,21,21,0,0,2
19849,727,2025,8,23,23,0,0,1
19850,727,2025,9,23,22,0,1,3
19851,727,2025,10,20,15,4,1,2
19852,727,2025,11,21,18,3,0,6
19853,727,2025,12,21,17,4,0,3
19854,728,2025,6,23,22,0,1,2
19855,728,2025,7,21,16,4,1,6
19856,728,2025,8,23,19,2,2,7
19857,728,2025,9,23,22,0,1,2
19858,728,2025,10,22,22,0,0,7
19859,728,2025,11,22,20,1,1,5
19860,728,2025,12,21,20,0,1,8
19861,729,2023,5,23,21,0,2,6
19862,729,2023,6,20,18,0,2,2
19863,729,2023,7,20,18,1,1,7
19864,729,2023,8,22,21,1,0,7
19865,729,2023,9,21,17,4,0,4
19866,729,2023,10,22,21,1,0,3
19867,729,2023,11,23,19,4,0,7
19868,729,2023,12,22,17,4,1,6
19869,729,2024,1,21,21,0,0,5
19870,729,2024,2,22,18,4,0,3
19871,729,2024,3,21,18,3,0,8
19872,729,2024,4,23,21,0,2,0
19873,729,2024,5,21,20,1,0,7
19874,729,2024,6,22,18,4,0,8
19875,729,2024,7,22,20,1,1,0
19876,729,2024,8,23,22,1,0,8
19877,729,2024,9,21,19,0,2,8
19878,729,2024,10,21,16,3,2,5
19879,729,2024,11,22,21,1,0,3
19880,729,2024,12,20,14,4,2,2
19881,729,2025,1,23,23,0,0,0
19882,730,2021,4,22,18,3,1,1
19883,730,2021,5,22,17,4,1,6
19884,730,2021,6,22,17,3,2,4
19885,730,2021,7,20,14,4,2,2
19886,730,2021,8,20,19,0,1,2
19887,730,2021,9,21,20,0,1,8
19888,730,2021,10,20,18,1,1,6
19889,730,2021,11,20,17,1,2,2
19890,730,2021,12,23,19,2,2,6
19891,730,2022,1,22,20,1,1,3
19892,730,2022,2,22,20,2,0,0
19893,730,2022,3,21,20,0,1,4
19894,730,2022,4,21,19,2,0,0
19895,730,2022,5,23,18,4,1,0
19896,730,2022,6,20,18,1,1,4
19897,730,2022,7,23,21,1,1,0
19898,730,2022,8,23,19,4,0,2
19899,730,2022,9,22,19,2,1,8
19900,730,2022,10,23,21,0,2,2
19901,730,2022,11,20,19,1,0,0
19902,730,2022,12,23,20,2,1,8
19903,730,2023,1,20,17,3,0,3
19904,730,2023,2,23,20,2,1,3
19905,730,2023,3,22,18,4,0,7
19906,730,2023,4,23,20,1,2,3
19907,730,2023,5,22,22,0,0,7
19908,730,2023,6,23,17,4,2,6
19909,730,2023,7,20,17,2,1,8
19910,730,2023,8,23,20,1,2,0
19911,730,2023,9,21,18,2,1,6
19912,730,2023,10,20,19,1,0,6
19913,730,2023,11,20,18,1,1,8
19914,730,2023,12,20,18,2,0,5
19915,730,2024,1,21,20,0,1,6
19916,730,2024,2,20,15,4,1,6
19917,730,2024,3,20,17,3,0,4
19918,730,2024,4,22,21,1,0,2
19919,730,2024,5,22,17,3,2,6
19920,730,2024,6,21,18,1,2,2
19921,730,2024,7,22,20,0,2,2
19922,730,2024,8,20,17,1,2,0
19923,730,2024,9,23,18,3,2,7
19924,730,2024,10,20,16,2,2,8
19925,730,2024,11,23,23,0,0,2
19926,730,2024,12,21,20,1,0,1
19927,730,2025,1,22,17,3,2,1
19928,730,2025,2,20,14,4,2,7
19929,730,2025,3,21,19,0,2,1
19930,730,2025,4,23,20,2,1,3
19931,730,2025,5,21,20,1,0,0
19932,730,2025,6,20,18,1,1,8
19933,730,2025,7,23,19,4,0,6
19934,730,2025,8,21,19,2,0,4
19935,730,2025,9,22,18,4,0,8
19936,730,2025,10,20,16,3,1,6
19937,730,2025,11,23,23,0,0,2
19938,730,2025,12,22,20,1,1,3
19939,731,2024,3,21,16,3,2,2
19940,731,2024,4,20,18,2,0,8
19941,731,2024,5,20,17,1,2,8
19942,731,2024,6,21,16,4,1,8
19943,731,2024,7,23,21,0,2,6
19944,731,2024,8,20,15,4,1,1
19945,731,2024,9,21,17,3,1,3
19946,731,2024,10,22,20,0,2,5
19947,731,2024,11,23,19,4,0,0
19948,731,2024,12,23,21,0,2,6
19949,731,2025,1,20,15,4,1,7
19950,731,2025,2,21,20,0,1,4
19951,731,2025,3,23,20,2,1,0
19952,731,2025,4,22,17,3,2,5
19953,731,2025,5,22,20,1,1,1
19954,731,2025,6,20,18,0,2,6
19955,731,2025,7,20,17,1,2,4
19956,731,2025,8,21,17,4,0,1
19957,731,2025,9,21,19,1,1,1
19958,731,2025,10,22,21,0,1,5
19959,731,2025,11,22,16,4,2,0
19960,731,2025,12,22,18,3,1,8
19961,732,2022,7,22,16,4,2,8
19962,732,2022,8,22,18,4,0,8
19963,732,2022,9,22,18,4,0,4
19964,732,2022,10,22,19,2,1,1
19965,732,2022,11,23,21,1,1,8
19966,732,2022,12,21,16,3,2,4
19967,732,2023,1,23,18,4,1,2
19968,732,2023,2,20,14,4,2,5
19969,732,2023,3,20,14,4,2,8
19970,732,2023,4,21,17,2,2,2
19971,732,2023,5,20,19,0,1,3
19972,732,2023,6,22,18,4,0,5
19973,732,2023,7,21,15,4,2,1
19974,732,2023,8,21,20,0,1,0
19975,732,2023,9,22,19,3,0,6
19976,732,2023,10,22,19,1,2,2
19977,732,2023,11,20,20,0,0,3
19978,732,2023,12,20,20,0,0,5
19979,732,2024,1,23,20,3,0,0
19980,732,2024,2,23,20,3,0,0
19981,732,2024,3,22,21,1,0,0
19982,733,2022,9,20,17,1,2,3
19983,733,2022,10,21,19,0,2,1
19984,733,2022,11,23,21,1,1,5
19985,733,2022,12,21,18,2,1,3
19986,733,2023,1,23,17,4,2,1
19987,733,2023,2,21,20,1,0,4
19988,733,2023,3,20,17,1,2,0
19989,733,2023,4,21,17,4,0,1
19990,733,2023,5,21,17,4,0,5
19991,733,2023,6,21,18,2,1,2
19992,733,2023,7,23,20,2,1,1
19993,733,2023,8,22,21,1,0,2
19994,733,2023,9,22,16,4,2,6
19995,733,2023,10,22,17,3,2,1
19996,733,2023,11,22,17,4,1,2
19997,733,2023,12,21,18,3,0,2
19998,733,2024,1,23,21,1,1,0
19999,733,2024,2,20,19,1,0,8
20000,733,2024,3,21,15,4,2,4
20001,733,2024,4,20,19,0,1,8
20002,733,2024,5,23,21,0,2,3
20003,733,2024,6,20,18,1,1,2
20004,733,2024,7,20,18,0,2,1
20005,733,2024,8,22,19,2,1,4
20006,733,2024,9,21,21,0,0,2
20007,733,2024,10,22,21,1,0,4
20008,733,2024,11,20,18,1,1,0
20009,733,2024,12,20,16,4,0,0
20010,733,2025,1,22,17,4,1,0
20011,733,2025,2,21,19,1,1,4
20012,733,2025,3,21,15,4,2,0
20013,733,2025,4,23,22,1,0,1
20014,733,2025,5,22,17,4,1,2
20015,733,2025,6,22,18,4,0,4
20016,733,2025,7,22,16,4,2,4
20017,733,2025,8,21,19,1,1,3
20018,733,2025,9,21,18,3,0,3
20019,733,2025,10,22,21,1,0,1
20020,733,2025,11,20,14,4,2,7
20021,733,2025,12,23,20,3,0,4
20022,734,2023,10,20,14,4,2,6
20023,734,2023,11,21,17,4,0,3
20024,734,2023,12,23,19,3,1,4
20025,734,2024,1,21,21,0,0,5
20026,734,2024,2,23,19,4,0,5
20027,734,2024,3,23,22,1,0,2
20028,734,2024,4,22,20,2,0,0
20029,734,2024,5,23,22,1,0,0
20030,734,2024,6,21,17,2,2,4
20031,734,2024,7,23,17,4,2,5
20032,734,2024,8,23,21,1,1,2
20033,734,2024,9,20,16,3,1,5
20034,734,2024,10,23,21,0,2,0
20035,734,2024,11,20,18,2,0,3
20036,734,2024,12,21,21,0,0,4
20037,734,2025,1,23,20,2,1,7
20038,734,2025,2,20,16,3,1,6
20039,734,2025,3,23,19,3,1,3
20040,734,2025,4,20,14,4,2,7
20041,734,2025,5,23,23,0,0,4
20042,734,2025,6,21,21,0,0,6
20043,734,2025,7,20,19,1,0,7
20044,734,2025,8,23,19,2,2,8
20045,734,2025,9,23,18,4,1,5
20046,734,2025,10,22,22,0,0,6
20047,734,2025,11,20,18,2,0,8
20048,734,2025,12,22,19,2,1,1
20049,735,2022,10,22,19,3,0,7
20050,735,2022,11,23,21,0,2,7
20051,735,2022,12,20,17,2,1,8
20052,735,2023,1,23,20,1,2,0
20053,735,2023,2,23,19,3,1,3
20054,735,2023,3,20,19,1,0,5
20055,735,2023,4,21,17,2,2,3
20056,735,2023,5,20,16,3,1,5
20057,735,2023,6,22,19,1,2,0
20058,735,2023,7,21,16,3,2,5
20059,735,2023,8,21,21,0,0,7
20060,735,2023,9,21,21,0,0,7
20061,735,2023,10,23,17,4,2,4
20062,735,2023,11,20,15,3,2,2
20063,735,2023,12,21,16,4,1,7
20064,735,2024,1,21,17,3,1,0
20065,735,2024,2,20,19,0,1,4
20066,735,2024,3,20,18,0,2,6
20067,735,2024,4,21,18,1,2,7
20068,735,2024,5,21,18,2,1,2
20069,735,2024,6,22,21,1,0,5
20070,735,2024,7,21,18,3,0,4
20071,735,2024,8,21,19,2,0,0
20072,735,2024,9,20,20,0,0,0
20073,735,2024,10,21,18,3,0,3
20074,735,2024,11,22,20,0,2,0
20075,735,2024,12,20,20,0,0,3
20076,735,2025,1,20,16,3,1,6
20077,735,2025,2,21,17,2,2,3
20078,735,2025,3,21,20,1,0,7
20079,735,2025,4,21,17,3,1,7
20080,735,2025,5,23,21,1,1,8
20081,735,2025,6,20,14,4,2,7
20082,735,2025,7,20,17,1,2,2
20083,735,2025,8,23,19,2,2,1
20084,735,2025,9,23,17,4,2,6
20085,735,2025,10,22,16,4,2,6
20086,735,2025,11,23,17,4,2,5
20087,735,2025,12,21,17,3,1,1
20088,736,2023,6,23,22,0,1,3
20089,736,2023,7,21,15,4,2,8
20090,736,2023,8,22,18,4,0,3
20091,736,2023,9,20,17,2,1,7
20092,736,2023,10,23,20,3,0,1
20093,736,2023,11,21,19,2,0,4
20094,736,2023,12,23,20,3,0,2
20095,736,2024,1,23,17,4,2,2
20096,736,2024,2,22,19,3,0,2
20097,736,2024,3,23,18,4,1,2
20098,736,2024,4,21,19,0,2,1
20099,736,2024,5,21,19,1,1,0
20100,736,2024,6,22,20,0,2,3
20101,736,2024,7,23,18,4,1,0
20102,736,2024,8,21,18,3,0,2
20103,736,2024,9,21,17,4,0,3
20104,736,2024,10,21,15,4,2,2
20105,736,2024,11,23,18,3,2,4
20106,736,2024,12,21,17,2,2,2
20107,736,2025,1,22,22,0,0,7
20108,736,2025,2,21,19,0,2,7
20109,736,2025,3,20,16,3,1,3
20110,736,2025,4,22,20,0,2,0
20111,736,2025,5,20,19,0,1,1
20112,736,2025,6,23,18,3,2,5
20113,736,2025,7,21,17,4,0,5
20114,736,2025,8,21,16,4,1,3
20115,736,2025,9,21,21,0,0,2
20116,736,2025,10,22,21,1,0,6
20117,736,2025,11,22,20,2,0,3
20118,736,2025,12,21,19,2,0,4
20119,737,2021,9,23,22,0,1,0
20120,737,2021,10,23,22,0,1,5
20121,737,2021,11,20,18,1,1,7
20122,737,2021,12,20,18,2,0,3
20123,737,2022,1,23,20,2,1,2
20124,737,2022,2,22,18,3,1,2
20125,737,2022,3,20,19,1,0,2
20126,737,2022,4,22,20,0,2,2
20127,737,2022,5,21,15,4,2,4
20128,737,2022,6,23,19,2,2,8
20129,737,2022,7,21,18,1,2,1
20130,737,2022,8,21,18,1,2,7
20131,737,2022,9,22,18,4,0,2
20132,737,2022,10,23,17,4,2,4
20133,737,2022,11,22,18,4,0,1
20134,737,2022,12,22,18,3,1,6
20135,737,2023,1,21,17,4,0,3
20136,737,2023,2,22,16,4,2,6
20137,737,2023,3,20,14,4,2,1
20138,737,2023,4,20,20,0,0,4
20139,737,2023,5,20,19,1,0,1
20140,737,2023,6,23,19,3,1,3
20141,737,2023,7,21,17,4,0,1
20142,737,2023,8,23,21,2,0,4
20143,737,2023,9,22,21,1,0,2
20144,737,2023,10,22,18,4,0,5
20145,737,2023,11,21,15,4,2,4
20146,737,2023,12,23,22,0,1,6
20147,737,2024,1,23,18,3,2,1
20148,737,2024,2,23,17,4,2,8
20149,737,2024,3,23,18,4,1,0
20150,737,2024,4,22,21,1,0,4
20151,737,2024,5,22,20,0,2,4
20152,737,2024,6,21,19,0,2,4
20153,737,2024,7,20,19,0,1,1
20154,737,2024,8,20,18,0,2,8
20155,737,2024,9,22,18,2,2,6
20156,737,2024,10,20,15,4,1,1
20157,737,2024,11,21,21,0,0,2
20158,737,2024,12,21,19,1,1,4
20159,737,2025,1,22,19,1,2,3
20160,737,2025,2,21,17,3,1,0
20161,737,2025,3,21,21,0,0,5
20162,737,2025,4,23,22,0,1,2
20163,737,2025,5,22,18,2,2,2
20164,737,2025,6,23,20,2,1,1
20165,737,2025,7,23,21,1,1,0
20166,737,2025,8,22,19,2,1,4
20167,737,2025,9,20,16,4,0,2
20168,737,2025,10,21,19,0,2,7
20169,737,2025,11,21,15,4,2,4
20170,737,2025,12,23,20,3,0,6
20171,738,2023,5,21,17,3,1,8
20172,738,2023,6,22,22,0,0,5
20173,738,2023,7,23,19,4,0,7
20174,738,2023,8,23,20,1,2,2
20175,738,2023,9,21,19,0,2,6
20176,738,2023,10,20,17,1,2,6
20177,738,2023,11,21,18,2,1,6
20178,738,2023,12,21,19,1,1,7
20179,738,2024,1,20,18,1,1,1
20180,738,2024,2,22,20,2,0,3
20181,738,2024,3,20,17,3,0,5
20182,738,2024,4,20,16,4,0,4
20183,738,2024,5,21,19,0,2,7
20184,738,2024,6,23,22,0,1,2
20185,738,2024,7,21,17,3,1,0
20186,738,2024,8,20,16,4,0,6
20187,738,2024,9,22,20,2,0,5
20188,738,2024,10,20,18,2,0,1
20189,738,2024,11,20,17,3,0,6
20190,739,2022,1,22,18,4,0,2
20191,739,2022,2,20,18,0,2,3
20192,739,2022,3,20,20,0,0,0
20193,739,2022,4,23,23,0,0,6
20194,739,2022,5,22,18,2,2,3
20195,739,2022,6,20,18,2,0,5
20196,739,2022,7,20,15,3,2,1
20197,739,2022,8,20,15,3,2,7
20198,739,2022,9,21,21,0,0,7
20199,739,2022,10,22,17,3,2,5
20200,739,2022,11,20,16,2,2,5
20201,739,2022,12,23,20,3,0,4
20202,739,2023,1,20,18,1,1,6
20203,739,2023,2,22,22,0,0,4
20204,739,2023,3,23,21,2,0,3
20205,739,2023,4,21,17,3,1,4
20206,739,2023,5,22,19,1,2,8
20207,739,2023,6,20,19,0,1,6
20208,739,2023,7,22,17,3,2,0
20209,739,2023,8,23,22,0,1,5
20210,739,2023,9,22,19,1,2,4
20211,739,2023,10,23,23,0,0,7
20212,739,2023,11,23,22,0,1,8
20213,739,2023,12,23,18,4,1,1
20214,739,2024,1,21,17,4,0,1
20215,739,2024,2,22,19,1,2,3
20216,739,2024,3,21,19,1,1,6
20217,739,2024,4,21,18,2,1,3
20218,739,2024,5,22,19,3,0,0
20219,739,2024,6,23,17,4,2,3
20220,739,2024,7,22,17,3,2,3
20221,739,2024,8,20,17,2,1,6
20222,739,2024,9,23,22,1,0,5
20223,739,2024,10,20,18,2,0,2
20224,739,2024,11,21,20,0,1,8
20225,739,2024,12,20,15,3,2,2
20226,739,2025,1,22,22,0,0,7
20227,739,2025,2,21,20,0,1,7
20228,739,2025,3,23,20,3,0,2
20229,739,2025,4,21,17,3,1,7
20230,739,2025,5,21,16,3,2,1
20231,739,2025,6,22,21,1,0,2
20232,739,2025,7,22,20,2,0,7
20233,739,2025,8,20,15,3,2,2
20234,739,2025,9,22,20,0,2,2
20235,739,2025,10,22,17,3,2,1
20236,739,2025,11,22,18,2,2,0
20237,739,2025,12,20,14,4,2,5
20238,740,2025,2,22,22,0,0,0
20239,740,2025,3,20,20,0,0,6
20240,740,2025,4,20,17,1,2,6
20241,740,2025,5,20,18,2,0,5
20242,740,2025,6,20,18,2,0,4
20243,740,2025,7,20,16,3,1,8
20244,740,2025,8,21,19,2,0,7
20245,740,2025,9,22,19,2,1,7
20246,740,2025,10,20,15,4,1,6
20247,740,2025,11,20,17,3,0,8
20248,740,2025,12,21,15,4,2,7
20249,741,2021,9,22,21,1,0,4
20250,741,2021,10,20,19,0,1,6
20251,741,2021,11,21,15,4,2,6
20252,741,2021,12,20,17,2,1,5
20253,741,2022,1,20,16,4,0,4
20254,741,2022,2,23,21,2,0,5
20255,741,2022,3,23,20,1,2,0
20256,741,2022,4,21,16,3,2,1
20257,741,2022,5,21,19,0,2,5
20258,741,2022,6,23,22,0,1,8
20259,741,2022,7,21,19,0,2,7
20260,741,2022,8,21,19,2,0,0
20261,741,2022,9,22,17,4,1,6
20262,741,2022,10,23,19,4,0,5
20263,741,2022,11,21,16,3,2,2
20264,741,2022,12,21,19,0,2,1
20265,741,2023,1,21,20,0,1,8
20266,741,2023,2,22,18,4,0,0
20267,741,2023,3,20,18,0,2,2
20268,741,2023,4,23,18,3,2,7
20269,741,2023,5,23,22,0,1,8
20270,741,2023,6,21,19,0,2,7
20271,741,2023,7,20,17,3,0,1
20272,741,2023,8,21,16,3,2,7
20273,741,2023,9,23,21,0,2,6
20274,741,2023,10,22,17,3,2,0
20275,741,2023,11,22,19,1,2,2
20276,741,2023,12,23,19,4,0,1
20277,741,2024,1,21,18,2,1,7
20278,741,2024,2,22,17,3,2,1
20279,741,2024,3,20,16,4,0,7
20280,741,2024,4,22,19,1,2,5
20281,741,2024,5,21,17,4,0,2
20282,741,2024,6,23,20,3,0,2
20283,742,2022,9,22,16,4,2,3
20284,742,2022,10,23,20,2,1,6
20285,742,2022,11,22,19,1,2,1
20286,742,2022,12,22,18,2,2,1
20287,742,2023,1,23,21,2,0,7
20288,742,2023,2,20,19,1,0,6
20289,742,2023,3,20,18,1,1,2
20290,742,2023,4,20,20,0,0,2
20291,742,2023,5,22,16,4,2,1
20292,742,2023,6,22,17,4,1,0
20293,742,2023,7,22,22,0,0,0
20294,742,2023,8,23,20,2,1,3
20295,742,2023,9,23,17,4,2,6
20296,742,2023,10,23,21,1,1,6
20297,742,2023,11,22,18,2,2,1
20298,742,2023,12,22,17,3,2,2
20299,742,2024,1,23,20,3,0,8
20300,742,2024,2,22,20,2,0,8
20301,742,2024,3,22,19,3,0,4
20302,742,2024,4,23,17,4,2,2
20303,742,2024,5,23,23,0,0,7
20304,742,2024,6,21,18,1,2,8
20305,742,2024,7,23,19,3,1,1
20306,742,2024,8,22,16,4,2,2
20307,742,2024,9,23,19,2,2,8
20308,742,2024,10,20,17,3,0,2
20309,742,2024,11,22,20,0,2,3
20310,742,2024,12,22,22,0,0,7
20311,742,2025,1,20,16,2,2,7
20312,742,2025,2,23,21,1,1,3
20313,742,2025,3,20,17,1,2,4
20314,742,2025,4,20,15,4,1,6
20315,742,2025,5,21,16,3,2,5
20316,742,2025,6,21,19,2,0,2
20317,742,2025,7,20,16,2,2,4
20318,742,2025,8,22,19,3,0,0
20319,742,2025,9,20,18,2,0,2
20320,742,2025,10,21,19,2,0,0
20321,742,2025,11,20,14,4,2,1
20322,742,2025,12,21,17,3,1,7
20323,743,2024,1,21,16,3,2,0
20324,743,2024,2,20,19,1,0,7
20325,743,2024,3,21,15,4,2,7
20326,743,2024,4,21,16,3,2,8
20327,743,2024,5,21,19,2,0,3
20328,743,2024,6,20,20,0,0,8
20329,743,2024,7,21,19,0,2,3
20330,743,2024,8,23,17,4,2,3
20331,743,2024,9,21,18,1,2,2
20332,743,2024,10,22,19,3,0,3
20333,743,2024,11,21,17,2,2,2
20334,743,2024,12,20,17,2,1,0
20335,743,2025,1,20,16,4,0,5
20336,743,2025,2,21,21,0,0,2
20337,743,2025,3,22,19,3,0,8
20338,743,2025,4,21,17,4,0,4
20339,743,2025,5,23,21,0,2,2
20340,743,2025,6,23,19,4,0,0
20341,743,2025,7,23,22,1,0,5
20342,743,2025,8,23,21,0,2,0
20343,743,2025,9,21,16,3,2,8
20344,743,2025,10,20,19,1,0,8
20345,743,2025,11,20,20,0,0,2
20346,743,2025,12,22,19,1,2,0
20347,744,2021,8,21,19,2,0,0
20348,744,2021,9,21,20,0,1,8
20349,744,2021,10,22,17,3,2,5
20350,744,2021,11,23,20,1,2,7
20351,744,2021,12,22,17,3,2,0
20352,744,2022,1,21,19,1,1,0
20353,744,2022,2,23,18,3,2,4
20354,744,2022,3,23,20,1,2,1
20355,744,2022,4,21,16,3,2,1
20356,744,2022,5,20,15,4,1,5
20357,744,2022,6,20,16,2,2,7
20358,744,2022,7,23,19,2,2,0
20359,744,2022,8,21,16,3,2,1
20360,744,2022,9,20,16,2,2,1
20361,744,2022,10,21,18,2,1,0
20362,744,2022,11,23,18,4,1,4
20363,744,2022,12,22,18,2,2,2
20364,744,2023,1,23,21,0,2,4
20365,744,2023,2,22,17,3,2,0
20366,744,2023,3,21,19,1,1,1
20367,744,2023,4,23,21,1,1,8
20368,744,2023,5,20,15,3,2,4
20369,744,2023,6,20,16,2,2,7
20370,744,2023,7,20,20,0,0,2
20371,744,2023,8,22,17,4,1,3
20372,744,2023,9,23,17,4,2,2
20373,744,2023,10,23,23,0,0,1
20374,744,2023,11,21,19,1,1,8
20375,744,2023,12,21,16,3,2,4
20376,744,2024,1,22,18,4,0,6
20377,744,2024,2,23,21,0,2,5
20378,744,2024,3,20,20,0,0,6
20379,744,2024,4,22,19,1,2,1
20380,744,2024,5,23,19,4,0,5
20381,744,2024,6,22,17,4,1,6
20382,744,2024,7,20,15,3,2,0
20383,744,2024,8,22,19,1,2,1
20384,744,2024,9,23,18,3,2,8
20385,745,2022,6,20,18,2,0,1
20386,745,2022,7,20,20,0,0,5
20387,745,2022,8,23,21,2,0,0
20388,745,2022,9,22,17,3,2,0
20389,745,2022,10,21,19,2,0,8
20390,745,2022,11,22,18,3,1,2
20391,745,2022,12,20,18,2,0,1
20392,745,2023,1,20,18,2,0,5
20393,746,2024,4,20,16,3,1,4
20394,746,2024,5,22,18,4,0,5
20395,746,2024,6,20,17,3,0,0
20396,746,2024,7,22,19,3,0,1
20397,746,2024,8,23,21,0,2,7
20398,746,2024,9,22,20,0,2,1
20399,746,2024,10,21,19,2,0,7
20400,746,2024,11,23,19,4,0,6
20401,746,2024,12,20,20,0,0,1
20402,746,2025,1,21,16,3,2,4
20403,746,2025,2,20,16,3,1,7
20404,746,2025,3,22,20,0,2,4
20405,746,2025,4,22,18,2,2,6
20406,746,2025,5,23,19,3,1,1
20407,746,2025,6,20,15,4,1,0
20408,746,2025,7,23,19,2,2,3
20409,746,2025,8,20,17,1,2,0
20410,746,2025,9,23,22,1,0,2
20411,746,2025,10,20,19,0,1,8
20412,746,2025,11,23,21,0,2,7
20413,746,2025,12,23,17,4,2,7
20414,747,2025,1,22,19,1,2,5
20415,747,2025,2,21,18,1,2,1
20416,747,2025,3,22,19,1,2,7
20417,747,2025,4,20,15,3,2,3
20418,747,2025,5,20,15,4,1,8
20419,747,2025,6,21,19,1,1,7
20420,747,2025,7,23,18,4,1,0
20421,747,2025,8,21,17,3,1,5
20422,747,2025,9,21,20,1,0,4
20423,747,2025,10,22,16,4,2,1
20424,747,2025,11,21,15,4,2,5
20425,747,2025,12,20,19,0,1,0
20426,748,2025,10,22,21,1,0,2
20427,748,2025,11,20,14,4,2,3
20428,748,2025,12,21,19,0,2,5
20429,749,2024,6,21,18,3,0,1
20430,749,2024,7,20,17,1,2,5
20431,749,2024,8,22,18,4,0,6
20432,749,2024,9,23,18,3,2,3
20433,749,2024,10,21,20,0,1,6
20434,749,2024,11,20,19,1,0,8
20435,749,2024,12,23,21,2,0,8
20436,749,2025,1,20,19,0,1,7
20437,749,2025,2,20,15,4,1,4
20438,749,2025,3,21,16,4,1,4
20439,749,2025,4,20,20,0,0,8
20440,749,2025,5,22,19,3,0,1
20441,749,2025,6,23,20,3,0,6
20442,749,2025,7,21,18,3,0,4
20443,749,2025,8,21,18,1,2,2
20444,749,2025,9,21,17,3,1,3
20445,749,2025,10,21,17,2,2,4
20446,749,2025,11,23,21,1,1,5
20447,749,2025,12,21,18,3,0,0
20448,750,2024,1,23,23,0,0,5
20449,750,2024,2,23,17,4,2,2
20450,750,2024,3,23,19,2,2,5
20451,750,2024,4,23,19,3,1,1
20452,750,2024,5,22,21,0,1,2
20453,750,2024,6,21,17,3,1,1
20454,750,2024,7,21,19,0,2,5
20455,750,2024,8,23,17,4,2,1
20456,750,2024,9,23,21,2,0,6
20457,750,2024,10,20,18,2,0,1
20458,750,2024,11,20,16,2,2,5
20459,750,2024,12,21,17,4,0,4
20460,750,2025,1,23,21,1,1,1
20461,750,2025,2,21,18,1,2,0
20462,750,2025,3,23,22,1,0,6
20463,750,2025,4,23,21,1,1,2
20464,750,2025,5,21,17,4,0,6
20465,750,2025,6,21,16,3,2,1
20466,750,2025,7,22,18,3,1,1
20467,750,2025,8,21,18,3,0,3
20468,750,2025,9,21,19,1,1,6
20469,750,2025,10,21,15,4,2,6
20470,750,2025,11,20,16,2,2,2
20471,750,2025,12,20,14,4,2,7
20472,751,2023,2,23,19,3,1,2
20473,751,2023,3,21,19,1,1,2
20474,751,2023,4,20,14,4,2,0
20475,751,2023,5,20,18,2,0,1
20476,751,2023,6,22,19,3,0,8
20477,751,2023,7,21,15,4,2,6
20478,751,2023,8,22,20,0,2,1
20479,751,2023,9,22,19,3,0,6
20480,751,2023,10,21,17,2,2,4
20481,751,2023,11,22,20,2,0,5
20482,751,2023,12,20,17,2,1,8
20483,751,2024,1,22,21,1,0,0
20484,751,2024,2,21,17,3,1,6
20485,751,2024,3,21,20,0,1,6
20486,751,2024,4,21,16,3,2,0
20487,751,2024,5,23,19,3,1,1
20488,751,2024,6,20,18,1,1,1
20489,751,2024,7,21,18,2,1,6
20490,751,2024,8,21,21,0,0,2
20491,751,2024,9,22,18,2,2,3
20492,751,2024,10,20,18,0,2,2
20493,751,2024,11,22,21,1,0,2
20494,751,2024,12,20,19,0,1,5
20495,751,2025,1,21,21,0,0,0
20496,751,2025,2,23,22,0,1,4
20497,751,2025,3,23,17,4,2,7
20498,751,2025,4,22,20,2,0,2
20499,751,2025,5,23,21,2,0,3
20500,751,2025,6,22,19,1,2,6
20501,751,2025,7,20,15,3,2,7
20502,751,2025,8,20,16,4,0,3
20503,751,2025,9,21,19,0,2,0
20504,751,2025,10,21,18,2,1,8
20505,751,2025,11,23,18,3,2,7
20506,751,2025,12,23,20,3,0,5
20507,752,2022,4,22,18,3,1,1
20508,752,2022,5,22,19,3,0,6
20509,752,2022,6,22,21,1,0,5
20510,752,2022,7,20,15,3,2,2
20511,752,2022,8,21,19,0,2,1
20512,752,2022,9,20,18,2,0,3
20513,752,2022,10,23,21,0,2,4
20514,752,2022,11,20,18,1,1,0
20515,752,2022,12,21,19,1,1,1
20516,752,2023,1,20,19,1,0,0
20517,752,2023,2,23,20,3,0,8
20518,752,2023,3,22,21,0,1,4
20519,752,2023,4,23,20,3,0,1
20520,752,2023,5,21,16,4,1,1
20521,752,2023,6,22,20,2,0,4
20522,752,2023,7,23,17,4,2,1
20523,752,2023,8,21,18,1,2,6
20524,752,2023,9,23,19,2,2,3
20525,752,2023,10,23,18,4,1,2
20526,752,2023,11,22,18,3,1,2
20527,753,2025,1,20,17,1,2,0
20528,753,2025,2,20,20,0,0,0
20529,753,2025,3,23,19,4,0,4
20530,753,2025,4,22,19,2,1,5
20531,753,2025,5,23,20,3,0,4
20532,753,2025,6,20,17,2,1,2
20533,753,2025,7,20,17,3,0,2
20534,753,2025,8,22,20,2,0,6
20535,753,2025,9,20,17,3,0,5
20536,753,2025,10,23,18,3,2,1
20537,753,2025,11,23,17,4,2,7
20538,754,2024,5,23,19,3,1,8
20539,754,2024,6,21,16,3,2,8
20540,754,2024,7,22,19,2,1,5
20541,754,2024,8,23,22,1,0,6
20542,754,2024,9,22,20,2,0,2
20543,754,2024,10,23,19,4,0,4
20544,754,2024,11,23,18,3,2,4
20545,754,2024,12,20,18,0,2,1
20546,754,2025,1,21,21,0,0,3
20547,754,2025,2,22,18,3,1,3
20548,754,2025,3,23,20,2,1,3
20549,754,2025,4,23,19,2,2,4
20550,754,2025,5,23,22,0,1,3
20551,754,2025,6,23,18,4,1,0
20552,754,2025,7,23,21,2,0,8
20553,754,2025,8,22,19,2,1,2
20554,754,2025,9,23,20,3,0,6
20555,754,2025,10,21,17,3,1,8
20556,754,2025,11,21,17,3,1,8
20557,754,2025,12,23,21,0,2,2
20558,755,2021,5,22,18,4,0,0
20559,755,2021,6,21,20,0,1,7
20560,755,2021,7,23,20,2,1,0
20561,755,2021,8,22,18,4,0,2
20562,755,2021,9,20,18,1,1,4
20563,755,2021,10,22,21,0,1,0
20564,755,2021,11,21,16,3,2,7
20565,755,2021,12,23,20,2,1,1
20566,755,2022,1,23,23,0,0,4
20567,755,2022,2,23,22,1,0,0
20568,755,2022,3,23,22,1,0,0
20569,755,2022,4,20,18,1,1,3
20570,755,2022,5,20,19,1,0,4
20571,755,2022,6,22,21,1,0,1
20572,755,2022,7,23,19,3,1,5
20573,755,2022,8,22,22,0,0,2
20574,755,2022,9,23,20,1,2,4
20575,755,2022,10,23,20,1,2,7
20576,755,2022,11,20,20,0,0,7
20577,755,2022,12,22,22,0,0,1
20578,755,2023,1,22,22,0,0,4
20579,755,2023,2,23,21,0,2,0
20580,755,2023,3,21,15,4,2,7
20581,755,2023,4,20,14,4,2,4
20582,755,2023,5,23,19,3,1,1
20583,755,2023,6,21,16,4,1,7
20584,755,2023,7,23,20,1,2,2
20585,755,2023,8,20,18,0,2,3
20586,755,2023,9,22,18,4,0,4
20587,755,2023,10,21,17,4,0,6
20588,755,2023,11,21,18,1,2,5
20589,755,2023,12,22,19,1,2,4
20590,755,2024,1,21,19,1,1,3
20591,755,2024,2,20,20,0,0,8
20592,755,2024,3,23,19,2,2,8
20593,755,2024,4,22,17,3,2,5
20594,755,2024,5,20,16,2,2,6
20595,755,2024,6,22,18,4,0,1
20596,755,2024,7,23,20,3,0,5
20597,755,2024,8,22,16,4,2,5
20598,755,2024,9,23,17,4,2,6
20599,755,2024,10,23,21,2,0,5
20600,755,2024,11,22,18,4,0,7
20601,755,2024,12,20,16,4,0,8
20602,755,2025,1,23,18,3,2,7
20603,755,2025,2,21,17,3,1,4
20604,755,2025,3,20,19,1,0,2
20605,755,2025,4,23,19,4,0,5
20606,755,2025,5,21,19,0,2,1
20607,755,2025,6,21,16,3,2,2
20608,755,2025,7,23,21,2,0,8
20609,755,2025,8,22,18,2,2,0
20610,755,2025,9,20,16,4,0,5
20611,755,2025,10,23,21,0,2,3
20612,755,2025,11,20,15,3,2,8
20613,755,2025,12,20,16,4,0,5
20614,756,2024,1,22,18,3,1,3
20615,756,2024,2,23,19,3,1,0
20616,756,2024,3,20,17,3,0,2
20617,756,2024,4,21,17,4,0,1
20618,756,2024,5,20,18,0,2,2
20619,756,2024,6,22,18,2,2,1
20620,756,2024,7,21,15,4,2,3
20621,756,2024,8,20,20,0,0,2
20622,756,2024,9,21,18,3,0,8
20623,756,2024,10,21,16,3,2,7
20624,756,2024,11,20,15,3,2,0
20625,756,2024,12,23,21,1,1,8
20626,756,2025,1,20,18,0,2,6
20627,756,2025,2,23,18,4,1,7
20628,756,2025,3,23,22,0,1,4
20629,756,2025,4,21,16,3,2,8
20630,756,2025,5,22,19,2,1,8
20631,756,2025,6,20,17,1,2,3
20632,756,2025,7,21,20,0,1,0
20633,756,2025,8,21,19,0,2,6
20634,756,2025,9,20,17,2,1,8
20635,756,2025,10,21,16,3,2,8
20636,756,2025,11,21,20,0,1,4
20637,756,2025,12,21,15,4,2,3
20638,757,2022,6,21,18,1,2,8
20639,757,2022,7,21,19,2,0,8
20640,757,2022,8,20,14,4,2,3
20641,757,2022,9,20,18,0,2,2
20642,757,2022,10,22,21,1,0,4
20643,757,2022,11,20,19,0,1,3
20644,757,2022,12,22,19,1,2,8
20645,757,2023,1,23,20,2,1,1
20646,757,2023,2,21,19,1,1,5
20647,757,2023,3,21,16,3,2,3
20648,757,2023,4,23,22,0,1,1
20649,757,2023,5,20,16,2,2,4
20650,757,2023,6,22,18,2,2,8
20651,757,2023,7,22,20,0,2,7
20652,757,2023,8,20,20,0,0,3
20653,757,2023,9,23,20,1,2,3
20654,757,2023,10,23,21,0,2,2
20655,757,2023,11,21,18,1,2,5
20656,757,2023,12,20,15,4,1,0
20657,757,2024,1,21,17,2,2,5
20658,757,2024,2,21,20,0,1,5
20659,757,2024,3,21,21,0,0,8
20660,757,2024,4,20,16,4,0,5
20661,757,2024,5,23,18,4,1,8
20662,757,2024,6,20,15,3,2,3
20663,757,2024,7,21,19,2,0,4
20664,757,2024,8,20,17,2,1,0
20665,757,2024,9,22,18,4,0,7
20666,757,2024,10,23,19,4,0,8
20667,757,2024,11,22,20,2,0,4
20668,757,2024,12,21,18,1,2,0
20669,757,2025,1,20,20,0,0,3
20670,757,2025,2,21,15,4,2,6
20671,757,2025,3,20,16,4,0,8
20672,757,2025,4,21,18,1,2,0
20673,757,2025,5,20,16,4,0,8
20674,757,2025,6,23,21,2,0,2
20675,757,2025,7,22,19,1,2,2
20676,757,2025,8,23,23,0,0,1
20677,757,2025,9,22,21,0,1,4
20678,757,2025,10,23,21,2,0,1
20679,757,2025,11,20,14,4,2,4
20680,757,2025,12,22,20,2,0,1
20681,758,2022,4,23,17,4,2,2
20682,758,2022,5,21,16,3,2,8
20683,758,2022,6,23,21,2,0,7
20684,758,2022,7,22,19,1,2,8
20685,758,2022,8,21,18,2,1,7
20686,758,2022,9,22,20,0,2,1
20687,758,2022,10,20,15,4,1,8
20688,758,2022,11,22,22,0,0,6
20689,758,2022,12,23,20,3,0,8
20690,758,2023,1,22,18,3,1,8
20691,758,2023,2,23,19,2,2,4
20692,758,2023,3,23,19,4,0,1
20693,758,2023,4,22,19,2,1,0
20694,758,2023,5,21,19,2,0,6
20695,758,2023,6,20,18,2,0,2
20696,758,2023,7,22,18,4,0,3
20697,758,2023,8,23,20,2,1,0
20698,758,2023,9,20,19,0,1,4
20699,758,2023,10,20,20,0,0,1
20700,758,2023,11,21,21,0,0,2
20701,758,2023,12,20,19,1,0,7
20702,758,2024,1,22,19,3,0,3
20703,758,2024,2,21,15,4,2,0
20704,758,2024,3,23,20,1,2,3
20705,758,2024,4,22,17,4,1,7
20706,758,2024,5,22,19,1,2,0
20707,758,2024,6,21,17,4,0,3
20708,758,2024,7,21,17,4,0,7
20709,758,2024,8,22,17,3,2,0
20710,758,2024,9,23,20,1,2,3
20711,758,2024,10,21,17,3,1,0
20712,758,2024,11,20,16,4,0,0
20713,758,2024,12,21,17,4,0,8
20714,758,2025,1,22,19,3,0,1
20715,758,2025,2,20,15,4,1,6
20716,758,2025,3,22,18,3,1,3
20717,758,2025,4,21,21,0,0,2
20718,758,2025,5,22,21,0,1,2
20719,758,2025,6,20,17,2,1,8
20720,758,2025,7,21,15,4,2,5
20721,758,2025,8,23,20,3,0,7
20722,758,2025,9,23,19,3,1,3
20723,758,2025,10,22,21,1,0,5
20724,758,2025,11,21,17,3,1,4
20725,758,2025,12,20,17,2,1,4
20726,759,2025,4,21,18,3,0,2
20727,759,2025,5,21,18,2,1,7
20728,759,2025,6,22,21,1,0,3
20729,759,2025,7,23,18,3,2,8
20730,759,2025,8,21,19,0,2,4
20731,759,2025,9,20,18,2,0,7
20732,759,2025,10,21,15,4,2,7
20733,759,2025,11,21,20,1,0,0
20734,759,2025,12,22,20,1,1,1
20735,760,2025,11,20,19,0,1,7
20736,760,2025,12,21,16,4,1,6
20737,761,2025,4,23,20,1,2,5
20738,761,2025,5,20,15,3,2,2
20739,761,2025,6,21,18,1,2,5
20740,761,2025,7,21,21,0,0,4
20741,761,2025,8,23,20,1,2,2
20742,761,2025,9,23,21,2,0,7
20743,761,2025,10,22,18,2,2,0
20744,761,2025,11,20,16,2,2,1
20745,761,2025,12,20,17,3,0,6
20746,762,2022,4,22,22,0,0,2
20747,762,2022,5,20,17,1,2,6
20748,762,2022,6,20,16,2,2,2
20749,762,2022,7,23,18,4,1,3
20750,762,2022,8,22,20,0,2,4
20751,762,2022,9,22,20,0,2,6
20752,762,2022,10,22,19,2,1,8
20753,762,2022,11,20,18,2,0,6
20754,762,2022,12,20,18,0,2,6
20755,762,2023,1,23,23,0,0,6
20756,762,2023,2,23,23,0,0,6
20757,762,2023,3,22,20,1,1,6
20758,762,2023,4,20,16,4,0,4
20759,762,2023,5,22,17,4,1,8
20760,762,2023,6,20,18,1,1,5
20761,762,2023,7,22,20,0,2,4
20762,762,2023,8,21,17,3,1,4
20763,762,2023,9,22,20,1,1,5
20764,762,2023,10,21,15,4,2,5
20765,762,2023,11,23,20,2,1,4
20766,762,2023,12,20,14,4,2,5
20767,762,2024,1,21,21,0,0,5
20768,762,2024,2,21,21,0,0,4
20769,762,2024,3,22,19,1,2,0
20770,762,2024,4,22,19,2,1,1
20771,762,2024,5,22,20,1,1,5
20772,762,2024,6,20,19,1,0,5
20773,762,2024,7,20,18,2,0,2
20774,762,2024,8,23,21,1,1,2
20775,762,2024,9,21,17,4,0,3
20776,762,2024,10,20,16,3,1,6
20777,762,2024,11,23,20,1,2,8
20778,762,2024,12,22,18,2,2,6
20779,762,2025,1,22,20,2,0,2
20780,762,2025,2,22,18,2,2,3
20781,762,2025,3,22,18,4,0,7
20782,762,2025,4,22,21,0,1,6
20783,762,2025,5,22,18,2,2,8
20784,762,2025,6,21,18,1,2,6
20785,762,2025,7,21,19,0,2,6
20786,762,2025,8,23,18,4,1,7
20787,762,2025,9,23,23,0,0,6
20788,762,2025,10,21,18,1,2,4
20789,762,2025,11,22,17,4,1,4
20790,762,2025,12,21,20,1,0,2
20791,763,2024,10,22,21,0,1,1
20792,763,2024,11,23,21,2,0,2
20793,763,2024,12,22,20,0,2,3
20794,763,2025,1,23,22,0,1,5
20795,763,2025,2,22,20,1,1,8
20796,763,2025,3,21,20,0,1,5
20797,763,2025,4,20,16,4,0,0
20798,763,2025,5,21,17,4,0,3
20799,763,2025,6,21,19,0,2,5
20800,763,2025,7,20,14,4,2,2
20801,763,2025,8,23,20,2,1,7
20802,763,2025,9,23,22,1,0,2
20803,763,2025,10,20,19,1,0,8
20804,763,2025,11,22,19,1,2,5
20805,763,2025,12,20,19,1,0,1
20806,764,2021,4,21,16,4,1,4
20807,764,2021,5,22,19,3,0,0
20808,764,2021,6,20,19,0,1,3
20809,764,2021,7,22,21,1,0,7
20810,764,2021,8,21,19,1,1,5
20811,764,2021,9,21,18,2,1,3
20812,764,2021,10,20,16,4,0,8
20813,764,2021,11,22,19,3,0,0
20814,764,2021,12,20,16,3,1,5
20815,764,2022,1,21,15,4,2,8
20816,764,2022,2,21,16,3,2,5
20817,764,2022,3,21,21,0,0,0
20818,764,2022,4,23,23,0,0,5
20819,764,2022,5,22,19,3,0,5
20820,764,2022,6,23,21,2,0,4
20821,764,2022,7,21,20,1,0,6
20822,764,2022,8,23,19,4,0,4
20823,764,2022,9,20,14,4,2,4
20824,764,2022,10,20,15,4,1,6
20825,764,2022,11,22,18,3,1,5
20826,764,2022,12,20,18,2,0,2
20827,764,2023,1,20,18,1,1,0
20828,764,2023,2,22,21,0,1,5
20829,764,2023,3,21,17,2,2,0
20830,764,2023,4,23,19,4,0,6
20831,764,2023,5,22,20,2,0,8
20832,764,2023,6,21,20,0,1,4
20833,764,2023,7,22,20,2,0,7
20834,764,2023,8,22,20,0,2,5
20835,764,2023,9,22,21,0,1,8
20836,764,2023,10,23,22,0,1,7
20837,764,2023,11,20,19,0,1,0
20838,764,2023,12,22,20,1,1,2
20839,764,2024,1,20,20,0,0,2
20840,764,2024,2,22,16,4,2,2
20841,764,2024,3,21,18,2,1,3
20842,764,2024,4,23,19,4,0,3
20843,764,2024,5,20,19,0,1,1
20844,764,2024,6,22,18,4,0,0
20845,764,2024,7,21,18,1,2,6
20846,764,2024,8,20,16,2,2,7
20847,764,2024,9,23,21,0,2,4
20848,764,2024,10,22,21,0,1,5
20849,764,2024,11,22,17,3,2,5
20850,764,2024,12,20,16,3,1,4
20851,764,2025,1,20,18,2,0,5
20852,764,2025,2,20,17,1,2,6
20853,764,2025,3,23,23,0,0,5
20854,764,2025,4,23,21,2,0,3
20855,764,2025,5,23,22,0,1,1
20856,764,2025,6,21,20,1,0,6
20857,764,2025,7,23,18,3,2,8
20858,764,2025,8,22,18,3,1,3
20859,764,2025,9,23,22,0,1,3
20860,764,2025,10,21,17,3,1,6
20861,764,2025,11,20,16,3,1,6
20862,764,2025,12,21,20,0,1,7
20863,765,2021,7,22,18,3,1,8
20864,765,2021,8,20,20,0,0,2
20865,765,2021,9,23,19,2,2,4
20866,765,2021,10,20,18,0,2,0
20867,765,2021,11,20,19,1,0,3
20868,765,2021,12,20,16,3,1,5
20869,765,2022,1,22,21,0,1,1
20870,765,2022,2,22,16,4,2,2
20871,765,2022,3,23,21,2,0,8
20872,765,2022,4,22,17,4,1,2
20873,765,2022,5,21,17,4,0,6
20874,765,2022,6,23,19,3,1,1
20875,765,2022,7,23,19,4,0,4
20876,765,2022,8,20,15,4,1,7
20877,765,2022,9,22,20,0,2,0
20878,765,2022,10,22,18,4,0,8
20879,765,2022,11,21,20,1,0,7
20880,765,2022,12,22,19,3,0,8
20881,765,2023,1,21,19,0,2,5
20882,765,2023,2,20,15,4,1,6
20883,765,2023,3,20,19,0,1,6
20884,765,2023,4,20,14,4,2,2
20885,765,2023,5,20,19,0,1,6
20886,765,2023,6,21,17,2,2,3
20887,765,2023,7,20,19,0,1,3
20888,765,2023,8,22,20,1,1,4
20889,765,2023,9,20,17,1,2,7
20890,765,2023,10,23,19,4,0,0
20891,765,2023,11,21,16,3,2,3
20892,765,2023,12,20,15,4,1,7
20893,765,2024,1,22,18,3,1,7
20894,765,2024,2,20,20,0,0,0
20895,765,2024,3,20,18,1,1,6
20896,765,2024,4,22,20,0,2,3
20897,765,2024,5,20,16,4,0,4
20898,765,2024,6,22,19,1,2,0
20899,765,2024,7,20,20,0,0,8
20900,765,2024,8,22,20,2,0,3
20901,765,2024,9,23,23,0,0,0
20902,765,2024,10,21,20,0,1,0
20903,765,2024,11,21,16,4,1,8
20904,765,2024,12,23,20,1,2,0
20905,765,2025,1,20,19,0,1,8
20906,765,2025,2,23,22,1,0,2
20907,765,2025,3,23,23,0,0,3
20908,765,2025,4,23,20,2,1,0
20909,765,2025,5,22,20,2,0,6
20910,765,2025,6,23,19,2,2,4
20911,765,2025,7,21,16,4,1,7
20912,765,2025,8,21,21,0,0,0
20913,765,2025,9,22,18,3,1,5
20914,765,2025,10,20,16,2,2,2
20915,765,2025,11,21,18,1,2,5
20916,765,2025,12,21,19,2,0,6
20917,766,2022,9,21,20,1,0,0
20918,766,2022,10,22,19,3,0,1
20919,766,2022,11,21,17,3,1,6
20920,766,2022,12,23,20,2,1,7
20921,766,2023,1,22,20,2,0,5
20922,766,2023,2,20,16,3,1,8
20923,766,2023,3,23,18,3,2,1
20924,766,2023,4,22,17,3,2,2
20925,766,2023,5,23,20,1,2,7
20926,766,2023,6,23,23,0,0,0
20927,766,2023,7,20,18,1,1,2
20928,766,2023,8,22,21,1,0,6
20929,766,2023,9,23,19,4,0,2
20930,766,2023,10,23,20,3,0,2
20931,766,2023,11,20,19,0,1,1
20932,766,2023,12,20,17,2,1,3
20933,766,2024,1,20,16,2,2,3
20934,766,2024,2,20,16,2,2,8
20935,766,2024,3,21,20,1,0,2
20936,766,2024,4,22,20,1,1,4
20937,766,2024,5,23,18,3,2,6
20938,766,2024,6,23,17,4,2,7
20939,766,2024,7,20,19,0,1,8
20940,766,2024,8,22,22,0,0,5
20941,766,2024,9,22,20,1,1,2
20942,766,2024,10,20,16,3,1,4
20943,766,2024,11,21,16,4,1,4
20944,766,2024,12,20,15,3,2,1
20945,766,2025,1,21,20,1,0,6
20946,766,2025,2,20,16,3,1,7
20947,766,2025,3,21,18,1,2,5
20948,766,2025,4,22,19,2,1,7
20949,766,2025,5,23,20,2,1,0
20950,766,2025,6,20,15,4,1,7
20951,766,2025,7,21,17,4,0,5
20952,766,2025,8,20,18,1,1,8
20953,766,2025,9,21,19,0,2,1
20954,766,2025,10,20,20,0,0,1
20955,766,2025,11,20,17,2,1,6
20956,766,2025,12,22,19,1,2,7
20957,767,2023,4,21,17,2,2,1
20958,767,2023,5,22,16,4,2,3
20959,767,2023,6,22,21,0,1,0
20960,767,2023,7,23,18,3,2,5
20961,767,2023,8,23,20,1,2,8
20962,767,2023,9,23,22,1,0,6
20963,767,2023,10,23,19,3,1,8
20964,767,2023,11,20,17,2,1,5
20965,767,2023,12,20,16,2,2,3
20966,767,2024,1,20,20,0,0,0
20967,767,2024,2,22,19,2,1,7
20968,767,2024,3,20,20,0,0,0
20969,767,2024,4,23,23,0,0,6
20970,767,2024,5,23,19,3,1,0
20971,767,2024,6,23,19,4,0,6
20972,767,2024,7,22,18,3,1,8
20973,767,2024,8,23,20,1,2,5
20974,767,2024,9,21,16,4,1,1
20975,767,2024,10,21,19,2,0,2
20976,767,2024,11,21,21,0,0,2
20977,767,2024,12,21,17,2,2,5
20978,767,2025,1,22,17,3,2,8
20979,767,2025,2,22,16,4,2,6
20980,767,2025,3,22,21,1,0,7
20981,767,2025,4,23,18,4,1,5
20982,767,2025,5,20,17,1,2,7
20983,767,2025,6,21,15,4,2,3
20984,767,2025,7,22,19,1,2,6
20985,767,2025,8,21,15,4,2,0
20986,767,2025,9,20,18,0,2,4
20987,767,2025,10,21,18,3,0,1
20988,767,2025,11,23,18,3,2,0
20989,767,2025,12,21,18,1,2,0
20990,768,2025,10,21,15,4,2,6
20991,768,2025,11,20,17,3,0,2
20992,768,2025,12,23,19,4,0,5
20993,769,2025,3,21,17,2,2,4
20994,769,2025,4,21,17,4,0,7
20995,769,2025,5,22,16,4,2,4
20996,769,2025,6,23,20,1,2,7
20997,769,2025,7,21,20,1,0,5
20998,769,2025,8,20,16,4,0,6
20999,769,2025,9,20,19,0,1,2
21000,769,2025,10,20,15,3,2,3
21001,769,2025,11,21,20,0,1,4
21002,769,2025,12,22,16,4,2,8
21003,770,2021,5,21,16,3,2,6
21004,770,2021,6,20,19,1,0,2
21005,770,2021,7,22,17,4,1,5
21006,770,2021,8,23,22,1,0,8
21007,770,2021,9,22,18,2,2,0
21008,770,2021,10,23,19,2,2,3
21009,770,2021,11,20,15,3,2,7
21010,770,2021,12,21,19,2,0,6
21011,770,2022,1,20,19,0,1,8
21012,770,2022,2,21,17,4,0,7
21013,770,2022,3,20,17,1,2,0
21014,770,2022,4,21,16,4,1,0
21015,770,2022,5,20,16,2,2,5
21016,770,2022,6,20,16,3,1,7
21017,770,2022,7,23,18,4,1,2
21018,770,2022,8,20,15,4,1,5
21019,770,2022,9,21,18,1,2,2
21020,770,2022,10,21,16,4,1,2
21021,770,2022,11,23,18,3,2,8
21022,770,2022,12,22,18,4,0,8
21023,770,2023,1,20,18,2,0,6
21024,770,2023,2,21,19,0,2,7
21025,770,2023,3,22,19,1,2,8
21026,770,2023,4,23,21,1,1,6
21027,770,2023,5,22,18,2,2,0
21028,770,2023,6,23,18,4,1,0
21029,770,2023,7,23,23,0,0,2
21030,770,2023,8,21,17,3,1,2
21031,770,2023,9,23,20,3,0,8
21032,770,2023,10,23,19,4,0,1
21033,770,2023,11,20,16,4,0,1
21034,770,2023,12,23,18,4,1,6
21035,770,2024,1,21,20,0,1,8
21036,770,2024,2,22,19,2,1,2
21037,770,2024,3,21,16,3,2,2
21038,770,2024,4,23,18,4,1,1
21039,770,2024,5,21,19,1,1,4
21040,770,2024,6,22,21,0,1,8
21041,770,2024,7,22,18,2,2,4
21042,770,2024,8,20,18,1,1,0
21043,770,2024,9,23,18,4,1,1
21044,770,2024,10,20,15,3,2,4
21045,770,2024,11,21,17,2,2,2
21046,770,2024,12,20,14,4,2,6
21047,770,2025,1,20,18,0,2,8
21048,770,2025,2,20,17,2,1,5
21049,770,2025,3,22,17,3,2,0
21050,770,2025,4,23,20,2,1,5
21051,770,2025,5,22,19,2,1,1
21052,770,2025,6,20,16,3,1,4
21053,770,2025,7,23,19,2,2,0
21054,770,2025,8,22,16,4,2,5
21055,770,2025,9,23,17,4,2,7
21056,770,2025,10,20,20,0,0,5
21057,770,2025,11,22,22,0,0,0
21058,770,2025,12,21,17,3,1,3
21059,771,2025,3,21,19,0,2,7
21060,771,2025,4,20,19,1,0,0
21061,771,2025,5,22,18,2,2,8
21062,771,2025,6,22,18,3,1,5
21063,771,2025,7,22,19,2,1,6
21064,771,2025,8,21,16,3,2,1
21065,771,2025,9,20,18,1,1,5
21066,771,2025,10,22,20,1,1,2
21067,771,2025,11,23,21,2,0,6
21068,771,2025,12,21,18,1,2,3
21069,772,2024,3,22,18,3,1,1
21070,772,2024,4,20,18,1,1,1
21071,772,2024,5,20,18,2,0,0
21072,772,2024,6,20,14,4,2,8
21073,772,2024,7,20,14,4,2,0
21074,772,2024,8,23,20,3,0,6
21075,772,2024,9,23,19,3,1,4
21076,772,2024,10,23,23,0,0,1
21077,772,2024,11,22,18,2,2,0
21078,772,2024,12,22,22,0,0,5
21079,772,2025,1,23,20,1,2,8
21080,772,2025,2,20,18,0,2,7
21081,772,2025,3,21,19,0,2,8
21082,772,2025,4,20,19,1,0,8
21083,772,2025,5,20,18,2,0,7
21084,772,2025,6,20,18,0,2,7
21085,772,2025,7,21,17,3,1,0
21086,772,2025,8,21,15,4,2,8
21087,772,2025,9,20,19,1,0,4
21088,772,2025,10,21,17,3,1,4
21089,772,2025,11,23,22,0,1,4
21090,772,2025,12,21,21,0,0,0
21091,773,2024,6,20,19,0,1,8
21092,773,2024,7,20,14,4,2,8
21093,773,2024,8,21,19,1,1,8
21094,773,2024,9,20,14,4,2,3
21095,773,2024,10,23,21,2,0,6
21096,773,2024,11,23,21,1,1,6
21097,773,2024,12,20,19,1,0,7
21098,773,2025,1,23,21,0,2,2
21099,773,2025,2,20,16,2,2,1
21100,773,2025,3,21,21,0,0,5
21101,773,2025,4,21,17,4,0,5
21102,773,2025,5,22,22,0,0,7
21103,773,2025,6,21,16,3,2,6
21104,773,2025,7,21,21,0,0,2
21105,773,2025,8,21,16,4,1,5
21106,773,2025,9,20,18,2,0,8
21107,773,2025,10,22,20,2,0,4
21108,773,2025,11,23,21,0,2,3
21109,773,2025,12,22,21,1,0,7
21110,774,2022,9,21,19,0,2,7
21111,774,2022,10,20,16,2,2,1
21112,774,2022,11,23,18,4,1,1
21113,774,2022,12,21,20,1,0,2
21114,774,2023,1,20,18,1,1,0
21115,774,2023,2,21,18,1,2,3
21116,774,2023,3,23,20,2,1,6
21117,774,2023,4,20,15,3,2,4
21118,774,2023,5,20,18,0,2,1
21119,774,2023,6,22,16,4,2,7
21120,774,2023,7,21,18,2,1,5
21121,774,2023,8,22,18,4,0,0
21122,774,2023,9,22,20,0,2,2
21123,774,2023,10,21,16,3,2,2
21124,774,2023,11,23,18,4,1,1
21125,774,2023,12,21,15,4,2,1
21126,775,2022,3,20,15,4,1,4
21127,775,2022,4,21,20,1,0,3
21128,775,2022,5,20,17,3,0,6
21129,775,2022,6,20,19,1,0,7
21130,775,2022,7,22,17,4,1,3
21131,775,2022,8,22,20,0,2,6
21132,775,2022,9,22,19,3,0,5
21133,775,2022,10,20,14,4,2,2
21134,775,2022,11,22,17,4,1,8
21135,775,2022,12,22,20,1,1,0
21136,775,2023,1,22,20,1,1,2
21137,775,2023,2,21,18,3,0,0
21138,775,2023,3,20,19,0,1,2
21139,775,2023,4,20,18,2,0,5
21140,775,2023,5,23,19,2,2,3
21141,775,2023,6,20,16,3,1,7
21142,775,2023,7,21,19,2,0,6
21143,775,2023,8,23,18,4,1,2
21144,775,2023,9,22,20,2,0,4
21145,775,2023,10,22,18,3,1,0
21146,775,2023,11,22,17,3,2,5
21147,775,2023,12,20,18,2,0,2
21148,775,2024,1,20,20,0,0,8
21149,775,2024,2,20,20,0,0,3
21150,775,2024,3,20,16,2,2,2
21151,775,2024,4,22,21,1,0,1
21152,775,2024,5,22,19,3,0,0
21153,775,2024,6,20,16,4,0,2
21154,775,2024,7,21,15,4,2,4
21155,775,2024,8,23,18,3,2,6
21156,775,2024,9,21,16,4,1,8
21157,775,2024,10,23,19,4,0,1
21158,775,2024,11,23,18,4,1,0
21159,775,2024,12,21,15,4,2,0
21160,775,2025,1,23,23,0,0,7
21161,775,2025,2,23,21,1,1,6
21162,775,2025,3,22,19,2,1,3
21163,775,2025,4,21,20,1,0,4
21164,775,2025,5,20,18,2,0,3
21165,775,2025,6,21,18,2,1,4
21166,775,2025,7,22,19,3,0,3
21167,775,2025,8,22,18,4,0,0
21168,775,2025,9,21,16,4,1,2
21169,775,2025,10,21,20,1,0,2
21170,775,2025,11,23,22,1,0,4
21171,775,2025,12,20,16,3,1,5
21172,776,2022,8,22,20,1,1,2
21173,776,2022,9,21,18,3,0,4
21174,776,2022,10,20,18,0,2,4
21175,776,2022,11,20,16,3,1,4
21176,776,2022,12,21,20,1,0,7
21177,776,2023,1,22,16,4,2,2
21178,776,2023,2,20,18,0,2,2
21179,776,2023,3,23,19,3,1,3
21180,776,2023,4,21,15,4,2,2
21181,776,2023,5,22,16,4,2,2
21182,776,2023,6,20,15,3,2,0
21183,776,2023,7,23,21,1,1,4
21184,776,2023,8,21,17,2,2,6
21185,777,2024,2,21,20,1,0,1
21186,777,2024,3,22,17,4,1,5
21187,777,2024,4,22,19,2,1,0
21188,777,2024,5,22,18,2,2,5
21189,777,2024,6,22,20,2,0,8
21190,777,2024,7,21,18,2,1,1
21191,777,2024,8,22,21,0,1,1
21192,777,2024,9,23,21,2,0,6
21193,777,2024,10,20,19,0,1,2
21194,777,2024,11,23,19,2,2,3
21195,777,2024,12,20,17,2,1,0
21196,777,2025,1,22,18,2,2,1
21197,777,2025,2,22,18,4,0,3
21198,777,2025,3,22,17,4,1,6
21199,777,2025,4,20,20,0,0,3
21200,777,2025,5,20,15,3,2,4
21201,777,2025,6,21,17,3,1,3
21202,777,2025,7,22,21,1,0,8
21203,777,2025,8,23,18,4,1,3
21204,777,2025,9,22,20,1,1,2
21205,777,2025,10,23,23,0,0,8
21206,777,2025,11,21,19,1,1,4
21207,777,2025,12,22,19,2,1,5
21208,778,2021,11,22,20,2,0,8
21209,778,2021,12,20,16,3,1,5
21210,778,2022,1,21,20,0,1,6
21211,778,2022,2,20,15,3,2,4
21212,778,2022,3,23,18,4,1,7
21213,778,2022,4,22,18,2,2,4
21214,778,2022,5,20,19,1,0,8
21215,778,2022,6,20,18,1,1,3
21216,778,2022,7,20,15,4,1,2
21217,778,2022,8,23,18,3,2,1
21218,778,2022,9,22,16,4,2,7
21219,778,2022,10,23,19,3,1,2
21220,778,2022,11,22,19,2,1,5
21221,778,2022,12,20,15,4,1,2
21222,778,2023,1,20,16,4,0,1
21223,778,2023,2,21,19,2,0,7
21224,778,2023,3,22,19,2,1,3
21225,778,2023,4,22,19,1,2,4
21226,778,2023,5,22,21,0,1,8
21227,778,2023,6,22,20,1,1,4
21228,778,2023,7,20,18,1,1,4
21229,778,2023,8,20,15,3,2,5
21230,778,2023,9,20,15,3,2,1
21231,778,2023,10,20,19,0,1,1
21232,778,2023,11,23,22,0,1,1
21233,778,2023,12,23,21,0,2,4
21234,778,2024,1,23,21,2,0,5
21235,778,2024,2,20,15,4,1,3
21236,778,2024,3,20,16,3,1,3
21237,778,2024,4,22,21,1,0,7
21238,778,2024,5,22,21,0,1,0
21239,778,2024,6,20,20,0,0,1
21240,778,2024,7,20,15,4,1,4
21241,778,2024,8,23,22,1,0,2
21242,778,2024,9,21,19,1,1,7
21243,778,2024,10,20,20,0,0,7
21244,778,2024,11,22,18,3,1,8
21245,778,2024,12,22,21,1,0,3
21246,778,2025,1,23,21,0,2,3
21247,778,2025,2,23,21,1,1,5
21248,778,2025,3,20,14,4,2,0
21249,778,2025,4,23,22,0,1,4
21250,778,2025,5,22,17,4,1,5
21251,778,2025,6,22,19,3,0,5
21252,778,2025,7,21,16,3,2,2
21253,778,2025,8,22,19,1,2,6
21254,778,2025,9,23,20,3,0,0
21255,778,2025,10,20,17,2,1,5
21256,778,2025,11,21,19,0,2,3
21257,778,2025,12,23,17,4,2,5
21258,779,2024,1,22,17,3,2,4
21259,779,2024,2,22,20,2,0,0
21260,779,2024,3,20,17,3,0,1
21261,779,2024,4,20,16,2,2,1
21262,779,2024,5,21,18,1,2,4
21263,779,2024,6,20,19,1,0,7
21264,779,2024,7,23,23,0,0,6
21265,779,2024,8,23,18,3,2,6
21266,779,2024,9,21,18,2,1,1
21267,779,2024,10,22,19,3,0,6
21268,779,2024,11,20,18,1,1,3
21269,779,2024,12,23,20,1,2,5
21270,779,2025,1,20,15,3,2,0
21271,779,2025,2,23,18,3,2,5
21272,779,2025,3,23,18,4,1,3
21273,779,2025,4,22,17,4,1,5
21274,779,2025,5,21,20,0,1,8
21275,779,2025,6,23,20,2,1,5
21276,779,2025,7,20,18,1,1,3
21277,779,2025,8,21,18,3,0,0
21278,779,2025,9,23,19,2,2,4
21279,779,2025,10,20,14,4,2,2
21280,779,2025,11,22,21,1,0,2
21281,779,2025,12,23,20,2,1,2
21282,780,2025,8,21,18,1,2,4
21283,780,2025,9,20,15,4,1,3
21284,780,2025,10,23,21,2,0,4
21285,780,2025,11,22,20,1,1,3
21286,780,2025,12,21,17,4,0,3
21287,781,2024,8,23,17,4,2,0
21288,781,2024,9,20,19,1,0,8
21289,781,2024,10,21,20,1,0,4
21290,781,2024,11,23,20,1,2,4
21291,781,2024,12,23,22,1,0,4
21292,781,2025,1,20,15,4,1,8
21293,781,2025,2,22,16,4,2,0
21294,781,2025,3,23,23,0,0,7
21295,781,2025,4,21,18,1,2,2
21296,781,2025,5,23,21,1,1,7
21297,781,2025,6,23,20,2,1,4
21298,781,2025,7,22,17,3,2,5
21299,781,2025,8,20,16,3,1,5
21300,781,2025,9,22,19,3,0,0
21301,781,2025,10,22,21,1,0,7
21302,781,2025,11,22,19,1,2,0
21303,781,2025,12,23,20,3,0,3
21304,782,2024,6,23,18,3,2,0
21305,782,2024,7,22,22,0,0,3
21306,782,2024,8,22,20,1,1,4
21307,782,2024,9,23,20,1,2,3
21308,782,2024,10,21,17,3,1,4
21309,782,2024,11,20,18,1,1,0
21310,782,2024,12,22,20,2,0,2
21311,782,2025,1,22,21,1,0,4
21312,782,2025,2,23,19,2,2,0
21313,782,2025,3,20,17,2,1,3
21314,782,2025,4,22,22,0,0,3
21315,782,2025,5,21,17,4,0,3
21316,782,2025,6,23,20,3,0,0
21317,782,2025,7,22,17,3,2,4
21318,782,2025,8,21,20,1,0,8
21319,782,2025,9,20,17,1,2,0
21320,782,2025,10,21,19,1,1,2
21321,782,2025,11,20,16,4,0,6
21322,782,2025,12,23,17,4,2,2
21323,783,2023,7,23,19,3,1,0
21324,783,2023,8,22,19,3,0,4
21325,783,2023,9,21,17,4,0,1
21326,783,2023,10,20,17,3,0,3
21327,783,2023,11,23,17,4,2,0
21328,783,2023,12,22,21,1,0,6
21329,783,2024,1,20,17,2,1,7
21330,783,2024,2,22,20,0,2,6
21331,783,2024,3,21,15,4,2,0
21332,783,2024,4,23,21,0,2,2
21333,783,2024,5,20,16,4,0,3
21334,783,2024,6,20,17,2,1,1
21335,783,2024,7,20,19,1,0,3
21336,783,2024,8,20,17,3,0,0
21337,783,2024,9,23,19,3,1,4
21338,783,2024,10,23,18,3,2,8
21339,783,2024,11,22,16,4,2,2
21340,783,2024,12,23,20,3,0,8
21341,783,2025,1,22,22,0,0,2
21342,783,2025,2,20,19,1,0,1
21343,783,2025,3,23,18,3,2,2
21344,783,2025,4,22,19,1,2,8
21345,783,2025,5,23,17,4,2,8
21346,783,2025,6,20,17,1,2,2
21347,783,2025,7,22,18,3,1,4
21348,783,2025,8,21,15,4,2,5
21349,783,2025,9,23,21,1,1,4
21350,783,2025,10,23,21,1,1,8
21351,783,2025,11,22,18,3,1,0
21352,783,2025,12,22,19,3,0,0
21353,784,2024,8,23,20,3,0,7
21354,784,2024,9,22,19,3,0,7
21355,784,2024,10,21,17,3,1,6
21356,784,2024,11,23,20,1,2,3
21357,784,2024,12,22,21,1,0,3
21358,784,2025,1,22,18,3,1,4
21359,784,2025,2,20,15,4,1,6
21360,784,2025,3,22,17,3,2,3
21361,784,2025,4,23,18,3,2,6
21362,784,2025,5,22,18,2,2,5
21363,784,2025,6,20,20,0,0,5
21364,784,2025,7,23,19,4,0,5
21365,784,2025,8,23,21,0,2,0
21366,784,2025,9,23,20,1,2,5
21367,784,2025,10,22,19,2,1,1
21368,784,2025,11,20,18,0,2,8
21369,784,2025,12,20,14,4,2,5
21370,785,2025,5,21,19,2,0,6
21371,785,2025,6,22,21,1,0,5
21372,785,2025,7,22,17,3,2,4
21373,785,2025,8,21,17,2,2,1
21374,785,2025,9,21,15,4,2,2
21375,785,2025,10,23,21,0,2,0
21376,785,2025,11,20,17,1,2,5
21377,786,2021,11,20,16,3,1,3
21378,786,2021,12,21,18,3,0,3
21379,786,2022,1,20,19,1,0,8
21380,786,2022,2,23,17,4,2,2
21381,786,2022,3,23,18,3,2,3
21382,786,2022,4,20,17,1,2,7
21383,786,2022,5,23,19,3,1,6
21384,786,2022,6,23,20,2,1,3
21385,786,2022,7,21,17,3,1,8
21386,786,2022,8,20,16,4,0,7
21387,786,2022,9,20,18,1,1,4
21388,786,2022,10,20,19,0,1,0
21389,786,2022,11,21,18,3,0,7
21390,786,2022,12,22,18,2,2,1
21391,786,2023,1,20,16,3,1,7
21392,786,2023,2,21,18,2,1,4
21393,786,2023,3,22,18,2,2,4
21394,786,2023,4,22,19,1,2,8
21395,786,2023,5,20,14,4,2,1
21396,786,2023,6,21,18,1,2,4
21397,786,2023,7,21,19,2,0,0
21398,786,2023,8,21,18,2,1,0
21399,786,2023,9,23,20,2,1,1
21400,786,2023,10,23,21,2,0,6
21401,787,2025,4,23,20,3,0,8
21402,787,2025,5,20,15,3,2,3
21403,787,2025,6,22,21,0,1,3
21404,787,2025,7,21,17,2,2,6
21405,787,2025,8,22,17,3,2,8
21406,787,2025,9,22,18,3,1,2
21407,787,2025,10,21,19,2,0,2
21408,787,2025,11,21,19,0,2,2
21409,787,2025,12,20,17,1,2,4
21410,788,2025,11,21,19,0,2,3
21411,788,2025,12,22,20,1,1,7
21412,789,2024,9,20,15,3,2,0
21413,789,2024,10,23,21,0,2,0
21414,789,2024,11,20,19,0,1,2
21415,789,2024,12,20,19,0,1,0
21416,789,2025,1,20,15,3,2,0
21417,789,2025,2,22,19,3,0,1
21418,789,2025,3,22,19,3,0,2
21419,789,2025,4,22,19,1,2,5
21420,789,2025,5,23,21,2,0,7
21421,789,2025,6,20,16,4,0,7
21422,789,2025,7,21,19,0,2,1
21423,789,2025,8,20,20,0,0,4
21424,789,2025,9,23,20,1,2,4
21425,789,2025,10,23,20,1,2,5
21426,789,2025,11,22,17,4,1,2
21427,789,2025,12,20,16,3,1,5
21428,790,2021,10,20,18,1,1,6
21429,790,2021,11,21,20,1,0,8
21430,790,2021,12,20,14,4,2,5
21431,790,2022,1,21,19,0,2,2
21432,790,2022,2,21,17,3,1,4
21433,790,2022,3,20,18,0,2,0
21434,790,2022,4,22,22,0,0,4
21435,790,2022,5,20,18,2,0,5
21436,790,2022,6,22,20,1,1,0
21437,790,2022,7,23,20,3,0,3
21438,790,2022,8,21,18,2,1,7
21439,790,2022,9,20,19,0,1,4
21440,790,2022,10,23,18,4,1,4
21441,790,2022,11,22,21,1,0,2
21442,790,2022,12,22,17,4,1,1
21443,790,2023,1,21,19,1,1,0
21444,790,2023,2,20,15,3,2,7
21445,790,2023,3,20,17,1,2,6
21446,790,2023,4,20,16,4,0,7
21447,790,2023,5,20,15,3,2,1
21448,790,2023,6,23,23,0,0,6
21449,790,2023,7,20,19,0,1,6
21450,790,2023,8,21,18,3,0,0
21451,790,2023,9,23,18,3,2,5
21452,790,2023,10,20,15,4,1,4
21453,790,2023,11,21,19,1,1,7
21454,790,2023,12,21,16,4,1,2
21455,790,2024,1,22,21,0,1,6
21456,790,2024,2,20,15,4,1,2
21457,790,2024,3,20,20,0,0,6
21458,790,2024,4,22,21,1,0,1
21459,790,2024,5,22,19,2,1,4
21460,790,2024,6,22,21,1,0,6
21461,790,2024,7,21,17,3,1,4
21462,790,2024,8,20,15,4,1,3
21463,790,2024,9,20,16,4,0,0
21464,790,2024,10,20,16,3,1,4
21465,790,2024,11,20,14,4,2,2
21466,790,2024,12,21,16,4,1,7
21467,790,2025,1,23,18,3,2,1
21468,790,2025,2,23,20,3,0,7
21469,790,2025,3,22,18,3,1,5
21470,790,2025,4,21,15,4,2,0
21471,790,2025,5,20,18,2,0,1
21472,790,2025,6,23,20,1,2,7
21473,790,2025,7,23,20,2,1,8
21474,790,2025,8,23,21,2,0,8
21475,790,2025,9,23,18,3,2,7
21476,790,2025,10,20,19,0,1,4
21477,790,2025,11,21,21,0,0,5
21478,790,2025,12,22,16,4,2,3
21479,791,2021,8,21,18,2,1,6
21480,791,2021,9,23,19,2,2,5
21481,791,2021,10,23,20,3,0,6
21482,791,2021,11,20,17,3,0,4
21483,791,2021,12,22,18,4,0,1
21484,791,2022,1,23,21,0,2,6
21485,791,2022,2,22,17,4,1,6
21486,791,2022,3,22,20,2,0,5
21487,791,2022,4,21,21,0,0,3
21488,791,2022,5,23,17,4,2,4
21489,791,2022,6,20,14,4,2,8
21490,791,2022,7,23,18,3,2,8
21491,791,2022,8,22,17,3,2,8
21492,791,2022,9,22,22,0,0,3
21493,791,2022,10,22,20,0,2,4
21494,791,2022,11,21,15,4,2,8
21495,791,2022,12,20,16,3,1,8
21496,791,2023,1,21,18,1,2,4
21497,791,2023,2,22,21,1,0,0
21498,791,2023,3,22,16,4,2,6
21499,791,2023,4,21,16,4,1,2
21500,791,2023,5,23,19,3,1,7
21501,791,2023,6,22,18,2,2,1
21502,791,2023,7,22,19,1,2,5
21503,791,2023,8,23,22,0,1,5
21504,791,2023,9,23,21,2,0,4
21505,791,2023,10,21,21,0,0,7
21506,791,2023,11,20,19,1,0,3
21507,791,2023,12,22,21,1,0,1
21508,791,2024,1,21,20,1,0,4
21509,791,2024,2,20,16,4,0,7
21510,791,2024,3,20,18,1,1,7
21511,791,2024,4,21,16,4,1,3
21512,791,2024,5,22,22,0,0,3
21513,791,2024,6,22,17,3,2,0
21514,791,2024,7,20,14,4,2,0
21515,791,2024,8,20,14,4,2,7
21516,791,2024,9,21,17,4,0,6
21517,791,2024,10,22,18,3,1,4
21518,791,2024,11,21,19,1,1,3
21519,791,2024,12,20,14,4,2,5
21520,791,2025,1,22,19,3,0,4
21521,791,2025,2,22,16,4,2,2
21522,791,2025,3,22,16,4,2,2
21523,791,2025,4,20,16,4,0,7
21524,791,2025,5,22,18,4,0,1
21525,791,2025,6,22,22,0,0,0
21526,791,2025,7,22,19,2,1,3
21527,791,2025,8,20,17,3,0,0
21528,791,2025,9,23,19,4,0,6
21529,791,2025,10,23,20,1,2,4
21530,791,2025,11,20,14,4,2,6
21531,791,2025,12,22,18,2,2,0
21532,792,2024,10,23,18,4,1,2
21533,792,2024,11,21,15,4,2,5
21534,792,2024,12,22,18,4,0,8
21535,792,2025,1,20,19,0,1,5
21536,792,2025,2,22,20,2,0,1
21537,792,2025,3,21,18,2,1,0
21538,792,2025,4,20,17,1,2,3
21539,792,2025,5,21,16,4,1,3
21540,792,2025,6,22,17,4,1,3
21541,792,2025,7,21,19,2,0,1
21542,792,2025,8,20,16,3,1,6
21543,792,2025,9,23,21,0,2,3
21544,792,2025,10,20,20,0,0,7
21545,792,2025,11,20,20,0,0,7
21546,792,2025,12,20,18,1,1,2
21547,793,2025,6,21,21,0,0,1
21548,793,2025,7,20,16,3,1,8
21549,793,2025,8,20,17,1,2,8
21550,793,2025,9,22,20,2,0,4
21551,793,2025,10,23,19,4,0,5
21552,793,2025,11,21,17,4,0,1
21553,793,2025,12,20,17,1,2,4
21554,794,2021,9,20,15,3,2,7
21555,794,2021,10,22,21,1,0,4
21556,794,2021,11,23,20,3,0,5
21557,794,2021,12,22,19,2,1,7
21558,794,2022,1,20,19,1,0,1
21559,794,2022,2,20,18,1,1,0
21560,794,2022,3,22,20,1,1,0
21561,794,2022,4,21,17,3,1,3
21562,794,2022,5,20,16,2,2,5
21563,794,2022,6,20,18,0,2,4
21564,794,2022,7,22,20,0,2,1
21565,794,2022,8,21,17,2,2,8
21566,794,2022,9,23,19,2,2,0
21567,794,2022,10,22,18,2,2,0
21568,794,2022,11,22,17,3,2,5
21569,794,2022,12,20,16,3,1,7
21570,794,2023,1,20,16,2,2,4
21571,794,2023,2,23,19,4,0,6
21572,794,2023,3,21,18,1,2,1
21573,794,2023,4,23,18,3,2,0
21574,794,2023,5,23,23,0,0,7
21575,794,2023,6,23,21,2,0,4
21576,794,2023,7,20,16,4,0,7
21577,794,2023,8,20,19,0,1,8
21578,794,2023,9,23,18,4,1,4
21579,794,2023,10,23,21,0,2,0
21580,794,2023,11,20,17,3,0,8
21581,794,2023,12,21,18,1,2,0
21582,794,2024,1,23,20,1,2,8
21583,794,2024,2,22,19,3,0,0
21584,794,2024,3,22,17,3,2,4
21585,794,2024,4,22,20,2,0,6
21586,794,2024,5,23,23,0,0,3
21587,794,2024,6,21,18,3,0,3
21588,794,2024,7,22,21,0,1,8
21589,794,2024,8,23,21,2,0,8
21590,794,2024,9,22,20,1,1,0
21591,794,2024,10,20,16,2,2,7
21592,794,2024,11,22,20,0,2,5
21593,794,2024,12,23,20,2,1,0
21594,794,2025,1,20,19,0,1,7
21595,794,2025,2,21,19,2,0,1
21596,794,2025,3,22,18,4,0,3
21597,794,2025,4,22,22,0,0,7
21598,794,2025,5,22,20,2,0,1
21599,794,2025,6,23,22,1,0,2
21600,794,2025,7,22,21,0,1,3
21601,794,2025,8,22,20,2,0,6
21602,794,2025,9,20,15,4,1,8
21603,794,2025,10,21,15,4,2,5
21604,794,2025,11,23,22,0,1,4
21605,794,2025,12,23,19,3,1,6
21606,795,2021,3,22,20,2,0,5
21607,795,2021,4,21,18,2,1,4
21608,795,2021,5,22,16,4,2,4
21609,795,2021,6,20,18,1,1,1
21610,795,2021,7,21,15,4,2,7
21611,795,2021,8,22,19,3,0,3
21612,795,2021,9,23,18,3,2,5
21613,795,2021,10,23,18,4,1,1
21614,795,2021,11,22,20,1,1,6
21615,795,2021,12,22,20,1,1,5
21616,795,2022,1,22,17,4,1,7
21617,795,2022,2,20,16,4,0,2
21618,795,2022,3,23,19,4,0,0
21619,795,2022,4,20,16,3,1,3
21620,795,2022,5,21,17,3,1,4
21621,795,2022,6,23,18,3,2,4
21622,795,2022,7,23,20,3,0,1
21623,795,2022,8,22,20,0,2,4
21624,795,2022,9,21,19,2,0,1
21625,795,2022,10,23,22,1,0,4
21626,795,2022,11,23,21,2,0,8
21627,795,2022,12,23,22,1,0,5
21628,795,2023,1,22,19,2,1,1
21629,795,2023,2,20,19,0,1,3
21630,795,2023,3,21,18,2,1,3
21631,795,2023,4,21,15,4,2,3
21632,795,2023,5,23,21,0,2,6
21633,795,2023,6,20,16,2,2,0
21634,795,2023,7,22,20,1,1,5
21635,795,2023,8,21,15,4,2,4
21636,795,2023,9,20,17,2,1,8
21637,795,2023,10,21,20,1,0,1
21638,795,2023,11,20,17,3,0,1
21639,795,2023,12,20,20,0,0,3
21640,795,2024,1,21,18,1,2,7
21641,795,2024,2,20,19,1,0,3
21642,795,2024,3,20,17,3,0,7
21643,795,2024,4,22,17,3,2,3
21644,795,2024,5,23,18,3,2,6
21645,795,2024,6,20,15,3,2,8
21646,795,2024,7,23,21,1,1,6
21647,795,2024,8,23,18,3,2,3
21648,795,2024,9,21,17,4,0,2
21649,795,2024,10,21,17,2,2,5
21650,795,2024,11,20,15,4,1,6
21651,795,2024,12,23,20,2,1,5
21652,795,2025,1,23,19,2,2,8
21653,795,2025,2,23,19,4,0,6
21654,795,2025,3,22,21,1,0,7
21655,795,2025,4,22,18,4,0,3
21656,795,2025,5,22,21,0,1,5
21657,795,2025,6,23,20,3,0,0
21658,795,2025,7,23,19,2,2,7
21659,795,2025,8,22,18,4,0,2
21660,795,2025,9,20,14,4,2,3
21661,795,2025,10,23,20,1,2,8
21662,795,2025,11,23,18,3,2,0
21663,795,2025,12,21,19,1,1,3
21664,796,2024,5,23,19,2,2,6
21665,796,2024,6,21,19,1,1,4
21666,796,2024,7,21,18,3,0,4
21667,796,2024,8,23,18,3,2,4
21668,796,2024,9,22,20,0,2,1
21669,796,2024,10,20,17,2,1,1
21670,796,2024,11,22,16,4,2,5
21671,796,2024,12,23,20,1,2,1
21672,796,2025,1,23,22,0,1,4
21673,796,2025,2,23,22,0,1,8
21674,796,2025,3,21,18,1,2,2
21675,796,2025,4,22,21,1,0,0
21676,796,2025,5,23,20,2,1,3
21677,796,2025,6,22,22,0,0,4
21678,796,2025,7,23,18,4,1,3
21679,796,2025,8,20,15,3,2,0
21680,796,2025,9,22,19,3,0,7
21681,796,2025,10,21,21,0,0,3
21682,796,2025,11,23,21,1,1,3
21683,796,2025,12,21,21,0,0,2
21684,797,2023,10,23,22,1,0,3
21685,797,2023,11,23,21,0,2,1
21686,797,2023,12,22,22,0,0,0
21687,797,2024,1,21,18,1,2,0
21688,797,2024,2,21,20,1,0,4
21689,797,2024,3,21,19,1,1,3
21690,797,2024,4,23,17,4,2,7
21691,797,2024,5,22,21,1,0,6
21692,797,2024,6,21,19,2,0,5
21693,797,2024,7,22,20,0,2,0
21694,797,2024,8,23,19,2,2,5
21695,797,2024,9,22,21,1,0,0
21696,797,2024,10,23,21,1,1,4
21697,797,2024,11,23,21,1,1,0
21698,797,2024,12,22,17,3,2,3
21699,797,2025,1,22,17,3,2,2
21700,797,2025,2,23,20,2,1,5
21701,797,2025,3,20,16,3,1,2
21702,797,2025,4,21,20,1,0,7
21703,797,2025,5,22,17,3,2,1
21704,797,2025,6,22,18,4,0,5
21705,797,2025,7,20,14,4,2,0
21706,798,2023,6,23,18,4,1,4
21707,798,2023,7,22,18,3,1,8
21708,798,2023,8,21,19,1,1,7
21709,798,2023,9,23,19,2,2,8
21710,798,2023,10,22,19,3,0,3
21711,798,2023,11,20,19,0,1,6
21712,798,2023,12,20,17,2,1,3
21713,798,2024,1,20,18,1,1,2
21714,798,2024,2,20,17,1,2,7
21715,798,2024,3,22,17,4,1,1
21716,798,2024,4,23,20,1,2,2
21717,798,2024,5,21,21,0,0,8
21718,798,2024,6,23,19,4,0,3
21719,798,2024,7,21,17,4,0,5
21720,798,2024,8,23,21,1,1,5
21721,798,2024,9,20,17,1,2,4
21722,798,2024,10,22,17,4,1,2
21723,798,2024,11,21,18,1,2,0
21724,798,2024,12,22,19,2,1,8
21725,798,2025,1,22,17,3,2,5
21726,798,2025,2,20,20,0,0,0
21727,798,2025,3,21,20,1,0,3
21728,798,2025,4,20,18,2,0,1
21729,798,2025,5,22,20,2,0,7
21730,798,2025,6,20,18,0,2,7
21731,798,2025,7,22,16,4,2,2
21732,798,2025,8,21,15,4,2,1
21733,798,2025,9,23,19,3,1,8
21734,798,2025,10,20,15,3,2,8
21735,798,2025,11,20,17,1,2,5
21736,798,2025,12,21,17,2,2,3
21737,799,2025,9,20,17,1,2,2
21738,799,2025,10,20,17,2,1,7
21739,799,2025,11,23,20,2,1,7
21740,799,2025,12,22,20,1,1,7
21741,800,2023,11,22,21,1,0,8
21742,800,2023,12,23,21,2,0,8
21743,800,2024,1,22,19,3,0,5
21744,800,2024,2,23,22,1,0,8
21745,800,2024,3,20,16,3,1,5
21746,800,2024,4,21,19,0,2,0
21747,800,2024,5,20,19,1,0,2
21748,800,2024,6,21,17,2,2,4
21749,800,2024,7,23,21,0,2,7
21750,800,2024,8,23,19,2,2,7
21751,800,2024,9,21,15,4,2,3
21752,800,2024,10,21,19,2,0,1
21753,800,2024,11,22,20,1,1,3
21754,800,2024,12,23,18,4,1,1
21755,800,2025,1,20,15,4,1,3
21756,800,2025,2,20,18,1,1,3
21757,800,2025,3,21,16,4,1,8
21758,800,2025,4,21,19,1,1,2
21759,800,2025,5,22,22,0,0,1
21760,800,2025,6,23,21,2,0,1
21761,800,2025,7,23,18,4,1,7
21762,800,2025,8,22,19,1,2,8
21763,800,2025,9,23,21,2,0,0
21764,800,2025,10,20,17,3,0,4
21765,800,2025,11,23,18,3,2,5
21766,800,2025,12,22,19,1,2,1
21767,801,2021,5,23,20,2,1,5
21768,801,2021,6,23,22,1,0,0
21769,801,2021,7,22,20,0,2,3
21770,801,2021,8,20,19,1,0,0
21771,801,2021,9,22,17,4,1,4
21772,801,2021,10,23,22,0,1,1
21773,801,2021,11,21,19,2,0,2
21774,801,2021,12,21,18,1,2,5
21775,801,2022,1,23,23,0,0,5
21776,801,2022,2,23,18,4,1,8
21777,801,2022,3,20,17,1,2,5
21778,801,2022,4,20,16,4,0,3
21779,801,2022,5,20,18,1,1,1
21780,801,2022,6,23,20,1,2,3
21781,801,2022,7,21,21,0,0,2
21782,801,2022,8,22,18,2,2,0
21783,801,2022,9,23,21,0,2,3
21784,801,2022,10,20,17,1,2,7
21785,801,2022,11,23,19,4,0,6
21786,801,2022,12,22,18,2,2,2
21787,801,2023,1,22,20,0,2,7
21788,801,2023,2,23,21,2,0,4
21789,801,2023,3,20,20,0,0,2
21790,801,2023,4,22,19,2,1,5
21791,801,2023,5,22,19,1,2,2
21792,801,2023,6,23,22,0,1,1
21793,801,2023,7,23,21,1,1,5
21794,801,2023,8,22,19,3,0,3
21795,801,2023,9,22,19,3,0,4
21796,801,2023,10,23,21,2,0,8
21797,801,2023,11,22,18,3,1,8
21798,801,2023,12,23,19,4,0,8
21799,801,2024,1,20,19,1,0,0
21800,801,2024,2,23,20,3,0,0
21801,801,2024,3,23,20,1,2,1
21802,801,2024,4,21,19,2,0,1
21803,801,2024,5,20,16,4,0,8
21804,801,2024,6,20,19,0,1,7
21805,801,2024,7,20,18,2,0,5
21806,801,2024,8,22,18,4,0,4
21807,801,2024,9,22,18,3,1,8
21808,801,2024,10,23,18,3,2,7
21809,801,2024,11,22,17,3,2,3
21810,801,2024,12,23,19,3,1,6
21811,801,2025,1,20,20,0,0,2
21812,801,2025,2,22,17,4,1,7
21813,801,2025,3,23,18,4,1,8
21814,801,2025,4,22,18,3,1,6
21815,801,2025,5,21,19,0,2,5
21816,801,2025,6,20,17,3,0,6
21817,801,2025,7,22,20,2,0,3
21818,801,2025,8,23,19,2,2,8
21819,801,2025,9,22,18,2,2,3
21820,801,2025,10,21,17,4,0,8
21821,801,2025,11,23,21,0,2,4
21822,801,2025,12,23,21,2,0,2
21823,802,2023,5,21,19,0,2,4
21824,802,2023,6,20,16,2,2,4
21825,802,2023,7,21,18,1,2,2
21826,802,2023,8,21,20,0,1,2
21827,802,2023,9,22,16,4,2,7
21828,802,2023,10,22,18,3,1,5
21829,802,2023,11,20,18,0,2,5
21830,802,2023,12,22,17,4,1,3
21831,802,2024,1,20,17,2,1,2
21832,802,2024,2,20,17,3,0,2
21833,802,2024,3,20,19,1,0,7
21834,802,2024,4,20,19,1,0,6
21835,802,2024,5,20,18,0,2,2
21836,802,2024,6,21,18,1,2,1
21837,802,2024,7,23,19,2,2,1
21838,802,2024,8,22,20,0,2,5
21839,802,2024,9,20,18,0,2,6
21840,802,2024,10,23,21,2,0,4
21841,802,2024,11,20,17,1,2,7
21842,802,2024,12,23,19,3,1,7
21843,802,2025,1,23,20,2,1,5
21844,802,2025,2,23,20,2,1,2
21845,802,2025,3,22,21,0,1,6
21846,802,2025,4,22,17,4,1,7
21847,802,2025,5,21,17,2,2,3
21848,802,2025,6,22,17,4,1,6
21849,802,2025,7,22,20,0,2,0
21850,802,2025,8,20,17,1,2,6
21851,802,2025,9,22,20,0,2,8
21852,802,2025,10,20,16,2,2,3
21853,802,2025,11,20,14,4,2,0
21854,802,2025,12,22,18,4,0,2
21855,803,2021,9,21,18,1,2,6
21856,803,2021,10,21,19,2,0,0
21857,803,2021,11,23,21,1,1,3
21858,803,2021,12,21,17,4,0,4
21859,803,2022,1,23,20,3,0,3
21860,803,2022,2,23,21,0,2,3
21861,803,2022,3,20,18,1,1,3
21862,803,2022,4,22,22,0,0,7
21863,803,2022,5,21,15,4,2,2
21864,803,2022,6,23,22,1,0,8
21865,803,2022,7,20,16,3,1,5
21866,803,2022,8,23,19,4,0,5
21867,803,2022,9,23,21,0,2,7
21868,803,2022,10,20,17,3,0,0
21869,803,2022,11,21,17,4,0,4
21870,803,2022,12,20,19,0,1,2
21871,803,2023,1,21,16,3,2,5
21872,803,2023,2,23,22,1,0,4
21873,803,2023,3,20,14,4,2,4
21874,803,2023,4,22,17,4,1,5
21875,803,2023,5,23,19,3,1,7
21876,803,2023,6,20,17,2,1,8
21877,803,2023,7,21,19,2,0,1
21878,803,2023,8,22,17,4,1,0
21879,803,2023,9,20,18,2,0,2
21880,804,2021,12,20,15,4,1,4
21881,804,2022,1,21,21,0,0,4
21882,804,2022,2,23,19,4,0,6
21883,804,2022,3,22,18,4,0,5
21884,804,2022,4,20,16,4,0,7
21885,804,2022,5,20,20,0,0,1
21886,804,2022,6,23,20,2,1,7
21887,804,2022,7,22,17,4,1,1
21888,804,2022,8,20,18,2,0,1
21889,804,2022,9,20,14,4,2,2
21890,804,2022,10,21,18,3,0,4
21891,804,2022,11,20,18,0,2,8
21892,804,2022,12,22,21,1,0,0
21893,804,2023,1,23,22,0,1,6
21894,804,2023,2,23,21,2,0,4
21895,804,2023,3,22,21,0,1,5
21896,804,2023,4,21,19,1,1,3
21897,804,2023,5,23,19,3,1,4
21898,804,2023,6,22,21,1,0,0
21899,804,2023,7,23,23,0,0,3
21900,804,2023,8,23,17,4,2,8
21901,804,2023,9,21,18,2,1,2
21902,804,2023,10,21,19,1,1,8
21903,804,2023,11,22,19,1,2,3
21904,804,2023,12,21,20,0,1,1
21905,804,2024,1,22,19,1,2,7
21906,804,2024,2,22,19,2,1,8
21907,804,2024,3,22,20,2,0,8
21908,804,2024,4,23,22,0,1,0
21909,804,2024,5,22,17,3,2,2
21910,804,2024,6,23,22,1,0,3
21911,804,2024,7,21,16,3,2,7
21912,804,2024,8,21,19,1,1,3
21913,804,2024,9,21,17,2,2,0
21914,804,2024,10,20,16,2,2,3
21915,804,2024,11,21,18,1,2,8
21916,804,2024,12,21,17,2,2,1
21917,804,2025,1,23,18,3,2,3
21918,804,2025,2,21,15,4,2,6
21919,804,2025,3,23,19,4,0,4
21920,804,2025,4,20,14,4,2,4
21921,804,2025,5,21,21,0,0,5
21922,804,2025,6,20,16,3,1,6
21923,804,2025,7,22,17,3,2,6
21924,804,2025,8,22,20,0,2,8
21925,804,2025,9,23,20,1,2,5
21926,804,2025,10,22,21,1,0,4
21927,804,2025,11,22,17,3,2,6
21928,804,2025,12,23,21,0,2,3
21929,805,2021,1,22,17,4,1,2
21930,805,2021,2,22,16,4,2,8
21931,805,2021,3,21,18,1,2,5
21932,805,2021,4,21,21,0,0,1
21933,805,2021,5,23,19,3,1,0
21934,805,2021,6,21,16,3,2,4
21935,805,2021,7,20,16,4,0,0
21936,805,2021,8,22,22,0,0,1
21937,805,2021,9,22,20,2,0,6
21938,805,2021,10,23,17,4,2,7
21939,805,2021,11,21,17,4,0,6
21940,805,2021,12,20,14,4,2,2
21941,805,2022,1,21,15,4,2,3
21942,805,2022,2,20,18,2,0,0
21943,805,2022,3,20,18,1,1,7
21944,805,2022,4,20,15,4,1,4
21945,805,2022,5,20,18,0,2,0
21946,805,2022,6,20,20,0,0,2
21947,805,2022,7,21,18,1,2,6
21948,805,2022,8,22,19,2,1,3
21949,805,2022,9,22,21,1,0,4
21950,805,2022,10,21,17,4,0,5
21951,805,2022,11,21,16,3,2,2
21952,805,2022,12,20,16,4,0,5
21953,805,2023,1,23,22,1,0,0
21954,805,2023,2,23,20,3,0,7
21955,805,2023,3,20,16,2,2,6
21956,805,2023,4,23,20,1,2,1
21957,805,2023,5,22,20,2,0,5
21958,805,2023,6,20,17,3,0,7
21959,805,2023,7,22,20,1,1,5
21960,805,2023,8,22,21,0,1,8
21961,805,2023,9,21,17,2,2,0
21962,805,2023,10,22,16,4,2,4
21963,805,2023,11,22,19,1,2,8
21964,805,2023,12,22,19,3,0,2
21965,805,2024,1,20,17,3,0,3
21966,805,2024,2,20,18,0,2,2
21967,805,2024,3,21,16,3,2,0
21968,805,2024,4,22,20,2,0,6
21969,805,2024,5,22,19,2,1,8
21970,805,2024,6,22,20,0,2,2
21971,805,2024,7,22,20,2,0,1
21972,805,2024,8,21,17,2,2,2
21973,805,2024,9,21,17,2,2,6
21974,805,2024,10,20,15,4,1,1
21975,805,2024,11,20,20,0,0,8
21976,805,2024,12,23,20,2,1,1
21977,805,2025,1,21,19,1,1,3
21978,805,2025,2,22,18,2,2,2
21979,805,2025,3,21,19,2,0,5
21980,805,2025,4,21,19,2,0,4
21981,805,2025,5,23,18,3,2,0
21982,805,2025,6,23,22,0,1,3
21983,805,2025,7,23,21,1,1,0
21984,805,2025,8,22,16,4,2,4
21985,805,2025,9,21,17,2,2,2
21986,805,2025,10,22,19,1,2,0
21987,805,2025,11,23,19,4,0,6
21988,805,2025,12,23,22,1,0,7
21989,806,2021,12,21,18,3,0,3
21990,806,2022,1,23,22,1,0,4
21991,806,2022,2,21,19,2,0,2
21992,806,2022,3,22,20,2,0,4
21993,806,2022,4,23,22,1,0,6
21994,806,2022,5,21,20,1,0,6
21995,806,2022,6,20,17,1,2,2
21996,806,2022,7,21,17,2,2,6
21997,806,2022,8,22,16,4,2,6
21998,806,2022,9,22,17,4,1,5
21999,806,2022,10,21,19,1,1,1
22000,806,2022,11,23,21,1,1,4
22001,806,2022,12,21,18,2,1,5
22002,806,2023,1,23,22,0,1,0
22003,806,2023,2,20,17,2,1,2
22004,806,2023,3,21,17,4,0,2
22005,806,2023,4,21,18,3,0,5
22006,806,2023,5,23,21,1,1,1
22007,806,2023,6,20,16,2,2,7
22008,806,2023,7,20,16,3,1,2
22009,806,2023,8,20,17,1,2,6
22010,806,2023,9,23,21,2,0,8
22011,806,2023,10,21,19,1,1,6
22012,806,2023,11,21,16,4,1,2
22013,806,2023,12,21,20,1,0,2
22014,806,2024,1,22,17,3,2,2
22015,806,2024,2,22,21,0,1,1
22016,806,2024,3,22,19,1,2,2
22017,806,2024,4,23,23,0,0,3
22018,806,2024,5,23,23,0,0,0
22019,806,2024,6,22,20,2,0,5
22020,806,2024,7,21,16,3,2,4
22021,806,2024,8,22,20,0,2,4
22022,806,2024,9,22,19,2,1,8
22023,806,2024,10,23,20,3,0,8
22024,806,2024,11,21,18,1,2,6
22025,806,2024,12,21,20,1,0,2
22026,806,2025,1,22,18,3,1,5
22027,806,2025,2,23,20,2,1,4
22028,806,2025,3,21,19,0,2,1
22029,806,2025,4,21,20,0,1,6
22030,806,2025,5,20,16,3,1,2
22031,806,2025,6,20,20,0,0,4
22032,806,2025,7,22,18,3,1,8
22033,806,2025,8,23,21,0,2,5
22034,806,2025,9,23,22,1,0,2
22035,806,2025,10,22,20,0,2,7
22036,806,2025,11,22,19,3,0,7
22037,806,2025,12,20,18,1,1,2
22038,807,2023,7,21,21,0,0,5
22039,807,2023,8,22,17,4,1,1
22040,807,2023,9,21,15,4,2,5
22041,807,2023,10,21,17,2,2,6
22042,807,2023,11,20,15,3,2,5
22043,807,2023,12,22,19,1,2,2
22044,807,2024,1,21,18,3,0,8
22045,807,2024,2,21,15,4,2,2
22046,807,2024,3,21,15,4,2,8
22047,807,2024,4,22,21,1,0,0
22048,807,2024,5,22,19,3,0,4
22049,807,2024,6,21,17,3,1,0
22050,807,2024,7,21,16,3,2,5
22051,807,2024,8,22,20,1,1,7
22052,807,2024,9,20,19,0,1,8
22053,807,2024,10,23,17,4,2,5
22054,807,2024,11,21,19,0,2,3
22055,807,2024,12,20,19,1,0,3
22056,807,2025,1,22,21,0,1,1
22057,807,2025,2,20,16,3,1,2
22058,807,2025,3,22,20,0,2,2
22059,807,2025,4,22,17,3,2,2
22060,807,2025,5,21,19,1,1,8
22061,807,2025,6,23,22,1,0,0
22062,807,2025,7,20,16,3,1,1
22063,807,2025,8,20,16,2,2,4
22064,807,2025,9,23,20,2,1,2
22065,807,2025,10,21,19,2,0,8
22066,807,2025,11,22,16,4,2,5
22067,807,2025,12,22,17,4,1,5
22068,808,2024,12,23,20,2,1,1
22069,808,2025,1,20,16,3,1,8
22070,808,2025,2,22,22,0,0,6
22071,808,2025,3,20,18,2,0,1
22072,808,2025,4,21,20,0,1,4
22073,808,2025,5,22,20,2,0,6
22074,808,2025,6,22,22,0,0,2
22075,808,2025,7,21,18,3,0,0
22076,808,2025,8,22,21,1,0,7
22077,808,2025,9,23,21,0,2,0
22078,808,2025,10,22,19,3,0,8
22079,808,2025,11,22,22,0,0,4
22080,808,2025,12,21,15,4,2,4
22081,809,2025,1,21,16,3,2,2
22082,809,2025,2,21,19,1,1,0
22083,809,2025,3,20,18,0,2,4
22084,809,2025,4,23,20,3,0,6
22085,809,2025,5,21,21,0,0,8
22086,809,2025,6,22,21,0,1,6
22087,809,2025,7,20,15,4,1,6
22088,809,2025,8,20,20,0,0,7
22089,809,2025,9,23,18,4,1,0
22090,809,2025,10,23,21,0,2,4
22091,809,2025,11,23,18,3,2,1
22092,809,2025,12,22,19,1,2,5
22093,810,2024,6,20,17,2,1,0
22094,810,2024,7,22,20,2,0,5
22095,810,2024,8,21,20,0,1,5
22096,810,2024,9,23,18,3,2,3
22097,810,2024,10,20,19,0,1,1
22098,810,2024,11,23,18,4,1,4
22099,810,2024,12,22,20,2,0,2
22100,810,2025,1,22,21,1,0,5
22101,810,2025,2,20,18,0,2,5
22102,810,2025,3,21,21,0,0,0
22103,810,2025,4,22,21,0,1,1
22104,810,2025,5,22,18,4,0,6
22105,811,2025,10,21,18,3,0,0
22106,811,2025,11,23,21,1,1,6
22107,811,2025,12,23,22,0,1,8
22108,812,2021,8,20,14,4,2,5
22109,812,2021,9,22,18,2,2,7
22110,812,2021,10,21,19,2,0,7
22111,812,2021,11,22,18,2,2,1
22112,812,2021,12,23,22,1,0,1
22113,812,2022,1,20,16,2,2,6
22114,812,2022,2,22,19,3,0,0
22115,812,2022,3,20,18,0,2,1
22116,812,2022,4,22,16,4,2,8
22117,812,2022,5,20,16,3,1,7
22118,812,2022,6,22,18,4,0,3
22119,812,2022,7,21,18,2,1,4
22120,812,2022,8,20,16,3,1,6
22121,812,2022,9,23,18,4,1,2
22122,812,2022,10,22,20,0,2,7
22123,812,2022,11,20,15,3,2,0
22124,812,2022,12,21,17,3,1,8
22125,812,2023,1,20,16,4,0,0
22126,812,2023,2,22,17,4,1,7
22127,812,2023,3,21,17,4,0,0
22128,812,2023,4,21,16,3,2,6
22129,812,2023,5,23,22,0,1,4
22130,812,2023,6,20,17,2,1,2
22131,812,2023,7,22,20,2,0,5
22132,812,2023,8,21,18,1,2,6
22133,812,2023,9,22,19,2,1,7
22134,812,2023,10,23,21,0,2,4
22135,812,2023,11,23,17,4,2,7
22136,812,2023,12,21,19,0,2,1
22137,812,2024,1,23,23,0,0,1
22138,812,2024,2,20,19,0,1,3
22139,812,2024,3,20,19,0,1,6
22140,812,2024,4,20,16,2,2,1
22141,812,2024,5,20,18,0,2,6
22142,812,2024,6,23,18,4,1,8
22143,812,2024,7,21,18,1,2,7
22144,812,2024,8,21,17,4,0,8
22145,812,2024,9,23,17,4,2,3
22146,812,2024,10,23,23,0,0,1
22147,812,2024,11,23,17,4,2,3
22148,812,2024,12,21,17,4,0,5
22149,812,2025,1,23,20,3,0,5
22150,812,2025,2,20,19,0,1,5
22151,812,2025,3,21,15,4,2,6
22152,812,2025,4,23,21,0,2,5
22153,812,2025,5,22,18,4,0,2
22154,812,2025,6,23,20,2,1,5
22155,812,2025,7,21,17,3,1,1
22156,812,2025,8,23,20,3,0,6
22157,812,2025,9,23,21,0,2,4
22158,812,2025,10,20,15,4,1,7
22159,812,2025,11,22,19,2,1,5
22160,812,2025,12,21,17,2,2,5
22161,813,2024,8,21,15,4,2,6
22162,813,2024,9,20,20,0,0,7
22163,813,2024,10,20,18,2,0,5
22164,814,2021,3,23,19,4,0,4
22165,814,2021,4,20,18,0,2,5
22166,814,2021,5,22,19,2,1,3
22167,814,2021,6,22,20,1,1,1
22168,814,2021,7,22,18,4,0,1
22169,814,2021,8,21,19,0,2,7
22170,814,2021,9,21,21,0,0,3
22171,814,2021,10,22,21,1,0,7
22172,814,2021,11,20,18,1,1,0
22173,814,2021,12,23,18,3,2,2
22174,814,2022,1,21,20,0,1,8
22175,814,2022,2,20,17,3,0,6
22176,814,2022,3,20,15,3,2,3
22177,814,2022,4,21,19,1,1,3
22178,814,2022,5,20,20,0,0,7
22179,814,2022,6,21,17,2,2,8
22180,814,2022,7,23,21,1,1,0
22181,814,2022,8,22,21,0,1,3
22182,814,2022,9,23,22,1,0,3
22183,814,2022,10,21,18,2,1,0
22184,814,2022,11,20,18,1,1,4
22185,814,2022,12,21,18,2,1,4
22186,814,2023,1,23,21,0,2,2
22187,814,2023,2,22,18,2,2,0
22188,814,2023,3,20,18,0,2,8
22189,814,2023,4,20,16,3,1,2
22190,814,2023,5,23,19,3,1,8
22191,814,2023,6,20,17,1,2,5
22192,814,2023,7,20,15,3,2,7
22193,814,2023,8,20,18,0,2,7
22194,814,2023,9,22,20,0,2,8
22195,814,2023,10,20,17,1,2,1
22196,814,2023,11,21,17,3,1,6
22197,814,2023,12,20,15,4,1,1
22198,814,2024,1,21,18,3,0,3
22199,814,2024,2,22,20,2,0,6
22200,814,2024,3,20,18,0,2,5
22201,814,2024,4,23,19,2,2,8
22202,814,2024,5,20,18,2,0,3
22203,814,2024,6,22,18,2,2,8
22204,814,2024,7,20,17,3,0,5
22205,814,2024,8,22,17,4,1,8
22206,814,2024,9,22,21,1,0,5
22207,814,2024,10,20,15,4,1,3
22208,814,2024,11,22,17,4,1,2
22209,814,2024,12,21,20,0,1,4
22210,814,2025,1,20,17,3,0,0
22211,814,2025,2,21,19,1,1,6
22212,814,2025,3,23,17,4,2,5
22213,814,2025,4,20,14,4,2,2
22214,814,2025,5,21,18,3,0,2
22215,814,2025,6,20,18,0,2,6
22216,814,2025,7,23,22,1,0,0
22217,814,2025,8,22,17,4,1,0
22218,814,2025,9,20,15,3,2,4
22219,814,2025,10,23,19,4,0,5
22220,814,2025,11,23,18,3,2,6
22221,814,2025,12,21,16,3,2,7
22222,815,2022,3,20,15,3,2,1
22223,815,2022,4,22,18,4,0,6
22224,815,2022,5,22,17,4,1,8
22225,815,2022,6,21,18,1,2,0
22226,815,2022,7,21,19,2,0,0
22227,815,2022,8,21,19,0,2,8
22228,815,2022,9,23,19,2,2,8
22229,815,2022,10,23,19,2,2,1
22230,815,2022,11,20,17,3,0,7
22231,815,2022,12,20,17,1,2,5
22232,815,2023,1,22,19,2,1,6
22233,815,2023,2,21,18,3,0,4
22234,815,2023,3,21,20,0,1,2
22235,815,2023,4,20,16,3,1,6
22236,815,2023,5,23,17,4,2,0
22237,815,2023,6,20,18,2,0,3
22238,815,2023,7,23,19,2,2,8
22239,815,2023,8,21,19,0,2,8
22240,815,2023,9,21,21,0,0,8
22241,815,2023,10,23,18,4,1,6
22242,815,2023,11,20,15,3,2,4
22243,815,2023,12,23,21,0,2,0
22244,815,2024,1,21,17,2,2,2
22245,815,2024,2,23,21,2,0,5
22246,815,2024,3,23,19,2,2,8
22247,815,2024,4,20,18,1,1,1
22248,815,2024,5,23,20,1,2,4
22249,815,2024,6,21,19,1,1,0
22250,815,2024,7,20,19,0,1,5
22251,815,2024,8,22,20,1,1,2
22252,815,2024,9,20,14,4,2,7
22253,815,2024,10,22,20,2,0,3
22254,815,2024,11,21,18,1,2,1
22255,815,2024,12,22,20,2,0,1
22256,815,2025,1,20,19,0,1,2
22257,815,2025,2,20,17,2,1,0
22258,815,2025,3,21,20,1,0,6
22259,815,2025,4,22,20,1,1,8
22260,815,2025,5,23,18,3,2,2
22261,815,2025,6,21,19,2,0,2
22262,815,2025,7,23,19,4,0,0
22263,815,2025,8,20,19,1,0,1
22264,815,2025,9,21,21,0,0,4
22265,815,2025,10,22,21,0,1,1
22266,815,2025,11,23,20,3,0,5
22267,815,2025,12,22,21,0,1,6
22268,816,2025,11,20,14,4,2,5
22269,816,2025,12,22,19,2,1,8
22270,817,2021,7,22,17,3,2,7
22271,817,2021,8,21,18,2,1,4
22272,817,2021,9,20,17,3,0,5
22273,817,2021,10,22,17,3,2,3
22274,817,2021,11,22,19,2,1,8
22275,817,2021,12,23,20,2,1,8
22276,817,2022,1,21,19,0,2,7
22277,817,2022,2,21,18,3,0,5
22278,817,2022,3,20,18,2,0,1
22279,817,2022,4,21,17,3,1,1
22280,817,2022,5,22,20,0,2,1
22281,817,2022,6,20,18,2,0,5
22282,817,2022,7,20,20,0,0,1
22283,817,2022,8,22,21,1,0,3
22284,817,2022,9,22,19,1,2,8
22285,817,2022,10,23,21,1,1,1
22286,817,2022,11,23,18,4,1,6
22287,817,2022,12,22,21,0,1,4
22288,817,2023,1,21,19,0,2,1
22289,817,2023,2,21,18,1,2,6
22290,817,2023,3,21,20,1,0,3
22291,817,2023,4,22,21,1,0,4
22292,817,2023,5,22,20,1,1,4
22293,817,2023,6,23,21,0,2,5
22294,817,2023,7,21,17,4,0,4
22295,817,2023,8,22,20,2,0,5
22296,817,2023,9,23,21,2,0,2
22297,817,2023,10,22,18,2,2,7
22298,817,2023,11,22,16,4,2,1
22299,817,2023,12,21,15,4,2,2
22300,817,2024,1,20,17,2,1,6
22301,817,2024,2,21,19,0,2,1
22302,817,2024,3,21,19,0,2,1
22303,817,2024,4,21,18,2,1,4
22304,817,2024,5,20,16,2,2,6
22305,817,2024,6,20,20,0,0,1
22306,817,2024,7,23,21,1,1,6
22307,817,2024,8,20,15,4,1,2
22308,817,2024,9,20,15,4,1,0
22309,817,2024,10,20,17,3,0,5
22310,817,2024,11,22,19,1,2,6
22311,817,2024,12,22,22,0,0,6
22312,817,2025,1,21,17,4,0,3
22313,817,2025,2,21,18,3,0,0
22314,817,2025,3,21,18,2,1,0
22315,817,2025,4,21,16,4,1,4
22316,817,2025,5,23,18,3,2,8
22317,817,2025,6,21,20,1,0,5
22318,817,2025,7,21,16,4,1,2
22319,817,2025,8,22,20,2,0,2
22320,817,2025,9,22,20,1,1,1
22321,817,2025,10,22,20,2,0,0
22322,817,2025,11,21,19,0,2,3
22323,817,2025,12,20,17,3,0,6
22324,818,2023,6,22,19,1,2,1
22325,818,2023,7,20,18,2,0,1
22326,818,2023,8,23,21,2,0,7
22327,818,2023,9,20,14,4,2,2
22328,818,2023,10,23,18,4,1,2
22329,818,2023,11,20,16,4,0,4
22330,818,2023,12,20,17,3,0,2
22331,818,2024,1,21,20,0,1,7
22332,818,2024,2,20,15,4,1,5
22333,818,2024,3,23,19,2,2,4
22334,818,2024,4,20,16,3,1,0
22335,818,2024,5,21,20,1,0,6
22336,818,2024,6,21,16,3,2,7
22337,818,2024,7,20,17,2,1,8
22338,818,2024,8,21,18,2,1,7
22339,818,2024,9,22,17,3,2,4
22340,818,2024,10,20,14,4,2,1
22341,818,2024,11,22,20,0,2,6
22342,818,2024,12,22,22,0,0,1
22343,818,2025,1,21,18,1,2,4
22344,818,2025,2,21,20,0,1,6
22345,818,2025,3,22,20,1,1,3
22346,818,2025,4,23,19,2,2,0
22347,818,2025,5,22,20,1,1,5
22348,818,2025,6,23,18,4,1,2
22349,818,2025,7,20,17,2,1,8
22350,818,2025,8,20,18,1,1,8
22351,818,2025,9,20,18,1,1,2
22352,818,2025,10,21,17,2,2,0
22353,818,2025,11,22,19,2,1,6
22354,818,2025,12,21,20,0,1,1
22355,819,2022,6,21,17,2,2,4
22356,819,2022,7,22,22,0,0,7
22357,819,2022,8,21,20,1,0,3
22358,819,2022,9,22,18,3,1,5
22359,819,2022,10,21,16,4,1,2
22360,819,2022,11,20,18,2,0,7
22361,819,2022,12,22,21,1,0,8
22362,819,2023,1,23,18,4,1,8
22363,819,2023,2,21,17,2,2,6
22364,819,2023,3,22,22,0,0,4
22365,819,2023,4,20,15,3,2,2
22366,819,2023,5,20,14,4,2,7
22367,819,2023,6,20,18,2,0,8
22368,819,2023,7,21,20,0,1,0
22369,819,2023,8,22,17,3,2,6
22370,819,2023,9,23,22,1,0,1
22371,819,2023,10,22,16,4,2,5
22372,819,2023,11,21,17,2,2,7
22373,819,2023,12,20,15,3,2,8
22374,819,2024,1,23,19,4,0,7
22375,819,2024,2,21,17,3,1,2
22376,819,2024,3,20,19,1,0,7
22377,819,2024,4,21,18,3,0,7
22378,819,2024,5,23,21,0,2,4
22379,819,2024,6,21,20,1,0,3
22380,819,2024,7,21,20,1,0,3
22381,819,2024,8,20,18,2,0,0
22382,819,2024,9,21,18,3,0,3
22383,819,2024,10,22,20,0,2,7
22384,819,2024,11,23,17,4,2,6
22385,819,2024,12,22,21,0,1,4
22386,819,2025,1,21,19,0,2,3
22387,819,2025,2,22,19,3,0,7
22388,819,2025,3,21,18,1,2,8
22389,819,2025,4,20,18,1,1,1
22390,819,2025,5,20,20,0,0,0
22391,819,2025,6,21,19,2,0,5
22392,819,2025,7,21,19,0,2,1
22393,819,2025,8,23,20,2,1,7
22394,819,2025,9,20,15,3,2,8
22395,819,2025,10,22,16,4,2,2
22396,819,2025,11,20,19,0,1,4
22397,819,2025,12,23,21,1,1,1
22398,820,2023,2,21,20,0,1,3
22399,820,2023,3,20,16,4,0,4
22400,820,2023,4,23,18,3,2,4
22401,820,2023,5,23,22,1,0,7
22402,820,2023,6,22,16,4,2,1
22403,820,2023,7,21,15,4,2,8
22404,820,2023,8,23,23,0,0,8
22405,820,2023,9,23,21,0,2,8
22406,820,2023,10,23,20,3,0,0
22407,820,2023,11,22,20,0,2,0
22408,820,2023,12,23,22,1,0,2
22409,820,2024,1,23,20,1,2,4
22410,820,2024,2,23,21,1,1,8
22411,820,2024,3,20,14,4,2,8
22412,820,2024,4,20,19,1,0,7
22413,820,2024,5,21,18,1,2,0
22414,820,2024,6,23,21,0,2,2
22415,820,2024,7,23,21,0,2,6
22416,820,2024,8,20,18,2,0,8
22417,820,2024,9,21,19,0,2,7
22418,820,2024,10,23,20,1,2,5
22419,820,2024,11,21,17,2,2,7
22420,820,2024,12,22,21,0,1,1
22421,820,2025,1,20,14,4,2,7
22422,820,2025,2,21,21,0,0,4
22423,820,2025,3,22,19,2,1,6
22424,820,2025,4,23,21,2,0,2
22425,820,2025,5,22,20,1,1,2
22426,820,2025,6,20,15,3,2,7
22427,820,2025,7,21,18,2,1,0
22428,820,2025,8,20,15,4,1,0
22429,820,2025,9,23,20,1,2,1
22430,820,2025,10,23,18,3,2,4
22431,820,2025,11,20,15,3,2,6
22432,820,2025,12,21,15,4,2,6
22433,821,2023,9,20,19,0,1,1
22434,821,2023,10,20,19,1,0,8
22435,821,2023,11,22,20,1,1,0
22436,821,2023,12,20,16,4,0,8
22437,821,2024,1,21,19,2,0,4
22438,821,2024,2,23,20,3,0,4
22439,821,2024,3,21,17,3,1,4
22440,821,2024,4,22,18,3,1,0
22441,821,2024,5,20,19,1,0,7
22442,821,2024,6,22,21,0,1,2
22443,821,2024,7,23,19,2,2,0
22444,821,2024,8,23,21,1,1,3
22445,821,2024,9,21,17,3,1,2
22446,821,2024,10,23,18,3,2,6
22447,821,2024,11,20,15,3,2,0
22448,821,2024,12,23,20,2,1,8
22449,821,2025,1,20,19,1,0,5
22450,821,2025,2,21,20,0,1,6
22451,821,2025,3,21,18,2,1,1
22452,821,2025,4,20,18,2,0,1
22453,821,2025,5,23,20,1,2,4
22454,821,2025,6,23,19,2,2,8
22455,821,2025,7,23,21,2,0,6
22456,821,2025,8,20,20,0,0,6
22457,821,2025,9,20,16,2,2,5
22458,821,2025,10,21,17,3,1,6
22459,821,2025,11,23,21,2,0,5
22460,821,2025,12,23,19,2,2,5
22461,822,2023,7,23,21,0,2,4
22462,822,2023,8,23,19,4,0,7
22463,822,2023,9,22,21,0,1,4
22464,822,2023,10,23,21,0,2,6
22465,822,2023,11,23,17,4,2,5
22466,822,2023,12,21,19,1,1,5
22467,822,2024,1,21,17,3,1,4
22468,822,2024,2,20,15,3,2,0
22469,822,2024,3,22,21,0,1,4
22470,822,2024,4,22,21,0,1,4
22471,822,2024,5,20,16,3,1,6
22472,822,2024,6,21,18,3,0,6
22473,822,2024,7,21,18,1,2,0
22474,822,2024,8,21,15,4,2,4
22475,822,2024,9,20,17,3,0,3
22476,822,2024,10,20,16,3,1,7
22477,822,2024,11,22,17,3,2,0
22478,822,2024,12,23,21,0,2,4
22479,822,2025,1,22,18,2,2,5
22480,822,2025,2,23,19,4,0,1
22481,822,2025,3,22,18,3,1,1
22482,822,2025,4,20,18,0,2,2
22483,822,2025,5,20,17,2,1,1
22484,822,2025,6,21,17,4,0,7
22485,822,2025,7,21,18,2,1,7
22486,822,2025,8,23,21,1,1,8
22487,822,2025,9,20,16,3,1,5
22488,822,2025,10,20,18,1,1,6
22489,822,2025,11,21,17,4,0,0
22490,822,2025,12,23,20,1,2,2
22491,823,2023,7,23,20,3,0,1
22492,823,2023,8,23,20,2,1,7
22493,823,2023,9,23,20,2,1,1
22494,823,2023,10,20,15,4,1,2
22495,823,2023,11,21,19,1,1,5
22496,823,2023,12,21,18,1,2,8
22497,823,2024,1,23,21,1,1,2
22498,823,2024,2,20,16,2,2,2
22499,823,2024,3,23,19,2,2,5
22500,823,2024,4,23,17,4,2,3
22501,823,2024,5,20,18,1,1,4
22502,823,2024,6,23,20,2,1,2
22503,823,2024,7,22,19,3,0,2
22504,823,2024,8,21,18,3,0,2
22505,823,2024,9,21,19,0,2,6
22506,823,2024,10,20,18,2,0,5
22507,823,2024,11,22,20,2,0,7
22508,823,2024,12,22,16,4,2,0
22509,823,2025,1,21,15,4,2,0
22510,823,2025,2,20,15,3,2,3
22511,823,2025,3,21,21,0,0,3
22512,823,2025,4,22,20,1,1,2
22513,823,2025,5,22,17,4,1,4
22514,823,2025,6,22,18,2,2,0
22515,823,2025,7,23,21,0,2,1
22516,823,2025,8,22,16,4,2,4
22517,823,2025,9,22,17,3,2,3
22518,823,2025,10,21,18,1,2,7
22519,823,2025,11,23,17,4,2,3
22520,823,2025,12,20,18,0,2,3
22521,824,2021,5,23,17,4,2,8
22522,824,2021,6,22,18,4,0,0
22523,824,2021,7,20,16,4,0,2
22524,824,2021,8,23,22,0,1,3
22525,824,2021,9,20,16,4,0,2
22526,824,2021,10,21,21,0,0,0
22527,824,2021,11,20,16,3,1,8
22528,824,2021,12,20,20,0,0,7
22529,824,2022,1,23,21,2,0,8
22530,824,2022,2,21,19,1,1,7
22531,824,2022,3,23,23,0,0,2
22532,824,2022,4,23,22,1,0,4
22533,824,2022,5,20,16,3,1,7
22534,824,2022,6,20,14,4,2,5
22535,824,2022,7,21,21,0,0,0
22536,824,2022,8,23,20,2,1,2
22537,824,2022,9,20,17,1,2,2
22538,824,2022,10,23,22,0,1,3
22539,824,2022,11,22,21,1,0,3
22540,824,2022,12,20,15,4,1,3
22541,824,2023,1,20,18,2,0,5
22542,824,2023,2,23,18,3,2,1
22543,824,2023,3,23,21,0,2,2
22544,824,2023,4,20,19,1,0,2
22545,824,2023,5,22,19,1,2,6
22546,824,2023,6,23,21,2,0,1
22547,824,2023,7,22,16,4,2,5
22548,824,2023,8,20,18,2,0,6
22549,824,2023,9,20,20,0,0,4
22550,824,2023,10,21,18,1,2,5
22551,824,2023,11,23,21,2,0,6
22552,824,2023,12,20,20,0,0,2
22553,824,2024,1,22,20,0,2,4
22554,824,2024,2,21,15,4,2,8
22555,824,2024,3,22,16,4,2,5
22556,824,2024,4,23,23,0,0,2
22557,824,2024,5,20,16,2,2,6
22558,824,2024,6,21,21,0,0,6
22559,824,2024,7,21,16,4,1,7
22560,824,2024,8,22,20,1,1,7
22561,824,2024,9,23,18,3,2,3
22562,824,2024,10,22,18,4,0,1
22563,824,2024,11,20,17,1,2,2
22564,824,2024,12,21,16,3,2,4
22565,824,2025,1,22,17,4,1,2
22566,824,2025,2,20,17,1,2,0
22567,824,2025,3,21,19,2,0,3
22568,824,2025,4,21,19,2,0,2
22569,824,2025,5,20,18,2,0,7
22570,824,2025,6,21,16,4,1,3
22571,824,2025,7,20,19,1,0,2
22572,824,2025,8,20,15,4,1,1
22573,824,2025,9,21,20,0,1,7
22574,824,2025,10,20,17,3,0,6
22575,824,2025,11,22,17,4,1,8
22576,824,2025,12,22,21,0,1,5
22577,825,2022,2,22,21,0,1,0
22578,825,2022,3,22,18,4,0,7
22579,825,2022,4,21,20,0,1,1
22580,825,2022,5,21,16,4,1,1
22581,825,2022,6,22,22,0,0,4
22582,825,2022,7,21,19,2,0,2
22583,825,2022,8,21,17,4,0,1
22584,825,2022,9,20,19,1,0,1
22585,825,2022,10,23,20,3,0,8
22586,825,2022,11,23,21,1,1,6
22587,825,2022,12,20,15,4,1,6
22588,825,2023,1,20,15,3,2,3
22589,825,2023,2,21,16,4,1,8
22590,825,2023,3,20,19,1,0,6
22591,825,2023,4,21,21,0,0,2
22592,825,2023,5,22,20,0,2,7
22593,825,2023,6,20,16,2,2,7
22594,825,2023,7,21,15,4,2,8
22595,825,2023,8,22,19,1,2,8
22596,825,2023,9,21,20,1,0,3
22597,825,2023,10,22,21,1,0,2
22598,825,2023,11,21,17,4,0,4
22599,825,2023,12,22,19,3,0,1
22600,825,2024,1,22,17,4,1,0
22601,825,2024,2,22,20,2,0,0
22602,825,2024,3,20,17,3,0,3
22603,825,2024,4,20,19,0,1,6
22604,825,2024,5,22,17,3,2,2
22605,825,2024,6,20,20,0,0,4
22606,825,2024,7,23,23,0,0,3
22607,825,2024,8,23,18,4,1,1
22608,825,2024,9,20,17,2,1,1
22609,825,2024,10,23,21,0,2,0
22610,825,2024,11,21,21,0,0,5
22611,825,2024,12,21,17,3,1,4
22612,825,2025,1,22,21,1,0,2
22613,825,2025,2,22,20,2,0,0
22614,825,2025,3,23,22,0,1,4
22615,825,2025,4,22,22,0,0,1
22616,825,2025,5,22,21,0,1,0
22617,825,2025,6,20,17,1,2,2
22618,825,2025,7,23,22,1,0,7
22619,825,2025,8,20,18,2,0,5
22620,825,2025,9,20,16,4,0,8
22621,825,2025,10,23,17,4,2,8
22622,825,2025,11,20,15,4,1,4
22623,825,2025,12,20,15,3,2,7
22624,826,2024,1,22,18,3,1,6
22625,826,2024,2,20,19,0,1,1
22626,826,2024,3,23,20,3,0,1
22627,826,2024,4,20,15,4,1,6
22628,826,2024,5,22,19,3,0,8
22629,826,2024,6,22,18,2,2,8
22630,826,2024,7,22,20,1,1,3
22631,826,2024,8,23,20,3,0,2
22632,826,2024,9,22,20,1,1,7
22633,826,2024,10,20,20,0,0,4
22634,826,2024,11,23,20,3,0,1
22635,826,2024,12,21,19,1,1,7
22636,826,2025,1,22,21,0,1,0
22637,826,2025,2,23,20,1,2,6
22638,826,2025,3,23,19,2,2,7
22639,826,2025,4,21,17,4,0,0
22640,826,2025,5,20,16,4,0,6
22641,826,2025,6,21,17,3,1,1
22642,826,2025,7,20,15,3,2,2
22643,826,2025,8,20,18,1,1,4
22644,826,2025,9,20,16,2,2,8
22645,826,2025,10,23,18,4,1,3
22646,826,2025,11,22,16,4,2,2
22647,826,2025,12,20,17,1,2,3
22648,827,2022,3,22,19,3,0,5
22649,827,2022,4,20,17,1,2,3
22650,827,2022,5,21,18,3,0,6
22651,827,2022,6,22,17,3,2,8
22652,827,2022,7,21,15,4,2,0
22653,827,2022,8,23,22,0,1,7
22654,827,2022,9,21,16,4,1,4
22655,827,2022,10,23,21,2,0,6
22656,827,2022,11,21,17,3,1,2
22657,827,2022,12,21,15,4,2,0
22658,827,2023,1,21,21,0,0,4
22659,827,2023,2,23,22,1,0,2
22660,827,2023,3,22,19,2,1,7
22661,827,2023,4,23,20,1,2,5
22662,827,2023,5,21,19,1,1,4
22663,827,2023,6,20,17,1,2,4
22664,827,2023,7,23,21,1,1,2
22665,827,2023,8,22,16,4,2,1
22666,827,2023,9,23,20,3,0,7
22667,827,2023,10,23,21,0,2,6
22668,827,2023,11,20,15,3,2,2
22669,827,2023,12,22,20,0,2,1
22670,827,2024,1,22,20,1,1,6
22671,827,2024,2,23,22,0,1,1
22672,827,2024,3,21,17,4,0,2
22673,827,2024,4,23,20,3,0,1
22674,827,2024,5,20,17,3,0,8
22675,827,2024,6,22,22,0,0,1
22676,827,2024,7,21,18,3,0,1
22677,827,2024,8,21,15,4,2,4
22678,827,2024,9,21,18,1,2,3
22679,827,2024,10,20,18,0,2,5
22680,827,2024,11,20,17,1,2,1
22681,827,2024,12,21,21,0,0,0
22682,827,2025,1,23,19,2,2,6
22683,827,2025,2,23,23,0,0,5
22684,827,2025,3,21,17,3,1,2
22685,827,2025,4,21,20,1,0,5
22686,827,2025,5,20,17,1,2,2
22687,827,2025,6,22,19,2,1,5
22688,827,2025,7,20,16,2,2,3
22689,827,2025,8,22,19,1,2,6
22690,827,2025,9,21,18,1,2,2
22691,827,2025,10,22,16,4,2,2
22692,827,2025,11,20,19,0,1,3
22693,827,2025,12,21,21,0,0,1
22694,828,2025,10,21,15,4,2,8
22695,828,2025,11,23,23,0,0,8
22696,828,2025,12,22,20,1,1,3
22697,829,2024,7,22,20,0,2,4
22698,829,2024,8,23,21,0,2,7
22699,829,2024,9,21,19,1,1,2
22700,829,2024,10,23,19,4,0,8
22701,829,2024,11,20,15,4,1,6
22702,829,2024,12,22,22,0,0,8
22703,829,2025,1,20,15,3,2,0
22704,829,2025,2,20,19,0,1,5
22705,829,2025,3,22,20,1,1,5
22706,829,2025,4,21,19,2,0,2
22707,829,2025,5,21,20,1,0,6
22708,829,2025,6,21,17,3,1,0
22709,829,2025,7,20,17,3,0,0
22710,829,2025,8,21,20,0,1,3
22711,829,2025,9,20,16,4,0,4
22712,829,2025,10,22,20,0,2,0
22713,829,2025,11,23,21,1,1,1
22714,829,2025,12,20,20,0,0,7
22715,830,2024,3,23,17,4,2,3
22716,830,2024,4,21,18,2,1,3
22717,830,2024,5,21,20,0,1,2
22718,830,2024,6,20,17,3,0,1
22719,830,2024,7,22,22,0,0,0
22720,830,2024,8,23,18,3,2,6
22721,830,2024,9,22,17,4,1,3
22722,830,2024,10,20,15,3,2,2
22723,830,2024,11,22,17,4,1,4
22724,830,2024,12,21,17,3,1,8
22725,830,2025,1,20,18,0,2,8
22726,830,2025,2,22,22,0,0,3
22727,830,2025,3,22,18,2,2,7
22728,830,2025,4,22,19,2,1,7
22729,830,2025,5,22,20,2,0,2
22730,830,2025,6,23,20,3,0,6
22731,830,2025,7,22,18,3,1,1
22732,830,2025,8,20,18,0,2,2
22733,830,2025,9,20,20,0,0,5
22734,830,2025,10,21,18,1,2,1
22735,830,2025,11,21,19,1,1,8
22736,830,2025,12,22,18,4,0,7
22737,831,2025,10,21,18,1,2,4
22738,831,2025,11,20,17,3,0,4
22739,831,2025,12,23,18,4,1,0
22740,832,2021,5,23,21,1,1,3
22741,832,2021,6,23,21,2,0,2
22742,832,2021,7,21,16,3,2,7
22743,832,2021,8,22,21,0,1,2
22744,832,2021,9,21,19,1,1,8
22745,832,2021,10,23,18,3,2,7
22746,832,2021,11,22,20,0,2,4
22747,832,2021,12,22,18,4,0,2
22748,832,2022,1,22,18,4,0,4
22749,832,2022,2,23,18,4,1,7
22750,832,2022,3,23,18,4,1,6
22751,832,2022,4,21,17,4,0,0
22752,832,2022,5,22,19,2,1,7
22753,832,2022,6,23,20,3,0,5
22754,832,2022,7,23,22,0,1,8
22755,832,2022,8,20,17,2,1,6
22756,832,2022,9,22,20,0,2,2
22757,832,2022,10,22,16,4,2,0
22758,832,2022,11,22,22,0,0,1
22759,832,2022,12,21,17,2,2,5
22760,832,2023,1,20,14,4,2,1
22761,832,2023,2,23,20,2,1,2
22762,832,2023,3,21,17,4,0,1
22763,832,2023,4,21,17,2,2,3
22764,832,2023,5,22,18,4,0,0
22765,832,2023,6,20,17,1,2,5
22766,832,2023,7,22,20,2,0,5
22767,832,2023,8,20,16,2,2,4
22768,832,2023,9,22,18,3,1,2
22769,832,2023,10,23,18,4,1,1
22770,832,2023,11,23,19,2,2,5
22771,832,2023,12,21,18,2,1,1
22772,832,2024,1,21,20,0,1,5
22773,832,2024,2,20,18,0,2,8
22774,832,2024,3,23,19,4,0,8
22775,832,2024,4,22,18,2,2,1
22776,832,2024,5,20,19,1,0,5
22777,832,2024,6,21,19,0,2,6
22778,832,2024,7,21,18,1,2,5
22779,832,2024,8,22,19,2,1,0
22780,832,2024,9,23,20,3,0,4
22781,832,2024,10,22,19,1,2,6
22782,832,2024,11,21,18,2,1,7
22783,832,2024,12,20,18,0,2,2
22784,832,2025,1,22,17,3,2,0
22785,832,2025,2,20,15,3,2,4
22786,832,2025,3,20,14,4,2,0
22787,832,2025,4,23,19,4,0,7
22788,832,2025,5,20,18,2,0,4
22789,832,2025,6,23,18,3,2,5
22790,832,2025,7,20,16,4,0,1
22791,832,2025,8,20,17,2,1,6
22792,832,2025,9,21,19,1,1,0
22793,832,2025,10,22,21,1,0,7
22794,832,2025,11,22,20,1,1,8
22795,832,2025,12,20,19,1,0,3
22796,833,2022,12,21,17,4,0,0
22797,833,2023,1,20,16,4,0,2
22798,833,2023,2,20,17,3,0,0
22799,833,2023,3,20,20,0,0,0
22800,833,2023,4,23,20,1,2,2
22801,833,2023,5,23,21,1,1,6
22802,833,2023,6,21,19,2,0,0
22803,833,2023,7,23,19,3,1,5
22804,833,2023,8,22,20,0,2,6
22805,833,2023,9,20,19,0,1,6
22806,833,2023,10,22,20,1,1,8
22807,833,2023,11,22,21,1,0,3
22808,833,2023,12,22,19,2,1,4
22809,833,2024,1,20,18,0,2,0
22810,833,2024,2,23,22,1,0,8
22811,833,2024,3,20,15,3,2,0
22812,833,2024,4,22,16,4,2,8
22813,833,2024,5,23,20,3,0,4
22814,833,2024,6,20,16,3,1,8
22815,833,2024,7,23,18,3,2,5
22816,833,2024,8,23,20,1,2,8
22817,833,2024,9,20,17,1,2,2
22818,833,2024,10,20,19,0,1,2
22819,833,2024,11,23,18,4,1,8
22820,833,2024,12,22,18,3,1,3
22821,833,2025,1,21,20,1,0,1
22822,833,2025,2,20,16,2,2,0
22823,833,2025,3,20,19,0,1,4
22824,833,2025,4,23,22,1,0,8
22825,833,2025,5,21,16,4,1,2
22826,833,2025,6,22,18,3,1,7
22827,833,2025,7,23,20,2,1,6
22828,833,2025,8,23,18,4,1,7
22829,833,2025,9,20,15,3,2,4
22830,833,2025,10,20,17,3,0,3
22831,833,2025,11,21,21,0,0,2
22832,833,2025,12,20,19,1,0,1
22833,834,2022,11,22,20,2,0,7
22834,834,2022,12,21,19,2,0,6
22835,834,2023,1,20,19,1,0,5
22836,834,2023,2,23,21,0,2,6
22837,834,2023,3,21,16,3,2,4
22838,834,2023,4,22,17,4,1,4
22839,834,2023,5,20,18,0,2,5
22840,834,2023,6,20,16,2,2,7
22841,834,2023,7,21,20,0,1,0
22842,834,2023,8,21,19,0,2,3
22843,834,2023,9,22,22,0,0,4
22844,834,2023,10,22,17,3,2,8
22845,834,2023,11,20,19,1,0,5
22846,834,2023,12,20,18,1,1,0
22847,834,2024,1,23,22,0,1,8
22848,834,2024,2,22,17,4,1,0
22849,834,2024,3,23,21,0,2,7
22850,834,2024,4,23,21,2,0,4
22851,834,2024,5,22,18,4,0,3
22852,834,2024,6,20,18,0,2,8
22853,834,2024,7,22,18,4,0,7
22854,834,2024,8,22,18,4,0,5
22855,834,2024,9,21,19,1,1,1
22856,834,2024,10,20,18,2,0,4
22857,834,2024,11,23,20,1,2,5
22858,834,2024,12,22,20,2,0,0
22859,834,2025,1,23,22,0,1,3
22860,834,2025,2,22,20,0,2,3
22861,834,2025,3,21,19,2,0,4
22862,834,2025,4,23,21,2,0,0
22863,834,2025,5,22,18,2,2,1
22864,834,2025,6,21,16,3,2,1
22865,834,2025,7,20,19,1,0,7
22866,834,2025,8,23,21,2,0,3
22867,834,2025,9,23,21,2,0,1
22868,834,2025,10,20,18,1,1,7
22869,834,2025,11,23,21,0,2,6
22870,834,2025,12,22,19,1,2,1
22871,835,2022,4,20,18,1,1,5
22872,835,2022,5,23,19,3,1,7
22873,835,2022,6,21,20,1,0,2
22874,835,2022,7,22,16,4,2,2
22875,835,2022,8,22,19,3,0,6
22876,835,2022,9,23,20,3,0,8
22877,835,2022,10,21,15,4,2,0
22878,835,2022,11,20,19,0,1,2
22879,835,2022,12,23,17,4,2,1
22880,835,2023,1,23,20,3,0,6
22881,835,2023,2,20,18,2,0,6
22882,835,2023,3,21,19,1,1,2
22883,835,2023,4,22,19,3,0,4
22884,835,2023,5,21,16,4,1,8
22885,835,2023,6,22,18,4,0,7
22886,835,2023,7,20,17,3,0,6
22887,835,2023,8,22,22,0,0,8
22888,835,2023,9,23,22,1,0,2
22889,835,2023,10,22,17,3,2,6
22890,835,2023,11,22,21,1,0,5
22891,835,2023,12,21,17,2,2,8
22892,835,2024,1,23,23,0,0,1
22893,835,2024,2,22,18,4,0,5
22894,835,2024,3,21,19,0,2,7
22895,835,2024,4,20,18,1,1,3
22896,835,2024,5,23,20,1,2,7
22897,835,2024,6,21,18,1,2,5
22898,835,2024,7,23,19,4,0,8
22899,835,2024,8,20,20,0,0,8
22900,835,2024,9,22,21,0,1,4
22901,835,2024,10,22,20,1,1,3
22902,835,2024,11,20,15,3,2,1
22903,835,2024,12,20,20,0,0,0
22904,835,2025,1,23,20,3,0,8
22905,835,2025,2,22,19,1,2,2
22906,835,2025,3,23,23,0,0,5
22907,835,2025,4,23,21,1,1,2
22908,835,2025,5,23,19,4,0,8
22909,835,2025,6,23,19,3,1,1
22910,835,2025,7,20,15,3,2,2
22911,835,2025,8,21,19,2,0,8
22912,835,2025,9,23,21,0,2,1
22913,835,2025,10,23,19,4,0,8
22914,835,2025,11,22,18,2,2,5
22915,835,2025,12,23,19,3,1,8
22916,836,2021,10,20,17,3,0,7
22917,836,2021,11,21,15,4,2,3
22918,836,2021,12,22,18,2,2,8
22919,836,2022,1,20,17,2,1,6
22920,836,2022,2,20,20,0,0,6
22921,836,2022,3,22,16,4,2,7
22922,836,2022,4,21,21,0,0,3
22923,836,2022,5,22,20,0,2,2
22924,836,2022,6,21,17,4,0,4
22925,836,2022,7,21,19,1,1,3
22926,836,2022,8,20,17,3,0,8
22927,836,2022,9,21,16,4,1,1
22928,836,2022,10,21,16,4,1,1
22929,836,2022,11,21,18,3,0,5
22930,836,2022,12,22,17,3,2,3
22931,836,2023,1,22,17,4,1,4
22932,836,2023,2,21,16,3,2,8
22933,836,2023,3,21,18,1,2,3
22934,836,2023,4,23,19,2,2,0
22935,836,2023,5,20,17,2,1,6
22936,836,2023,6,21,21,0,0,3
22937,836,2023,7,21,18,2,1,0
22938,836,2023,8,22,20,2,0,8
22939,836,2023,9,21,15,4,2,6
22940,836,2023,10,22,19,1,2,3
22941,836,2023,11,22,18,4,0,6
22942,836,2023,12,21,16,3,2,2
22943,836,2024,1,23,22,0,1,6
22944,836,2024,2,22,17,4,1,6
22945,836,2024,3,22,20,1,1,2
22946,836,2024,4,21,17,3,1,7
22947,836,2024,5,22,22,0,0,4
22948,836,2024,6,21,19,0,2,3
22949,836,2024,7,23,18,4,1,3
22950,836,2024,8,23,23,0,0,8
22951,836,2024,9,20,17,3,0,8
22952,836,2024,10,22,20,2,0,6
22953,836,2024,11,20,16,3,1,0
22954,836,2024,12,20,19,1,0,6
22955,836,2025,1,21,17,3,1,1
22956,836,2025,2,22,21,1,0,1
22957,836,2025,3,22,19,3,0,6
22958,836,2025,4,23,21,0,2,4
22959,836,2025,5,20,14,4,2,5
22960,836,2025,6,22,18,2,2,3
22961,836,2025,7,21,15,4,2,1
22962,836,2025,8,23,22,1,0,0
22963,836,2025,9,21,17,3,1,6
22964,836,2025,10,20,17,2,1,0
22965,836,2025,11,23,21,0,2,3
22966,836,2025,12,22,20,1,1,0
22967,837,2023,7,20,19,1,0,3
22968,837,2023,8,21,16,4,1,4
22969,837,2023,9,23,21,1,1,6
22970,837,2023,10,20,20,0,0,0
22971,837,2023,11,23,19,3,1,0
22972,837,2023,12,21,21,0,0,5
22973,837,2024,1,23,22,0,1,7
22974,837,2024,2,20,15,3,2,5
22975,837,2024,3,23,17,4,2,7
22976,837,2024,4,22,19,2,1,1
22977,837,2024,5,21,21,0,0,1
22978,837,2024,6,20,15,3,2,0
22979,837,2024,7,22,20,2,0,3
22980,837,2024,8,23,19,4,0,3
22981,837,2024,9,21,17,3,1,6
22982,837,2024,10,20,20,0,0,3
22983,837,2024,11,21,17,3,1,8
22984,837,2024,12,23,19,4,0,3
22985,837,2025,1,22,18,4,0,2
22986,837,2025,2,20,17,2,1,7
22987,837,2025,3,23,23,0,0,3
22988,837,2025,4,23,19,3,1,5
22989,837,2025,5,20,20,0,0,7
22990,837,2025,6,22,18,3,1,7
22991,837,2025,7,22,19,3,0,8
22992,837,2025,8,22,18,3,1,6
22993,837,2025,9,22,22,0,0,8
22994,837,2025,10,22,21,1,0,8
22995,837,2025,11,21,18,2,1,4
22996,837,2025,12,21,19,0,2,1
22997,838,2022,4,21,17,2,2,2
22998,838,2022,5,23,20,3,0,7
22999,838,2022,6,20,18,0,2,1
23000,838,2022,7,22,21,1,0,2
23001,838,2022,8,21,18,1,2,6
23002,838,2022,9,20,16,2,2,2
23003,838,2022,10,22,16,4,2,6
23004,838,2022,11,21,16,4,1,8
23005,838,2022,12,23,21,2,0,3
23006,838,2023,1,23,18,4,1,1
23007,838,2023,2,20,19,1,0,4
23008,838,2023,3,20,18,1,1,4
23009,838,2023,4,21,20,0,1,6
23010,838,2023,5,20,14,4,2,2
23011,838,2023,6,21,19,0,2,3
23012,838,2023,7,23,21,1,1,6
23013,838,2023,8,21,17,4,0,4
23014,838,2023,9,23,22,0,1,2
23015,838,2023,10,20,19,1,0,8
23016,838,2023,11,22,17,4,1,1
23017,838,2023,12,23,18,3,2,4
23018,838,2024,1,23,21,0,2,4
23019,838,2024,2,20,19,0,1,5
23020,838,2024,3,22,18,2,2,5
23021,838,2024,4,21,19,0,2,3
23022,838,2024,5,23,21,2,0,3
23023,838,2024,6,20,16,2,2,0
23024,838,2024,7,21,16,4,1,8
23025,838,2024,8,20,17,2,1,8
23026,838,2024,9,20,14,4,2,2
23027,838,2024,10,21,20,0,1,8
23028,838,2024,11,22,22,0,0,4
23029,838,2024,12,23,22,0,1,4
23030,838,2025,1,23,17,4,2,4
23031,838,2025,2,21,20,1,0,4
23032,838,2025,3,23,20,1,2,7
23033,838,2025,4,21,18,1,2,2
23034,838,2025,5,21,20,1,0,5
23035,838,2025,6,22,18,2,2,1
23036,838,2025,7,21,19,0,2,1
23037,838,2025,8,23,17,4,2,5
23038,838,2025,9,23,21,0,2,1
23039,838,2025,10,23,20,3,0,4
23040,838,2025,11,20,16,3,1,7
23041,838,2025,12,22,17,3,2,0
23042,839,2022,9,20,15,4,1,2
23043,839,2022,10,22,19,1,2,5
23044,839,2022,11,22,18,2,2,2
23045,839,2022,12,20,16,4,0,0
23046,839,2023,1,23,20,1,2,8
23047,839,2023,2,23,20,1,2,2
23048,839,2023,3,21,19,1,1,3
23049,839,2023,4,22,19,3,0,0
23050,839,2023,5,20,18,1,1,5
23051,839,2023,6,20,18,0,2,7
23052,839,2023,7,23,17,4,2,3
23053,839,2023,8,21,21,0,0,8
23054,839,2023,9,21,18,2,1,1
23055,839,2023,10,20,18,0,2,2
23056,839,2023,11,20,19,1,0,5
23057,839,2023,12,22,20,2,0,0
23058,839,2024,1,22,21,1,0,8
23059,839,2024,2,21,21,0,0,6
23060,839,2024,3,22,19,3,0,3
23061,839,2024,4,22,20,2,0,5
23062,839,2024,5,21,17,3,1,5
23063,839,2024,6,23,19,2,2,6
23064,839,2024,7,20,19,0,1,3
23065,839,2024,8,23,19,2,2,2
23066,839,2024,9,20,17,1,2,4
23067,839,2024,10,22,21,0,1,0
23068,839,2024,11,23,19,3,1,0
23069,839,2024,12,23,19,4,0,7
23070,839,2025,1,22,20,0,2,6
23071,839,2025,2,23,18,4,1,3
23072,839,2025,3,22,18,2,2,8
23073,839,2025,4,23,20,2,1,0
23074,839,2025,5,23,18,4,1,1
23075,839,2025,6,21,19,2,0,6
23076,839,2025,7,22,18,3,1,2
23077,839,2025,8,22,20,1,1,0
23078,839,2025,9,22,22,0,0,3
23079,839,2025,10,20,17,2,1,5
23080,839,2025,11,23,20,2,1,5
23081,839,2025,12,21,16,4,1,3
23082,840,2022,8,21,16,4,1,8
23083,840,2022,9,22,20,1,1,0
23084,840,2022,10,21,17,2,2,7
23085,840,2022,11,20,19,0,1,7
23086,840,2022,12,20,14,4,2,3
23087,840,2023,1,23,19,4,0,6
23088,840,2023,2,20,15,3,2,1
23089,840,2023,3,21,19,1,1,5
23090,840,2023,4,23,21,0,2,2
23091,840,2023,5,23,17,4,2,6
23092,840,2023,6,23,19,2,2,5
23093,840,2023,7,20,19,0,1,7
23094,840,2023,8,22,16,4,2,5
23095,840,2023,9,23,20,3,0,1
23096,840,2023,10,23,21,1,1,0
23097,840,2023,11,20,20,0,0,5
23098,840,2023,12,23,20,3,0,3
23099,840,2024,1,21,19,0,2,1
23100,840,2024,2,23,19,3,1,5
23101,840,2024,3,23,22,0,1,8
23102,840,2024,4,21,21,0,0,3
23103,840,2024,5,22,20,1,1,4
23104,840,2024,6,22,17,4,1,3
23105,840,2024,7,21,20,1,0,7
23106,840,2024,8,20,18,1,1,3
23107,840,2024,9,20,17,3,0,7
23108,840,2024,10,21,19,1,1,8
23109,840,2024,11,21,16,3,2,3
23110,840,2024,12,22,18,3,1,5
23111,840,2025,1,20,15,3,2,1
23112,840,2025,2,22,17,4,1,6
23113,840,2025,3,21,18,2,1,6
23114,840,2025,4,20,18,0,2,6
23115,840,2025,5,21,21,0,0,3
23116,840,2025,6,20,19,0,1,5
23117,840,2025,7,22,21,1,0,6
23118,840,2025,8,21,19,2,0,7
23119,840,2025,9,20,19,0,1,1
23120,840,2025,10,21,15,4,2,2
23121,840,2025,11,21,17,4,0,1
23122,840,2025,12,21,18,2,1,1
23123,841,2025,1,22,21,1,0,2
23124,841,2025,2,20,16,4,0,4
23125,841,2025,3,22,18,4,0,1
23126,841,2025,4,20,15,4,1,4
23127,841,2025,5,20,19,0,1,5
23128,841,2025,6,23,17,4,2,2
23129,841,2025,7,20,18,2,0,8
23130,841,2025,8,23,20,3,0,8
23131,841,2025,9,20,18,1,1,1
23132,841,2025,10,21,18,2,1,5
23133,841,2025,11,21,18,3,0,5
23134,841,2025,12,22,18,4,0,4
23135,842,2023,3,23,17,4,2,2
23136,842,2023,4,21,19,0,2,3
23137,842,2023,5,20,14,4,2,6
23138,842,2023,6,20,15,3,2,4
23139,842,2023,7,21,19,0,2,3
23140,842,2023,8,22,20,1,1,8
23141,842,2023,9,20,19,1,0,4
23142,842,2023,10,21,20,0,1,1
23143,842,2023,11,23,21,0,2,1
23144,842,2023,12,21,17,4,0,2
23145,842,2024,1,21,21,0,0,3
23146,842,2024,2,21,18,1,2,8
23147,842,2024,3,20,20,0,0,5
23148,842,2024,4,22,19,1,2,1
23149,842,2024,5,22,20,0,2,4
23150,842,2024,6,22,16,4,2,8
23151,842,2024,7,21,19,1,1,1
23152,842,2024,8,20,15,3,2,4
23153,842,2024,9,23,22,1,0,8
23154,842,2024,10,22,16,4,2,0
23155,842,2024,11,22,18,4,0,0
23156,842,2024,12,22,18,3,1,3
23157,842,2025,1,23,21,2,0,4
23158,842,2025,2,22,18,2,2,7
23159,842,2025,3,20,17,3,0,0
23160,842,2025,4,22,17,4,1,2
23161,842,2025,5,23,18,4,1,0
23162,842,2025,6,21,16,4,1,6
23163,842,2025,7,22,19,2,1,4
23164,842,2025,8,23,23,0,0,7
23165,842,2025,9,21,16,4,1,4
23166,842,2025,10,21,19,0,2,7
23167,842,2025,11,23,22,0,1,6
23168,842,2025,12,20,18,0,2,3
23169,843,2023,8,20,18,1,1,4
23170,843,2023,9,22,17,3,2,6
23171,843,2023,10,21,15,4,2,4
23172,843,2023,11,22,19,2,1,6
23173,843,2023,12,23,22,1,0,7
23174,843,2024,1,23,21,1,1,6
23175,843,2024,2,21,18,3,0,2
23176,843,2024,3,22,19,2,1,2
23177,843,2024,4,22,21,0,1,0
23178,843,2024,5,20,17,2,1,4
23179,843,2024,6,20,16,3,1,8
23180,843,2024,7,22,20,1,1,4
23181,843,2024,8,23,19,4,0,0
23182,843,2024,9,21,19,0,2,7
23183,843,2024,10,21,18,3,0,4
23184,843,2024,11,22,18,4,0,0
23185,843,2024,12,22,17,4,1,8
23186,843,2025,1,22,22,0,0,7
23187,843,2025,2,21,15,4,2,3
23188,843,2025,3,23,23,0,0,8
23189,843,2025,4,20,18,0,2,6
23190,843,2025,5,21,19,1,1,6
23191,843,2025,6,20,16,3,1,4
23192,843,2025,7,20,15,3,2,0
23193,843,2025,8,20,16,3,1,0
23194,843,2025,9,21,17,2,2,7
23195,843,2025,10,20,17,3,0,1
23196,843,2025,11,20,19,1,0,6
23197,843,2025,12,23,19,2,2,2
23198,844,2024,1,21,15,4,2,8
23199,844,2024,2,21,17,4,0,4
23200,844,2024,3,22,20,0,2,8
23201,844,2024,4,23,22,0,1,0
23202,844,2024,5,23,17,4,2,2
23203,844,2024,6,20,17,2,1,6
23204,844,2024,7,21,20,1,0,3
23205,844,2024,8,22,18,3,1,8
23206,844,2024,9,23,20,3,0,4
23207,844,2024,10,21,21,0,0,6
23208,844,2024,11,23,18,4,1,3
23209,844,2024,12,23,21,1,1,2
23210,844,2025,1,23,22,0,1,6
23211,844,2025,2,21,20,0,1,5
23212,844,2025,3,23,22,0,1,5
23213,844,2025,4,20,18,0,2,8
23214,844,2025,5,23,22,1,0,7
23215,844,2025,6,22,20,0,2,4
23216,844,2025,7,22,20,1,1,8
23217,844,2025,8,21,16,3,2,1
23218,844,2025,9,22,20,0,2,1
23219,844,2025,10,23,21,0,2,6
23220,844,2025,11,21,15,4,2,1
23221,844,2025,12,23,19,3,1,8
23222,845,2021,11,20,17,1,2,8
23223,845,2021,12,20,19,0,1,2
23224,845,2022,1,20,17,2,1,0
23225,845,2022,2,22,20,2,0,7
23226,845,2022,3,20,19,1,0,1
23227,845,2022,4,21,18,2,1,4
23228,845,2022,5,23,17,4,2,2
23229,845,2022,6,21,20,1,0,3
23230,845,2022,7,21,19,2,0,6
23231,845,2022,8,22,18,2,2,5
23232,845,2022,9,22,18,3,1,1
23233,845,2022,10,22,22,0,0,0
23234,845,2022,11,20,17,1,2,2
23235,845,2022,12,20,16,3,1,5
23236,845,2023,1,23,20,2,1,6
23237,845,2023,2,23,21,0,2,8
23238,845,2023,3,23,21,1,1,1
23239,845,2023,4,22,21,1,0,6
23240,845,2023,5,22,20,0,2,7
23241,845,2023,6,23,19,3,1,1
23242,845,2023,7,22,21,0,1,1
23243,845,2023,8,21,19,0,2,5
23244,845,2023,9,20,17,1,2,0
23245,845,2023,10,22,19,2,1,4
23246,845,2023,11,23,19,4,0,0
23247,845,2023,12,20,15,3,2,5
23248,845,2024,1,22,20,1,1,3
23249,845,2024,2,21,17,2,2,4
23250,845,2024,3,23,17,4,2,3
23251,845,2024,4,23,22,0,1,4
23252,845,2024,5,21,18,3,0,7
23253,845,2024,6,21,16,3,2,2
23254,845,2024,7,23,23,0,0,8
23255,845,2024,8,22,18,4,0,7
23256,845,2024,9,22,20,2,0,2
23257,845,2024,10,22,19,2,1,2
23258,845,2024,11,23,23,0,0,0
23259,845,2024,12,20,20,0,0,1
23260,845,2025,1,23,22,0,1,4
23261,845,2025,2,22,19,3,0,1
23262,845,2025,3,20,18,1,1,1
23263,845,2025,4,20,18,0,2,3
23264,845,2025,5,20,20,0,0,5
23265,845,2025,6,22,19,1,2,6
23266,845,2025,7,21,18,1,2,7
23267,845,2025,8,21,18,1,2,7
23268,845,2025,9,22,20,1,1,6
23269,845,2025,10,23,23,0,0,2
23270,845,2025,11,22,16,4,2,0
23271,845,2025,12,21,16,3,2,0
23272,846,2024,1,20,18,2,0,1
23273,846,2024,2,23,18,4,1,7
23274,846,2024,3,22,20,0,2,1
23275,846,2024,4,23,22,1,0,4
23276,846,2024,5,21,16,4,1,2
23277,846,2024,6,22,21,0,1,6
23278,846,2024,7,23,19,3,1,8
23279,847,2021,3,22,18,2,2,7
23280,847,2021,4,23,22,0,1,3
23281,847,2021,5,23,18,4,1,5
23282,847,2021,6,20,17,2,1,0
23283,847,2021,7,21,21,0,0,8
23284,847,2021,8,22,19,2,1,3
23285,847,2021,9,23,21,1,1,6
23286,847,2021,10,21,17,2,2,0
23287,847,2021,11,23,22,1,0,4
23288,847,2021,12,23,18,4,1,1
23289,847,2022,1,20,18,0,2,4
23290,847,2022,2,22,17,3,2,8
23291,847,2022,3,22,18,2,2,0
23292,847,2022,4,23,17,4,2,1
23293,847,2022,5,22,17,3,2,4
23294,847,2022,6,21,20,0,1,4
23295,847,2022,7,21,17,3,1,2
23296,847,2022,8,23,20,2,1,6
23297,847,2022,9,20,18,1,1,2
23298,847,2022,10,21,16,4,1,1
23299,847,2022,11,21,18,3,0,3
23300,847,2022,12,20,17,3,0,6
23301,847,2023,1,20,18,0,2,5
23302,847,2023,2,21,19,2,0,2
23303,847,2023,3,23,19,4,0,6
23304,847,2023,4,20,20,0,0,0
23305,847,2023,5,20,18,2,0,3
23306,847,2023,6,21,20,1,0,2
23307,847,2023,7,22,18,3,1,6
23308,847,2023,8,21,18,2,1,7
23309,847,2023,9,21,17,4,0,8
23310,847,2023,10,23,22,0,1,3
23311,847,2023,11,23,17,4,2,8
23312,847,2023,12,23,22,1,0,1
23313,847,2024,1,21,19,0,2,4
23314,847,2024,2,21,21,0,0,1
23315,847,2024,3,22,19,2,1,7
23316,847,2024,4,20,18,2,0,5
23317,847,2024,5,22,18,3,1,6
23318,847,2024,6,23,21,2,0,5
23319,847,2024,7,23,21,0,2,3
23320,847,2024,8,22,16,4,2,0
23321,847,2024,9,23,21,1,1,0
23322,847,2024,10,23,22,0,1,3
23323,847,2024,11,22,18,2,2,0
23324,847,2024,12,20,19,0,1,3
23325,847,2025,1,20,16,4,0,3
23326,847,2025,2,22,22,0,0,8
23327,847,2025,3,23,22,1,0,5
23328,847,2025,4,22,18,4,0,5
23329,847,2025,5,20,17,2,1,2
23330,847,2025,6,20,16,4,0,3
23331,847,2025,7,21,19,1,1,1
23332,847,2025,8,22,19,3,0,4
23333,847,2025,9,20,17,3,0,8
23334,847,2025,10,23,18,3,2,1
23335,847,2025,11,20,15,4,1,8
23336,847,2025,12,20,19,1,0,7
23337,848,2023,12,23,17,4,2,3
23338,848,2024,1,20,16,4,0,7
23339,848,2024,2,22,17,3,2,1
23340,848,2024,3,22,19,2,1,0
23341,848,2024,4,21,19,1,1,7
23342,848,2024,5,21,18,2,1,1
23343,848,2024,6,23,18,4,1,5
23344,848,2024,7,20,15,4,1,0
23345,848,2024,8,22,19,1,2,3
23346,848,2024,9,23,23,0,0,0
23347,849,2023,8,21,19,0,2,4
23348,849,2023,9,23,18,4,1,7
23349,849,2023,10,21,18,3,0,5
23350,849,2023,11,20,19,0,1,4
23351,849,2023,12,20,17,1,2,0
23352,849,2024,1,22,17,3,2,4
23353,849,2024,2,23,21,1,1,5
23354,849,2024,3,20,16,4,0,6
23355,849,2024,4,20,19,0,1,5
23356,849,2024,5,20,18,2,0,1
23357,849,2024,6,23,19,3,1,7
23358,849,2024,7,23,22,1,0,5
23359,849,2024,8,22,18,3,1,3
23360,849,2024,9,22,22,0,0,1
23361,849,2024,10,22,17,3,2,0
23362,849,2024,11,23,19,3,1,3
23363,849,2024,12,22,18,2,2,2
23364,849,2025,1,23,22,0,1,0
23365,849,2025,2,20,17,2,1,8
23366,849,2025,3,20,17,1,2,0
23367,849,2025,4,23,22,0,1,1
23368,849,2025,5,20,16,3,1,2
23369,849,2025,6,21,18,3,0,2
23370,849,2025,7,23,22,0,1,2
23371,849,2025,8,22,19,2,1,3
23372,849,2025,9,22,19,3,0,8
23373,849,2025,10,23,21,2,0,6
23374,850,2022,6,20,14,4,2,1
23375,850,2022,7,23,22,1,0,4
23376,850,2022,8,21,19,2,0,1
23377,850,2022,9,20,17,1,2,0
23378,850,2022,10,22,19,2,1,8
23379,850,2022,11,20,16,4,0,7
23380,850,2022,12,22,21,1,0,5
23381,850,2023,1,20,17,2,1,3
23382,850,2023,2,20,16,4,0,5
23383,850,2023,3,21,19,1,1,5
23384,850,2023,4,21,18,3,0,7
23385,850,2023,5,22,18,2,2,7
23386,850,2023,6,21,19,2,0,7
23387,850,2023,7,23,18,3,2,2
23388,850,2023,8,20,15,4,1,0
23389,850,2023,9,22,21,1,0,8
23390,850,2023,10,21,19,2,0,7
23391,850,2023,11,23,19,4,0,1
23392,850,2023,12,21,20,0,1,4
23393,850,2024,1,20,16,4,0,4
23394,850,2024,2,22,18,2,2,4
23395,850,2024,3,22,17,4,1,1
23396,850,2024,4,23,20,1,2,1
23397,850,2024,5,20,19,1,0,2
23398,850,2024,6,23,21,1,1,7
23399,850,2024,7,23,21,0,2,0
23400,850,2024,8,20,15,4,1,7
23401,850,2024,9,23,21,1,1,5
23402,850,2024,10,22,17,3,2,3
23403,850,2024,11,20,19,0,1,8
23404,850,2024,12,23,20,1,2,2
23405,850,2025,1,23,20,2,1,0
23406,850,2025,2,22,18,2,2,2
23407,850,2025,3,23,23,0,0,3
23408,850,2025,4,22,19,2,1,1
23409,850,2025,5,20,16,3,1,8
23410,850,2025,6,21,18,1,2,2
23411,850,2025,7,21,17,4,0,7
23412,850,2025,8,21,18,2,1,0
23413,850,2025,9,21,18,3,0,0
23414,850,2025,10,23,20,3,0,2
23415,850,2025,11,20,15,3,2,8
23416,850,2025,12,21,20,1,0,7
23417,851,2024,11,22,21,0,1,5
23418,851,2024,12,20,17,3,0,0
23419,851,2025,1,20,17,1,2,4
23420,851,2025,2,23,20,3,0,2
23421,852,2024,7,20,16,2,2,1
23422,852,2024,8,23,22,0,1,4
23423,852,2024,9,22,18,3,1,6
23424,852,2024,10,23,19,2,2,7
23425,852,2024,11,22,20,2,0,6
23426,853,2021,8,21,19,2,0,0
23427,853,2021,9,20,18,2,0,2
23428,853,2021,10,23,19,2,2,2
23429,853,2021,11,20,17,3,0,6
23430,853,2021,12,23,17,4,2,7
23431,853,2022,1,22,20,1,1,3
23432,853,2022,2,22,18,3,1,6
23433,853,2022,3,21,19,0,2,5
23434,853,2022,4,21,19,2,0,5
23435,853,2022,5,23,19,3,1,3
23436,853,2022,6,20,19,0,1,8
23437,853,2022,7,20,19,1,0,8
23438,853,2022,8,23,21,0,2,8
23439,853,2022,9,20,17,2,1,1
23440,853,2022,10,23,22,1,0,1
23441,853,2022,11,23,19,3,1,6
23442,853,2022,12,22,19,3,0,1
23443,853,2023,1,23,18,4,1,0
23444,853,2023,2,20,15,3,2,8
23445,853,2023,3,20,18,1,1,7
23446,853,2023,4,21,19,2,0,4
23447,853,2023,5,23,21,1,1,8
23448,853,2023,6,20,16,3,1,5
23449,853,2023,7,21,17,3,1,4
23450,853,2023,8,23,23,0,0,2
23451,853,2023,9,23,22,0,1,0
23452,853,2023,10,20,16,2,2,0
23453,853,2023,11,23,23,0,0,8
23454,853,2023,12,23,21,2,0,8
23455,853,2024,1,22,18,2,2,7
23456,853,2024,2,21,20,0,1,7
23457,853,2024,3,22,22,0,0,2
23458,853,2024,4,22,16,4,2,0
23459,853,2024,5,22,20,2,0,0
23460,853,2024,6,21,17,3,1,4
23461,853,2024,7,20,19,0,1,5
23462,853,2024,8,21,19,1,1,0
23463,853,2024,9,20,16,2,2,2
23464,853,2024,10,20,20,0,0,3
23465,853,2024,11,21,17,3,1,1
23466,853,2024,12,23,20,3,0,7
23467,853,2025,1,23,19,2,2,0
23468,853,2025,2,21,20,1,0,3
23469,853,2025,3,22,19,3,0,0
23470,853,2025,4,23,17,4,2,0
23471,853,2025,5,20,18,1,1,2
23472,853,2025,6,21,16,4,1,8
23473,853,2025,7,21,16,4,1,0
23474,853,2025,8,20,15,3,2,8
23475,853,2025,9,21,21,0,0,2
23476,853,2025,10,20,17,3,0,1
23477,853,2025,11,21,19,1,1,3
23478,853,2025,12,21,18,2,1,8
23479,854,2025,5,23,17,4,2,4
23480,854,2025,6,22,18,2,2,3
23481,854,2025,7,20,19,1,0,2
23482,854,2025,8,20,17,1,2,8
23483,854,2025,9,20,19,0,1,4
23484,854,2025,10,20,18,1,1,6
23485,854,2025,11,23,18,3,2,1
23486,854,2025,12,23,20,2,1,1
23487,855,2024,12,23,21,1,1,4
23488,855,2025,1,21,18,3,0,0
23489,855,2025,2,23,18,4,1,2
23490,855,2025,3,23,23,0,0,2
23491,855,2025,4,21,20,1,0,0
23492,855,2025,5,23,17,4,2,7
23493,855,2025,6,23,19,3,1,6
23494,855,2025,7,21,16,3,2,1
23495,855,2025,8,20,20,0,0,1
23496,855,2025,9,23,19,2,2,1
23497,855,2025,10,22,21,0,1,6
23498,855,2025,11,22,18,4,0,1
23499,855,2025,12,20,17,2,1,5
23500,856,2021,11,22,18,3,1,7
23501,856,2021,12,22,18,3,1,4
23502,856,2022,1,22,16,4,2,8
23503,856,2022,2,23,19,4,0,8
23504,856,2022,3,23,17,4,2,2
23505,856,2022,4,20,16,3,1,4
23506,856,2022,5,20,15,4,1,1
23507,856,2022,6,23,18,4,1,3
23508,856,2022,7,20,20,0,0,8
23509,856,2022,8,22,20,2,0,5
23510,856,2022,9,21,19,1,1,0
23511,856,2022,10,22,20,1,1,6
23512,856,2022,11,20,18,2,0,0
23513,856,2022,12,23,21,2,0,8
23514,856,2023,1,20,18,1,1,2
23515,856,2023,2,22,21,0,1,5
23516,856,2023,3,21,15,4,2,2
23517,856,2023,4,22,16,4,2,3
23518,856,2023,5,20,16,2,2,2
23519,856,2023,6,21,18,3,0,5
23520,856,2023,7,22,20,2,0,6
23521,856,2023,8,22,20,0,2,1
23522,856,2023,9,21,20,1,0,6
23523,856,2023,10,22,20,2,0,4
23524,856,2023,11,23,19,2,2,0
23525,856,2023,12,21,17,3,1,6
23526,856,2024,1,22,19,2,1,5
23527,856,2024,2,20,16,4,0,4
23528,856,2024,3,21,19,2,0,5
23529,856,2024,4,23,21,1,1,7
23530,856,2024,5,23,20,2,1,4
23531,856,2024,6,23,20,1,2,4
23532,856,2024,7,21,19,1,1,2
23533,856,2024,8,20,15,3,2,2
23534,856,2024,9,21,20,0,1,2
23535,856,2024,10,22,22,0,0,0
23536,856,2024,11,23,19,2,2,2
23537,856,2024,12,21,17,4,0,2
23538,856,2025,1,20,20,0,0,7
23539,856,2025,2,21,19,2,0,2
23540,856,2025,3,23,22,1,0,2
23541,856,2025,4,22,17,4,1,2
23542,856,2025,5,20,17,2,1,3
23543,856,2025,6,23,19,4,0,3
23544,856,2025,7,20,16,2,2,0
23545,856,2025,8,22,18,2,2,6
23546,856,2025,9,23,21,1,1,7
23547,856,2025,10,21,21,0,0,6
23548,856,2025,11,23,22,0,1,7
23549,856,2025,12,23,18,3,2,2
23550,857,2024,5,21,15,4,2,7
23551,857,2024,6,22,17,4,1,0
23552,857,2024,7,23,20,2,1,1
23553,857,2024,8,20,18,0,2,8
23554,857,2024,9,20,15,3,2,1
23555,857,2024,10,20,14,4,2,6
23556,858,2022,4,22,22,0,0,2
23557,858,2022,5,22,20,1,1,0
23558,858,2022,6,22,20,2,0,5
23559,858,2022,7,21,16,4,1,2
23560,858,2022,8,20,16,4,0,6
23561,858,2022,9,21,20,0,1,0
23562,858,2022,10,21,17,2,2,5
23563,858,2022,11,22,19,2,1,0
23564,858,2022,12,21,17,3,1,5
23565,858,2023,1,21,21,0,0,7
23566,858,2023,2,20,19,0,1,0
23567,858,2023,3,21,19,0,2,2
23568,858,2023,4,20,15,3,2,0
23569,858,2023,5,23,20,1,2,3
23570,858,2023,6,20,20,0,0,1
23571,858,2023,7,21,19,0,2,1
23572,859,2022,2,23,22,0,1,0
23573,859,2022,3,23,21,2,0,4
23574,859,2022,4,22,18,4,0,1
23575,859,2022,5,20,18,2,0,2
23576,859,2022,6,20,18,0,2,3
23577,859,2022,7,20,18,2,0,5
23578,859,2022,8,22,19,2,1,2
23579,859,2022,9,21,17,2,2,1
23580,859,2022,10,22,21,1,0,1
23581,859,2022,11,21,16,3,2,4
23582,859,2022,12,20,15,3,2,8
23583,859,2023,1,23,20,2,1,4
23584,859,2023,2,21,19,2,0,2
23585,859,2023,3,21,20,1,0,7
23586,859,2023,4,21,21,0,0,7
23587,859,2023,5,23,21,2,0,0
23588,859,2023,6,21,16,4,1,7
23589,859,2023,7,22,21,0,1,1
23590,859,2023,8,23,19,3,1,5
23591,859,2023,9,21,17,2,2,0
23592,859,2023,10,23,19,3,1,5
23593,859,2023,11,21,17,2,2,3
23594,859,2023,12,23,19,2,2,8
23595,859,2024,1,23,22,0,1,3
23596,859,2024,2,23,21,0,2,5
23597,859,2024,3,20,15,4,1,2
23598,859,2024,4,23,22,0,1,0
23599,859,2024,5,20,16,3,1,8
23600,859,2024,6,23,21,2,0,5
23601,859,2024,7,20,16,3,1,4
23602,859,2024,8,21,20,1,0,8
23603,859,2024,9,23,23,0,0,7
23604,859,2024,10,20,17,1,2,2
23605,859,2024,11,22,21,1,0,6
23606,859,2024,12,20,17,1,2,4
23607,859,2025,1,23,19,4,0,5
23608,859,2025,2,21,20,1,0,3
23609,859,2025,3,22,17,3,2,4
23610,859,2025,4,20,15,3,2,6
23611,859,2025,5,21,18,2,1,2
23612,859,2025,6,21,19,0,2,5
23613,859,2025,7,21,21,0,0,8
23614,859,2025,8,20,16,3,1,3
23615,859,2025,9,20,16,3,1,2
23616,859,2025,10,21,17,2,2,1
23617,859,2025,11,20,18,2,0,7
23618,859,2025,12,21,15,4,2,4
23619,860,2022,12,23,22,1,0,5
23620,860,2023,1,21,20,0,1,4
23621,860,2023,2,21,20,1,0,1
23622,860,2023,3,23,23,0,0,7
23623,860,2023,4,22,19,3,0,6
23624,860,2023,5,21,19,2,0,7
23625,860,2023,6,21,16,3,2,2
23626,860,2023,7,22,18,3,1,7
23627,860,2023,8,21,19,1,1,7
23628,861,2025,7,20,17,3,0,3
23629,861,2025,8,20,16,2,2,8
23630,861,2025,9,22,19,1,2,3
23631,861,2025,10,22,19,2,1,1
23632,861,2025,11,21,19,1,1,2
23633,861,2025,12,20,16,2,2,2
23634,862,2025,2,21,19,0,2,2
23635,862,2025,3,20,14,4,2,8
23636,862,2025,4,23,21,2,0,8
23637,862,2025,5,23,18,3,2,2
23638,862,2025,6,22,22,0,0,0
23639,862,2025,7,20,17,2,1,7
23640,862,2025,8,22,16,4,2,5
23641,863,2025,7,21,16,3,2,6
23642,863,2025,8,23,22,1,0,6
23643,863,2025,9,23,19,3,1,6
23644,863,2025,10,21,17,2,2,7
23645,863,2025,11,23,21,0,2,8
23646,863,2025,12,23,23,0,0,5
23647,864,2022,1,21,20,0,1,4
23648,864,2022,2,22,16,4,2,8
23649,864,2022,3,21,15,4,2,1
23650,864,2022,4,20,19,1,0,3
23651,864,2022,5,21,18,1,2,4
23652,864,2022,6,23,20,3,0,4
23653,864,2022,7,23,18,4,1,6
23654,864,2022,8,21,15,4,2,8
23655,864,2022,9,22,17,4,1,5
23656,864,2022,10,23,17,4,2,2
23657,864,2022,11,21,19,2,0,6
23658,864,2022,12,22,21,0,1,1
23659,865,2023,3,22,20,1,1,0
23660,865,2023,4,23,19,2,2,7
23661,865,2023,5,20,17,3,0,0
23662,865,2023,6,20,19,1,0,6
23663,865,2023,7,23,21,0,2,7
23664,865,2023,8,22,20,1,1,0
23665,865,2023,9,22,18,3,1,6
23666,865,2023,10,22,19,2,1,5
23667,866,2022,4,20,17,3,0,1
23668,866,2022,5,23,21,0,2,0
23669,866,2022,6,23,22,0,1,1
23670,866,2022,7,21,17,4,0,2
23671,866,2022,8,22,22,0,0,3
23672,866,2022,9,23,19,2,2,3
23673,866,2022,10,23,20,3,0,4
23674,866,2022,11,20,20,0,0,8
23675,866,2022,12,23,23,0,0,5
23676,866,2023,1,22,19,3,0,5
23677,866,2023,2,22,18,3,1,4
23678,866,2023,3,20,18,1,1,7
23679,866,2023,4,20,18,2,0,5
23680,866,2023,5,21,17,4,0,0
23681,866,2023,6,20,16,2,2,1
23682,866,2023,7,21,19,0,2,5
23683,866,2023,8,21,16,4,1,3
23684,866,2023,9,20,16,3,1,3
23685,866,2023,10,22,20,1,1,5
23686,866,2023,11,23,17,4,2,1
23687,866,2023,12,22,17,3,2,5
23688,866,2024,1,23,18,3,2,1
23689,866,2024,2,22,17,4,1,0
23690,866,2024,3,22,20,1,1,6
23691,866,2024,4,21,19,1,1,5
23692,866,2024,5,21,17,4,0,1
23693,866,2024,6,22,22,0,0,6
23694,866,2024,7,20,14,4,2,3
23695,866,2024,8,23,21,0,2,8
23696,866,2024,9,22,17,3,2,0
23697,866,2024,10,23,20,2,1,4
23698,866,2024,11,22,18,4,0,5
23699,866,2024,12,21,18,2,1,5
23700,866,2025,1,22,19,3,0,0
23701,866,2025,2,23,20,1,2,4
23702,866,2025,3,23,23,0,0,3
23703,866,2025,4,21,18,2,1,3
23704,866,2025,5,21,20,1,0,2
23705,866,2025,6,21,16,3,2,2
23706,866,2025,7,22,16,4,2,0
23707,866,2025,8,20,19,0,1,5
23708,866,2025,9,21,19,2,0,8
23709,866,2025,10,22,22,0,0,1
23710,866,2025,11,23,19,2,2,7
23711,867,2023,8,23,18,4,1,0
23712,867,2023,9,22,20,2,0,5
23713,867,2023,10,22,21,0,1,0
23714,867,2023,11,20,16,3,1,7
23715,867,2023,12,21,17,4,0,1
23716,867,2024,1,21,18,2,1,8
23717,867,2024,2,21,20,0,1,2
23718,867,2024,3,20,16,3,1,0
23719,867,2024,4,21,20,1,0,0
23720,867,2024,5,20,16,4,0,4
23721,867,2024,6,22,20,2,0,3
23722,867,2024,7,23,22,0,1,3
23723,867,2024,8,23,17,4,2,6
23724,867,2024,9,22,21,1,0,0
23725,867,2024,10,21,20,0,1,3
23726,867,2024,11,21,15,4,2,4
23727,867,2024,12,20,18,1,1,5
23728,867,2025,1,21,17,4,0,7
23729,867,2025,2,23,20,1,2,3
23730,867,2025,3,23,21,1,1,2
23731,867,2025,4,21,20,1,0,8
23732,867,2025,5,21,21,0,0,8
23733,867,2025,6,23,18,3,2,7
23734,867,2025,7,22,19,3,0,3
23735,867,2025,8,22,19,1,2,5
23736,867,2025,9,20,15,4,1,0
23737,867,2025,10,22,18,2,2,4
23738,867,2025,11,22,20,0,2,5
23739,867,2025,12,23,21,1,1,0
23740,868,2021,7,23,21,0,2,7
23741,868,2021,8,23,20,1,2,6
23742,868,2021,9,22,17,4,1,1
23743,868,2021,10,20,17,3,0,2
23744,868,2021,11,23,20,1,2,6
23745,868,2021,12,20,14,4,2,0
23746,868,2022,1,21,17,3,1,0
23747,868,2022,2,23,20,3,0,8
23748,868,2022,3,22,17,4,1,7
23749,868,2022,4,20,14,4,2,2
23750,868,2022,5,22,21,0,1,1
23751,868,2022,6,20,19,1,0,5
23752,868,2022,7,22,19,3,0,0
23753,868,2022,8,20,19,0,1,8
23754,868,2022,9,20,18,0,2,4
23755,868,2022,10,20,15,4,1,8
23756,868,2022,11,23,22,1,0,4
23757,868,2022,12,20,16,4,0,5
23758,868,2023,1,21,18,3,0,1
23759,868,2023,2,20,15,4,1,0
23760,868,2023,3,23,22,0,1,8
23761,868,2023,4,23,18,4,1,4
23762,868,2023,5,23,18,4,1,4
23763,868,2023,6,22,19,3,0,8
23764,868,2023,7,22,22,0,0,5
23765,868,2023,8,23,22,0,1,7
23766,868,2023,9,22,19,3,0,3
23767,868,2023,10,23,18,4,1,1
23768,868,2023,11,22,20,0,2,3
23769,868,2023,12,22,21,0,1,8
23770,868,2024,1,23,17,4,2,7
23771,868,2024,2,20,20,0,0,6
23772,868,2024,3,20,17,3,0,5
23773,868,2024,4,22,18,2,2,0
23774,868,2024,5,22,22,0,0,7
23775,868,2024,6,20,18,2,0,5
23776,868,2024,7,22,22,0,0,5
23777,868,2024,8,20,16,2,2,2
23778,868,2024,9,22,21,1,0,8
23779,868,2024,10,20,19,1,0,3
23780,868,2024,11,20,19,1,0,6
23781,868,2024,12,22,21,0,1,3
23782,868,2025,1,20,16,3,1,2
23783,868,2025,2,20,14,4,2,7
23784,868,2025,3,21,16,3,2,4
23785,868,2025,4,23,20,3,0,1
23786,868,2025,5,23,19,2,2,0
23787,868,2025,6,22,20,0,2,1
23788,868,2025,7,22,18,3,1,2
23789,868,2025,8,21,18,2,1,7
23790,868,2025,9,20,15,4,1,6
23791,868,2025,10,22,19,2,1,6
23792,868,2025,11,21,18,1,2,3
23793,868,2025,12,20,16,4,0,1
23794,869,2023,3,21,16,4,1,2
23795,869,2023,4,20,18,0,2,1
23796,869,2023,5,20,18,2,0,3
23797,869,2023,6,21,20,1,0,4
23798,869,2023,7,22,22,0,0,5
23799,869,2023,8,21,18,3,0,0
23800,869,2023,9,20,17,2,1,0
23801,869,2023,10,22,20,1,1,4
23802,869,2023,11,20,18,1,1,2
23803,869,2023,12,20,18,1,1,7
23804,869,2024,1,22,16,4,2,6
23805,869,2024,2,21,15,4,2,3
23806,869,2024,3,22,19,2,1,2
23807,869,2024,4,21,18,3,0,0
23808,869,2024,5,21,19,1,1,4
23809,869,2024,6,23,17,4,2,8
23810,869,2024,7,23,19,3,1,4
23811,869,2024,8,21,19,0,2,6
23812,869,2024,9,23,22,1,0,7
23813,869,2024,10,20,16,2,2,5
23814,869,2024,11,22,18,4,0,6
23815,869,2024,12,23,19,3,1,8
23816,869,2025,1,20,16,3,1,3
23817,869,2025,2,22,17,3,2,7
23818,869,2025,3,20,14,4,2,5
23819,869,2025,4,22,19,1,2,0
23820,869,2025,5,21,16,4,1,1
23821,869,2025,6,21,19,0,2,5
23822,869,2025,7,23,22,1,0,3
23823,869,2025,8,22,20,1,1,2
23824,869,2025,9,22,21,1,0,4
23825,869,2025,10,21,16,4,1,3
23826,869,2025,11,22,17,4,1,0
23827,869,2025,12,20,15,3,2,0
23828,870,2025,10,21,18,3,0,7
23829,870,2025,11,23,19,4,0,8
23830,870,2025,12,20,15,4,1,7
23831,871,2025,10,23,21,2,0,7
23832,871,2025,11,22,19,3,0,2
23833,871,2025,12,23,18,4,1,8
23834,872,2024,1,22,19,3,0,8
23835,872,2024,2,20,18,2,0,7
23836,872,2024,3,22,17,4,1,6
23837,872,2024,4,20,15,4,1,6
23838,872,2024,5,22,20,2,0,6
23839,872,2024,6,20,15,3,2,5
23840,872,2024,7,23,20,3,0,6
23841,872,2024,8,23,19,4,0,6
23842,872,2024,9,22,16,4,2,6
23843,872,2024,10,21,17,2,2,6
23844,872,2024,11,21,17,3,1,6
23845,872,2024,12,20,17,2,1,8
23846,872,2025,1,22,20,2,0,2
23847,872,2025,2,23,18,4,1,7
23848,872,2025,3,20,15,4,1,7
23849,872,2025,4,22,22,0,0,6
23850,872,2025,5,20,15,3,2,7
23851,872,2025,6,22,19,1,2,8
23852,872,2025,7,20,16,3,1,5
23853,872,2025,8,21,18,1,2,7
23854,872,2025,9,23,19,4,0,3
23855,872,2025,10,22,22,0,0,3
23856,872,2025,11,20,17,1,2,5
23857,872,2025,12,20,20,0,0,4
23858,873,2024,6,21,21,0,0,5
23859,873,2024,7,23,21,0,2,5
23860,873,2024,8,22,20,0,2,7
23861,873,2024,9,23,23,0,0,8
23862,873,2024,10,21,18,2,1,5
23863,873,2024,11,21,19,1,1,8
23864,873,2024,12,20,16,2,2,3
23865,873,2025,1,22,18,4,0,6
23866,873,2025,2,20,17,3,0,6
23867,873,2025,3,22,21,0,1,1
23868,873,2025,4,21,18,3,0,2
23869,873,2025,5,21,15,4,2,1
23870,873,2025,6,20,16,4,0,5
23871,873,2025,7,22,18,2,2,1
23872,873,2025,8,22,20,0,2,8
23873,873,2025,9,23,22,0,1,1
23874,873,2025,10,20,17,2,1,6
23875,873,2025,11,23,18,4,1,3
23876,873,2025,12,23,18,3,2,3
23877,874,2022,6,21,19,2,0,0
23878,874,2022,7,21,19,1,1,4
23879,874,2022,8,22,20,1,1,5
23880,874,2022,9,21,17,2,2,6
23881,874,2022,10,20,16,3,1,7
23882,874,2022,11,23,19,3,1,1
23883,874,2022,12,20,20,0,0,3
23884,874,2023,1,20,15,3,2,1
23885,874,2023,2,21,18,3,0,7
23886,874,2023,3,22,20,1,1,4
23887,874,2023,4,23,17,4,2,4
23888,874,2023,5,22,19,3,0,4
23889,874,2023,6,21,20,0,1,1
23890,874,2023,7,22,20,1,1,6
23891,874,2023,8,21,19,0,2,2
23892,874,2023,9,20,17,1,2,8
23893,874,2023,10,21,16,4,1,6
23894,875,2023,5,23,20,1,2,7
23895,875,2023,6,23,23,0,0,2
23896,875,2023,7,23,20,3,0,3
23897,875,2023,8,23,20,1,2,3
23898,875,2023,9,22,21,1,0,7
23899,875,2023,10,23,18,3,2,6
23900,875,2023,11,22,20,0,2,2
23901,875,2023,12,22,20,1,1,4
23902,875,2024,1,23,19,2,2,4
23903,875,2024,2,23,20,3,0,0
23904,875,2024,3,22,21,1,0,8
23905,875,2024,4,22,20,1,1,8
23906,875,2024,5,22,19,2,1,2
23907,875,2024,6,23,20,3,0,7
23908,875,2024,7,20,17,1,2,8
23909,875,2024,8,23,19,4,0,4
23910,875,2024,9,21,20,0,1,1
23911,875,2024,10,22,17,4,1,1
23912,875,2024,11,20,17,1,2,0
23913,875,2024,12,22,18,2,2,1
23914,875,2025,1,20,20,0,0,4
23915,875,2025,2,20,18,2,0,0
23916,875,2025,3,20,16,2,2,2
23917,875,2025,4,23,21,2,0,3
23918,875,2025,5,22,20,1,1,7
23919,875,2025,6,20,16,3,1,0
23920,875,2025,7,22,20,2,0,8
23921,875,2025,8,20,17,1,2,4
23922,875,2025,9,22,20,0,2,4
23923,875,2025,10,21,20,0,1,0
23924,875,2025,11,22,17,4,1,0
23925,875,2025,12,21,16,3,2,6
23926,876,2022,10,23,20,2,1,3
23927,876,2022,11,20,19,0,1,5
23928,876,2022,12,22,16,4,2,8
23929,876,2023,1,22,18,2,2,2
23930,876,2023,2,22,17,4,1,2
23931,876,2023,3,20,17,3,0,2
23932,876,2023,4,20,18,2,0,2
23933,876,2023,5,22,21,0,1,4
23934,876,2023,6,21,21,0,0,7
23935,876,2023,7,20,18,2,0,7
23936,876,2023,8,23,18,3,2,1
23937,876,2023,9,22,21,0,1,2
23938,876,2023,10,22,20,2,0,5
23939,876,2023,11,21,15,4,2,4
23940,876,2023,12,22,17,3,2,6
23941,876,2024,1,20,20,0,0,7
23942,876,2024,2,23,21,0,2,6
23943,876,2024,3,21,19,0,2,6
23944,876,2024,4,23,19,3,1,4
23945,876,2024,5,21,16,3,2,0
23946,876,2024,6,20,17,2,1,0
23947,876,2024,7,23,19,2,2,4
23948,876,2024,8,21,18,2,1,7
23949,876,2024,9,20,14,4,2,6
23950,876,2024,10,23,18,4,1,6
23951,876,2024,11,22,21,1,0,5
23952,876,2024,12,22,21,1,0,7
23953,876,2025,1,23,18,4,1,7
23954,876,2025,2,21,18,1,2,2
23955,876,2025,3,20,18,0,2,3
23956,876,2025,4,21,20,1,0,6
23957,876,2025,5,23,20,1,2,3
23958,876,2025,6,23,19,3,1,3
23959,876,2025,7,21,20,1,0,4
23960,876,2025,8,23,19,3,1,6
23961,876,2025,9,20,16,3,1,2
23962,876,2025,10,22,16,4,2,8
23963,876,2025,11,22,17,4,1,8
23964,876,2025,12,21,19,2,0,3
23965,877,2021,12,22,20,2,0,1
23966,877,2022,1,20,16,4,0,1
23967,877,2022,2,20,15,4,1,8
23968,877,2022,3,20,16,4,0,3
23969,877,2022,4,22,21,0,1,5
23970,878,2024,11,20,16,3,1,4
23971,878,2024,12,20,16,2,2,7
23972,878,2025,1,21,20,1,0,4
23973,878,2025,2,22,18,2,2,1
23974,878,2025,3,23,21,1,1,4
23975,878,2025,4,22,18,2,2,6
23976,878,2025,5,20,17,1,2,8
23977,878,2025,6,23,20,2,1,5
23978,878,2025,7,23,20,3,0,7
23979,878,2025,8,23,19,2,2,3
23980,878,2025,9,20,16,3,1,3
23981,878,2025,10,22,20,0,2,8
23982,878,2025,11,23,21,2,0,7
23983,879,2025,4,23,17,4,2,6
23984,879,2025,5,22,18,2,2,0
23985,879,2025,6,23,21,0,2,7
23986,879,2025,7,23,21,1,1,2
23987,879,2025,8,20,19,0,1,3
23988,879,2025,9,23,21,0,2,7
23989,879,2025,10,21,15,4,2,8
23990,879,2025,11,21,18,2,1,7
23991,879,2025,12,20,17,2,1,0
23992,880,2023,6,22,16,4,2,2
23993,880,2023,7,21,19,0,2,8
23994,880,2023,8,20,16,4,0,6
23995,880,2023,9,21,19,2,0,7
23996,880,2023,10,21,18,2,1,8
23997,880,2023,11,22,21,1,0,2
23998,880,2023,12,20,18,0,2,6
23999,880,2024,1,20,15,3,2,0
24000,880,2024,2,23,19,2,2,2
24001,880,2024,3,20,17,3,0,4
24002,880,2024,4,22,21,1,0,1
24003,880,2024,5,21,19,2,0,8
24004,880,2024,6,21,18,3,0,1
24005,880,2024,7,20,19,0,1,7
24006,880,2024,8,22,19,3,0,2
24007,880,2024,9,22,18,3,1,5
24008,880,2024,10,23,19,3,1,8
24009,880,2024,11,22,19,1,2,6
24010,880,2024,12,21,19,0,2,8
24011,880,2025,1,23,23,0,0,7
24012,880,2025,2,22,19,3,0,7
24013,880,2025,3,21,15,4,2,8
24014,880,2025,4,23,18,3,2,1
24015,880,2025,5,20,15,4,1,1
24016,880,2025,6,22,20,1,1,6
24017,880,2025,7,20,18,1,1,8
24018,880,2025,8,21,17,3,1,2
24019,881,2025,5,20,15,3,2,5
24020,881,2025,6,22,19,2,1,2
24021,881,2025,7,21,19,2,0,2
24022,881,2025,8,21,20,0,1,0
24023,881,2025,9,23,22,1,0,0
24024,881,2025,10,23,22,1,0,3
24025,881,2025,11,21,16,4,1,6
24026,881,2025,12,22,17,4,1,1
24027,882,2021,1,23,22,1,0,6
24028,882,2021,2,20,17,2,1,8
24029,882,2021,3,21,19,2,0,0
24030,882,2021,4,20,18,2,0,5
24031,882,2021,5,21,16,4,1,2
24032,882,2021,6,23,21,1,1,5
24033,882,2021,7,20,16,3,1,7
24034,882,2021,8,23,18,4,1,2
24035,882,2021,9,21,21,0,0,4
24036,882,2021,10,23,21,1,1,2
24037,882,2021,11,23,21,1,1,6
24038,882,2021,12,23,21,0,2,7
24039,882,2022,1,21,17,2,2,3
24040,882,2022,2,22,19,3,0,2
24041,882,2022,3,22,17,4,1,7
24042,882,2022,4,20,17,2,1,2
24043,882,2022,5,23,21,1,1,5
24044,882,2022,6,20,18,0,2,3
24045,882,2022,7,20,16,4,0,2
24046,882,2022,8,21,19,0,2,0
24047,882,2022,9,21,16,3,2,8
24048,882,2022,10,23,22,0,1,8
24049,882,2022,11,23,19,4,0,5
24050,882,2022,12,22,19,3,0,5
24051,882,2023,1,23,17,4,2,4
24052,882,2023,2,20,19,1,0,7
24053,882,2023,3,21,17,3,1,5
24054,882,2023,4,20,17,1,2,4
24055,882,2023,5,22,17,3,2,8
24056,882,2023,6,22,16,4,2,4
24057,882,2023,7,20,17,2,1,1
24058,882,2023,8,20,15,3,2,2
24059,882,2023,9,23,20,2,1,5
24060,882,2023,10,20,16,2,2,2
24061,882,2023,11,22,17,4,1,3
24062,882,2023,12,20,14,4,2,2
24063,882,2024,1,22,18,3,1,8
24064,882,2024,2,21,19,1,1,3
24065,882,2024,3,23,21,1,1,1
24066,882,2024,4,23,20,3,0,0
24067,882,2024,5,22,18,2,2,8
24068,882,2024,6,22,20,0,2,4
24069,882,2024,7,23,19,3,1,0
24070,882,2024,8,21,15,4,2,8
24071,882,2024,9,21,19,0,2,7
24072,882,2024,10,21,19,1,1,6
24073,882,2024,11,23,21,1,1,5
24074,882,2024,12,23,18,3,2,0
24075,882,2025,1,22,19,2,1,1
24076,882,2025,2,20,16,2,2,3
24077,882,2025,3,23,20,1,2,3
24078,882,2025,4,20,18,1,1,1
24079,882,2025,5,20,20,0,0,5
24080,882,2025,6,23,22,0,1,7
24081,882,2025,7,22,17,4,1,5
24082,882,2025,8,23,19,2,2,3
24083,882,2025,9,23,21,1,1,0
24084,882,2025,10,20,19,1,0,3
24085,882,2025,11,21,16,3,2,1
24086,882,2025,12,21,16,4,1,5
24087,883,2023,11,21,20,1,0,7
24088,883,2023,12,21,21,0,0,1
24089,883,2024,1,22,18,4,0,3
24090,883,2024,2,23,19,3,1,2
24091,883,2024,3,21,16,3,2,6
24092,883,2024,4,23,20,1,2,4
24093,883,2024,5,23,22,1,0,8
24094,883,2024,6,21,19,1,1,2
24095,883,2024,7,20,18,1,1,8
24096,883,2024,8,21,16,3,2,1
24097,883,2024,9,22,19,3,0,5
24098,883,2024,10,23,18,4,1,2
24099,883,2024,11,21,21,0,0,7
24100,883,2024,12,23,22,1,0,5
24101,883,2025,1,22,18,4,0,0
24102,883,2025,2,20,17,2,1,0
24103,883,2025,3,21,20,0,1,5
24104,883,2025,4,20,17,1,2,0
24105,883,2025,5,22,18,2,2,2
24106,883,2025,6,22,18,2,2,3
24107,883,2025,7,21,18,1,2,8
24108,883,2025,8,20,15,4,1,3
24109,883,2025,9,23,19,2,2,3
24110,883,2025,10,21,18,2,1,0
24111,883,2025,11,21,19,2,0,2
24112,883,2025,12,21,20,1,0,3
24113,884,2024,3,23,21,2,0,6
24114,884,2024,4,21,16,3,2,7
24115,884,2024,5,20,19,0,1,4
24116,884,2024,6,21,18,2,1,5
24117,884,2024,7,20,17,2,1,5
24118,884,2024,8,23,20,2,1,4
24119,884,2024,9,23,21,1,1,7
24120,884,2024,10,20,15,3,2,0
24121,884,2024,11,21,17,3,1,0
24122,884,2024,12,21,18,3,0,8
24123,884,2025,1,21,20,0,1,6
24124,884,2025,2,21,17,3,1,0
24125,884,2025,3,23,20,3,0,0
24126,884,2025,4,22,21,0,1,6
24127,884,2025,5,21,17,4,0,3
24128,884,2025,6,23,18,3,2,2
24129,884,2025,7,22,19,1,2,7
24130,884,2025,8,22,18,3,1,2
24131,884,2025,9,22,20,2,0,7
24132,884,2025,10,22,17,3,2,3
24133,884,2025,11,22,20,1,1,6
24134,884,2025,12,23,19,3,1,8
24135,885,2024,11,21,15,4,2,5
24136,885,2024,12,20,17,1,2,2
24137,885,2025,1,22,17,4,1,4
24138,885,2025,2,23,22,1,0,8
24139,885,2025,3,22,22,0,0,8
24140,885,2025,4,22,21,0,1,6
24141,885,2025,5,23,22,0,1,2
24142,885,2025,6,21,20,1,0,7
24143,885,2025,7,22,17,3,2,8
24144,885,2025,8,23,18,3,2,0
24145,885,2025,9,20,19,1,0,6
24146,885,2025,10,20,17,2,1,3
24147,885,2025,11,22,18,3,1,4
24148,885,2025,12,22,18,2,2,8
24149,886,2022,11,21,18,2,1,6
24150,886,2022,12,21,20,1,0,7
24151,886,2023,1,20,14,4,2,7
24152,886,2023,2,21,16,4,1,6
24153,886,2023,3,23,20,3,0,8
24154,886,2023,4,22,18,2,2,7
24155,886,2023,5,20,14,4,2,5
24156,886,2023,6,20,20,0,0,3
24157,886,2023,7,20,15,4,1,8
24158,886,2023,8,21,17,3,1,7
24159,886,2023,9,23,20,2,1,7
24160,886,2023,10,21,17,4,0,5
24161,886,2023,11,21,16,3,2,6
24162,886,2023,12,23,18,3,2,5
24163,886,2024,1,23,19,2,2,3
24164,886,2024,2,23,18,3,2,4
24165,886,2024,3,22,20,2,0,0
24166,886,2024,4,20,20,0,0,2
24167,887,2025,3,21,18,3,0,7
24168,887,2025,4,21,17,2,2,3
24169,887,2025,5,21,15,4,2,4
24170,887,2025,6,22,19,2,1,3
24171,887,2025,7,20,19,0,1,1
24172,887,2025,8,22,20,0,2,0
24173,887,2025,9,21,20,0,1,0
24174,887,2025,10,21,17,2,2,6
24175,888,2025,6,20,20,0,0,1
24176,888,2025,7,21,16,4,1,6
24177,888,2025,8,21,16,3,2,3
24178,888,2025,9,23,20,3,0,4
24179,888,2025,10,21,18,2,1,0
24180,888,2025,11,23,22,0,1,6
24181,888,2025,12,22,20,1,1,6
24182,889,2025,6,20,19,0,1,6
24183,889,2025,7,22,17,4,1,1
24184,889,2025,8,23,20,1,2,8
24185,889,2025,9,20,17,1,2,6
24186,889,2025,10,23,19,3,1,0
24187,889,2025,11,21,18,2,1,0
24188,889,2025,12,20,19,1,0,1
24189,890,2021,10,21,18,3,0,7
24190,890,2021,11,23,20,1,2,0
24191,890,2021,12,21,16,3,2,8
24192,890,2022,1,21,16,4,1,8
24193,890,2022,2,23,22,1,0,4
24194,890,2022,3,22,21,1,0,3
24195,890,2022,4,23,23,0,0,7
24196,890,2022,5,22,18,3,1,6
24197,890,2022,6,20,15,3,2,6
24198,890,2022,7,23,22,0,1,0
24199,890,2022,8,23,19,3,1,1
24200,890,2022,9,22,20,0,2,6
24201,890,2022,10,21,19,2,0,5
24202,890,2022,11,23,19,3,1,1
24203,890,2022,12,20,16,4,0,1
24204,890,2023,1,23,22,0,1,3
24205,890,2023,2,22,20,1,1,5
24206,890,2023,3,22,16,4,2,1
24207,890,2023,4,20,19,1,0,5
24208,890,2023,5,23,21,0,2,8
24209,890,2023,6,20,18,2,0,0
24210,890,2023,7,22,18,4,0,0
24211,890,2023,8,23,22,0,1,7
24212,890,2023,9,21,15,4,2,1
24213,890,2023,10,20,17,1,2,4
24214,890,2023,11,23,20,2,1,1
24215,890,2023,12,21,21,0,0,4
24216,890,2024,1,21,19,0,2,7
24217,890,2024,2,23,21,2,0,2
24218,891,2021,12,21,18,1,2,8
24219,891,2022,1,20,19,1,0,3
24220,891,2022,2,23,22,1,0,7
24221,891,2022,3,22,18,3,1,1
24222,891,2022,4,21,17,4,0,5
24223,891,2022,5,21,16,3,2,4
24224,891,2022,6,23,20,1,2,6
24225,891,2022,7,20,18,0,2,4
24226,891,2022,8,22,19,2,1,6
24227,891,2022,9,20,15,3,2,8
24228,891,2022,10,23,18,3,2,3
24229,891,2022,11,23,20,3,0,3
24230,891,2022,12,20,16,4,0,3
24231,891,2023,1,22,19,2,1,2
24232,891,2023,2,22,19,1,2,8
24233,891,2023,3,20,16,4,0,0
24234,891,2023,4,21,20,1,0,2
24235,891,2023,5,22,18,2,2,2
24236,891,2023,6,21,20,1,0,3
24237,891,2023,7,21,21,0,0,8
24238,891,2023,8,21,19,1,1,1
24239,891,2023,9,21,17,2,2,3
24240,891,2023,10,22,17,4,1,1
24241,891,2023,11,23,21,1,1,5
24242,891,2023,12,23,22,0,1,5
24243,891,2024,1,23,20,3,0,0
24244,891,2024,2,22,20,1,1,6
24245,891,2024,3,21,21,0,0,0
24246,891,2024,4,21,16,4,1,6
24247,891,2024,5,22,18,3,1,2
24248,891,2024,6,22,21,0,1,6
24249,891,2024,7,23,23,0,0,2
24250,891,2024,8,22,20,0,2,2
24251,891,2024,9,23,21,2,0,5
24252,891,2024,10,22,18,3,1,1
24253,891,2024,11,22,19,2,1,3
24254,891,2024,12,20,15,4,1,6
24255,891,2025,1,22,21,0,1,4
24256,891,2025,2,20,17,1,2,2
24257,891,2025,3,21,20,1,0,6
24258,891,2025,4,22,16,4,2,1
24259,891,2025,5,22,22,0,0,1
24260,891,2025,6,23,21,2,0,2
24261,891,2025,7,21,15,4,2,0
24262,891,2025,8,22,16,4,2,4
24263,891,2025,9,22,20,2,0,4
24264,891,2025,10,23,19,3,1,3
24265,892,2024,5,20,17,2,1,0
24266,892,2024,6,22,16,4,2,5
24267,892,2024,7,23,20,3,0,1
24268,892,2024,8,22,18,4,0,8
24269,892,2024,9,22,16,4,2,7
24270,892,2024,10,21,17,2,2,8
24271,892,2024,11,23,20,3,0,3
24272,892,2024,12,23,21,2,0,6
24273,892,2025,1,20,18,2,0,5
24274,892,2025,2,22,17,4,1,1
24275,892,2025,3,20,15,4,1,3
24276,892,2025,4,21,20,0,1,8
24277,892,2025,5,22,19,2,1,0
24278,892,2025,6,21,17,2,2,6
24279,892,2025,7,22,18,2,2,5
24280,892,2025,8,22,17,4,1,3
24281,892,2025,9,23,19,4,0,5
24282,892,2025,10,22,16,4,2,6
24283,892,2025,11,21,18,3,0,0
24284,892,2025,12,22,19,2,1,4
24285,893,2023,5,23,20,3,0,1
24286,893,2023,6,23,21,2,0,3
24287,893,2023,7,23,20,3,0,3
24288,893,2023,8,22,20,0,2,3
24289,893,2023,9,20,17,1,2,6
24290,893,2023,10,23,19,4,0,4
24291,893,2023,11,20,17,1,2,5
24292,893,2023,12,20,15,3,2,8
24293,893,2024,1,22,18,3,1,6
24294,893,2024,2,23,20,3,0,7
24295,893,2024,3,21,17,4,0,2
24296,893,2024,4,21,19,0,2,4
24297,893,2024,5,23,21,1,1,6
24298,893,2024,6,20,19,0,1,3
24299,893,2024,7,21,18,1,2,5
24300,893,2024,8,23,20,1,2,5
24301,893,2024,9,22,19,1,2,1
24302,893,2024,10,21,19,2,0,7
24303,893,2024,11,21,17,2,2,7
24304,893,2024,12,22,16,4,2,8
24305,893,2025,1,21,17,2,2,2
24306,893,2025,2,23,20,3,0,5
24307,893,2025,3,22,17,3,2,1
24308,893,2025,4,22,20,0,2,3
24309,893,2025,5,20,16,4,0,3
24310,893,2025,6,20,15,3,2,8
24311,893,2025,7,21,19,1,1,7
24312,893,2025,8,22,19,2,1,5
24313,893,2025,9,22,20,2,0,6
24314,893,2025,10,23,19,4,0,1
24315,893,2025,11,23,17,4,2,3
24316,893,2025,12,21,16,3,2,3
24317,894,2024,11,22,20,2,0,6
24318,894,2024,12,23,19,2,2,3
24319,894,2025,1,21,19,0,2,0
24320,894,2025,2,20,20,0,0,6
24321,894,2025,3,20,15,4,1,5
24322,894,2025,4,21,15,4,2,4
24323,894,2025,5,21,20,0,1,6
24324,894,2025,6,22,20,2,0,7
24325,894,2025,7,21,16,3,2,0
24326,894,2025,8,23,18,4,1,8
24327,894,2025,9,23,19,3,1,5
24328,894,2025,10,22,20,2,0,4
24329,894,2025,11,21,18,3,0,3
24330,894,2025,12,21,18,1,2,8
24331,895,2022,8,21,16,4,1,2
24332,895,2022,9,22,16,4,2,2
24333,895,2022,10,21,21,0,0,3
24334,895,2022,11,22,20,1,1,1
24335,895,2022,12,21,16,4,1,5
24336,895,2023,1,23,22,1,0,2
24337,895,2023,2,21,18,1,2,6
24338,895,2023,3,20,15,4,1,3
24339,895,2023,4,20,16,3,1,0
24340,895,2023,5,20,16,2,2,5
24341,895,2023,6,22,16,4,2,8
24342,895,2023,7,20,18,1,1,4
24343,895,2023,8,20,18,1,1,4
24344,895,2023,9,22,19,3,0,7
24345,895,2023,10,23,20,2,1,5
24346,895,2023,11,20,14,4,2,3
24347,895,2023,12,20,18,2,0,4
24348,895,2024,1,23,21,2,0,3
24349,895,2024,2,21,17,3,1,7
24350,895,2024,3,21,17,3,1,0
24351,895,2024,4,20,16,2,2,3
24352,895,2024,5,21,19,2,0,1
24353,895,2024,6,20,16,2,2,6
24354,895,2024,7,23,23,0,0,1
24355,895,2024,8,23,20,3,0,0
24356,895,2024,9,20,18,0,2,8
24357,895,2024,10,23,20,1,2,2
24358,895,2024,11,23,20,1,2,1
24359,895,2024,12,22,20,2,0,0
24360,895,2025,1,21,15,4,2,3
24361,895,2025,2,22,21,1,0,1
24362,895,2025,3,22,20,0,2,7
24363,895,2025,4,22,19,2,1,3
24364,895,2025,5,20,17,2,1,5
24365,895,2025,6,22,16,4,2,1
24366,895,2025,7,20,16,2,2,3
24367,895,2025,8,20,16,4,0,5
24368,895,2025,9,21,20,0,1,8
24369,895,2025,10,23,18,3,2,4
24370,895,2025,11,22,21,0,1,6
24371,895,2025,12,22,18,2,2,4
24372,896,2021,1,20,17,2,1,6
24373,896,2021,2,21,20,0,1,7
24374,896,2021,3,20,16,3,1,5
24375,896,2021,4,22,19,3,0,2
24376,896,2021,5,22,21,1,0,1
24377,896,2021,6,22,21,1,0,1
24378,896,2021,7,23,21,1,1,3
24379,896,2021,8,20,15,4,1,7
24380,896,2021,9,20,17,3,0,7
24381,896,2021,10,23,21,0,2,6
24382,896,2021,11,23,18,3,2,4
24383,896,2021,12,20,15,4,1,5
24384,896,2022,1,22,21,0,1,7
24385,896,2022,2,22,17,3,2,5
24386,896,2022,3,21,19,0,2,6
24387,896,2022,4,21,19,2,0,4
24388,896,2022,5,21,15,4,2,4
24389,896,2022,6,21,16,4,1,1
24390,896,2022,7,20,16,2,2,8
24391,896,2022,8,20,15,4,1,3
24392,896,2022,9,20,20,0,0,0
24393,896,2022,10,21,17,4,0,5
24394,896,2022,11,21,18,1,2,1
24395,896,2022,12,23,21,2,0,8
24396,896,2023,1,21,21,0,0,2
24397,896,2023,2,21,17,3,1,3
24398,896,2023,3,20,19,0,1,7
24399,896,2023,4,21,19,2,0,2
24400,896,2023,5,21,16,3,2,0
24401,896,2023,6,21,17,4,0,7
24402,896,2023,7,20,16,3,1,5
24403,896,2023,8,21,18,3,0,4
24404,896,2023,9,22,20,0,2,8
24405,896,2023,10,22,22,0,0,6
24406,896,2023,11,23,22,0,1,5
24407,896,2023,12,23,21,0,2,3
24408,896,2024,1,23,18,3,2,4
24409,896,2024,2,22,22,0,0,4
24410,896,2024,3,22,17,3,2,0
24411,896,2024,4,20,17,1,2,6
24412,896,2024,5,20,18,1,1,3
24413,896,2024,6,22,22,0,0,7
24414,896,2024,7,22,20,2,0,2
24415,896,2024,8,20,17,1,2,7
24416,896,2024,9,21,17,3,1,8
24417,896,2024,10,21,17,3,1,8
24418,896,2024,11,21,20,0,1,4
24419,896,2024,12,22,20,2,0,1
24420,896,2025,1,22,19,3,0,5
24421,896,2025,2,22,19,3,0,5
24422,896,2025,3,21,18,3,0,0
24423,896,2025,4,22,20,0,2,1
24424,896,2025,5,20,19,0,1,3
24425,896,2025,6,21,18,3,0,5
24426,896,2025,7,21,19,0,2,5
24427,896,2025,8,21,15,4,2,0
24428,896,2025,9,20,17,3,0,5
24429,896,2025,10,20,18,1,1,5
24430,896,2025,11,21,21,0,0,6
24431,896,2025,12,23,19,3,1,0
24432,897,2022,8,21,19,0,2,1
24433,897,2022,9,22,20,0,2,5
24434,897,2022,10,20,19,1,0,7
24435,897,2022,11,22,20,2,0,8
24436,897,2022,12,22,18,2,2,0
24437,897,2023,1,22,18,4,0,6
24438,897,2023,2,21,18,3,0,4
24439,897,2023,3,23,22,0,1,2
24440,897,2023,4,20,17,1,2,7
24441,897,2023,5,22,19,2,1,7
24442,897,2023,6,20,15,3,2,5
24443,897,2023,7,23,17,4,2,4
24444,897,2023,8,22,20,1,1,0
24445,897,2023,9,23,18,4,1,7
24446,897,2023,10,23,17,4,2,3
24447,897,2023,11,22,21,1,0,6
24448,897,2023,12,23,18,4,1,4
24449,897,2024,1,21,19,1,1,4
24450,897,2024,2,23,19,3,1,7
24451,897,2024,3,23,23,0,0,1
24452,897,2024,4,20,18,1,1,7
24453,897,2024,5,22,19,3,0,3
24454,897,2024,6,23,19,3,1,7
24455,897,2024,7,21,15,4,2,4
24456,897,2024,8,22,20,0,2,2
24457,897,2024,9,23,21,1,1,0
24458,897,2024,10,23,19,2,2,1
24459,897,2024,11,23,20,3,0,1
24460,897,2024,12,23,18,4,1,2
24461,897,2025,1,22,19,2,1,1
24462,897,2025,2,23,18,3,2,2
24463,897,2025,3,20,14,4,2,8
24464,897,2025,4,22,18,3,1,3
24465,897,2025,5,20,15,4,1,6
24466,897,2025,6,23,17,4,2,5
24467,897,2025,7,20,18,2,0,7
24468,897,2025,8,23,23,0,0,5
24469,897,2025,9,23,19,3,1,6
24470,897,2025,10,20,18,2,0,8
24471,897,2025,11,22,18,4,0,5
24472,897,2025,12,20,19,1,0,3
24473,898,2021,7,20,17,3,0,3
24474,898,2021,8,20,18,0,2,8
24475,898,2021,9,22,18,4,0,2
24476,898,2021,10,20,18,2,0,8
24477,898,2021,11,23,18,4,1,5
24478,898,2021,12,21,19,2,0,4
24479,898,2022,1,23,18,4,1,8
24480,898,2022,2,23,18,4,1,4
24481,898,2022,3,23,17,4,2,1
24482,898,2022,4,22,18,3,1,5
24483,898,2022,5,20,20,0,0,4
24484,898,2022,6,20,14,4,2,6
24485,898,2022,7,20,20,0,0,4
24486,898,2022,8,22,19,2,1,5
24487,898,2022,9,21,20,0,1,1
24488,898,2022,10,21,15,4,2,7
24489,898,2022,11,23,17,4,2,6
24490,898,2022,12,20,17,2,1,1
24491,898,2023,1,21,17,2,2,7
24492,898,2023,2,20,19,1,0,8
24493,898,2023,3,22,20,2,0,2
24494,898,2023,4,21,20,1,0,2
24495,898,2023,5,20,15,4,1,6
24496,898,2023,6,21,19,0,2,6
24497,898,2023,7,20,17,2,1,4
24498,898,2023,8,21,16,3,2,8
24499,898,2023,9,22,20,1,1,7
24500,898,2023,10,23,22,0,1,3
24501,898,2023,11,20,15,4,1,7
24502,898,2023,12,21,18,2,1,6
24503,898,2024,1,22,22,0,0,6
24504,898,2024,2,22,19,2,1,0
24505,898,2024,3,22,16,4,2,1
24506,898,2024,4,21,16,3,2,5
24507,898,2024,5,20,15,4,1,4
24508,898,2024,6,20,19,1,0,3
24509,898,2024,7,23,18,4,1,1
24510,898,2024,8,22,22,0,0,7
24511,898,2024,9,21,18,2,1,7
24512,898,2024,10,23,20,3,0,0
24513,898,2024,11,23,20,2,1,2
24514,898,2024,12,22,18,3,1,3
24515,898,2025,1,21,17,3,1,1
24516,898,2025,2,21,16,4,1,3
24517,898,2025,3,23,19,2,2,0
24518,898,2025,4,21,16,4,1,3
24519,898,2025,5,21,18,3,0,3
24520,898,2025,6,21,17,4,0,5
24521,898,2025,7,20,15,3,2,6
24522,898,2025,8,23,19,4,0,3
24523,898,2025,9,21,20,0,1,4
24524,898,2025,10,21,16,4,1,4
24525,898,2025,11,21,21,0,0,4
24526,898,2025,12,21,18,2,1,3
24527,899,2021,2,21,20,1,0,3
24528,899,2021,3,22,19,1,2,5
24529,899,2021,4,22,18,3,1,8
24530,899,2021,5,22,22,0,0,5
24531,899,2021,6,22,19,2,1,7
24532,899,2021,7,22,18,4,0,6
24533,899,2021,8,20,18,1,1,3
24534,899,2021,9,20,17,3,0,7
24535,899,2021,10,23,22,1,0,6
24536,899,2021,11,20,18,0,2,2
24537,899,2021,12,22,18,2,2,7
24538,899,2022,1,22,19,1,2,1
24539,899,2022,2,23,22,0,1,2
24540,899,2022,3,21,19,0,2,6
24541,899,2022,4,22,19,2,1,3
24542,899,2022,5,22,19,1,2,6
24543,899,2022,6,21,21,0,0,8
24544,899,2022,7,21,18,1,2,5
24545,899,2022,8,22,22,0,0,2
24546,899,2022,9,21,15,4,2,0
24547,899,2022,10,23,17,4,2,7
24548,899,2022,11,22,20,1,1,4
24549,899,2022,12,23,19,3,1,6
24550,899,2023,1,22,20,2,0,8
24551,899,2023,2,21,19,0,2,3
24552,899,2023,3,23,19,2,2,4
24553,899,2023,4,22,16,4,2,3
24554,899,2023,5,21,19,0,2,7
24555,899,2023,6,20,19,0,1,8
24556,899,2023,7,23,17,4,2,7
24557,899,2023,8,23,20,3,0,8
24558,899,2023,9,20,17,3,0,2
24559,899,2023,10,20,16,3,1,7
24560,899,2023,11,21,20,0,1,5
24561,899,2023,12,21,18,3,0,6
24562,899,2024,1,23,18,4,1,4
24563,899,2024,2,23,20,1,2,0
24564,899,2024,3,22,20,2,0,3
24565,899,2024,4,20,16,4,0,3
24566,899,2024,5,23,18,4,1,0
24567,899,2024,6,22,21,0,1,5
24568,899,2024,7,22,19,1,2,2
24569,899,2024,8,20,15,3,2,0
24570,899,2024,9,22,21,1,0,5
24571,899,2024,10,21,18,2,1,3
24572,899,2024,11,22,19,3,0,2
24573,899,2024,12,23,22,0,1,8
24574,899,2025,1,22,17,3,2,3
24575,900,2022,5,23,21,1,1,0
24576,900,2022,6,21,17,4,0,7
24577,900,2022,7,21,18,2,1,4
24578,900,2022,8,22,21,0,1,6
24579,900,2022,9,20,14,4,2,3
24580,900,2022,10,21,18,1,2,6
24581,900,2022,11,22,19,1,2,2
24582,900,2022,12,20,18,0,2,7
24583,900,2023,1,22,18,2,2,3
24584,900,2023,2,20,20,0,0,7
24585,900,2023,3,23,21,1,1,6
24586,900,2023,4,20,20,0,0,4
24587,900,2023,5,21,20,1,0,6
24588,900,2023,6,20,18,1,1,6
24589,900,2023,7,23,20,2,1,1
24590,900,2023,8,21,17,4,0,4
24591,900,2023,9,21,17,4,0,8
24592,900,2023,10,23,19,3,1,1
24593,900,2023,11,20,19,0,1,5
24594,900,2023,12,23,17,4,2,8
24595,900,2024,1,21,19,1,1,6
24596,900,2024,2,21,18,2,1,3
24597,900,2024,3,22,18,4,0,3
24598,900,2024,4,22,17,3,2,3
24599,900,2024,5,21,18,2,1,1
24600,900,2024,6,21,17,3,1,7
24601,900,2024,7,22,18,4,0,8
24602,900,2024,8,20,20,0,0,2
24603,900,2024,9,22,19,3,0,7
24604,900,2024,10,23,20,2,1,2
24605,900,2024,11,23,21,0,2,8
24606,900,2024,12,23,19,2,2,4
24607,900,2025,1,23,23,0,0,4
24608,900,2025,2,23,19,4,0,7
24609,900,2025,3,23,18,4,1,0
24610,900,2025,4,20,17,3,0,6
24611,900,2025,5,20,17,3,0,0
24612,900,2025,6,23,20,1,2,2
24613,900,2025,7,22,21,1,0,4
24614,900,2025,8,23,22,0,1,5
24615,900,2025,9,20,15,3,2,7
24616,900,2025,10,23,23,0,0,5
24617,900,2025,11,23,21,0,2,6
24618,900,2025,12,22,20,1,1,6
24619,901,2025,4,23,18,4,1,3
24620,901,2025,5,23,21,0,2,3
24621,901,2025,6,22,16,4,2,4
24622,901,2025,7,20,14,4,2,0
24623,901,2025,8,23,18,4,1,8
24624,901,2025,9,21,15,4,2,7
24625,901,2025,10,23,23,0,0,0
24626,901,2025,11,22,17,3,2,1
24627,901,2025,12,20,17,2,1,5
24628,902,2023,8,22,19,2,1,5
24629,902,2023,9,22,21,0,1,3
24630,902,2023,10,20,17,2,1,7
24631,902,2023,11,21,16,3,2,5
24632,902,2023,12,22,17,4,1,1
24633,902,2024,1,21,18,3,0,3
24634,902,2024,2,22,20,0,2,0
24635,902,2024,3,22,18,2,2,2
24636,902,2024,4,21,20,1,0,4
24637,902,2024,5,20,16,3,1,8
24638,902,2024,6,22,21,1,0,8
24639,902,2024,7,22,19,3,0,1
24640,902,2024,8,21,19,0,2,4
24641,902,2024,9,20,17,2,1,4
24642,902,2024,10,23,22,1,0,6
24643,902,2024,11,22,18,2,2,4
24644,902,2024,12,23,19,4,0,6
24645,902,2025,1,20,16,2,2,4
24646,902,2025,2,22,22,0,0,7
24647,902,2025,3,22,21,0,1,4
24648,902,2025,4,23,19,2,2,6
24649,902,2025,5,20,18,1,1,0
24650,902,2025,6,22,17,4,1,1
24651,902,2025,7,23,20,3,0,5
24652,902,2025,8,21,19,0,2,1
24653,902,2025,9,20,20,0,0,2
24654,902,2025,10,20,16,4,0,6
24655,902,2025,11,23,18,3,2,6
24656,902,2025,12,22,18,2,2,8
24657,903,2023,5,22,20,1,1,2
24658,903,2023,6,23,21,2,0,1
24659,903,2023,7,23,19,4,0,7
24660,903,2023,8,23,21,2,0,2
24661,903,2023,9,22,21,0,1,5
24662,903,2023,10,22,18,4,0,8
24663,903,2023,11,22,21,0,1,5
24664,903,2023,12,23,22,1,0,7
24665,903,2024,1,21,20,1,0,6
24666,903,2024,2,21,19,2,0,1
24667,903,2024,3,21,16,3,2,5
24668,903,2024,4,23,20,2,1,7
24669,903,2024,5,23,17,4,2,8
24670,903,2024,6,22,20,1,1,8
24671,903,2024,7,20,14,4,2,7
24672,903,2024,8,22,21,0,1,8
24673,903,2024,9,22,18,4,0,2
24674,903,2024,10,22,18,2,2,6
24675,903,2024,11,21,19,2,0,1
24676,903,2024,12,22,21,0,1,4
24677,903,2025,1,22,17,3,2,3
24678,903,2025,2,20,15,3,2,3
24679,903,2025,3,22,22,0,0,0
24680,903,2025,4,22,19,3,0,4
24681,903,2025,5,20,16,3,1,1
24682,903,2025,6,23,18,4,1,6
24683,903,2025,7,20,18,0,2,3
24684,903,2025,8,21,16,3,2,3
24685,903,2025,9,23,17,4,2,5
24686,903,2025,10,21,17,3,1,3
24687,903,2025,11,21,19,1,1,0
24688,903,2025,12,23,21,2,0,2
24689,904,2023,9,23,19,3,1,4
24690,904,2023,10,23,20,3,0,0
24691,904,2023,11,23,17,4,2,5
24692,904,2023,12,21,17,2,2,0
24693,904,2024,1,20,14,4,2,0
24694,904,2024,2,21,16,4,1,1
24695,904,2024,3,23,20,1,2,2
24696,904,2024,4,20,18,1,1,0
24697,904,2024,5,22,19,3,0,4
24698,904,2024,6,22,18,3,1,8
24699,905,2023,1,23,19,2,2,8
24700,905,2023,2,23,19,3,1,4
24701,905,2023,3,23,21,0,2,2
24702,905,2023,4,23,18,4,1,7
24703,905,2023,5,20,15,3,2,1
24704,905,2023,6,23,18,4,1,0
24705,905,2023,7,20,16,3,1,4
24706,905,2023,8,23,20,3,0,4
24707,905,2023,9,20,18,0,2,0
24708,905,2023,10,21,20,0,1,2
24709,905,2023,11,23,17,4,2,0
24710,905,2023,12,23,20,3,0,4
24711,905,2024,1,22,19,1,2,0
24712,905,2024,2,23,20,3,0,1
24713,905,2024,3,22,16,4,2,6
24714,905,2024,4,22,18,3,1,0
24715,905,2024,5,23,19,3,1,2
24716,905,2024,6,21,21,0,0,4
24717,905,2024,7,21,19,0,2,0
24718,905,2024,8,20,15,4,1,5
24719,905,2024,9,23,20,2,1,4
24720,905,2024,10,23,21,0,2,4
24721,905,2024,11,20,14,4,2,0
24722,905,2024,12,21,18,2,1,0
24723,905,2025,1,21,21,0,0,2
24724,905,2025,2,20,17,2,1,8
24725,905,2025,3,23,17,4,2,1
24726,905,2025,4,21,20,1,0,0
24727,905,2025,5,20,20,0,0,3
24728,905,2025,6,21,19,0,2,4
24729,905,2025,7,23,23,0,0,1
24730,905,2025,8,20,17,1,2,5
24731,905,2025,9,22,18,2,2,0
24732,905,2025,10,20,16,3,1,7
24733,905,2025,11,21,15,4,2,3
24734,905,2025,12,20,19,1,0,0
24735,906,2021,11,20,17,3,0,1
24736,906,2021,12,22,21,0,1,4
24737,906,2022,1,22,18,3,1,2
24738,906,2022,2,22,19,1,2,3
24739,906,2022,3,21,19,2,0,1
24740,906,2022,4,20,19,0,1,1
24741,906,2022,5,22,16,4,2,1
24742,906,2022,6,22,19,2,1,1
24743,906,2022,7,21,15,4,2,8
24744,906,2022,8,20,18,0,2,1
24745,906,2022,9,22,21,1,0,2
24746,906,2022,10,22,22,0,0,7
24747,906,2022,11,21,16,4,1,0
24748,906,2022,12,22,22,0,0,4
24749,906,2023,1,22,19,3,0,1
24750,906,2023,2,23,19,2,2,1
24751,906,2023,3,21,17,3,1,1
24752,906,2023,4,20,16,4,0,1
24753,906,2023,5,20,18,2,0,8
24754,906,2023,6,20,16,4,0,7
24755,906,2023,7,23,21,1,1,5
24756,906,2023,8,20,18,1,1,2
24757,906,2023,9,20,16,4,0,7
24758,906,2023,10,22,19,3,0,1
24759,906,2023,11,21,17,2,2,1
24760,906,2023,12,20,15,4,1,5
24761,906,2024,1,23,21,0,2,7
24762,906,2024,2,20,20,0,0,1
24763,906,2024,3,20,18,2,0,5
24764,906,2024,4,20,14,4,2,0
24765,906,2024,5,20,20,0,0,0
24766,906,2024,6,21,20,1,0,1
24767,906,2024,7,23,21,1,1,7
24768,906,2024,8,22,18,4,0,2
24769,906,2024,9,20,17,2,1,7
24770,906,2024,10,20,16,3,1,7
24771,906,2024,11,23,18,4,1,5
24772,906,2024,12,21,16,3,2,0
24773,906,2025,1,21,17,3,1,5
24774,906,2025,2,22,19,3,0,3
24775,906,2025,3,20,18,0,2,0
24776,906,2025,4,20,16,2,2,3
24777,906,2025,5,21,17,2,2,3
24778,906,2025,6,20,16,2,2,0
24779,906,2025,7,20,16,3,1,1
24780,906,2025,8,23,22,1,0,0
24781,906,2025,9,21,17,3,1,0
24782,907,2025,1,22,21,1,0,3
24783,907,2025,2,21,19,0,2,0
24784,907,2025,3,22,22,0,0,6
24785,907,2025,4,22,16,4,2,4
24786,907,2025,5,22,17,4,1,0
24787,907,2025,6,23,23,0,0,0
24788,907,2025,7,22,19,2,1,1
24789,907,2025,8,21,17,3,1,2
24790,907,2025,9,21,21,0,0,3
24791,907,2025,10,23,18,4,1,6
24792,907,2025,11,23,20,2,1,4
24793,907,2025,12,22,16,4,2,0
24794,908,2023,7,22,20,0,2,4
24795,908,2023,8,21,18,1,2,0
24796,908,2023,9,23,21,1,1,8
24797,908,2023,10,20,16,2,2,6
24798,908,2023,11,22,18,2,2,6
24799,908,2023,12,21,18,2,1,0
24800,908,2024,1,22,21,1,0,1
24801,908,2024,2,21,18,2,1,8
24802,908,2024,3,20,16,4,0,0
24803,908,2024,4,21,21,0,0,3
24804,908,2024,5,20,15,3,2,7
24805,908,2024,6,20,16,4,0,3
24806,908,2024,7,21,18,1,2,3
24807,908,2024,8,21,19,1,1,1
24808,908,2024,9,23,17,4,2,5
24809,908,2024,10,22,20,1,1,3
24810,908,2024,11,22,20,0,2,2
24811,908,2024,12,21,20,0,1,1
24812,908,2025,1,22,18,2,2,0
24813,908,2025,2,22,18,3,1,0
24814,908,2025,3,21,18,3,0,0
24815,908,2025,4,20,18,0,2,6
24816,908,2025,5,23,21,1,1,8
24817,908,2025,6,21,20,0,1,7
24818,908,2025,7,21,18,3,0,6
24819,908,2025,8,20,15,4,1,4
24820,908,2025,9,23,22,1,0,8
24821,908,2025,10,22,17,4,1,8
24822,908,2025,11,23,21,0,2,5
24823,908,2025,12,21,19,2,0,7
24824,909,2023,4,21,17,2,2,5
24825,909,2023,5,22,20,1,1,1
24826,909,2023,6,20,16,4,0,4
24827,909,2023,7,20,19,1,0,2
24828,909,2023,8,23,20,3,0,0
24829,909,2023,9,20,16,4,0,8
24830,909,2023,10,22,20,0,2,3
24831,909,2023,11,22,19,1,2,5
24832,909,2023,12,21,17,3,1,2
24833,909,2024,1,21,17,3,1,8
24834,909,2024,2,20,19,0,1,6
24835,909,2024,3,23,19,2,2,8
24836,909,2024,4,20,19,0,1,4
24837,909,2024,5,20,16,4,0,8
24838,909,2024,6,20,16,4,0,3
24839,909,2024,7,22,22,0,0,8
24840,909,2024,8,22,18,2,2,0
24841,909,2024,9,20,17,2,1,4
24842,909,2024,10,23,22,1,0,1
24843,909,2024,11,22,16,4,2,8
24844,909,2024,12,22,20,1,1,4
24845,909,2025,1,21,21,0,0,7
24846,909,2025,2,21,19,0,2,6
24847,909,2025,3,23,18,3,2,3
24848,909,2025,4,21,20,1,0,8
24849,909,2025,5,22,20,1,1,1
24850,909,2025,6,23,22,0,1,3
24851,909,2025,7,20,19,0,1,8
24852,909,2025,8,22,20,1,1,3
24853,909,2025,9,21,17,2,2,1
24854,909,2025,10,23,19,2,2,0
24855,909,2025,11,21,21,0,0,6
24856,909,2025,12,20,15,4,1,7
24857,910,2024,2,22,19,1,2,4
24858,910,2024,3,23,22,1,0,4
24859,910,2024,4,20,18,0,2,6
24860,910,2024,5,22,18,4,0,4
24861,910,2024,6,20,17,3,0,5
24862,910,2024,7,20,19,1,0,4
24863,910,2024,8,22,17,3,2,7
24864,910,2024,9,20,18,1,1,4
24865,911,2022,1,20,18,0,2,8
24866,911,2022,2,22,19,3,0,1
24867,911,2022,3,22,18,4,0,1
24868,911,2022,4,22,16,4,2,6
24869,911,2022,5,20,15,3,2,2
24870,911,2022,6,21,16,3,2,6
24871,911,2022,7,20,18,2,0,3
24872,911,2022,8,21,19,2,0,6
24873,911,2022,9,20,17,1,2,8
24874,911,2022,10,22,19,3,0,7
24875,911,2022,11,20,19,0,1,0
24876,911,2022,12,22,18,3,1,5
24877,911,2023,1,21,19,2,0,5
24878,911,2023,2,22,20,2,0,4
24879,911,2023,3,23,22,1,0,0
24880,911,2023,4,21,20,0,1,8
24881,911,2023,5,21,18,1,2,1
24882,911,2023,6,22,20,2,0,2
24883,911,2023,7,22,20,0,2,4
24884,911,2023,8,23,21,2,0,8
24885,911,2023,9,21,17,4,0,7
24886,911,2023,10,22,21,1,0,6
24887,911,2023,11,21,19,2,0,5
24888,911,2023,12,22,18,2,2,1
24889,911,2024,1,20,20,0,0,8
24890,911,2024,2,22,20,1,1,5
24891,911,2024,3,21,18,1,2,2
24892,911,2024,4,23,22,0,1,5
24893,911,2024,5,23,23,0,0,4
24894,911,2024,6,23,22,0,1,4
24895,911,2024,7,21,19,1,1,8
24896,911,2024,8,22,17,3,2,5
24897,911,2024,9,23,21,1,1,5
24898,911,2024,10,23,21,1,1,2
24899,911,2024,11,22,21,1,0,1
24900,911,2024,12,21,17,3,1,1
24901,911,2025,1,22,22,0,0,1
24902,911,2025,2,23,21,2,0,0
24903,911,2025,3,22,21,1,0,5
24904,911,2025,4,20,18,1,1,7
24905,911,2025,5,21,16,4,1,8
24906,911,2025,6,23,21,0,2,2
24907,911,2025,7,22,20,0,2,2
24908,911,2025,8,20,19,0,1,5
24909,911,2025,9,21,17,4,0,2
24910,911,2025,10,23,20,2,1,6
24911,911,2025,11,23,19,2,2,2
24912,911,2025,12,21,17,2,2,4
24913,912,2023,2,23,22,0,1,3
24914,912,2023,3,22,20,1,1,7
24915,912,2023,4,23,19,4,0,8
24916,912,2023,5,22,21,1,0,5
24917,912,2023,6,22,17,4,1,6
24918,912,2023,7,20,19,0,1,2
24919,912,2023,8,23,23,0,0,5
24920,912,2023,9,21,21,0,0,0
24921,912,2023,10,22,21,0,1,8
24922,912,2023,11,20,17,2,1,3
24923,912,2023,12,21,17,4,0,3
24924,912,2024,1,23,18,4,1,2
24925,912,2024,2,23,20,2,1,4
24926,912,2024,3,21,19,0,2,6
24927,912,2024,4,20,18,0,2,5
24928,912,2024,5,21,20,0,1,4
24929,912,2024,6,20,18,0,2,5
24930,912,2024,7,20,15,3,2,8
24931,912,2024,8,20,18,2,0,7
24932,912,2024,9,23,20,3,0,3
24933,912,2024,10,20,16,2,2,4
24934,912,2024,11,20,18,0,2,0
24935,912,2024,12,22,17,4,1,5
24936,912,2025,1,21,19,0,2,5
24937,912,2025,2,20,14,4,2,7
24938,912,2025,3,22,20,2,0,1
24939,912,2025,4,20,15,3,2,7
24940,912,2025,5,22,19,2,1,5
24941,912,2025,6,21,21,0,0,4
24942,912,2025,7,22,20,0,2,2
24943,912,2025,8,21,19,2,0,0
24944,912,2025,9,21,18,3,0,0
24945,912,2025,10,21,19,1,1,5
24946,912,2025,11,23,20,1,2,8
24947,912,2025,12,22,18,3,1,1
24948,913,2022,4,23,21,0,2,6
24949,913,2022,5,23,21,0,2,7
24950,913,2022,6,21,18,3,0,1
24951,913,2022,7,20,15,4,1,0
24952,913,2022,8,22,17,3,2,6
24953,913,2022,9,21,18,1,2,0
24954,913,2022,10,23,21,1,1,8
24955,913,2022,11,20,18,0,2,2
24956,913,2022,12,22,20,2,0,3
24957,913,2023,1,20,16,4,0,0
24958,913,2023,2,23,20,2,1,8
24959,913,2023,3,22,17,3,2,0
24960,913,2023,4,20,17,2,1,0
24961,913,2023,5,22,17,3,2,8
24962,913,2023,6,21,19,1,1,5
24963,913,2023,7,22,18,4,0,4
24964,913,2023,8,21,17,3,1,7
24965,913,2023,9,22,19,1,2,0
24966,913,2023,10,21,18,2,1,8
24967,913,2023,11,21,18,2,1,1
24968,913,2023,12,20,17,2,1,1
24969,913,2024,1,21,15,4,2,1
24970,913,2024,2,20,18,0,2,8
24971,913,2024,3,20,14,4,2,3
24972,913,2024,4,22,20,1,1,0
24973,913,2024,5,23,22,1,0,8
24974,913,2024,6,21,20,0,1,4
24975,913,2024,7,22,21,0,1,1
24976,913,2024,8,23,20,2,1,4
24977,913,2024,9,22,22,0,0,7
24978,913,2024,10,20,15,3,2,1
24979,913,2024,11,21,16,4,1,7
24980,913,2024,12,21,17,3,1,8
24981,913,2025,1,22,21,1,0,8
24982,913,2025,2,21,18,2,1,2
24983,913,2025,3,20,15,3,2,4
24984,913,2025,4,23,17,4,2,3
24985,913,2025,5,21,21,0,0,3
24986,913,2025,6,22,16,4,2,2
24987,913,2025,7,23,17,4,2,4
24988,913,2025,8,21,16,4,1,1
24989,913,2025,9,20,16,4,0,6
24990,913,2025,10,23,21,0,2,1
24991,913,2025,11,20,19,1,0,3
24992,913,2025,12,20,17,3,0,0
24993,914,2022,7,22,16,4,2,2
24994,914,2022,8,21,21,0,0,6
24995,914,2022,9,20,15,3,2,6
24996,914,2022,10,23,22,0,1,4
24997,914,2022,11,22,19,1,2,3
24998,914,2022,12,22,22,0,0,8
24999,914,2023,1,20,15,3,2,1
25000,914,2023,2,22,19,3,0,5
25001,914,2023,3,23,19,2,2,4
25002,914,2023,4,21,16,3,2,6
25003,914,2023,5,21,16,3,2,7
25004,914,2023,6,23,20,2,1,8
25005,914,2023,7,23,22,1,0,2
25006,914,2023,8,22,20,1,1,5
25007,914,2023,9,21,20,0,1,7
25008,914,2023,10,22,18,2,2,5
25009,914,2023,11,23,20,2,1,2
25010,914,2023,12,21,21,0,0,2
25011,914,2024,1,20,14,4,2,4
25012,914,2024,2,23,18,3,2,7
25013,914,2024,3,23,19,3,1,8
25014,914,2024,4,23,21,2,0,4
25015,914,2024,5,23,20,1,2,7
25016,914,2024,6,20,20,0,0,3
25017,914,2024,7,20,17,1,2,4
25018,914,2024,8,20,19,1,0,4
25019,914,2024,9,20,16,2,2,6
25020,914,2024,10,21,17,2,2,0
25021,914,2024,11,22,22,0,0,8
25022,914,2024,12,22,18,4,0,2
25023,914,2025,1,21,19,0,2,6
25024,914,2025,2,21,17,4,0,6
25025,914,2025,3,21,16,3,2,1
25026,914,2025,4,23,19,2,2,7
25027,914,2025,5,20,19,1,0,7
25028,914,2025,6,22,18,2,2,0
25029,914,2025,7,21,17,2,2,6
25030,914,2025,8,22,19,1,2,7
25031,914,2025,9,23,20,1,2,6
25032,914,2025,10,21,17,4,0,1
25033,914,2025,11,22,20,2,0,1
25034,914,2025,12,23,21,2,0,4
25035,915,2023,8,20,16,2,2,0
25036,915,2023,9,23,19,3,1,2
25037,915,2023,10,23,21,1,1,2
25038,915,2023,11,22,22,0,0,7
25039,915,2023,12,22,21,0,1,8
25040,915,2024,1,21,17,2,2,7
25041,915,2024,2,21,20,1,0,1
25042,915,2024,3,21,15,4,2,5
25043,915,2024,4,21,15,4,2,3
25044,915,2024,5,22,22,0,0,0
25045,915,2024,6,22,18,2,2,4
25046,915,2024,7,21,17,2,2,5
25047,915,2024,8,21,18,3,0,0
25048,915,2024,9,21,19,1,1,2
25049,915,2024,10,20,19,1,0,5
25050,915,2024,11,21,19,2,0,3
25051,915,2024,12,20,17,2,1,4
25052,915,2025,1,23,19,2,2,1
25053,915,2025,2,22,22,0,0,7
25054,915,2025,3,20,16,4,0,4
25055,915,2025,4,21,18,1,2,2
25056,915,2025,5,21,16,4,1,5
25057,915,2025,6,22,19,3,0,8
25058,915,2025,7,20,17,3,0,1
25059,915,2025,8,23,23,0,0,8
25060,915,2025,9,23,20,1,2,6
25061,915,2025,10,21,20,0,1,4
25062,915,2025,11,23,19,4,0,5
25063,915,2025,12,21,19,0,2,3
25064,916,2023,8,20,18,2,0,8
25065,916,2023,9,22,18,2,2,5
25066,916,2023,10,20,16,4,0,2
25067,916,2023,11,20,18,0,2,6
25068,916,2023,12,20,17,3,0,0
25069,916,2024,1,22,18,4,0,5
25070,916,2024,2,23,19,4,0,8
25071,916,2024,3,21,17,4,0,2
25072,916,2024,4,20,20,0,0,2
25073,916,2024,5,20,17,2,1,1
25074,916,2024,6,20,18,2,0,3
25075,916,2024,7,23,20,1,2,0
25076,916,2024,8,22,19,2,1,5
25077,916,2024,9,21,17,2,2,7
25078,916,2024,10,22,18,3,1,1
25079,916,2024,11,21,16,4,1,1
25080,916,2024,12,20,17,1,2,4
25081,916,2025,1,22,19,3,0,1
25082,916,2025,2,23,19,3,1,3
25083,916,2025,3,21,19,0,2,6
25084,916,2025,4,23,18,3,2,8
25085,916,2025,5,22,22,0,0,0
25086,916,2025,6,22,18,4,0,1
25087,916,2025,7,22,21,0,1,4
25088,916,2025,8,20,17,3,0,6
25089,916,2025,9,22,19,2,1,1
25090,916,2025,10,23,18,3,2,6
25091,916,2025,11,22,20,1,1,6
25092,916,2025,12,20,19,1,0,6
25093,917,2025,5,21,17,4,0,3
25094,917,2025,6,22,18,4,0,3
25095,917,2025,7,22,18,3,1,1
25096,917,2025,8,23,21,0,2,7
25097,917,2025,9,23,18,3,2,3
25098,917,2025,10,21,16,4,1,1
25099,917,2025,11,20,16,2,2,5
25100,917,2025,12,22,18,4,0,3
25101,918,2022,6,23,22,1,0,7
25102,918,2022,7,21,16,4,1,0
25103,918,2022,8,21,20,0,1,7
25104,918,2022,9,23,18,4,1,6
25105,918,2022,10,21,18,2,1,1
25106,918,2022,11,20,19,0,1,5
25107,918,2022,12,23,19,2,2,5
25108,918,2023,1,21,18,2,1,1
25109,918,2023,2,21,19,0,2,5
25110,918,2023,3,23,17,4,2,3
25111,918,2023,4,22,22,0,0,8
25112,918,2023,5,21,18,1,2,3
25113,918,2023,6,21,17,2,2,3
25114,918,2023,7,20,15,3,2,8
25115,918,2023,8,20,16,3,1,0
25116,918,2023,9,20,19,1,0,6
25117,918,2023,10,23,20,3,0,4
25118,918,2023,11,23,20,2,1,0
25119,918,2023,12,23,21,0,2,6
25120,918,2024,1,21,20,0,1,5
25121,918,2024,2,21,20,0,1,5
25122,918,2024,3,21,15,4,2,7
25123,918,2024,4,22,17,3,2,1
25124,918,2024,5,21,19,1,1,1
25125,918,2024,6,23,17,4,2,5
25126,918,2024,7,20,16,2,2,4
25127,918,2024,8,22,20,2,0,3
25128,918,2024,9,21,17,4,0,7
25129,918,2024,10,22,17,3,2,0
25130,918,2024,11,21,19,0,2,7
25131,918,2024,12,22,21,1,0,8
25132,918,2025,1,20,18,1,1,6
25133,918,2025,2,20,18,0,2,0
25134,918,2025,3,21,20,0,1,0
25135,918,2025,4,23,21,2,0,6
25136,918,2025,5,21,16,3,2,0
25137,918,2025,6,20,19,1,0,3
25138,918,2025,7,22,18,3,1,4
25139,918,2025,8,20,18,0,2,2
25140,918,2025,9,23,21,2,0,1
25141,918,2025,10,23,21,2,0,1
25142,918,2025,11,23,20,2,1,1
25143,918,2025,12,23,22,0,1,4
25144,919,2023,9,22,22,0,0,1
25145,919,2023,10,22,18,4,0,6
25146,919,2023,11,21,17,3,1,8
25147,919,2023,12,23,22,1,0,7
25148,919,2024,1,23,21,2,0,0
25149,919,2024,2,21,19,2,0,8
25150,919,2024,3,23,20,3,0,4
25151,919,2024,4,22,16,4,2,4
25152,919,2024,5,20,17,3,0,1
25153,919,2024,6,22,18,2,2,1
25154,919,2024,7,22,18,3,1,2
25155,919,2024,8,21,18,1,2,7
25156,919,2024,9,21,19,0,2,8
25157,919,2024,10,23,18,4,1,5
25158,919,2024,11,22,19,2,1,2
25159,919,2024,12,22,20,1,1,8
25160,919,2025,1,23,20,1,2,7
25161,919,2025,2,23,21,1,1,0
25162,919,2025,3,22,20,1,1,6
25163,919,2025,4,22,19,3,0,0
25164,919,2025,5,20,18,2,0,6
25165,919,2025,6,21,16,3,2,1
25166,919,2025,7,21,17,2,2,6
25167,919,2025,8,23,21,1,1,6
25168,919,2025,9,21,16,3,2,6
25169,919,2025,10,21,19,2,0,0
25170,919,2025,11,23,19,2,2,1
25171,919,2025,12,21,16,3,2,8
25172,920,2024,7,22,18,2,2,4
25173,920,2024,8,20,19,0,1,1
25174,920,2024,9,20,17,3,0,3
25175,920,2024,10,20,15,3,2,8
25176,920,2024,11,20,17,2,1,3
25177,921,2023,5,21,20,0,1,1
25178,921,2023,6,23,18,3,2,1
25179,921,2023,7,23,21,1,1,4
25180,921,2023,8,21,16,4,1,4
25181,921,2023,9,22,22,0,0,1
25182,921,2023,10,23,20,1,2,6
25183,921,2023,11,21,16,3,2,7
25184,921,2023,12,20,15,4,1,8
25185,921,2024,1,21,19,2,0,8
25186,921,2024,2,22,16,4,2,2
25187,921,2024,3,20,19,0,1,1
25188,921,2024,4,21,18,3,0,4
25189,921,2024,5,20,16,3,1,6
25190,921,2024,6,20,17,1,2,0
25191,921,2024,7,22,18,2,2,4
25192,921,2024,8,21,19,2,0,8
25193,921,2024,9,23,20,1,2,1
25194,921,2024,10,20,18,1,1,8
25195,921,2024,11,20,18,2,0,5
25196,921,2024,12,22,19,3,0,7
25197,921,2025,1,21,17,4,0,3
25198,921,2025,2,23,22,1,0,4
25199,921,2025,3,23,20,2,1,3
25200,921,2025,4,22,16,4,2,3
25201,921,2025,5,21,19,1,1,1
25202,921,2025,6,22,20,2,0,6
25203,921,2025,7,23,22,1,0,4
25204,921,2025,8,23,20,2,1,4
25205,921,2025,9,21,19,2,0,2
25206,921,2025,10,23,17,4,2,7
25207,921,2025,11,21,19,0,2,7
25208,921,2025,12,23,20,1,2,7
25209,922,2023,3,20,14,4,2,0
25210,922,2023,4,20,17,1,2,2
25211,922,2023,5,22,20,0,2,8
25212,922,2023,6,23,20,2,1,2
25213,923,2024,5,20,16,3,1,1
25214,923,2024,6,22,17,4,1,0
25215,923,2024,7,21,18,2,1,7
25216,923,2024,8,21,15,4,2,4
25217,923,2024,9,21,17,3,1,4
25218,923,2024,10,22,17,3,2,6
25219,923,2024,11,20,20,0,0,3
25220,924,2024,7,22,19,1,2,1
25221,924,2024,8,23,19,4,0,7
25222,924,2024,9,20,18,0,2,6
25223,924,2024,10,23,22,1,0,7
25224,924,2024,11,23,18,3,2,4
25225,924,2024,12,21,17,4,0,5
25226,924,2025,1,20,19,1,0,7
25227,924,2025,2,23,20,3,0,0
25228,924,2025,3,21,20,1,0,2
25229,924,2025,4,20,17,3,0,6
25230,924,2025,5,23,20,2,1,8
25231,924,2025,6,20,15,4,1,8
25232,924,2025,7,23,19,2,2,0
25233,924,2025,8,21,16,4,1,0
25234,924,2025,9,20,16,4,0,6
25235,924,2025,10,21,20,0,1,8
25236,924,2025,11,23,20,3,0,4
25237,924,2025,12,20,17,3,0,1
25238,925,2021,12,22,18,2,2,3
25239,925,2022,1,20,16,3,1,3
25240,925,2022,2,22,19,2,1,4
25241,925,2022,3,22,16,4,2,5
25242,925,2022,4,23,19,3,1,3
25243,925,2022,5,23,20,3,0,2
25244,925,2022,6,21,17,2,2,4
25245,925,2022,7,22,20,0,2,6
25246,925,2022,8,23,20,1,2,6
25247,925,2022,9,22,17,4,1,2
25248,925,2022,10,21,18,2,1,8
25249,925,2022,11,22,16,4,2,8
25250,925,2022,12,23,22,0,1,7
25251,925,2023,1,21,18,2,1,8
25252,925,2023,2,21,21,0,0,4
25253,925,2023,3,23,23,0,0,0
25254,925,2023,4,21,17,4,0,1
25255,925,2023,5,21,18,1,2,4
25256,925,2023,6,23,23,0,0,4
25257,925,2023,7,23,17,4,2,4
25258,925,2023,8,21,16,3,2,5
25259,925,2023,9,23,18,4,1,3
25260,925,2023,10,20,17,2,1,0
25261,925,2023,11,21,16,3,2,6
25262,925,2023,12,23,20,1,2,0
25263,925,2024,1,20,15,4,1,1
25264,925,2024,2,20,16,3,1,2
25265,925,2024,3,22,17,3,2,1
25266,925,2024,4,20,19,0,1,5
25267,925,2024,5,20,18,2,0,5
25268,925,2024,6,23,21,0,2,0
25269,925,2024,7,22,18,4,0,1
25270,925,2024,8,21,20,1,0,8
25271,925,2024,9,23,22,0,1,1
25272,925,2024,10,20,19,0,1,0
25273,925,2024,11,21,19,0,2,2
25274,925,2024,12,20,17,3,0,5
25275,925,2025,1,21,17,4,0,6
25276,925,2025,2,21,19,1,1,5
25277,925,2025,3,20,19,1,0,2
25278,925,2025,4,21,18,1,2,5
25279,925,2025,5,22,21,0,1,1
25280,925,2025,6,22,20,0,2,4
25281,925,2025,7,21,18,1,2,7
25282,925,2025,8,21,16,3,2,3
25283,925,2025,9,22,19,3,0,6
25284,925,2025,10,22,18,3,1,7
25285,925,2025,11,20,14,4,2,6
25286,925,2025,12,20,19,0,1,1
25287,926,2022,2,21,19,1,1,7
25288,926,2022,3,22,20,1,1,4
25289,926,2022,4,23,22,1,0,0
25290,926,2022,5,23,20,1,2,2
25291,926,2022,6,20,16,3,1,6
25292,926,2022,7,20,15,3,2,4
25293,926,2022,8,22,22,0,0,8
25294,926,2022,9,21,19,2,0,2
25295,926,2022,10,23,21,0,2,7
25296,926,2022,11,23,20,1,2,7
25297,926,2022,12,22,18,4,0,5
25298,926,2023,1,21,19,2,0,8
25299,926,2023,2,20,18,0,2,5
25300,926,2023,3,21,18,1,2,3
25301,926,2023,4,20,19,1,0,6
25302,926,2023,5,23,19,2,2,3
25303,926,2023,6,20,16,4,0,0
25304,926,2023,7,20,15,3,2,6
25305,926,2023,8,23,22,1,0,2
25306,926,2023,9,23,17,4,2,4
25307,926,2023,10,21,18,1,2,1
25308,926,2023,11,20,17,3,0,1
25309,926,2023,12,20,17,2,1,1
25310,926,2024,1,20,16,4,0,0
25311,926,2024,2,23,19,2,2,3
25312,926,2024,3,23,19,3,1,7
25313,926,2024,4,22,20,2,0,1
25314,926,2024,5,23,21,0,2,3
25315,926,2024,6,20,15,3,2,5
25316,926,2024,7,21,18,2,1,0
25317,926,2024,8,22,18,4,0,4
25318,926,2024,9,20,18,2,0,8
25319,926,2024,10,20,15,3,2,7
25320,926,2024,11,21,15,4,2,6
25321,926,2024,12,21,18,2,1,8
25322,926,2025,1,20,18,2,0,3
25323,926,2025,2,22,20,0,2,2
25324,926,2025,3,21,17,3,1,0
25325,926,2025,4,22,20,2,0,4
25326,926,2025,5,21,18,3,0,6
25327,926,2025,6,23,20,2,1,1
25328,926,2025,7,21,18,3,0,8
25329,927,2021,6,20,19,0,1,3
25330,927,2021,7,22,19,2,1,7
25331,927,2021,8,20,19,0,1,1
25332,927,2021,9,22,16,4,2,4
25333,927,2021,10,21,19,2,0,2
25334,927,2021,11,22,17,3,2,5
25335,927,2021,12,21,16,4,1,0
25336,927,2022,1,23,23,0,0,3
25337,927,2022,2,21,21,0,0,0
25338,927,2022,3,22,19,1,2,8
25339,927,2022,4,21,16,4,1,3
25340,927,2022,5,21,20,1,0,1
25341,927,2022,6,20,18,0,2,3
25342,927,2022,7,20,17,2,1,1
25343,927,2022,8,20,20,0,0,4
25344,927,2022,9,23,22,1,0,1
25345,927,2022,10,23,21,1,1,5
25346,927,2022,11,21,19,2,0,5
25347,927,2022,12,22,21,1,0,1
25348,927,2023,1,23,22,0,1,0
25349,927,2023,2,21,17,3,1,5
25350,927,2023,3,22,19,2,1,2
25351,927,2023,4,22,19,3,0,3
25352,927,2023,5,23,19,2,2,1
25353,927,2023,6,20,17,2,1,7
25354,927,2023,7,22,19,2,1,6
25355,927,2023,8,22,17,3,2,5
25356,927,2023,9,22,21,0,1,4
25357,927,2023,10,21,21,0,0,0
25358,927,2023,11,20,16,2,2,6
25359,927,2023,12,22,19,3,0,4
25360,927,2024,1,21,19,1,1,4
25361,927,2024,2,20,18,0,2,8
25362,927,2024,3,22,22,0,0,4
25363,927,2024,4,20,15,3,2,4
25364,927,2024,5,23,18,3,2,0
25365,927,2024,6,20,19,0,1,3
25366,927,2024,7,23,19,3,1,7
25367,927,2024,8,21,19,1,1,5
25368,927,2024,9,23,20,2,1,3
25369,927,2024,10,21,18,3,0,1
25370,927,2024,11,20,16,4,0,5
25371,927,2024,12,20,15,4,1,4
25372,927,2025,1,23,20,2,1,3
25373,927,2025,2,20,17,1,2,2
25374,927,2025,3,23,21,1,1,0
25375,927,2025,4,20,19,0,1,8
25376,927,2025,5,23,21,1,1,0
25377,927,2025,6,22,19,1,2,2
25378,927,2025,7,21,17,2,2,4
25379,927,2025,8,22,21,0,1,2
25380,927,2025,9,20,17,2,1,7
25381,927,2025,10,23,18,3,2,5
25382,927,2025,11,21,16,3,2,0
25383,927,2025,12,21,19,0,2,4
25384,928,2022,12,23,20,2,1,6
25385,928,2023,1,23,21,0,2,2
25386,928,2023,2,23,20,1,2,1
25387,928,2023,3,20,15,3,2,5
25388,928,2023,4,20,15,3,2,0
25389,928,2023,5,20,20,0,0,0
25390,928,2023,6,23,23,0,0,7
25391,928,2023,7,22,19,1,2,3
25392,928,2023,8,23,19,2,2,1
25393,928,2023,9,22,21,1,0,2
25394,928,2023,10,20,17,1,2,4
25395,928,2023,11,22,20,2,0,6
25396,928,2023,12,23,22,1,0,8
25397,928,2024,1,21,18,2,1,0
25398,928,2024,2,20,18,2,0,4
25399,928,2024,3,23,20,3,0,6
25400,928,2024,4,22,19,3,0,4
25401,928,2024,5,20,20,0,0,0
25402,928,2024,6,21,18,2,1,3
25403,928,2024,7,22,18,4,0,2
25404,928,2024,8,20,17,3,0,7
25405,928,2024,9,22,18,4,0,6
25406,928,2024,10,20,18,0,2,7
25407,928,2024,11,22,17,3,2,0
25408,928,2024,12,20,19,1,0,6
25409,928,2025,1,23,23,0,0,7
25410,928,2025,2,21,20,0,1,3
25411,928,2025,3,21,19,1,1,6
25412,928,2025,4,22,22,0,0,5
25413,928,2025,5,22,20,1,1,1
25414,928,2025,6,20,17,3,0,6
25415,928,2025,7,22,18,3,1,2
25416,928,2025,8,22,20,0,2,3
25417,928,2025,9,21,19,2,0,0
25418,928,2025,10,22,20,1,1,6
25419,928,2025,11,22,19,2,1,0
25420,928,2025,12,20,14,4,2,3
25421,929,2021,10,21,19,0,2,5
25422,929,2021,11,20,18,0,2,1
25423,929,2021,12,23,22,0,1,6
25424,929,2022,1,22,18,2,2,5
25425,929,2022,2,23,19,4,0,0
25426,929,2022,3,23,22,1,0,4
25427,929,2022,4,21,19,1,1,0
25428,929,2022,5,23,22,0,1,6
25429,929,2022,6,22,18,3,1,1
25430,929,2022,7,22,17,3,2,2
25431,929,2022,8,22,19,2,1,8
25432,929,2022,9,23,22,0,1,7
25433,929,2022,10,23,22,1,0,0
25434,929,2022,11,22,19,3,0,3
25435,929,2022,12,21,17,3,1,2
25436,929,2023,1,20,19,1,0,3
25437,929,2023,2,22,21,0,1,4
25438,929,2023,3,23,23,0,0,2
25439,929,2023,4,21,18,2,1,3
25440,929,2023,5,20,17,3,0,1
25441,929,2023,6,20,18,1,1,3
25442,929,2023,7,23,20,2,1,5
25443,929,2023,8,22,20,2,0,8
25444,929,2023,9,21,17,4,0,7
25445,929,2023,10,21,19,2,0,7
25446,929,2023,11,23,18,4,1,7
25447,929,2023,12,23,17,4,2,0
25448,929,2024,1,22,19,3,0,2
25449,929,2024,2,20,19,0,1,8
25450,929,2024,3,22,19,1,2,7
25451,929,2024,4,21,15,4,2,8
25452,929,2024,5,22,18,4,0,7
25453,929,2024,6,21,19,0,2,5
25454,929,2024,7,21,18,3,0,0
25455,929,2024,8,22,16,4,2,5
25456,929,2024,9,22,19,1,2,6
25457,929,2024,10,23,18,3,2,8
25458,929,2024,11,22,19,1,2,3
25459,930,2021,7,23,20,2,1,0
25460,930,2021,8,21,19,1,1,4
25461,930,2021,9,20,15,4,1,4
25462,930,2021,10,22,19,1,2,7
25463,930,2021,11,23,21,0,2,6
25464,930,2021,12,21,17,3,1,7
25465,930,2022,1,21,16,3,2,1
25466,930,2022,2,23,19,4,0,4
25467,930,2022,3,21,16,3,2,4
25468,930,2022,4,22,19,1,2,4
25469,930,2022,5,21,19,2,0,1
25470,930,2022,6,20,16,2,2,0
25471,930,2022,7,22,20,2,0,7
25472,930,2022,8,21,18,2,1,5
25473,930,2022,9,23,18,3,2,0
25474,930,2022,10,23,21,2,0,0
25475,930,2022,11,23,23,0,0,4
25476,930,2022,12,20,16,2,2,0
25477,930,2023,1,20,14,4,2,2
25478,931,2021,5,21,19,1,1,8
25479,931,2021,6,21,15,4,2,3
25480,931,2021,7,21,15,4,2,0
25481,931,2021,8,21,19,1,1,1
25482,931,2021,9,21,20,1,0,4
25483,931,2021,10,23,19,4,0,0
25484,931,2021,11,23,19,4,0,3
25485,931,2021,12,22,16,4,2,3
25486,931,2022,1,21,17,3,1,3
25487,931,2022,2,20,17,2,1,3
25488,931,2022,3,21,17,4,0,1
25489,931,2022,4,21,17,2,2,3
25490,931,2022,5,21,19,2,0,1
25491,931,2022,6,23,23,0,0,8
25492,931,2022,7,22,19,1,2,6
25493,931,2022,8,22,17,3,2,8
25494,931,2022,9,22,17,4,1,0
25495,931,2022,10,20,20,0,0,6
25496,931,2022,11,22,17,3,2,0
25497,931,2022,12,20,15,3,2,3
25498,931,2023,1,22,16,4,2,4
25499,931,2023,2,23,20,2,1,2
25500,931,2023,3,23,18,4,1,5
25501,931,2023,4,21,20,0,1,6
25502,931,2023,5,23,19,4,0,4
25503,931,2023,6,22,19,3,0,7
25504,931,2023,7,20,19,0,1,2
25505,931,2023,8,21,19,0,2,7
25506,931,2023,9,21,17,2,2,3
25507,931,2023,10,21,17,2,2,8
25508,931,2023,11,20,17,1,2,3
25509,931,2023,12,21,15,4,2,3
25510,931,2024,1,23,23,0,0,5
25511,931,2024,2,21,16,3,2,1
25512,931,2024,3,23,21,1,1,7
25513,931,2024,4,20,19,1,0,0
25514,931,2024,5,22,18,2,2,4
25515,932,2022,5,23,18,3,2,8
25516,932,2022,6,22,17,4,1,6
25517,932,2022,7,20,14,4,2,4
25518,932,2022,8,20,16,3,1,0
25519,932,2022,9,21,19,0,2,3
25520,932,2022,10,22,20,0,2,5
25521,932,2022,11,21,19,2,0,0
25522,932,2022,12,21,18,2,1,3
25523,932,2023,1,20,17,3,0,0
25524,932,2023,2,23,19,2,2,4
25525,932,2023,3,23,19,3,1,4
25526,932,2023,4,22,19,2,1,3
25527,932,2023,5,23,20,2,1,7
25528,932,2023,6,21,20,1,0,8
25529,932,2023,7,22,16,4,2,8
25530,932,2023,8,20,18,2,0,3
25531,932,2023,9,22,17,4,1,3
25532,932,2023,10,21,19,2,0,1
25533,932,2023,11,21,18,1,2,3
25534,932,2023,12,23,21,1,1,5
25535,932,2024,1,22,21,1,0,0
25536,932,2024,2,23,23,0,0,3
25537,932,2024,3,21,18,3,0,5
25538,932,2024,4,20,17,3,0,4
25539,932,2024,5,22,19,3,0,7
25540,932,2024,6,22,18,2,2,0
25541,932,2024,7,21,19,1,1,4
25542,932,2024,8,23,21,1,1,2
25543,932,2024,9,20,19,1,0,5
25544,932,2024,10,21,17,4,0,3
25545,932,2024,11,23,17,4,2,0
25546,932,2024,12,23,19,2,2,4
25547,932,2025,1,20,15,3,2,4
25548,932,2025,2,22,21,1,0,8
25549,932,2025,3,23,19,2,2,7
25550,932,2025,4,20,17,3,0,2
25551,932,2025,5,21,19,1,1,0
25552,932,2025,6,23,21,1,1,5
25553,932,2025,7,20,17,2,1,8
25554,932,2025,8,23,19,2,2,1
25555,932,2025,9,20,18,0,2,6
25556,932,2025,10,22,17,3,2,0
25557,932,2025,11,20,17,3,0,5
25558,932,2025,12,23,19,4,0,0
25559,933,2024,10,20,19,1,0,6
25560,933,2024,11,20,19,0,1,2
25561,933,2024,12,23,18,4,1,6
25562,933,2025,1,20,16,2,2,6
25563,933,2025,2,20,18,2,0,2
25564,933,2025,3,23,17,4,2,1
25565,933,2025,4,23,20,2,1,2
25566,933,2025,5,22,19,2,1,2
25567,933,2025,6,23,22,1,0,2
25568,933,2025,7,20,15,4,1,0
25569,933,2025,8,20,20,0,0,2
25570,933,2025,9,21,15,4,2,2
25571,933,2025,10,20,18,2,0,0
25572,933,2025,11,20,16,4,0,8
25573,933,2025,12,20,19,0,1,2
25574,934,2023,10,20,14,4,2,5
25575,934,2023,11,23,21,2,0,7
25576,934,2023,12,21,20,1,0,7
25577,934,2024,1,21,15,4,2,1
25578,934,2024,2,21,19,1,1,8
25579,934,2024,3,21,19,0,2,7
25580,934,2024,4,21,16,3,2,4
25581,934,2024,5,23,21,2,0,2
25582,934,2024,6,22,20,1,1,1
25583,934,2024,7,21,19,0,2,7
25584,934,2024,8,21,19,2,0,5
25585,934,2024,9,21,19,2,0,6
25586,934,2024,10,23,22,1,0,0
25587,934,2024,11,21,18,2,1,1
25588,934,2024,12,23,23,0,0,3
25589,934,2025,1,21,17,4,0,7
25590,934,2025,2,21,17,2,2,0
25591,934,2025,3,23,17,4,2,7
25592,934,2025,4,20,18,0,2,4
25593,934,2025,5,23,21,2,0,1
25594,934,2025,6,23,18,4,1,0
25595,934,2025,7,21,18,3,0,2
25596,934,2025,8,20,17,2,1,7
25597,934,2025,9,23,17,4,2,2
25598,934,2025,10,20,17,2,1,6
25599,934,2025,11,21,19,1,1,4
25600,934,2025,12,20,14,4,2,2
25601,935,2021,12,21,18,1,2,4
25602,935,2022,1,20,16,4,0,4
25603,935,2022,2,20,19,0,1,6
25604,935,2022,3,20,16,4,0,5
25605,935,2022,4,21,18,3,0,1
25606,935,2022,5,21,19,2,0,3
25607,935,2022,6,23,22,1,0,5
25608,935,2022,7,23,20,3,0,1
25609,935,2022,8,22,18,3,1,6
25610,935,2022,9,23,19,4,0,1
25611,935,2022,10,22,20,0,2,4
25612,935,2022,11,22,18,4,0,1
25613,935,2022,12,20,15,3,2,0
25614,935,2023,1,21,19,1,1,7
25615,935,2023,2,23,20,2,1,6
25616,935,2023,3,23,20,2,1,4
25617,935,2023,4,21,21,0,0,1
25618,935,2023,5,23,22,0,1,7
25619,935,2023,6,23,20,2,1,8
25620,935,2023,7,22,21,1,0,6
25621,935,2023,8,23,20,3,0,1
25622,935,2023,9,22,19,3,0,5
25623,935,2023,10,21,16,3,2,8
25624,935,2023,11,22,18,2,2,8
25625,935,2023,12,23,17,4,2,5
25626,935,2024,1,20,19,0,1,7
25627,935,2024,2,23,22,1,0,8
25628,935,2024,3,22,19,1,2,5
25629,935,2024,4,23,19,3,1,5
25630,935,2024,5,20,18,2,0,6
25631,935,2024,6,23,21,1,1,6
25632,935,2024,7,20,17,2,1,0
25633,935,2024,8,21,19,0,2,1
25634,935,2024,9,22,19,2,1,8
25635,935,2024,10,20,16,4,0,2
25636,935,2024,11,23,19,4,0,6
25637,935,2024,12,23,20,2,1,1
25638,935,2025,1,23,21,2,0,4
25639,935,2025,2,20,15,3,2,2
25640,935,2025,3,23,18,3,2,2
25641,935,2025,4,20,16,3,1,2
25642,935,2025,5,20,18,0,2,5
25643,935,2025,6,23,18,4,1,4
25644,935,2025,7,21,21,0,0,5
25645,935,2025,8,20,15,3,2,1
25646,935,2025,9,20,19,0,1,7
25647,935,2025,10,21,18,3,0,0
25648,935,2025,11,20,17,2,1,4
25649,935,2025,12,23,18,3,2,4
25650,936,2025,3,22,21,0,1,5
25651,936,2025,4,21,19,0,2,7
25652,936,2025,5,22,22,0,0,7
25653,936,2025,6,21,16,3,2,4
25654,936,2025,7,23,17,4,2,8
25655,936,2025,8,22,21,1,0,7
25656,936,2025,9,22,16,4,2,4
25657,936,2025,10,21,20,1,0,4
25658,936,2025,11,20,16,2,2,0
25659,936,2025,12,21,19,0,2,2
25660,937,2021,11,20,16,2,2,2
25661,937,2021,12,23,20,2,1,5
25662,937,2022,1,21,20,1,0,3
25663,937,2022,2,20,16,4,0,8
25664,937,2022,3,20,17,1,2,3
25665,937,2022,4,21,18,2,1,0
25666,937,2022,5,23,21,1,1,4
25667,937,2022,6,20,18,0,2,5
25668,937,2022,7,23,21,2,0,3
25669,937,2022,8,20,17,1,2,8
25670,937,2022,9,20,19,1,0,0
25671,937,2022,10,21,20,1,0,5
25672,937,2022,11,22,18,2,2,4
25673,937,2022,12,21,18,2,1,4
25674,937,2023,1,23,20,3,0,1
25675,937,2023,2,20,17,2,1,6
25676,937,2023,3,20,15,4,1,0
25677,937,2023,4,21,19,1,1,1
25678,937,2023,5,22,21,1,0,2
25679,937,2023,6,21,17,3,1,0
25680,937,2023,7,20,18,0,2,6
25681,937,2023,8,22,16,4,2,2
25682,937,2023,9,23,19,2,2,0
25683,937,2023,10,21,17,2,2,0
25684,937,2023,11,22,22,0,0,4
25685,937,2023,12,23,20,2,1,1
25686,937,2024,1,21,20,0,1,8
25687,937,2024,2,20,18,2,0,7
25688,937,2024,3,23,22,0,1,1
25689,937,2024,4,21,20,1,0,2
25690,937,2024,5,21,20,1,0,5
25691,937,2024,6,22,19,2,1,1
25692,937,2024,7,23,20,2,1,8
25693,937,2024,8,20,16,2,2,6
25694,937,2024,9,22,16,4,2,0
25695,937,2024,10,20,15,4,1,4
25696,937,2024,11,21,17,4,0,0
25697,937,2024,12,23,19,3,1,8
25698,937,2025,1,20,16,3,1,0
25699,937,2025,2,20,16,3,1,8
25700,937,2025,3,23,22,0,1,3
25701,937,2025,4,22,17,4,1,0
25702,937,2025,5,21,18,3,0,8
25703,937,2025,6,22,21,0,1,0
25704,937,2025,7,20,19,1,0,8
25705,937,2025,8,22,20,0,2,5
25706,937,2025,9,23,21,2,0,8
25707,938,2023,11,23,17,4,2,0
25708,938,2023,12,20,16,3,1,4
25709,938,2024,1,22,20,2,0,2
25710,938,2024,2,23,19,3,1,8
25711,938,2024,3,21,16,4,1,7
25712,938,2024,4,22,21,1,0,2
25713,938,2024,5,23,21,2,0,4
25714,938,2024,6,20,18,0,2,7
25715,938,2024,7,21,17,4,0,8
25716,938,2024,8,21,18,3,0,5
25717,938,2024,9,23,19,4,0,8
25718,938,2024,10,21,20,0,1,8
25719,938,2024,11,20,20,0,0,3
25720,938,2024,12,20,17,2,1,8
25721,938,2025,1,22,18,4,0,2
25722,938,2025,2,22,19,2,1,4
25723,938,2025,3,21,19,2,0,8
25724,938,2025,4,23,22,1,0,5
25725,938,2025,5,22,20,0,2,1
25726,938,2025,6,21,17,4,0,7
25727,938,2025,7,22,18,4,0,1
25728,938,2025,8,21,20,0,1,7
25729,938,2025,9,22,19,1,2,7
25730,938,2025,10,20,20,0,0,7
25731,938,2025,11,23,23,0,0,3
25732,938,2025,12,21,16,4,1,7
25733,939,2025,11,22,19,1,2,5
25734,939,2025,12,21,16,3,2,8
25735,940,2025,7,22,20,0,2,2
25736,940,2025,8,20,20,0,0,5
25737,940,2025,9,23,22,0,1,4
25738,940,2025,10,20,18,0,2,1
25739,940,2025,11,20,17,2,1,7
25740,940,2025,12,22,20,1,1,5
25741,941,2025,7,20,18,0,2,7
25742,941,2025,8,22,19,2,1,1
25743,941,2025,9,21,15,4,2,7
25744,941,2025,10,23,18,3,2,8
25745,941,2025,11,21,17,3,1,5
25746,941,2025,12,21,19,0,2,1
25747,942,2025,6,22,18,4,0,8
25748,942,2025,7,22,19,1,2,8
25749,942,2025,8,21,16,4,1,3
25750,942,2025,9,23,22,0,1,1
25751,942,2025,10,22,17,3,2,6
25752,942,2025,11,21,16,3,2,3
25753,942,2025,12,21,18,3,0,2
25754,943,2025,1,20,16,2,2,8
25755,943,2025,2,21,16,4,1,3
25756,943,2025,3,21,19,0,2,8
25757,943,2025,4,23,18,4,1,5
25758,943,2025,5,20,16,3,1,5
25759,943,2025,6,21,19,2,0,5
25760,943,2025,7,22,21,1,0,3
25761,943,2025,8,20,20,0,0,8
25762,943,2025,9,21,21,0,0,5
25763,943,2025,10,23,19,4,0,3
25764,944,2023,7,22,19,2,1,8
25765,944,2023,8,20,17,3,0,5
25766,944,2023,9,21,15,4,2,0
25767,944,2023,10,20,15,3,2,8
25768,944,2023,11,21,18,2,1,8
25769,944,2023,12,20,16,2,2,2
25770,944,2024,1,22,19,2,1,2
25771,944,2024,2,23,18,3,2,5
25772,944,2024,3,21,16,4,1,7
25773,944,2024,4,20,18,1,1,6
25774,944,2024,5,22,20,2,0,7
25775,944,2024,6,20,14,4,2,7
25776,944,2024,7,22,17,4,1,1
25777,944,2024,8,20,15,4,1,4
25778,944,2024,9,20,17,2,1,3
25779,944,2024,10,20,18,1,1,6
25780,944,2024,11,21,21,0,0,8
25781,944,2024,12,21,17,3,1,6
25782,944,2025,1,21,17,4,0,5
25783,944,2025,2,23,18,4,1,0
25784,944,2025,3,20,16,4,0,5
25785,944,2025,4,23,19,4,0,7
25786,944,2025,5,22,16,4,2,1
25787,944,2025,6,20,17,1,2,4
25788,944,2025,7,22,22,0,0,5
25789,944,2025,8,21,15,4,2,1
25790,944,2025,9,20,14,4,2,3
25791,944,2025,10,20,14,4,2,1
25792,944,2025,11,21,19,1,1,2
25793,944,2025,12,21,16,4,1,5
25794,945,2022,9,22,18,4,0,8
25795,945,2022,10,23,19,3,1,1
25796,945,2022,11,22,18,3,1,1
25797,945,2022,12,21,17,3,1,2
25798,945,2023,1,21,17,4,0,0
25799,945,2023,2,21,19,0,2,7
25800,945,2023,3,22,22,0,0,1
25801,945,2023,4,21,19,0,2,0
25802,945,2023,5,20,19,0,1,6
25803,945,2023,6,23,19,4,0,4
25804,945,2023,7,21,16,3,2,3
25805,945,2023,8,23,20,2,1,1
25806,945,2023,9,20,16,3,1,3
25807,945,2023,10,20,18,2,0,7
25808,945,2023,11,22,21,1,0,5
25809,945,2023,12,21,19,0,2,4
25810,945,2024,1,22,18,4,0,5
25811,945,2024,2,22,19,1,2,4
25812,945,2024,3,23,22,0,1,8
25813,945,2024,4,21,17,3,1,3
25814,945,2024,5,22,17,3,2,6
25815,945,2024,6,21,20,1,0,7
25816,945,2024,7,23,21,1,1,5
25817,945,2024,8,21,18,1,2,8
25818,945,2024,9,20,17,2,1,5
25819,945,2024,10,20,15,3,2,7
25820,945,2024,11,20,17,3,0,8
25821,945,2024,12,22,19,2,1,0
25822,945,2025,1,22,21,0,1,4
25823,945,2025,2,23,20,2,1,8
25824,945,2025,3,22,17,4,1,6
25825,945,2025,4,22,21,1,0,5
25826,945,2025,5,22,17,3,2,4
25827,945,2025,6,20,18,2,0,2
25828,945,2025,7,23,20,3,0,5
25829,945,2025,8,20,16,3,1,3
25830,945,2025,9,21,21,0,0,7
25831,945,2025,10,22,18,3,1,7
25832,945,2025,11,20,17,1,2,7
25833,945,2025,12,23,19,3,1,0
25834,946,2022,3,23,19,4,0,4
25835,946,2022,4,22,17,4,1,6
25836,946,2022,5,21,19,2,0,8
25837,946,2022,6,23,20,2,1,3
25838,946,2022,7,21,18,3,0,8
25839,946,2022,8,20,17,3,0,3
25840,946,2022,9,22,21,1,0,5
25841,946,2022,10,21,16,4,1,6
25842,946,2022,11,20,16,3,1,2
25843,946,2022,12,22,20,0,2,2
25844,946,2023,1,21,16,4,1,6
25845,946,2023,2,23,22,0,1,2
25846,946,2023,3,22,16,4,2,7
25847,946,2023,4,22,18,3,1,5
25848,946,2023,5,21,20,1,0,1
25849,946,2023,6,21,17,3,1,7
25850,946,2023,7,23,21,1,1,1
25851,946,2023,8,21,18,1,2,7
25852,946,2023,9,20,16,2,2,0
25853,947,2023,7,22,16,4,2,8
25854,947,2023,8,20,18,1,1,8
25855,947,2023,9,22,19,3,0,3
25856,947,2023,10,23,21,2,0,1
25857,947,2023,11,23,22,1,0,3
25858,947,2023,12,23,22,1,0,2
25859,947,2024,1,21,18,1,2,0
25860,947,2024,2,22,21,0,1,1
25861,947,2024,3,21,16,4,1,6
25862,947,2024,4,22,19,3,0,5
25863,947,2024,5,20,16,3,1,5
25864,947,2024,6,23,18,4,1,2
25865,947,2024,7,23,20,2,1,2
25866,947,2024,8,21,18,1,2,1
25867,947,2024,9,20,19,0,1,8
25868,947,2024,10,20,19,1,0,5
25869,947,2024,11,22,18,4,0,2
25870,947,2024,12,22,19,1,2,3
25871,947,2025,1,22,20,2,0,3
25872,947,2025,2,22,19,1,2,7
25873,947,2025,3,20,16,4,0,3
25874,947,2025,4,23,18,3,2,1
25875,947,2025,5,20,17,2,1,2
25876,947,2025,6,20,15,4,1,0
25877,947,2025,7,20,20,0,0,2
25878,947,2025,8,21,21,0,0,5
25879,947,2025,9,21,15,4,2,8
25880,947,2025,10,22,22,0,0,5
25881,947,2025,11,20,15,3,2,3
25882,947,2025,12,21,17,2,2,1
25883,948,2023,1,20,17,2,1,5
25884,948,2023,2,21,20,0,1,5
25885,948,2023,3,21,15,4,2,0
25886,948,2023,4,23,21,0,2,4
25887,948,2023,5,21,19,2,0,2
25888,948,2023,6,22,19,2,1,0
25889,948,2023,7,23,19,3,1,8
25890,948,2023,8,20,18,1,1,2
25891,948,2023,9,22,20,1,1,2
25892,948,2023,10,23,23,0,0,2
25893,948,2023,11,22,22,0,0,5
25894,948,2023,12,20,17,3,0,2
25895,948,2024,1,22,21,0,1,5
25896,948,2024,2,23,22,1,0,0
25897,948,2024,3,21,17,3,1,0
25898,948,2024,4,21,15,4,2,7
25899,948,2024,5,20,19,1,0,0
25900,948,2024,6,23,18,3,2,6
25901,948,2024,7,22,19,1,2,6
25902,948,2024,8,22,17,4,1,3
25903,948,2024,9,21,20,1,0,3
25904,948,2024,10,23,20,2,1,5
25905,948,2024,11,23,21,2,0,7
25906,948,2024,12,22,22,0,0,7
25907,948,2025,1,21,19,0,2,0
25908,948,2025,2,20,16,2,2,1
25909,948,2025,3,22,22,0,0,4
25910,948,2025,4,21,17,2,2,2
25911,948,2025,5,21,18,1,2,1
25912,948,2025,6,21,18,2,1,0
25913,948,2025,7,23,18,4,1,3
25914,948,2025,8,21,21,0,0,0
25915,948,2025,9,22,20,1,1,0
25916,948,2025,10,23,22,1,0,0
25917,948,2025,11,20,16,4,0,7
25918,948,2025,12,22,19,1,2,1
25919,949,2024,9,23,19,4,0,1
25920,949,2024,10,23,21,2,0,6
25921,949,2024,11,21,20,1,0,6
25922,949,2024,12,23,19,4,0,2
25923,949,2025,1,23,22,1,0,5
25924,949,2025,2,22,19,3,0,4
25925,949,2025,3,21,18,1,2,8
25926,949,2025,4,21,16,3,2,3
25927,949,2025,5,20,20,0,0,2
25928,949,2025,6,22,21,1,0,7
25929,949,2025,7,22,18,3,1,3
25930,950,2023,2,20,16,3,1,2
25931,950,2023,3,22,18,2,2,3
25932,950,2023,4,21,19,2,0,2
25933,950,2023,5,22,17,3,2,8
25934,950,2023,6,23,22,0,1,5
25935,950,2023,7,23,19,2,2,8
25936,950,2023,8,22,20,0,2,3
25937,950,2023,9,21,16,3,2,6
25938,950,2023,10,21,18,3,0,0
25939,950,2023,11,23,21,0,2,4
25940,950,2023,12,20,17,3,0,5
25941,950,2024,1,22,18,2,2,8
25942,950,2024,2,20,17,2,1,8
25943,950,2024,3,23,21,1,1,5
25944,950,2024,4,23,22,1,0,2
25945,950,2024,5,20,17,1,2,7
25946,950,2024,6,20,17,2,1,8
25947,950,2024,7,23,20,1,2,8
25948,950,2024,8,22,21,0,1,7
25949,950,2024,9,20,17,3,0,7
25950,950,2024,10,22,17,3,2,7
25951,950,2024,11,21,18,1,2,0
25952,950,2024,12,21,21,0,0,5
25953,950,2025,1,23,20,1,2,2
25954,950,2025,2,23,21,0,2,4
25955,950,2025,3,22,20,1,1,2
25956,950,2025,4,22,18,4,0,5
25957,950,2025,5,21,20,1,0,3
25958,950,2025,6,21,21,0,0,8
25959,950,2025,7,20,17,3,0,8
25960,950,2025,8,21,16,3,2,0
25961,950,2025,9,23,20,3,0,4
25962,950,2025,10,20,17,1,2,8
25963,950,2025,11,22,20,0,2,8
25964,950,2025,12,20,17,1,2,5
25965,951,2025,2,20,19,1,0,5
25966,951,2025,3,20,16,3,1,6
25967,951,2025,4,22,17,4,1,6
25968,951,2025,5,23,21,2,0,4
25969,951,2025,6,21,17,2,2,5
25970,951,2025,7,23,17,4,2,7
25971,951,2025,8,22,19,1,2,6
25972,951,2025,9,23,20,2,1,0
25973,951,2025,10,20,17,2,1,8
25974,951,2025,11,20,16,3,1,7
25975,952,2022,7,21,18,1,2,2
25976,952,2022,8,22,18,4,0,1
25977,952,2022,9,23,20,1,2,8
25978,952,2022,10,21,18,1,2,4
25979,952,2022,11,22,19,3,0,8
25980,952,2022,12,22,18,3,1,0
25981,952,2023,1,22,20,0,2,1
25982,952,2023,2,20,18,1,1,3
25983,952,2023,3,20,14,4,2,3
25984,952,2023,4,22,18,3,1,5
25985,952,2023,5,23,21,2,0,6
25986,952,2023,6,23,21,0,2,6
25987,952,2023,7,23,22,0,1,8
25988,952,2023,8,21,19,0,2,0
25989,952,2023,9,20,14,4,2,7
25990,952,2023,10,22,18,4,0,7
25991,952,2023,11,21,15,4,2,5
25992,952,2023,12,23,22,0,1,6
25993,952,2024,1,21,16,3,2,0
25994,952,2024,2,22,21,1,0,1
25995,952,2024,3,21,20,0,1,3
25996,952,2024,4,23,20,2,1,0
25997,952,2024,5,20,19,1,0,7
25998,952,2024,6,21,18,3,0,5
25999,952,2024,7,22,19,2,1,3
26000,952,2024,8,21,19,1,1,6
26001,953,2021,9,23,23,0,0,8
26002,953,2021,10,22,16,4,2,6
26003,953,2021,11,21,19,2,0,6
26004,953,2021,12,23,18,4,1,7
26005,953,2022,1,23,23,0,0,1
26006,953,2022,2,23,20,3,0,3
26007,953,2022,3,20,15,3,2,3
26008,953,2022,4,22,21,1,0,0
26009,953,2022,5,21,18,2,1,5
26010,953,2022,6,21,18,2,1,5
26011,953,2022,7,20,19,1,0,7
26012,953,2022,8,23,19,3,1,1
26013,953,2022,9,21,17,2,2,2
26014,953,2022,10,22,19,3,0,6
26015,953,2022,11,23,23,0,0,6
26016,953,2022,12,21,20,1,0,2
26017,953,2023,1,21,18,1,2,2
26018,953,2023,2,23,19,3,1,0
26019,953,2023,3,21,17,2,2,0
26020,953,2023,4,23,22,0,1,7
26021,953,2023,5,21,17,3,1,8
26022,953,2023,6,20,18,2,0,7
26023,953,2023,7,22,21,0,1,0
26024,953,2023,8,22,19,3,0,3
26025,953,2023,9,23,21,2,0,0
26026,953,2023,10,21,19,0,2,2
26027,953,2023,11,22,17,4,1,6
26028,953,2023,12,23,21,2,0,3
26029,953,2024,1,22,21,0,1,5
26030,953,2024,2,22,18,4,0,5
26031,953,2024,3,20,16,2,2,2
26032,953,2024,4,23,18,3,2,7
26033,953,2024,5,21,15,4,2,7
26034,953,2024,6,20,18,1,1,1
26035,953,2024,7,21,18,3,0,6
26036,953,2024,8,21,18,3,0,1
26037,953,2024,9,20,16,3,1,7
26038,953,2024,10,20,16,4,0,0
26039,953,2024,11,22,19,1,2,4
26040,953,2024,12,22,19,1,2,6
26041,953,2025,1,22,18,4,0,2
26042,953,2025,2,21,18,3,0,8
26043,953,2025,3,22,17,3,2,1
26044,953,2025,4,20,18,1,1,8
26045,953,2025,5,22,18,2,2,6
26046,953,2025,6,20,18,1,1,2
26047,953,2025,7,20,20,0,0,3
26048,953,2025,8,22,17,4,1,1
26049,953,2025,9,20,16,4,0,2
26050,953,2025,10,23,19,2,2,3
26051,953,2025,11,21,19,2,0,5
26052,953,2025,12,22,21,0,1,8
26053,954,2023,11,20,15,4,1,3
26054,954,2023,12,20,17,1,2,0
26055,954,2024,1,20,15,3,2,4
26056,954,2024,2,23,19,3,1,8
26057,954,2024,3,21,20,0,1,5
26058,954,2024,4,23,19,3,1,3
26059,954,2024,5,23,23,0,0,5
26060,954,2024,6,20,16,2,2,6
26061,954,2024,7,23,19,4,0,8
26062,954,2024,8,22,21,0,1,4
26063,954,2024,9,22,19,2,1,6
26064,954,2024,10,22,18,4,0,2
26065,954,2024,11,21,19,1,1,6
26066,954,2024,12,21,17,4,0,6
26067,954,2025,1,23,18,3,2,3
26068,954,2025,2,20,15,4,1,6
26069,954,2025,3,20,16,3,1,0
26070,954,2025,4,23,18,3,2,5
26071,954,2025,5,22,18,3,1,8
26072,954,2025,6,22,20,2,0,1
26073,954,2025,7,20,20,0,0,0
26074,954,2025,8,20,15,4,1,4
26075,954,2025,9,21,19,1,1,4
26076,954,2025,10,20,20,0,0,4
26077,954,2025,11,22,20,1,1,2
26078,954,2025,12,23,22,1,0,1
26079,955,2023,9,20,20,0,0,8
26080,955,2023,10,20,20,0,0,7
26081,955,2023,11,20,19,1,0,1
26082,955,2023,12,22,19,3,0,3
26083,955,2024,1,22,21,1,0,7
26084,955,2024,2,23,21,1,1,3
26085,955,2024,3,20,19,0,1,4
26086,955,2024,4,23,22,0,1,6
26087,955,2024,5,21,20,1,0,1
26088,955,2024,6,20,14,4,2,5
26089,955,2024,7,22,20,0,2,3
26090,955,2024,8,20,20,0,0,7
26091,955,2024,9,20,18,2,0,6
26092,955,2024,10,22,20,1,1,1
26093,955,2024,11,23,20,1,2,4
26094,955,2024,12,23,17,4,2,3
26095,955,2025,1,21,17,3,1,3
26096,955,2025,2,20,18,0,2,6
26097,955,2025,3,21,16,3,2,6
26098,955,2025,4,22,20,0,2,7
26099,955,2025,5,22,18,4,0,3
26100,955,2025,6,20,14,4,2,5
26101,955,2025,7,20,16,3,1,5
26102,955,2025,8,23,17,4,2,8
26103,955,2025,9,21,20,0,1,2
26104,955,2025,10,22,20,0,2,3
26105,955,2025,11,22,20,0,2,1
26106,955,2025,12,21,20,0,1,1
26107,956,2024,10,23,22,0,1,6
26108,956,2024,11,22,17,4,1,2
26109,956,2024,12,23,19,2,2,4
26110,956,2025,1,23,20,3,0,7
26111,956,2025,2,23,19,3,1,8
26112,956,2025,3,23,19,3,1,7
26113,956,2025,4,21,17,3,1,4
26114,956,2025,5,20,18,0,2,7
26115,956,2025,6,23,19,3,1,0
26116,956,2025,7,22,21,0,1,1
26117,956,2025,8,22,19,3,0,3
26118,956,2025,9,23,21,2,0,2
26119,956,2025,10,23,21,2,0,3
26120,956,2025,11,20,16,4,0,7
26121,956,2025,12,23,20,1,2,7
26122,957,2021,2,20,17,2,1,6
26123,957,2021,3,21,15,4,2,0
26124,957,2021,4,20,15,4,1,6
26125,957,2021,5,23,20,1,2,1
26126,957,2021,6,22,18,2,2,0
26127,957,2021,7,23,23,0,0,3
26128,957,2021,8,23,22,1,0,3
26129,957,2021,9,20,15,4,1,0
26130,957,2021,10,23,21,2,0,3
26131,957,2021,11,20,17,2,1,5
26132,957,2021,12,22,20,0,2,8
26133,957,2022,1,21,20,0,1,2
26134,957,2022,2,22,16,4,2,4
26135,957,2022,3,20,18,1,1,7
26136,957,2022,4,22,16,4,2,4
26137,957,2022,5,22,18,4,0,0
26138,957,2022,6,22,18,4,0,3
26139,957,2022,7,22,16,4,2,2
26140,957,2022,8,23,18,4,1,1
26141,957,2022,9,20,18,2,0,8
26142,957,2022,10,22,22,0,0,7
26143,957,2022,11,23,20,2,1,5
26144,957,2022,12,20,16,2,2,3
26145,957,2023,1,22,18,4,0,1
26146,957,2023,2,20,15,3,2,7
26147,957,2023,3,21,19,2,0,1
26148,957,2023,4,20,19,1,0,1
26149,957,2023,5,22,17,3,2,8
26150,957,2023,6,21,15,4,2,4
26151,957,2023,7,20,16,3,1,7
26152,957,2023,8,22,21,0,1,2
26153,957,2023,9,21,19,2,0,7
26154,957,2023,10,22,16,4,2,3
26155,957,2023,11,22,20,0,2,1
26156,957,2023,12,20,19,0,1,5
26157,957,2024,1,23,19,4,0,2
26158,957,2024,2,21,20,1,0,7
26159,957,2024,3,21,18,3,0,7
26160,957,2024,4,21,18,1,2,8
26161,957,2024,5,22,17,3,2,3
26162,957,2024,6,20,19,1,0,4
26163,957,2024,7,22,22,0,0,7
26164,957,2024,8,20,14,4,2,2
26165,957,2024,9,22,19,2,1,5
26166,957,2024,10,21,19,1,1,6
26167,957,2024,11,20,17,2,1,1
26168,957,2024,12,22,20,2,0,4
26169,957,2025,1,20,18,1,1,1
26170,957,2025,2,21,17,4,0,7
26171,957,2025,3,20,18,1,1,7
26172,957,2025,4,21,19,0,2,3
26173,957,2025,5,20,20,0,0,8
26174,957,2025,6,21,16,3,2,0
26175,957,2025,7,20,19,0,1,1
26176,957,2025,8,22,20,2,0,5
26177,957,2025,9,20,16,4,0,5
26178,957,2025,10,21,18,3,0,7
26179,957,2025,11,21,19,0,2,0
26180,957,2025,12,20,15,3,2,2
26181,958,2025,7,22,19,1,2,3
26182,958,2025,8,21,20,0,1,2
26183,958,2025,9,21,17,2,2,0
26184,958,2025,10,23,19,4,0,3
26185,958,2025,11,23,21,2,0,8
26186,958,2025,12,22,16,4,2,8
26187,959,2024,6,20,18,0,2,1
26188,959,2024,7,20,18,0,2,5
26189,959,2024,8,20,19,0,1,7
26190,959,2024,9,21,18,3,0,3
26191,959,2024,10,23,22,1,0,7
26192,959,2024,11,21,17,2,2,2
26193,959,2024,12,20,17,3,0,7
26194,959,2025,1,22,20,2,0,3
26195,959,2025,2,20,17,2,1,5
26196,959,2025,3,22,18,3,1,5
26197,959,2025,4,21,16,4,1,7
26198,959,2025,5,20,19,1,0,7
26199,959,2025,6,23,17,4,2,0
26200,959,2025,7,23,23,0,0,5
26201,959,2025,8,23,19,2,2,1
26202,959,2025,9,23,20,3,0,0
26203,959,2025,10,22,20,2,0,6
26204,959,2025,11,21,19,1,1,7
26205,959,2025,12,22,18,3,1,4
26206,960,2022,5,22,20,0,2,1
26207,960,2022,6,23,20,3,0,2
26208,960,2022,7,22,16,4,2,7
26209,960,2022,8,21,19,1,1,3
26210,960,2022,9,22,20,0,2,0
26211,960,2022,10,23,22,1,0,3
26212,960,2022,11,20,19,0,1,2
26213,960,2022,12,22,18,3,1,1
26214,960,2023,1,22,18,2,2,7
26215,960,2023,2,21,17,2,2,1
26216,960,2023,3,20,19,1,0,6
26217,960,2023,4,21,20,1,0,4
26218,960,2023,5,22,20,1,1,6
26219,960,2023,6,20,16,3,1,7
26220,960,2023,7,23,22,0,1,8
26221,960,2023,8,21,19,1,1,4
26222,960,2023,9,21,16,3,2,7
26223,960,2023,10,23,21,0,2,6
26224,960,2023,11,21,15,4,2,4
26225,960,2023,12,23,21,1,1,3
26226,960,2024,1,22,21,0,1,8
26227,960,2024,2,21,19,0,2,3
26228,960,2024,3,23,20,1,2,8
26229,960,2024,4,21,20,1,0,0
26230,960,2024,5,22,22,0,0,0
26231,960,2024,6,20,16,4,0,1
26232,960,2024,7,20,17,1,2,0
26233,960,2024,8,23,22,1,0,0
26234,960,2024,9,21,20,1,0,6
26235,960,2024,10,20,19,1,0,8
26236,960,2024,11,21,21,0,0,0
26237,960,2024,12,21,16,4,1,4
26238,960,2025,1,22,20,0,2,8
26239,960,2025,2,20,15,3,2,3
26240,961,2023,6,22,18,2,2,5
26241,961,2023,7,23,22,0,1,6
26242,961,2023,8,20,18,1,1,5
26243,961,2023,9,20,20,0,0,0
26244,961,2023,10,21,20,1,0,8
26245,961,2023,11,23,18,3,2,8
26246,961,2023,12,20,17,2,1,2
26247,961,2024,1,23,20,3,0,1
26248,961,2024,2,22,18,4,0,4
26249,961,2024,3,20,19,0,1,2
26250,961,2024,4,22,20,2,0,4
26251,961,2024,5,23,17,4,2,4
26252,962,2022,10,20,18,1,1,6
26253,962,2022,11,23,20,1,2,7
26254,962,2022,12,21,18,3,0,2
26255,962,2023,1,22,20,1,1,8
26256,962,2023,2,20,16,4,0,7
26257,962,2023,3,21,16,4,1,1
26258,962,2023,4,22,18,3,1,0
26259,962,2023,5,20,18,0,2,6
26260,962,2023,6,23,19,3,1,6
26261,962,2023,7,22,18,2,2,8
26262,962,2023,8,22,16,4,2,1
26263,962,2023,9,23,17,4,2,1
26264,962,2023,10,22,18,3,1,6
26265,962,2023,11,23,20,1,2,7
26266,962,2023,12,23,20,1,2,0
26267,962,2024,1,22,22,0,0,0
26268,962,2024,2,23,23,0,0,6
26269,962,2024,3,23,23,0,0,1
26270,962,2024,4,23,19,2,2,1
26271,962,2024,5,23,22,0,1,4
26272,962,2024,6,21,16,4,1,2
26273,962,2024,7,21,18,3,0,8
26274,962,2024,8,22,22,0,0,2
26275,962,2024,9,22,18,4,0,0
26276,962,2024,10,23,21,2,0,0
26277,962,2024,11,20,17,3,0,0
26278,962,2024,12,23,21,1,1,3
26279,962,2025,1,21,18,3,0,7
26280,962,2025,2,20,14,4,2,0
26281,962,2025,3,22,19,3,0,8
26282,962,2025,4,20,17,1,2,7
26283,962,2025,5,22,20,1,1,4
26284,962,2025,6,21,18,2,1,5
26285,962,2025,7,21,19,1,1,2
26286,962,2025,8,20,15,3,2,2
26287,962,2025,9,21,17,2,2,7
26288,962,2025,10,22,21,1,0,1
26289,962,2025,11,23,20,2,1,8
26290,962,2025,12,23,19,2,2,2
26291,963,2023,3,21,20,0,1,2
26292,963,2023,4,21,15,4,2,0
26293,963,2023,5,20,17,2,1,4
26294,963,2023,6,21,18,3,0,2
26295,964,2025,6,20,17,2,1,5
26296,964,2025,7,22,19,3,0,6
26297,964,2025,8,20,19,0,1,5
26298,964,2025,9,22,21,1,0,2
26299,964,2025,10,22,18,2,2,2
26300,964,2025,11,22,20,0,2,7
26301,964,2025,12,23,18,4,1,3
26302,965,2023,2,20,17,2,1,5
26303,965,2023,3,23,20,3,0,3
26304,965,2023,4,23,20,2,1,0
26305,965,2023,5,20,14,4,2,2
26306,965,2023,6,21,16,3,2,0
26307,965,2023,7,23,18,3,2,1
26308,965,2023,8,21,18,3,0,3
26309,965,2023,9,20,16,3,1,2
26310,965,2023,10,22,18,2,2,4
26311,965,2023,11,20,19,1,0,8
26312,965,2023,12,20,17,2,1,8
26313,965,2024,1,22,21,0,1,2
26314,965,2024,2,23,18,4,1,2
26315,965,2024,3,23,22,1,0,7
26316,965,2024,4,21,16,4,1,1
26317,965,2024,5,22,18,4,0,0
26318,965,2024,6,23,20,1,2,5
26319,965,2024,7,22,21,0,1,6
26320,965,2024,8,21,16,3,2,3
26321,965,2024,9,23,18,3,2,5
26322,965,2024,10,23,19,4,0,6
26323,965,2024,11,23,18,3,2,3
26324,965,2024,12,21,18,3,0,6
26325,965,2025,1,22,17,3,2,4
26326,965,2025,2,20,20,0,0,6
26327,965,2025,3,21,18,2,1,5
26328,965,2025,4,22,18,2,2,6
26329,965,2025,5,23,22,0,1,4
26330,965,2025,6,20,15,3,2,8
26331,965,2025,7,20,15,3,2,3
26332,965,2025,8,23,20,1,2,2
26333,965,2025,9,20,17,1,2,3
26334,965,2025,10,20,17,2,1,7
26335,965,2025,11,20,16,2,2,8
26336,966,2023,6,22,22,0,0,1
26337,966,2023,7,22,19,3,0,1
26338,966,2023,8,21,20,0,1,5
26339,966,2023,9,22,17,4,1,4
26340,966,2023,10,21,21,0,0,8
26341,966,2023,11,20,16,4,0,1
26342,966,2023,12,20,19,0,1,3
26343,966,2024,1,22,18,3,1,4
26344,966,2024,2,22,18,2,2,3
26345,966,2024,3,21,16,4,1,4
26346,967,2023,2,22,22,0,0,6
26347,967,2023,3,20,18,0,2,3
26348,967,2023,4,20,19,1,0,6
26349,967,2023,5,23,21,2,0,5
26350,967,2023,6,21,19,2,0,4
26351,967,2023,7,21,17,3,1,4
26352,967,2023,8,23,19,3,1,7
26353,967,2023,9,23,22,1,0,8
26354,967,2023,10,21,17,2,2,0
26355,967,2023,11,21,20,0,1,6
26356,967,2023,12,20,17,2,1,0
26357,967,2024,1,20,17,1,2,7
26358,967,2024,2,21,18,1,2,2
26359,967,2024,3,23,21,0,2,4
26360,967,2024,4,21,17,3,1,5
26361,967,2024,5,21,16,4,1,6
26362,967,2024,6,23,21,0,2,0
26363,967,2024,7,22,18,4,0,6
26364,967,2024,8,21,18,1,2,5
26365,967,2024,9,20,15,4,1,8
26366,967,2024,10,21,21,0,0,3
26367,967,2024,11,20,20,0,0,5
26368,967,2024,12,21,16,3,2,3
26369,967,2025,1,21,16,4,1,7
26370,967,2025,2,22,16,4,2,2
26371,967,2025,3,22,19,3,0,0
26372,967,2025,4,21,20,0,1,4
26373,967,2025,5,21,20,0,1,7
26374,967,2025,6,22,18,4,0,8
26375,967,2025,7,20,17,2,1,1
26376,967,2025,8,22,16,4,2,0
26377,967,2025,9,20,17,2,1,2
26378,967,2025,10,20,15,3,2,6
26379,967,2025,11,21,18,3,0,3
26380,967,2025,12,21,20,0,1,7
26381,968,2023,4,21,20,0,1,0
26382,968,2023,5,22,19,1,2,0
26383,968,2023,6,23,21,0,2,2
26384,968,2023,7,20,14,4,2,0
26385,968,2023,8,22,19,1,2,8
26386,968,2023,9,21,16,4,1,8
26387,968,2023,10,20,16,3,1,5
26388,968,2023,11,21,19,1,1,3
26389,968,2023,12,23,22,1,0,3
26390,968,2024,1,23,22,0,1,4
26391,968,2024,2,21,17,3,1,1
26392,968,2024,3,21,19,1,1,2
26393,968,2024,4,22,20,1,1,1
26394,968,2024,5,22,20,0,2,5
26395,968,2024,6,22,17,4,1,3
26396,968,2024,7,23,18,4,1,2
26397,968,2024,8,23,22,0,1,8
26398,968,2024,9,23,21,1,1,6
26399,968,2024,10,20,14,4,2,4
26400,968,2024,11,20,19,1,0,0
26401,968,2024,12,21,20,1,0,4
26402,968,2025,1,22,19,1,2,5
26403,968,2025,2,20,18,0,2,1
26404,968,2025,3,21,19,0,2,6
26405,968,2025,4,20,17,2,1,2
26406,968,2025,5,22,20,0,2,2
26407,968,2025,6,21,19,0,2,4
26408,968,2025,7,22,20,0,2,3
26409,968,2025,8,20,19,0,1,1
26410,968,2025,9,22,21,1,0,5
26411,968,2025,10,20,16,3,1,0
26412,968,2025,11,23,18,4,1,0
26413,968,2025,12,23,22,1,0,2
26414,969,2024,11,20,18,1,1,4
26415,969,2024,12,20,15,3,2,8
26416,969,2025,1,23,17,4,2,8
26417,969,2025,2,23,22,1,0,0
26418,969,2025,3,22,19,1,2,7
26419,969,2025,4,21,19,0,2,7
26420,969,2025,5,20,14,4,2,5
26421,969,2025,6,23,17,4,2,5
26422,969,2025,7,23,19,4,0,5
26423,969,2025,8,22,20,1,1,7
26424,969,2025,9,21,19,2,0,0
26425,969,2025,10,23,19,3,1,8
26426,969,2025,11,23,17,4,2,1
26427,969,2025,12,21,20,1,0,6
26428,970,2023,5,22,20,2,0,2
26429,970,2023,6,21,18,2,1,3
26430,970,2023,7,23,21,0,2,3
26431,970,2023,8,22,18,4,0,8
26432,970,2023,9,21,19,0,2,7
26433,970,2023,10,21,16,3,2,0
26434,970,2023,11,22,22,0,0,2
26435,970,2023,12,23,20,1,2,8
26436,970,2024,1,20,17,2,1,5
26437,970,2024,2,22,17,4,1,7
26438,970,2024,3,23,20,1,2,2
26439,970,2024,4,23,20,3,0,3
26440,970,2024,5,21,21,0,0,1
26441,970,2024,6,23,22,1,0,0
26442,970,2024,7,23,23,0,0,7
26443,970,2024,8,20,19,0,1,1
26444,970,2024,9,22,18,3,1,6
26445,970,2024,10,23,20,1,2,2
26446,970,2024,11,22,19,1,2,8
26447,970,2024,12,21,21,0,0,2
26448,970,2025,1,20,18,2,0,0
26449,970,2025,2,20,16,4,0,2
26450,970,2025,3,23,20,3,0,6
26451,970,2025,4,22,18,4,0,6
26452,970,2025,5,22,21,1,0,7
26453,970,2025,6,23,21,1,1,4
26454,970,2025,7,22,20,2,0,6
26455,970,2025,8,21,20,1,0,8
26456,970,2025,9,23,22,1,0,6
26457,970,2025,10,21,19,0,2,0
26458,970,2025,11,22,21,1,0,3
26459,970,2025,12,23,18,4,1,8
26460,971,2023,1,23,18,3,2,0
26461,971,2023,2,23,21,0,2,4
26462,971,2023,3,22,20,0,2,0
26463,971,2023,4,22,20,1,1,7
26464,971,2023,5,22,22,0,0,0
26465,971,2023,6,20,18,0,2,1
26466,971,2023,7,21,17,2,2,4
26467,971,2023,8,21,18,2,1,6
26468,971,2023,9,23,22,1,0,8
26469,971,2023,10,20,14,4,2,6
26470,971,2023,11,23,18,4,1,1
26471,971,2023,12,22,17,3,2,4
26472,971,2024,1,22,22,0,0,4
26473,971,2024,2,22,18,4,0,7
26474,971,2024,3,22,18,4,0,6
26475,971,2024,4,23,21,0,2,5
26476,971,2024,5,21,17,2,2,4
26477,971,2024,6,23,22,1,0,2
26478,971,2024,7,23,21,1,1,1
26479,971,2024,8,23,22,1,0,0
26480,971,2024,9,22,16,4,2,6
26481,971,2024,10,23,17,4,2,6
26482,971,2024,11,22,18,2,2,6
26483,971,2024,12,20,18,2,0,5
26484,971,2025,1,20,17,2,1,1
26485,971,2025,2,21,19,2,0,4
26486,971,2025,3,20,17,2,1,0
26487,971,2025,4,22,21,0,1,5
26488,971,2025,5,23,18,3,2,1
26489,971,2025,6,20,16,3,1,0
26490,971,2025,7,20,16,3,1,2
26491,971,2025,8,20,19,1,0,5
26492,971,2025,9,21,21,0,0,8
26493,971,2025,10,22,18,4,0,0
26494,971,2025,11,22,20,0,2,4
26495,971,2025,12,21,18,1,2,4
26496,972,2022,3,22,21,0,1,6
26497,972,2022,4,23,20,1,2,7
26498,972,2022,5,22,19,1,2,8
26499,972,2022,6,21,17,2,2,0
26500,972,2022,7,21,15,4,2,0
26501,972,2022,8,20,15,4,1,7
26502,972,2022,9,20,17,2,1,0
26503,972,2022,10,23,18,4,1,1
26504,972,2022,11,20,16,2,2,3
26505,972,2022,12,22,20,0,2,3
26506,972,2023,1,22,21,0,1,0
26507,972,2023,2,22,21,0,1,2
26508,972,2023,3,21,18,1,2,6
26509,972,2023,4,21,18,2,1,7
26510,972,2023,5,21,19,0,2,4
26511,972,2023,6,22,20,1,1,0
26512,972,2023,7,22,18,3,1,5
26513,972,2023,8,22,20,1,1,5
26514,972,2023,9,20,17,3,0,1
26515,972,2023,10,21,17,3,1,1
26516,972,2023,11,22,20,1,1,1
26517,972,2023,12,22,20,2,0,1
26518,972,2024,1,21,20,1,0,7
26519,972,2024,2,23,18,3,2,6
26520,972,2024,3,21,15,4,2,4
26521,972,2024,4,20,16,2,2,1
26522,972,2024,5,21,18,1,2,8
26523,972,2024,6,21,18,3,0,4
26524,972,2024,7,23,20,3,0,0
26525,972,2024,8,20,18,2,0,7
26526,972,2024,9,23,17,4,2,4
26527,972,2024,10,21,17,3,1,6
26528,972,2024,11,22,19,1,2,7
26529,972,2024,12,20,17,2,1,6
26530,972,2025,1,21,21,0,0,8
26531,972,2025,2,23,20,3,0,3
26532,972,2025,3,22,16,4,2,2
26533,972,2025,4,23,18,4,1,6
26534,972,2025,5,23,19,3,1,7
26535,972,2025,6,21,17,4,0,1
26536,972,2025,7,22,21,1,0,6
26537,972,2025,8,20,17,3,0,0
26538,972,2025,9,20,17,3,0,0
26539,972,2025,10,23,23,0,0,7
26540,972,2025,11,22,21,0,1,6
26541,972,2025,12,22,21,1,0,0
26542,973,2021,9,22,20,2,0,7
26543,973,2021,10,22,18,4,0,1
26544,973,2021,11,21,17,4,0,3
26545,973,2021,12,21,16,3,2,7
26546,973,2022,1,22,20,0,2,8
26547,973,2022,2,21,19,0,2,3
26548,973,2022,3,21,17,4,0,5
26549,973,2022,4,23,20,2,1,0
26550,973,2022,5,21,21,0,0,6
26551,973,2022,6,20,16,3,1,8
26552,973,2022,7,23,22,0,1,4
26553,973,2022,8,22,17,4,1,4
26554,973,2022,9,23,21,1,1,2
26555,973,2022,10,20,15,3,2,2
26556,973,2022,11,21,19,1,1,0
26557,973,2022,12,20,17,3,0,5
26558,973,2023,1,23,21,0,2,5
26559,973,2023,2,21,16,3,2,1
26560,973,2023,3,21,18,1,2,8
26561,973,2023,4,23,21,1,1,0
26562,973,2023,5,20,18,0,2,1
26563,973,2023,6,21,18,3,0,1
26564,973,2023,7,23,21,1,1,3
26565,973,2023,8,20,16,3,1,7
26566,973,2023,9,23,17,4,2,8
26567,973,2023,10,23,21,2,0,2
26568,973,2023,11,20,15,3,2,7
26569,973,2023,12,21,19,1,1,7
26570,973,2024,1,23,21,2,0,4
26571,973,2024,2,20,18,2,0,6
26572,973,2024,3,22,19,2,1,8
26573,973,2024,4,21,16,4,1,5
26574,973,2024,5,23,20,3,0,6
26575,973,2024,6,20,17,3,0,3
26576,973,2024,7,23,21,1,1,5
26577,973,2024,8,20,20,0,0,6
26578,973,2024,9,21,19,1,1,8
26579,973,2024,10,23,22,1,0,4
26580,973,2024,11,22,20,1,1,0
26581,973,2024,12,20,20,0,0,7
26582,973,2025,1,23,20,1,2,6
26583,973,2025,2,20,19,1,0,2
26584,973,2025,3,23,21,2,0,8
26585,973,2025,4,21,20,1,0,1
26586,973,2025,5,22,19,1,2,0
26587,973,2025,6,21,21,0,0,6
26588,973,2025,7,23,21,1,1,6
26589,973,2025,8,23,20,3,0,7
26590,973,2025,9,23,21,1,1,1
26591,973,2025,10,23,21,0,2,5
26592,973,2025,11,20,18,1,1,6
26593,973,2025,12,21,17,3,1,7
26594,974,2022,2,22,20,1,1,7
26595,974,2022,3,22,17,4,1,0
26596,974,2022,4,22,17,3,2,2
26597,974,2022,5,21,16,4,1,8
26598,974,2022,6,20,16,3,1,0
26599,974,2022,7,22,18,3,1,8
26600,974,2022,8,23,19,2,2,1
26601,974,2022,9,20,19,0,1,5
26602,974,2022,10,20,17,1,2,6
26603,974,2022,11,20,18,2,0,4
26604,974,2022,12,22,16,4,2,4
26605,974,2023,1,21,19,1,1,2
26606,974,2023,2,22,17,4,1,5
26607,974,2023,3,21,16,4,1,2
26608,974,2023,4,20,16,4,0,1
26609,974,2023,5,23,20,2,1,3
26610,974,2023,6,21,19,1,1,3
26611,974,2023,7,22,18,4,0,5
26612,974,2023,8,21,20,1,0,5
26613,974,2023,9,21,20,0,1,2
26614,974,2023,10,20,19,1,0,5
26615,974,2023,11,20,20,0,0,2
26616,974,2023,12,21,18,3,0,2
26617,974,2024,1,20,18,0,2,5
26618,974,2024,2,20,16,4,0,7
26619,974,2024,3,21,17,4,0,6
26620,974,2024,4,22,16,4,2,8
26621,974,2024,5,23,22,1,0,8
26622,974,2024,6,20,17,3,0,4
26623,974,2024,7,20,17,1,2,1
26624,974,2024,8,20,16,3,1,8
26625,974,2024,9,23,22,1,0,2
26626,974,2024,10,23,17,4,2,4
26627,974,2024,11,23,18,3,2,7
26628,974,2024,12,21,17,2,2,5
26629,974,2025,1,21,18,3,0,3
26630,974,2025,2,22,19,1,2,2
26631,974,2025,3,21,18,3,0,1
26632,974,2025,4,20,18,1,1,7
26633,974,2025,5,23,18,4,1,1
26634,974,2025,6,20,16,2,2,2
26635,974,2025,7,22,19,2,1,1
26636,974,2025,8,21,19,2,0,3
26637,974,2025,9,21,19,1,1,1
26638,974,2025,10,23,18,4,1,1
26639,974,2025,11,23,18,3,2,6
26640,974,2025,12,22,21,1,0,1
26641,975,2022,10,21,19,1,1,4
26642,975,2022,11,23,18,3,2,7
26643,975,2022,12,23,23,0,0,7
26644,975,2023,1,22,20,0,2,4
26645,975,2023,2,22,21,1,0,1
26646,975,2023,3,20,14,4,2,6
26647,975,2023,4,23,20,3,0,4
26648,975,2023,5,23,20,1,2,0
26649,975,2023,6,21,16,3,2,8
26650,975,2023,7,21,18,2,1,2
26651,975,2023,8,22,20,1,1,0
26652,975,2023,9,21,17,4,0,7
26653,975,2023,10,23,17,4,2,2
26654,975,2023,11,21,19,0,2,0
26655,975,2023,12,22,18,3,1,6
26656,975,2024,1,21,20,1,0,7
26657,975,2024,2,20,20,0,0,2
26658,975,2024,3,23,19,3,1,5
26659,975,2024,4,23,20,3,0,5
26660,975,2024,5,23,17,4,2,2
26661,975,2024,6,20,18,1,1,0
26662,975,2024,7,23,23,0,0,7
26663,975,2024,8,22,19,2,1,8
26664,975,2024,9,22,18,3,1,3
26665,975,2024,10,22,18,4,0,6
26666,975,2024,11,20,19,0,1,6
26667,975,2024,12,21,15,4,2,6
26668,975,2025,1,23,18,3,2,5
26669,975,2025,2,23,19,3,1,2
26670,975,2025,3,23,19,4,0,2
26671,975,2025,4,21,21,0,0,7
26672,975,2025,5,22,19,1,2,7
26673,975,2025,6,21,18,1,2,6
26674,975,2025,7,21,21,0,0,7
26675,975,2025,8,22,20,1,1,1
26676,975,2025,9,21,19,0,2,1
26677,975,2025,10,22,16,4,2,4
26678,975,2025,11,23,19,3,1,1
26679,975,2025,12,23,18,3,2,3
26680,976,2025,5,20,14,4,2,5
26681,976,2025,6,23,18,3,2,2
26682,976,2025,7,20,18,0,2,8
26683,976,2025,8,21,19,2,0,7
26684,976,2025,9,22,20,2,0,6
26685,976,2025,10,22,22,0,0,8
26686,976,2025,11,23,18,4,1,2
26687,976,2025,12,21,17,3,1,0
26688,977,2023,7,20,16,4,0,3
26689,977,2023,8,20,20,0,0,8
26690,977,2023,9,23,18,4,1,4
26691,977,2023,10,23,21,0,2,4
26692,977,2023,11,23,21,2,0,3
26693,977,2023,12,23,19,4,0,3
26694,977,2024,1,20,16,2,2,4
26695,977,2024,2,20,17,3,0,7
26696,977,2024,3,20,15,3,2,1
26697,977,2024,4,21,18,1,2,2
26698,977,2024,5,22,18,2,2,8
26699,977,2024,6,22,22,0,0,3
26700,977,2024,7,23,18,3,2,4
26701,977,2024,8,22,18,4,0,1
26702,977,2024,9,21,20,1,0,2
26703,977,2024,10,23,20,1,2,1
26704,977,2024,11,22,16,4,2,0
26705,977,2024,12,21,17,2,2,6
26706,977,2025,1,20,16,4,0,4
26707,977,2025,2,20,15,4,1,1
26708,977,2025,3,20,17,1,2,4
26709,977,2025,4,23,17,4,2,6
26710,977,2025,5,23,20,2,1,2
26711,977,2025,6,23,17,4,2,7
26712,977,2025,7,21,16,3,2,5
26713,977,2025,8,21,18,1,2,4
26714,977,2025,9,21,15,4,2,6
26715,977,2025,10,20,18,1,1,5
26716,977,2025,11,20,17,3,0,3
26717,977,2025,12,20,15,4,1,3
26718,978,2025,9,22,21,1,0,6
26719,978,2025,10,21,19,0,2,5
26720,978,2025,11,22,20,1,1,4
26721,978,2025,12,23,20,1,2,2
26722,979,2022,2,23,21,1,1,2
26723,979,2022,3,22,21,1,0,2
26724,979,2022,4,22,16,4,2,8
26725,979,2022,5,22,20,2,0,3
26726,979,2022,6,21,16,3,2,1
26727,979,2022,7,21,18,3,0,3
26728,979,2022,8,21,17,3,1,1
26729,979,2022,9,22,21,0,1,4
26730,979,2022,10,23,21,1,1,8
26731,979,2022,11,22,17,4,1,1
26732,979,2022,12,23,21,1,1,2
26733,979,2023,1,20,15,4,1,4
26734,979,2023,2,20,15,3,2,6
26735,979,2023,3,20,16,4,0,4
26736,979,2023,4,22,18,2,2,0
26737,979,2023,5,21,17,2,2,1
26738,979,2023,6,21,19,1,1,8
26739,979,2023,7,21,15,4,2,1
26740,979,2023,8,22,19,1,2,6
26741,979,2023,9,23,23,0,0,6
26742,979,2023,10,22,22,0,0,2
26743,979,2023,11,20,17,3,0,1
26744,979,2023,12,22,18,3,1,7
26745,979,2024,1,20,15,3,2,7
26746,979,2024,2,20,18,2,0,2
26747,979,2024,3,21,19,0,2,4
26748,979,2024,4,23,17,4,2,3
26749,979,2024,5,21,18,3,0,3
26750,979,2024,6,20,17,2,1,7
26751,979,2024,7,20,17,2,1,6
26752,979,2024,8,23,19,3,1,6
26753,979,2024,9,22,20,1,1,2
26754,979,2024,10,21,20,0,1,6
26755,979,2024,11,20,16,2,2,4
26756,979,2024,12,22,19,1,2,6
26757,979,2025,1,21,17,2,2,1
26758,979,2025,2,21,19,2,0,2
26759,979,2025,3,23,21,0,2,7
26760,979,2025,4,21,20,1,0,7
26761,979,2025,5,22,18,4,0,1
26762,979,2025,6,20,16,2,2,5
26763,979,2025,7,23,20,2,1,1
26764,979,2025,8,21,18,2,1,1
26765,979,2025,9,22,21,1,0,5
26766,979,2025,10,20,19,0,1,3
26767,979,2025,11,23,22,1,0,1
26768,979,2025,12,22,21,0,1,6
26769,980,2021,12,22,17,3,2,6
26770,980,2022,1,22,19,3,0,3
26771,980,2022,2,20,19,0,1,7
26772,980,2022,3,20,15,4,1,8
26773,980,2022,4,21,19,1,1,6
26774,980,2022,5,20,14,4,2,2
26775,980,2022,6,22,19,1,2,8
26776,980,2022,7,20,16,3,1,3
26777,980,2022,8,22,17,4,1,8
26778,980,2022,9,22,20,1,1,0
26779,980,2022,10,21,17,2,2,7
26780,980,2022,11,22,18,2,2,2
26781,980,2022,12,20,16,3,1,6
26782,980,2023,1,20,19,1,0,4
26783,980,2023,2,21,20,0,1,4
26784,980,2023,3,22,21,0,1,0
26785,980,2023,4,23,20,1,2,2
26786,980,2023,5,23,21,1,1,4
26787,980,2023,6,23,21,2,0,7
26788,980,2023,7,20,16,2,2,2
26789,980,2023,8,23,23,0,0,3
26790,980,2023,9,23,20,2,1,8
26791,980,2023,10,21,17,4,0,8
26792,980,2023,11,20,17,3,0,3
26793,980,2023,12,22,20,1,1,6
26794,980,2024,1,23,22,1,0,6
26795,980,2024,2,22,21,1,0,4
26796,980,2024,3,21,18,3,0,8
26797,980,2024,4,22,19,2,1,0
26798,980,2024,5,21,17,3,1,7
26799,980,2024,6,21,18,2,1,1
26800,980,2024,7,22,19,3,0,2
26801,980,2024,8,23,19,3,1,6
26802,980,2024,9,23,17,4,2,3
26803,980,2024,10,22,20,2,0,7
26804,980,2024,11,21,20,1,0,4
26805,980,2024,12,22,21,0,1,5
26806,980,2025,1,20,17,3,0,3
26807,980,2025,2,20,19,0,1,4
26808,980,2025,3,20,15,3,2,1
26809,980,2025,4,22,19,1,2,6
26810,980,2025,5,21,19,0,2,3
26811,980,2025,6,21,17,2,2,4
26812,980,2025,7,21,16,4,1,1
26813,980,2025,8,22,20,1,1,5
26814,980,2025,9,21,18,2,1,2
26815,980,2025,10,23,18,4,1,3
26816,980,2025,11,21,16,3,2,1
26817,980,2025,12,22,21,0,1,0
26818,981,2023,7,21,15,4,2,5
26819,981,2023,8,22,19,1,2,2
26820,981,2023,9,20,14,4,2,8
26821,981,2023,10,22,19,3,0,0
26822,981,2023,11,21,15,4,2,3
26823,981,2023,12,23,21,1,1,8
26824,981,2024,1,22,19,3,0,3
26825,981,2024,2,22,20,0,2,7
26826,981,2024,3,23,20,3,0,1
26827,981,2024,4,22,20,0,2,1
26828,981,2024,5,21,21,0,0,6
26829,981,2024,6,22,21,0,1,8
26830,981,2024,7,23,18,4,1,7
26831,981,2024,8,23,20,2,1,7
26832,981,2024,9,23,21,1,1,3
26833,981,2024,10,22,21,1,0,3
26834,981,2024,11,21,17,4,0,2
26835,981,2024,12,20,19,0,1,2
26836,981,2025,1,22,17,4,1,8
26837,981,2025,2,20,16,3,1,7
26838,981,2025,3,20,16,4,0,7
26839,981,2025,4,20,16,3,1,2
26840,981,2025,5,21,21,0,0,3
26841,981,2025,6,20,17,1,2,1
26842,981,2025,7,23,19,3,1,7
26843,981,2025,8,20,15,4,1,5
26844,981,2025,9,23,22,1,0,4
26845,981,2025,10,21,15,4,2,6
26846,981,2025,11,22,18,3,1,8
26847,981,2025,12,20,16,4,0,3
26848,982,2021,1,21,16,4,1,7
26849,982,2021,2,22,18,2,2,7
26850,982,2021,3,20,16,3,1,6
26851,982,2021,4,22,19,3,0,4
26852,982,2021,5,23,19,4,0,0
26853,982,2021,6,22,21,0,1,1
26854,982,2021,7,20,19,0,1,3
26855,982,2021,8,21,20,0,1,1
26856,982,2021,9,21,17,2,2,3
26857,982,2021,10,22,17,4,1,0
26858,982,2021,11,22,18,4,0,8
26859,982,2021,12,21,18,3,0,1
26860,982,2022,1,21,16,3,2,3
26861,982,2022,2,20,16,4,0,5
26862,982,2022,3,22,20,2,0,3
26863,982,2022,4,20,18,2,0,5
26864,982,2022,5,20,16,2,2,1
26865,982,2022,6,22,22,0,0,0
26866,982,2022,7,23,22,0,1,5
26867,982,2022,8,20,15,3,2,6
26868,982,2022,9,20,18,0,2,8
26869,982,2022,10,20,17,3,0,5
26870,982,2022,11,23,18,4,1,6
26871,982,2022,12,23,21,1,1,5
26872,982,2023,1,21,19,1,1,3
26873,982,2023,2,20,16,4,0,5
26874,982,2023,3,21,20,0,1,6
26875,982,2023,4,21,15,4,2,6
26876,982,2023,5,23,17,4,2,1
26877,982,2023,6,21,18,2,1,6
26878,982,2023,7,20,18,2,0,2
26879,982,2023,8,22,19,1,2,2
26880,982,2023,9,20,18,0,2,1
26881,982,2023,10,23,19,4,0,6
26882,982,2023,11,21,17,2,2,0
26883,982,2023,12,22,22,0,0,2
26884,982,2024,1,20,16,4,0,0
26885,982,2024,2,23,22,1,0,8
26886,982,2024,3,23,21,1,1,8
26887,982,2024,4,20,15,4,1,6
26888,982,2024,5,22,21,1,0,6
26889,982,2024,6,23,18,4,1,4
26890,982,2024,7,22,18,3,1,6
26891,982,2024,8,23,21,0,2,4
26892,982,2024,9,21,15,4,2,4
26893,982,2024,10,20,18,1,1,5
26894,982,2024,11,22,18,2,2,1
26895,982,2024,12,22,21,1,0,3
26896,982,2025,1,21,18,3,0,5
26897,982,2025,2,21,19,0,2,4
26898,982,2025,3,22,20,0,2,5
26899,982,2025,4,20,18,1,1,8
26900,982,2025,5,23,22,0,1,8
26901,982,2025,6,21,20,0,1,0
26902,982,2025,7,20,19,1,0,8
26903,982,2025,8,21,17,2,2,3
26904,982,2025,9,22,16,4,2,3
26905,982,2025,10,23,23,0,0,7
26906,982,2025,11,21,18,2,1,0
26907,982,2025,12,21,20,1,0,2
26908,983,2025,5,20,19,1,0,1
26909,983,2025,6,22,21,0,1,3
26910,983,2025,7,23,17,4,2,4
26911,983,2025,8,20,15,3,2,0
26912,983,2025,9,23,22,0,1,7
26913,983,2025,10,23,19,4,0,8
26914,984,2024,4,20,18,1,1,5
26915,984,2024,5,23,17,4,2,7
26916,984,2024,6,23,20,3,0,1
26917,984,2024,7,20,17,3,0,3
26918,984,2024,8,22,22,0,0,5
26919,984,2024,9,21,17,3,1,3
26920,984,2024,10,20,17,2,1,8
26921,984,2024,11,20,19,1,0,1
26922,984,2024,12,20,15,3,2,7
26923,984,2025,1,21,18,3,0,8
26924,984,2025,2,23,18,3,2,7
26925,984,2025,3,22,18,3,1,4
26926,984,2025,4,23,20,3,0,3
26927,984,2025,5,21,16,3,2,8
26928,984,2025,6,22,21,0,1,1
26929,984,2025,7,21,19,1,1,3
26930,984,2025,8,20,16,4,0,0
26931,984,2025,9,23,19,3,1,4
26932,984,2025,10,22,17,4,1,7
26933,984,2025,11,21,16,4,1,7
26934,984,2025,12,20,14,4,2,1
26935,985,2023,11,20,17,1,2,5
26936,985,2023,12,23,21,2,0,8
26937,985,2024,1,22,18,2,2,7
26938,985,2024,2,20,17,2,1,1
26939,985,2024,3,23,21,0,2,5
26940,985,2024,4,21,16,4,1,3
26941,985,2024,5,23,19,3,1,5
26942,985,2024,6,22,18,4,0,7
26943,985,2024,7,21,17,3,1,1
26944,985,2024,8,22,19,3,0,7
26945,985,2024,9,20,16,4,0,2
26946,985,2024,10,23,19,2,2,1
26947,985,2024,11,23,20,2,1,0
26948,985,2024,12,20,17,1,2,2
26949,985,2025,1,23,19,4,0,1
26950,985,2025,2,20,17,1,2,4
26951,985,2025,3,23,20,1,2,2
26952,985,2025,4,23,19,4,0,1
26953,986,2023,2,23,20,2,1,6
26954,986,2023,3,20,16,3,1,3
26955,986,2023,4,20,18,2,0,0
26956,986,2023,5,23,20,2,1,7
26957,986,2023,6,21,19,1,1,2
26958,986,2023,7,20,14,4,2,5
26959,986,2023,8,20,19,0,1,1
26960,986,2023,9,20,18,2,0,7
26961,986,2023,10,20,17,3,0,1
26962,986,2023,11,23,19,3,1,0
26963,986,2023,12,23,19,4,0,1
26964,986,2024,1,22,19,1,2,5
26965,986,2024,2,21,18,3,0,6
26966,986,2024,3,21,19,1,1,5
26967,986,2024,4,21,18,3,0,7
26968,986,2024,5,21,18,3,0,8
26969,986,2024,6,21,19,2,0,5
26970,986,2024,7,22,20,2,0,2
26971,986,2024,8,21,19,1,1,4
26972,986,2024,9,23,18,4,1,7
26973,986,2024,10,20,18,0,2,6
26974,986,2024,11,23,22,0,1,8
26975,986,2024,12,21,17,2,2,6
26976,986,2025,1,22,20,0,2,1
26977,986,2025,2,20,15,3,2,7
26978,986,2025,3,22,16,4,2,6
26979,986,2025,4,22,21,1,0,5
26980,986,2025,5,22,18,2,2,0
26981,986,2025,6,20,19,0,1,4
26982,986,2025,7,23,21,2,0,8
26983,986,2025,8,20,17,2,1,0
26984,986,2025,9,22,19,1,2,5
26985,986,2025,10,23,18,3,2,3
26986,986,2025,11,23,22,1,0,4
26987,986,2025,12,21,17,3,1,3
26988,987,2023,5,23,21,0,2,1
26989,987,2023,6,23,21,0,2,4
26990,987,2023,7,20,19,1,0,6
26991,987,2023,8,23,19,3,1,6
26992,987,2023,9,21,19,2,0,6
26993,987,2023,10,23,20,1,2,5
26994,987,2023,11,23,21,0,2,0
26995,988,2023,3,20,18,0,2,0
26996,988,2023,4,21,16,3,2,7
26997,988,2023,5,21,18,2,1,0
26998,988,2023,6,22,21,0,1,4
26999,989,2024,10,21,15,4,2,5
27000,989,2024,11,21,18,1,2,3
27001,989,2024,12,23,22,0,1,7
27002,989,2025,1,21,18,3,0,5
27003,989,2025,2,22,22,0,0,3
27004,989,2025,3,20,18,0,2,4
27005,989,2025,4,20,18,2,0,0
27006,989,2025,5,21,18,1,2,4
27007,989,2025,6,20,20,0,0,5
27008,989,2025,7,21,19,1,1,6
27009,989,2025,8,21,17,2,2,6
27010,989,2025,9,21,19,1,1,6
27011,989,2025,10,21,15,4,2,8
27012,989,2025,11,20,18,1,1,7
27013,989,2025,12,22,22,0,0,0
27014,990,2022,7,22,18,2,2,7
27015,990,2022,8,22,22,0,0,2
27016,990,2022,9,22,17,3,2,0
27017,990,2022,10,20,16,2,2,1
27018,990,2022,11,21,20,1,0,3
27019,990,2022,12,20,18,1,1,8
27020,990,2023,1,22,19,3,0,1
27021,990,2023,2,23,20,3,0,8
27022,990,2023,3,22,22,0,0,8
27023,990,2023,4,23,17,4,2,6
27024,990,2023,5,20,16,3,1,5
27025,990,2023,6,23,21,1,1,3
27026,990,2023,7,20,17,3,0,2
27027,990,2023,8,21,15,4,2,5
27028,990,2023,9,23,22,0,1,6
27029,990,2023,10,20,17,2,1,5
27030,990,2023,11,20,14,4,2,6
27031,990,2023,12,22,19,1,2,0
27032,990,2024,1,21,17,3,1,5
27033,990,2024,2,22,16,4,2,1
27034,990,2024,3,20,16,4,0,3
27035,990,2024,4,23,17,4,2,1
27036,990,2024,5,21,16,4,1,0
27037,990,2024,6,22,19,3,0,2
27038,990,2024,7,21,20,1,0,0
27039,990,2024,8,23,22,1,0,2
27040,990,2024,9,21,15,4,2,1
27041,990,2024,10,21,18,1,2,6
27042,990,2024,11,21,17,3,1,8
27043,990,2024,12,21,17,3,1,1
27044,990,2025,1,23,19,2,2,0
27045,990,2025,2,22,19,2,1,7
27046,990,2025,3,22,22,0,0,7
27047,990,2025,4,20,18,1,1,4
27048,990,2025,5,23,19,4,0,5
27049,990,2025,6,23,23,0,0,3
27050,990,2025,7,23,22,1,0,3
27051,990,2025,8,21,19,2,0,6
27052,990,2025,9,20,15,4,1,2
27053,990,2025,10,21,20,0,1,0
27054,990,2025,11,20,15,3,2,6
27055,990,2025,12,22,18,4,0,1
27056,991,2024,7,20,16,4,0,0
27057,991,2024,8,21,17,2,2,2
27058,991,2024,9,22,18,3,1,3
27059,991,2024,10,23,20,3,0,3
27060,991,2024,11,23,19,3,1,8
27061,991,2024,12,23,17,4,2,4
27062,991,2025,1,22,20,2,0,5
27063,991,2025,2,23,21,2,0,4
27064,991,2025,3,23,20,1,2,5
27065,991,2025,4,21,18,3,0,3
27066,991,2025,5,21,19,0,2,4
27067,991,2025,6,20,18,1,1,6
27068,991,2025,7,22,19,1,2,5
27069,991,2025,8,22,20,2,0,6
27070,991,2025,9,22,19,1,2,0
27071,991,2025,10,20,16,4,0,1
27072,991,2025,11,20,18,0,2,4
27073,991,2025,12,21,19,1,1,6
27074,992,2024,5,21,18,3,0,7
27075,992,2024,6,22,21,0,1,0
27076,992,2024,7,22,19,2,1,7
27077,992,2024,8,23,20,1,2,5
27078,992,2024,9,22,22,0,0,7
27079,992,2024,10,20,18,1,1,8
27080,992,2024,11,20,17,2,1,1
27081,992,2024,12,22,21,1,0,7
27082,992,2025,1,20,17,3,0,8
27083,992,2025,2,21,19,1,1,5
27084,992,2025,3,22,19,2,1,4
27085,992,2025,4,23,20,2,1,6
27086,992,2025,5,21,19,1,1,0
27087,992,2025,6,21,16,3,2,0
27088,992,2025,7,22,18,2,2,6
27089,992,2025,8,22,20,0,2,6
27090,992,2025,9,20,16,2,2,3
27091,992,2025,10,20,19,0,1,7
27092,992,2025,11,20,16,2,2,7
27093,992,2025,12,22,16,4,2,6
27094,993,2021,6,20,16,4,0,4
27095,993,2021,7,22,18,3,1,5
27096,993,2021,8,23,20,1,2,0
27097,993,2021,9,20,14,4,2,4
27098,993,2021,10,23,22,1,0,6
27099,993,2021,11,21,18,3,0,4
27100,993,2021,12,23,23,0,0,0
27101,993,2022,1,20,15,3,2,3
27102,993,2022,2,21,16,3,2,4
27103,993,2022,3,23,18,4,1,1
27104,993,2022,4,23,22,0,1,0
27105,993,2022,5,21,21,0,0,3
27106,993,2022,6,23,21,1,1,3
27107,993,2022,7,22,19,1,2,2
27108,993,2022,8,20,18,0,2,3
27109,993,2022,9,20,18,2,0,3
27110,993,2022,10,22,20,1,1,6
27111,993,2022,11,22,16,4,2,2
27112,993,2022,12,20,17,3,0,8
27113,993,2023,1,20,17,1,2,8
27114,993,2023,2,21,15,4,2,2
27115,993,2023,3,21,18,3,0,4
27116,993,2023,4,22,17,3,2,7
27117,993,2023,5,20,17,3,0,3
27118,993,2023,6,22,18,3,1,3
27119,993,2023,7,22,19,3,0,4
27120,993,2023,8,22,18,3,1,2
27121,993,2023,9,21,16,3,2,7
27122,993,2023,10,21,15,4,2,1
27123,993,2023,11,22,20,0,2,8
27124,993,2023,12,23,21,1,1,8
27125,993,2024,1,23,19,3,1,7
27126,993,2024,2,22,20,1,1,8
27127,993,2024,3,20,16,4,0,8
27128,993,2024,4,20,18,1,1,2
27129,993,2024,5,21,17,4,0,3
27130,993,2024,6,22,18,4,0,1
27131,993,2024,7,22,22,0,0,3
27132,993,2024,8,22,22,0,0,2
27133,993,2024,9,22,17,4,1,7
27134,993,2024,10,20,14,4,2,0
27135,993,2024,11,23,20,3,0,8
27136,993,2024,12,21,18,3,0,3
27137,993,2025,1,20,15,4,1,0
27138,993,2025,2,22,16,4,2,4
27139,993,2025,3,23,21,1,1,6
27140,993,2025,4,22,19,3,0,5
27141,993,2025,5,20,17,3,0,6
27142,993,2025,6,22,16,4,2,1
27143,993,2025,7,22,20,1,1,8
27144,993,2025,8,21,16,3,2,8
27145,993,2025,9,22,22,0,0,1
27146,993,2025,10,21,21,0,0,6
27147,993,2025,11,20,18,0,2,8
27148,993,2025,12,23,19,4,0,6
27149,994,2023,11,21,15,4,2,0
27150,994,2023,12,20,20,0,0,0
27151,994,2024,1,20,19,1,0,2
27152,994,2024,2,21,17,3,1,8
27153,994,2024,3,22,20,1,1,8
27154,994,2024,4,23,19,4,0,6
27155,994,2024,5,21,16,4,1,5
27156,994,2024,6,21,18,3,0,3
27157,994,2024,7,23,21,2,0,3
27158,994,2024,8,20,19,1,0,7
27159,994,2024,9,23,20,2,1,7
27160,994,2024,10,22,21,1,0,3
27161,994,2024,11,23,19,3,1,6
27162,994,2024,12,21,18,2,1,6
27163,994,2025,1,23,22,0,1,0
27164,994,2025,2,20,15,4,1,0
27165,994,2025,3,23,17,4,2,3
27166,994,2025,4,22,18,2,2,0
27167,994,2025,5,22,19,1,2,2
27168,994,2025,6,23,20,1,2,4
27169,994,2025,7,20,17,1,2,1
27170,994,2025,8,23,18,4,1,8
27171,994,2025,9,22,19,1,2,7
27172,994,2025,10,22,17,4,1,0
27173,994,2025,11,21,17,2,2,5
27174,994,2025,12,23,22,1,0,1
27175,995,2021,12,20,17,2,1,5
27176,995,2022,1,21,20,1,0,8
27177,995,2022,2,22,19,1,2,1
27178,995,2022,3,22,18,2,2,7
27179,995,2022,4,23,20,2,1,3
27180,995,2022,5,22,20,1,1,5
27181,995,2022,6,23,20,3,0,5
27182,995,2022,7,22,19,2,1,2
27183,995,2022,8,21,17,2,2,6
27184,995,2022,9,22,20,0,2,0
27185,995,2022,10,20,19,0,1,7
27186,995,2022,11,20,19,1,0,0
27187,995,2022,12,23,19,2,2,5
27188,995,2023,1,21,18,2,1,8
27189,995,2023,2,22,19,1,2,7
27190,995,2023,3,23,23,0,0,0
27191,995,2023,4,23,21,0,2,2
27192,995,2023,5,21,16,3,2,3
27193,995,2023,6,23,19,3,1,4
27194,995,2023,7,20,19,0,1,2
27195,995,2023,8,22,17,3,2,1
27196,995,2023,9,21,19,1,1,4
27197,995,2023,10,20,14,4,2,0
27198,995,2023,11,21,18,2,1,5
27199,995,2023,12,21,18,2,1,3
27200,995,2024,1,22,21,0,1,1
27201,995,2024,2,23,21,1,1,4
27202,995,2024,3,20,18,1,1,4
27203,995,2024,4,21,16,4,1,7
27204,995,2024,5,21,21,0,0,4
27205,995,2024,6,21,16,3,2,6
27206,995,2024,7,23,23,0,0,4
27207,995,2024,8,21,16,4,1,3
27208,995,2024,9,22,20,2,0,5
27209,995,2024,10,23,19,2,2,0
27210,995,2024,11,20,18,2,0,4
27211,995,2024,12,23,20,2,1,7
27212,995,2025,1,22,20,1,1,0
27213,995,2025,2,23,20,1,2,5
27214,995,2025,3,23,17,4,2,8
27215,995,2025,4,23,17,4,2,8
27216,995,2025,5,23,22,1,0,3
27217,995,2025,6,20,18,0,2,4
27218,995,2025,7,22,21,0,1,8
27219,995,2025,8,23,23,0,0,8
27220,995,2025,9,20,18,2,0,3
27221,995,2025,10,20,17,3,0,1
27222,995,2025,11,22,17,4,1,7
27223,995,2025,12,20,18,0,2,8
27224,996,2024,4,22,19,1,2,4
27225,996,2024,5,22,19,3,0,1
27226,996,2024,6,23,20,1,2,6
27227,996,2024,7,22,16,4,2,2
27228,996,2024,8,20,18,1,1,7
27229,996,2024,9,22,18,4,0,2
27230,996,2024,10,22,19,1,2,3
27231,996,2024,11,22,18,4,0,8
27232,996,2024,12,21,19,1,1,7
27233,996,2025,1,23,20,3,0,6
27234,996,2025,2,21,17,2,2,7
27235,996,2025,3,23,19,2,2,1
27236,996,2025,4,20,19,0,1,3
27237,996,2025,5,20,20,0,0,4
27238,996,2025,6,20,18,0,2,1
27239,996,2025,7,21,17,2,2,1
27240,996,2025,8,23,23,0,0,4
27241,996,2025,9,22,18,2,2,6
27242,996,2025,10,21,18,1,2,3
27243,996,2025,11,20,16,4,0,0
27244,996,2025,12,20,19,0,1,2
27245,997,2022,1,21,19,0,2,7
27246,997,2022,2,23,19,3,1,4
27247,997,2022,3,23,19,3,1,4
27248,997,2022,4,20,14,4,2,6
27249,997,2022,5,22,19,1,2,7
27250,997,2022,6,22,17,3,2,4
27251,997,2022,7,21,16,4,1,0
27252,997,2022,8,20,17,3,0,1
27253,997,2022,9,20,17,3,0,3
27254,997,2022,10,23,19,3,1,1
27255,997,2022,11,20,20,0,0,4
27256,997,2022,12,23,22,1,0,0
27257,997,2023,1,21,20,1,0,8
27258,997,2023,2,21,19,0,2,3
27259,997,2023,3,23,19,4,0,6
27260,997,2023,4,20,16,3,1,7
27261,997,2023,5,22,22,0,0,8
27262,997,2023,6,22,18,2,2,4
27263,997,2023,7,22,18,4,0,0
27264,997,2023,8,22,20,1,1,6
27265,997,2023,9,22,20,2,0,2
27266,997,2023,10,21,18,1,2,3
27267,997,2023,11,21,19,2,0,6
27268,997,2023,12,23,22,0,1,3
27269,997,2024,1,20,14,4,2,0
27270,997,2024,2,21,19,0,2,6
27271,997,2024,3,23,20,3,0,1
27272,997,2024,4,23,19,2,2,8
27273,997,2024,5,20,14,4,2,6
27274,997,2024,6,20,19,0,1,5
27275,997,2024,7,20,15,4,1,4
27276,997,2024,8,22,17,4,1,8
27277,997,2024,9,22,20,1,1,0
27278,997,2024,10,20,17,2,1,7
27279,997,2024,11,22,21,0,1,8
27280,997,2024,12,22,19,2,1,4
27281,997,2025,1,21,19,0,2,8
27282,997,2025,2,20,17,2,1,1
27283,997,2025,3,20,16,2,2,7
27284,997,2025,4,22,19,3,0,3
27285,997,2025,5,23,20,3,0,2
27286,997,2025,6,22,19,2,1,0
27287,997,2025,7,22,18,2,2,6
27288,997,2025,8,23,17,4,2,2
27289,997,2025,9,22,19,2,1,5
27290,997,2025,10,20,17,1,2,3
27291,997,2025,11,20,16,4,0,1
27292,997,2025,12,20,17,2,1,1
27293,998,2022,3,22,20,2,0,2
27294,998,2022,4,23,20,3,0,6
27295,998,2022,5,21,19,1,1,3
27296,998,2022,6,22,20,2,0,5
27297,998,2022,7,21,17,4,0,0
27298,998,2022,8,20,14,4,2,0
27299,998,2022,9,23,20,1,2,7
27300,998,2022,10,21,19,0,2,6
27301,998,2022,11,20,18,2,0,2
27302,998,2022,12,21,17,3,1,1
27303,998,2023,1,20,16,3,1,6
27304,998,2023,2,20,20,0,0,4
27305,998,2023,3,22,17,4,1,5
27306,998,2023,4,23,20,2,1,5
27307,998,2023,5,21,16,3,2,7
27308,998,2023,6,22,19,1,2,5
27309,998,2023,7,20,16,4,0,5
27310,998,2023,8,21,17,3,1,3
27311,998,2023,9,23,20,3,0,4
27312,998,2023,10,23,20,2,1,2
27313,998,2023,11,23,21,1,1,1
27314,998,2023,12,23,20,3,0,2
27315,998,2024,1,22,19,3,0,1
27316,998,2024,2,21,20,0,1,1
27317,998,2024,3,20,15,4,1,1
27318,998,2024,4,20,15,4,1,1
27319,998,2024,5,20,15,4,1,5
27320,998,2024,6,20,16,3,1,8
27321,998,2024,7,20,18,1,1,1
27322,998,2024,8,23,20,2,1,4
27323,998,2024,9,21,17,2,2,7
27324,998,2024,10,21,17,3,1,4
27325,998,2024,11,23,20,3,0,2
27326,998,2024,12,23,21,0,2,3
27327,998,2025,1,23,20,2,1,8
27328,998,2025,2,20,15,3,2,1
27329,998,2025,3,21,21,0,0,6
27330,998,2025,4,21,17,3,1,8
27331,998,2025,5,23,20,3,0,0
27332,998,2025,6,21,19,2,0,3
27333,998,2025,7,21,16,4,1,2
27334,998,2025,8,20,16,2,2,6
27335,998,2025,9,22,19,2,1,7
27336,998,2025,10,21,19,1,1,6
27337,998,2025,11,22,18,4,0,7
27338,998,2025,12,21,17,3,1,4
27339,999,2025,1,23,22,0,1,6
27340,999,2025,2,21,19,0,2,4
27341,999,2025,3,22,20,2,0,0
27342,999,2025,4,23,18,3,2,4
27343,999,2025,5,21,21,0,0,6
27344,999,2025,6,21,18,1,2,2
27345,999,2025,7,22,18,3,1,1
27346,999,2025,8,20,19,1,0,8
27347,999,2025,9,20,20,0,0,6
27348,999,2025,10,22,18,4,0,3
27349,999,2025,11,22,20,1,1,0
27350,999,2025,12,22,17,4,1,8
27351,1000,2024,3,20,19,0,1,1
27352,1000,2024,4,22,17,4,1,0
27353,1000,2024,5,20,19,0,1,7
27354,1000,2024,6,22,17,4,1,1
27355,1000,2024,7,22,18,3,1,1
27356,1000,2024,8,23,20,1,2,2
27357,1000,2024,9,21,21,0,0,4
27358,1000,2024,10,21,18,2,1,2
27359,1000,2024,11,23,18,3,2,6
27360,1000,2024,12,20,16,3,1,8
27361,1000,2025,1,23,20,3,0,6
27362,1000,2025,2,22,22,0,0,3
27363,1000,2025,3,21,21,0,0,6
27364,1000,2025,4,21,17,2,2,1
27365,1000,2025,5,22,20,0,2,4
27366,1000,2025,6,23,19,4,0,0
27367,1000,2025,7,23,17,4,2,6
27368,1000,2025,8,22,21,0,1,7
27369,1000,2025,9,22,18,4,0,3
27370,1000,2025,10,20,16,2,2,5
27371,1000,2025,11,21,18,1,2,0
27372,1000,2025,12,20,20,0,0,2
27373,1001,2024,1,20,18,1,1,4
27374,1001,2024,2,23,21,0,2,5
27375,1001,2024,3,22,18,3,1,2
27376,1001,2024,4,21,19,2,0,7
27377,1001,2024,5,23,19,3,1,7
27378,1001,2024,6,20,19,1,0,3
27379,1001,2024,7,22,17,4,1,2
27380,1001,2024,8,20,16,3,1,8
27381,1001,2024,9,20,16,2,2,1
27382,1001,2024,10,22,17,3,2,5
27383,1002,2025,6,20,16,4,0,8
27384,1002,2025,7,21,16,3,2,3
27385,1002,2025,8,22,18,3,1,3
27386,1002,2025,9,23,23,0,0,8
27387,1002,2025,10,23,20,1,2,8
27388,1002,2025,11,23,19,4,0,6
27389,1002,2025,12,20,16,4,0,8
27390,1003,2022,10,20,15,3,2,8
27391,1003,2022,11,23,18,4,1,0
27392,1003,2022,12,20,16,4,0,8
27393,1003,2023,1,23,21,2,0,6
27394,1003,2023,2,22,20,1,1,4
27395,1003,2023,3,21,16,4,1,5
27396,1003,2023,4,22,17,3,2,7
27397,1003,2023,5,21,16,3,2,3
27398,1003,2023,6,20,16,3,1,0
27399,1003,2023,7,21,17,2,2,0
27400,1003,2023,8,20,14,4,2,3
27401,1003,2023,9,21,20,0,1,6
27402,1003,2023,10,21,15,4,2,0
27403,1003,2023,11,21,19,0,2,8
27404,1003,2023,12,20,17,2,1,0
27405,1003,2024,1,23,20,1,2,8
27406,1003,2024,2,21,16,4,1,2
27407,1003,2024,3,22,21,0,1,2
27408,1003,2024,4,23,17,4,2,0
27409,1003,2024,5,20,20,0,0,8
27410,1003,2024,6,20,19,0,1,6
27411,1003,2024,7,21,15,4,2,0
27412,1003,2024,8,21,21,0,0,5
27413,1003,2024,9,23,21,0,2,0
27414,1003,2024,10,23,20,1,2,6
27415,1003,2024,11,22,21,0,1,7
27416,1003,2024,12,21,17,4,0,6
27417,1003,2025,1,23,18,4,1,6
27418,1003,2025,2,21,18,2,1,2
27419,1003,2025,3,20,14,4,2,5
27420,1003,2025,4,22,21,0,1,6
27421,1003,2025,5,20,14,4,2,3
27422,1003,2025,6,22,20,0,2,4
27423,1003,2025,7,22,18,2,2,3
27424,1003,2025,8,22,20,2,0,0
27425,1003,2025,9,23,22,0,1,6
27426,1003,2025,10,23,22,0,1,8
27427,1003,2025,11,20,16,3,1,2
27428,1003,2025,12,22,17,4,1,7
27429,1004,2021,8,22,17,3,2,0
27430,1004,2021,9,22,22,0,0,3
27431,1004,2021,10,20,18,2,0,1
27432,1004,2021,11,22,17,3,2,1
27433,1004,2021,12,20,16,3,1,7
27434,1004,2022,1,22,18,4,0,2
27435,1004,2022,2,23,20,2,1,6
27436,1004,2022,3,20,19,0,1,4
27437,1004,2022,4,20,15,3,2,7
27438,1004,2022,5,23,20,2,1,2
27439,1004,2022,6,20,17,3,0,7
27440,1004,2022,7,21,17,3,1,7
27441,1004,2022,8,21,18,3,0,6
27442,1004,2022,9,21,18,2,1,0
27443,1004,2022,10,20,17,3,0,7
27444,1004,2022,11,20,19,1,0,0
27445,1004,2022,12,20,17,2,1,1
27446,1004,2023,1,20,19,0,1,6
27447,1004,2023,2,21,18,2,1,3
27448,1004,2023,3,21,16,3,2,7
27449,1004,2023,4,20,17,3,0,8
27450,1004,2023,5,23,22,1,0,2
27451,1004,2023,6,23,22,1,0,6
27452,1004,2023,7,21,18,1,2,7
27453,1004,2023,8,21,21,0,0,0
27454,1004,2023,9,21,19,1,1,0
27455,1004,2023,10,21,15,4,2,7
27456,1004,2023,11,21,16,3,2,6
27457,1004,2023,12,21,20,0,1,4
27458,1004,2024,1,20,15,4,1,5
27459,1004,2024,2,21,15,4,2,2
27460,1004,2024,3,21,19,2,0,8
27461,1004,2024,4,20,18,2,0,2
27462,1004,2024,5,23,20,2,1,4
27463,1004,2024,6,20,16,3,1,6
27464,1004,2024,7,21,15,4,2,4
27465,1004,2024,8,23,20,2,1,4
27466,1004,2024,9,20,20,0,0,1
27467,1004,2024,10,21,21,0,0,0
27468,1004,2024,11,23,20,1,2,2
27469,1004,2024,12,21,19,1,1,1
27470,1004,2025,1,22,19,3,0,0
27471,1004,2025,2,21,19,1,1,5
27472,1004,2025,3,23,17,4,2,8
27473,1004,2025,4,20,18,0,2,4
27474,1004,2025,5,22,19,3,0,2
27475,1004,2025,6,20,17,2,1,7
27476,1004,2025,7,23,21,2,0,3
27477,1004,2025,8,20,17,3,0,4
27478,1004,2025,9,22,21,1,0,6
27479,1004,2025,10,22,19,2,1,0
27480,1004,2025,11,20,18,0,2,7
27481,1004,2025,12,22,20,1,1,2
27482,1005,2025,3,21,21,0,0,1
27483,1005,2025,4,21,16,3,2,8
27484,1005,2025,5,23,20,3,0,6
27485,1005,2025,6,21,18,1,2,3
27486,1005,2025,7,20,14,4,2,3
27487,1005,2025,8,21,18,3,0,2
27488,1005,2025,9,20,17,1,2,5
27489,1005,2025,10,21,17,3,1,7
27490,1005,2025,11,23,21,0,2,4
27491,1005,2025,12,23,21,0,2,2
27492,1006,2021,8,20,15,3,2,8
27493,1006,2021,9,22,18,4,0,6
27494,1006,2021,10,23,23,0,0,7
27495,1006,2021,11,23,19,3,1,5
27496,1006,2021,12,23,19,4,0,8
27497,1006,2022,1,20,17,1,2,4
27498,1006,2022,2,20,16,4,0,2
27499,1006,2022,3,23,22,0,1,1
27500,1006,2022,4,23,21,2,0,0
27501,1006,2022,5,20,16,4,0,6
27502,1006,2022,6,23,19,2,2,5
27503,1006,2022,7,22,22,0,0,7
27504,1006,2022,8,20,19,1,0,1
27505,1006,2022,9,21,18,2,1,2
27506,1006,2022,10,20,14,4,2,4
27507,1006,2022,11,22,21,1,0,0
27508,1006,2022,12,20,16,4,0,3
27509,1006,2023,1,21,20,1,0,2
27510,1006,2023,2,22,21,1,0,6
27511,1006,2023,3,23,19,3,1,0
27512,1006,2023,4,23,19,3,1,3
27513,1006,2023,5,20,18,2,0,4
27514,1006,2023,6,23,21,0,2,1
27515,1006,2023,7,23,20,1,2,6
27516,1006,2023,8,22,19,2,1,4
27517,1006,2023,9,21,18,1,2,3
27518,1006,2023,10,21,18,3,0,7
27519,1006,2023,11,22,19,3,0,4
27520,1006,2023,12,22,19,3,0,5
27521,1006,2024,1,21,16,3,2,8
27522,1006,2024,2,21,21,0,0,0
27523,1006,2024,3,22,16,4,2,2
27524,1006,2024,4,21,17,4,0,0
27525,1006,2024,5,22,17,3,2,1
27526,1006,2024,6,23,19,2,2,3
27527,1006,2024,7,22,17,3,2,1
27528,1006,2024,8,22,22,0,0,8
27529,1006,2024,9,21,16,4,1,3
27530,1006,2024,10,22,19,3,0,7
27531,1006,2024,11,22,16,4,2,4
27532,1006,2024,12,21,15,4,2,1
27533,1006,2025,1,23,18,4,1,8
27534,1006,2025,2,20,16,4,0,8
27535,1006,2025,3,22,17,3,2,4
27536,1006,2025,4,23,17,4,2,1
27537,1006,2025,5,20,15,4,1,6
27538,1006,2025,6,21,16,4,1,8
27539,1006,2025,7,22,19,3,0,4
27540,1006,2025,8,21,16,4,1,5
27541,1006,2025,9,21,18,3,0,0
27542,1006,2025,10,20,14,4,2,4
27543,1006,2025,11,20,17,1,2,1
27544,1006,2025,12,22,18,4,0,2
27545,1007,2022,5,20,20,0,0,5
27546,1007,2022,6,23,22,0,1,5
27547,1007,2022,7,21,18,1,2,1
27548,1007,2022,8,21,17,4,0,5
27549,1007,2022,9,23,22,1,0,1
27550,1007,2022,10,23,19,2,2,3
27551,1007,2022,11,20,17,1,2,8
27552,1007,2022,12,20,15,3,2,7
27553,1007,2023,1,21,18,2,1,2
27554,1007,2023,2,23,19,2,2,7
27555,1007,2023,3,20,19,0,1,4
27556,1007,2023,4,21,19,1,1,3
27557,1007,2023,5,23,21,2,0,1
27558,1007,2023,6,22,19,1,2,4
27559,1007,2023,7,20,18,0,2,4
27560,1007,2023,8,22,22,0,0,0
27561,1007,2023,9,22,19,1,2,0
27562,1007,2023,10,21,21,0,0,4
27563,1007,2023,11,23,22,1,0,0
27564,1007,2023,12,23,18,3,2,3
27565,1007,2024,1,21,19,1,1,2
27566,1007,2024,2,20,15,4,1,2
27567,1007,2024,3,23,21,2,0,7
27568,1007,2024,4,23,18,3,2,2
27569,1007,2024,5,20,19,0,1,8
27570,1007,2024,6,21,19,0,2,2
27571,1007,2024,7,22,20,2,0,4
27572,1007,2024,8,22,18,3,1,4
27573,1007,2024,9,20,18,2,0,8
27574,1007,2024,10,22,20,2,0,0
27575,1007,2024,11,23,19,2,2,0
27576,1007,2024,12,23,21,0,2,6
27577,1007,2025,1,20,18,2,0,4
27578,1007,2025,2,20,18,2,0,7
27579,1007,2025,3,21,19,0,2,7
27580,1007,2025,4,23,19,3,1,7
27581,1007,2025,5,20,17,3,0,4
27582,1007,2025,6,22,19,2,1,4
27583,1007,2025,7,22,19,2,1,5
27584,1007,2025,8,21,21,0,0,3
27585,1007,2025,9,21,17,2,2,3
27586,1007,2025,10,21,17,4,0,3
27587,1007,2025,11,23,21,1,1,7
27588,1007,2025,12,23,20,1,2,1
27589,1008,2024,3,23,21,1,1,0
27590,1008,2024,4,20,15,4,1,4
27591,1008,2024,5,22,17,4,1,1
27592,1008,2024,6,21,15,4,2,1
27593,1008,2024,7,23,21,0,2,7
27594,1008,2024,8,20,20,0,0,4
27595,1008,2024,9,22,19,1,2,0
27596,1008,2024,10,22,18,4,0,1
27597,1008,2024,11,20,17,3,0,6
27598,1008,2024,12,21,18,3,0,4
27599,1008,2025,1,21,16,3,2,7
27600,1008,2025,2,23,20,2,1,2
27601,1008,2025,3,21,17,2,2,4
27602,1008,2025,4,20,17,1,2,3
27603,1008,2025,5,23,20,2,1,4
27604,1008,2025,6,20,15,3,2,7
27605,1008,2025,7,22,21,0,1,8
27606,1008,2025,8,22,19,2,1,8
27607,1008,2025,9,20,20,0,0,0
27608,1008,2025,10,20,15,3,2,0
27609,1008,2025,11,23,21,2,0,0
27610,1008,2025,12,21,20,0,1,4
27611,1009,2025,10,22,17,3,2,4
27612,1009,2025,11,22,22,0,0,0
27613,1009,2025,12,23,17,4,2,4
27614,1010,2023,12,23,19,4,0,8
27615,1010,2024,1,23,19,4,0,4
27616,1010,2024,2,21,16,3,2,1
27617,1010,2024,3,23,17,4,2,8
27618,1010,2024,4,21,19,0,2,2
27619,1010,2024,5,21,19,0,2,1
27620,1010,2024,6,22,18,3,1,3
27621,1010,2024,7,22,19,3,0,2
27622,1010,2024,8,23,19,3,1,6
27623,1010,2024,9,22,20,2,0,7
27624,1010,2024,10,21,18,3,0,6
27625,1010,2024,11,20,16,4,0,4
27626,1010,2024,12,22,19,3,0,4
27627,1010,2025,1,21,17,3,1,2
27628,1010,2025,2,21,20,1,0,7
27629,1010,2025,3,20,17,1,2,7
27630,1010,2025,4,23,23,0,0,2
27631,1010,2025,5,20,18,0,2,4
27632,1010,2025,6,21,18,3,0,3
27633,1010,2025,7,22,19,1,2,6
27634,1010,2025,8,20,18,2,0,2
27635,1010,2025,9,21,17,3,1,8
27636,1010,2025,10,22,20,2,0,8
27637,1010,2025,11,23,22,1,0,5
27638,1010,2025,12,23,22,0,1,4
27639,1011,2024,12,20,15,3,2,1
27640,1011,2025,1,21,20,1,0,5
27641,1011,2025,2,20,19,0,1,8
27642,1011,2025,3,23,20,3,0,3
27643,1011,2025,4,22,20,2,0,0
27644,1011,2025,5,23,18,4,1,8
27645,1011,2025,6,22,19,3,0,7
27646,1011,2025,7,22,21,0,1,0
27647,1011,2025,8,22,18,3,1,7
27648,1011,2025,9,23,22,1,0,2
27649,1011,2025,10,21,17,2,2,8
27650,1011,2025,11,23,19,2,2,2
27651,1011,2025,12,23,19,4,0,0
27652,1012,2023,7,23,18,3,2,1
27653,1012,2023,8,23,22,1,0,4
27654,1012,2023,9,22,20,0,2,7
27655,1012,2023,10,20,18,2,0,1
27656,1012,2023,11,21,16,3,2,4
27657,1012,2023,12,23,22,0,1,4
27658,1012,2024,1,20,16,4,0,6
27659,1012,2024,2,21,19,1,1,1
27660,1012,2024,3,21,20,0,1,0
27661,1012,2024,4,20,18,1,1,5
27662,1012,2024,5,21,17,4,0,5
27663,1012,2024,6,23,20,2,1,8
27664,1012,2024,7,20,15,3,2,3
27665,1012,2024,8,23,22,1,0,4
27666,1012,2024,9,23,19,2,2,3
27667,1012,2024,10,20,17,1,2,6
27668,1012,2024,11,20,18,2,0,7
27669,1012,2024,12,23,20,3,0,1
27670,1012,2025,1,21,16,3,2,2
27671,1012,2025,2,23,21,1,1,3
27672,1012,2025,3,21,21,0,0,8
27673,1012,2025,4,22,19,2,1,7
27674,1012,2025,5,20,19,0,1,8
27675,1012,2025,6,20,15,4,1,5
27676,1012,2025,7,22,18,4,0,8
27677,1012,2025,8,23,18,3,2,6
27678,1012,2025,9,21,19,1,1,3
27679,1012,2025,10,23,22,1,0,1
27680,1012,2025,11,23,22,1,0,5
27681,1012,2025,12,23,22,0,1,0
27682,1013,2023,12,20,16,3,1,8
27683,1013,2024,1,22,21,1,0,4
27684,1013,2024,2,20,20,0,0,7
27685,1013,2024,3,22,22,0,0,6
27686,1013,2024,4,21,21,0,0,7
27687,1013,2024,5,23,19,2,2,3
27688,1013,2024,6,21,19,0,2,3
27689,1013,2024,7,23,22,1,0,2
27690,1013,2024,8,20,17,2,1,6
27691,1013,2024,9,23,19,4,0,0
27692,1013,2024,10,23,21,0,2,7
27693,1013,2024,11,20,16,4,0,2
27694,1013,2024,12,21,19,0,2,3
27695,1013,2025,1,21,19,1,1,8
27696,1013,2025,2,22,21,0,1,5
27697,1013,2025,3,23,20,3,0,6
27698,1013,2025,4,23,22,1,0,5
27699,1013,2025,5,21,20,0,1,8
27700,1013,2025,6,23,22,0,1,4
27701,1013,2025,7,23,19,2,2,2
27702,1013,2025,8,21,20,0,1,3
27703,1013,2025,9,20,17,2,1,5
27704,1013,2025,10,21,17,3,1,1
27705,1013,2025,11,21,18,1,2,7
27706,1013,2025,12,22,18,3,1,3
27707,1014,2022,5,22,19,2,1,2
27708,1014,2022,6,20,20,0,0,2
27709,1014,2022,7,23,23,0,0,4
27710,1014,2022,8,21,20,0,1,1
27711,1014,2022,9,21,19,0,2,8
27712,1014,2022,10,20,19,1,0,2
27713,1014,2022,11,22,20,0,2,5
27714,1014,2022,12,21,19,0,2,7
27715,1014,2023,1,23,20,2,1,3
27716,1014,2023,2,20,16,4,0,3
27717,1014,2023,3,23,17,4,2,4
27718,1014,2023,4,20,17,2,1,8
27719,1014,2023,5,20,14,4,2,4
27720,1014,2023,6,20,19,0,1,2
27721,1014,2023,7,21,20,0,1,2
27722,1014,2023,8,23,23,0,0,4
27723,1014,2023,9,20,19,0,1,0
27724,1014,2023,10,22,20,1,1,6
27725,1014,2023,11,23,21,1,1,5
27726,1014,2023,12,21,18,3,0,1
27727,1014,2024,1,22,19,1,2,0
27728,1014,2024,2,21,19,2,0,8
27729,1014,2024,3,21,16,3,2,2
27730,1014,2024,4,21,15,4,2,8
27731,1014,2024,5,23,22,1,0,1
27732,1014,2024,6,22,18,4,0,3
27733,1014,2024,7,23,17,4,2,0
27734,1014,2024,8,21,17,2,2,6
27735,1014,2024,9,23,17,4,2,7
27736,1014,2024,10,23,20,1,2,7
27737,1014,2024,11,21,19,1,1,1
27738,1014,2024,12,21,16,3,2,3
27739,1014,2025,1,21,19,0,2,8
27740,1014,2025,2,20,14,4,2,2
27741,1014,2025,3,21,21,0,0,7
27742,1014,2025,4,22,20,1,1,1
27743,1014,2025,5,23,21,2,0,0
27744,1014,2025,6,22,16,4,2,0
27745,1014,2025,7,22,19,2,1,8
27746,1014,2025,8,21,18,1,2,5
27747,1014,2025,9,23,18,4,1,1
27748,1014,2025,10,21,17,2,2,3
27749,1014,2025,11,22,21,1,0,0
27750,1014,2025,12,21,17,2,2,3
27751,1015,2025,7,20,18,1,1,5
27752,1015,2025,8,22,17,3,2,6
27753,1015,2025,9,20,14,4,2,7
27754,1015,2025,10,20,14,4,2,1
27755,1015,2025,11,22,21,0,1,4
27756,1015,2025,12,21,15,4,2,7
27757,1016,2024,6,22,20,0,2,0
27758,1016,2024,7,22,17,3,2,2
27759,1016,2024,8,21,16,4,1,4
27760,1016,2024,9,23,20,2,1,3
27761,1016,2024,10,20,16,3,1,8
27762,1016,2024,11,20,18,2,0,6
27763,1016,2024,12,20,16,2,2,8
27764,1016,2025,1,23,19,3,1,6
27765,1016,2025,2,20,18,2,0,6
27766,1016,2025,3,22,19,1,2,4
27767,1016,2025,4,20,16,4,0,0
27768,1016,2025,5,20,20,0,0,6
27769,1016,2025,6,21,15,4,2,1
27770,1016,2025,7,23,20,1,2,8
27771,1016,2025,8,22,21,1,0,5
27772,1016,2025,9,23,21,0,2,4
27773,1016,2025,10,20,16,3,1,5
27774,1016,2025,11,22,20,2,0,3
27775,1016,2025,12,20,18,0,2,8
27776,1017,2023,9,20,15,4,1,5
27777,1017,2023,10,21,16,4,1,5
27778,1017,2023,11,23,20,2,1,1
27779,1017,2023,12,23,23,0,0,5
27780,1017,2024,1,22,19,3,0,4
27781,1017,2024,2,22,17,3,2,6
27782,1017,2024,3,22,20,1,1,8
27783,1017,2024,4,20,18,1,1,0
27784,1017,2024,5,22,21,1,0,0
27785,1017,2024,6,22,20,2,0,3
27786,1017,2024,7,23,21,0,2,2
27787,1017,2024,8,23,20,2,1,0
27788,1017,2024,9,21,16,3,2,6
27789,1017,2024,10,23,21,1,1,2
27790,1017,2024,11,22,17,4,1,5
27791,1017,2024,12,22,16,4,2,0
27792,1017,2025,1,21,16,3,2,3
27793,1017,2025,2,22,18,4,0,1
27794,1017,2025,3,22,19,2,1,2
27795,1017,2025,4,20,15,4,1,2
27796,1017,2025,5,21,18,1,2,1
27797,1017,2025,6,22,16,4,2,1
27798,1017,2025,7,22,17,3,2,8
27799,1017,2025,8,20,17,1,2,5
27800,1017,2025,9,22,20,2,0,4
27801,1018,2025,1,21,18,3,0,4
27802,1018,2025,2,23,17,4,2,6
27803,1018,2025,3,20,15,4,1,4
27804,1018,2025,4,21,18,3,0,4
27805,1018,2025,5,22,18,4,0,2
27806,1018,2025,6,20,15,4,1,3
27807,1018,2025,7,21,19,0,2,6
27808,1018,2025,8,23,19,4,0,6
27809,1018,2025,9,22,17,3,2,8
27810,1018,2025,10,21,18,1,2,8
27811,1018,2025,11,22,18,2,2,5
27812,1018,2025,12,23,19,4,0,0
27813,1019,2022,4,21,19,0,2,3
27814,1019,2022,5,22,19,1,2,5
27815,1019,2022,6,23,22,1,0,3
27816,1019,2022,7,20,15,4,1,3
27817,1019,2022,8,20,19,1,0,0
27818,1019,2022,9,21,20,0,1,0
27819,1019,2022,10,23,18,4,1,6
27820,1019,2022,11,22,19,1,2,6
27821,1019,2022,12,22,18,2,2,8
27822,1019,2023,1,23,21,1,1,7
27823,1019,2023,2,22,18,2,2,0
27824,1019,2023,3,23,18,3,2,1
27825,1019,2023,4,23,21,2,0,3
27826,1019,2023,5,21,17,4,0,1
27827,1019,2023,6,21,17,4,0,5
27828,1019,2023,7,20,18,0,2,1
27829,1019,2023,8,22,19,1,2,6
27830,1019,2023,9,23,19,4,0,6
27831,1019,2023,10,20,15,4,1,0
27832,1019,2023,11,22,20,0,2,0
27833,1019,2023,12,20,17,3,0,2
27834,1019,2024,1,21,16,4,1,4
27835,1019,2024,2,22,19,1,2,6
27836,1019,2024,3,21,20,1,0,8
27837,1019,2024,4,20,14,4,2,4
27838,1019,2024,5,21,17,4,0,8
27839,1019,2024,6,23,19,2,2,5
27840,1019,2024,7,20,15,4,1,6
27841,1019,2024,8,22,20,1,1,1
27842,1019,2024,9,23,21,1,1,3
27843,1019,2024,10,23,20,1,2,0
27844,1019,2024,11,21,21,0,0,2
27845,1019,2024,12,23,18,3,2,5
27846,1019,2025,1,21,18,2,1,3
27847,1019,2025,2,21,18,3,0,0
27848,1019,2025,3,23,20,3,0,1
27849,1019,2025,4,21,16,4,1,2
27850,1019,2025,5,22,18,4,0,3
27851,1019,2025,6,22,20,0,2,5
27852,1019,2025,7,20,16,4,0,4
27853,1019,2025,8,21,19,1,1,5
27854,1019,2025,9,23,19,2,2,7
27855,1019,2025,10,22,17,4,1,1
27856,1019,2025,11,22,21,0,1,2
27857,1019,2025,12,23,19,4,0,2
27858,1020,2022,11,21,18,1,2,0
27859,1020,2022,12,20,18,1,1,3
27860,1020,2023,1,20,15,3,2,5
27861,1020,2023,2,21,20,0,1,1
27862,1020,2023,3,22,17,4,1,2
27863,1020,2023,4,20,16,4,0,7
27864,1020,2023,5,22,18,4,0,8
27865,1020,2023,6,21,20,0,1,8
27866,1020,2023,7,22,22,0,0,2
27867,1020,2023,8,20,14,4,2,5
27868,1020,2023,9,23,21,1,1,7
27869,1020,2023,10,21,20,1,0,2
27870,1020,2023,11,23,19,3,1,7
27871,1020,2023,12,20,17,1,2,0
27872,1020,2024,1,20,19,0,1,5
27873,1020,2024,2,23,21,1,1,1
27874,1020,2024,3,21,16,4,1,3
27875,1020,2024,4,20,16,2,2,4
27876,1020,2024,5,20,16,2,2,8
27877,1020,2024,6,23,18,4,1,3
27878,1020,2024,7,23,21,2,0,3
27879,1020,2024,8,21,15,4,2,2
27880,1020,2024,9,22,19,2,1,3
27881,1020,2024,10,20,19,0,1,3
27882,1020,2024,11,23,18,3,2,5
27883,1020,2024,12,20,18,0,2,4
27884,1020,2025,1,22,21,1,0,4
27885,1020,2025,2,20,16,3,1,3
27886,1020,2025,3,23,19,3,1,8
27887,1020,2025,4,22,19,2,1,8
27888,1020,2025,5,20,16,3,1,4
27889,1020,2025,6,22,20,0,2,1
27890,1020,2025,7,22,18,3,1,2
27891,1020,2025,8,22,18,4,0,7
27892,1020,2025,9,22,19,1,2,4
27893,1020,2025,10,22,22,0,0,2
27894,1020,2025,11,22,21,0,1,2
27895,1020,2025,12,21,20,0,1,4
27896,1021,2024,4,21,16,4,1,6
27897,1021,2024,5,23,20,2,1,6
27898,1021,2024,6,20,17,1,2,3
27899,1021,2024,7,22,22,0,0,5
27900,1021,2024,8,21,19,0,2,0
27901,1021,2024,9,21,19,1,1,2
27902,1021,2024,10,22,17,4,1,8
27903,1021,2024,11,20,16,4,0,2
27904,1021,2024,12,21,16,4,1,6
27905,1021,2025,1,22,19,2,1,0
27906,1021,2025,2,22,18,2,2,2
27907,1021,2025,3,21,17,2,2,3
27908,1021,2025,4,21,17,4,0,7
27909,1021,2025,5,21,21,0,0,7
27910,1021,2025,6,22,21,0,1,0
27911,1021,2025,7,22,21,0,1,4
27912,1021,2025,8,20,15,3,2,7
27913,1021,2025,9,22,20,0,2,0
27914,1021,2025,10,20,20,0,0,2
27915,1021,2025,11,21,19,1,1,0
27916,1021,2025,12,23,19,2,2,3
27917,1022,2023,2,23,17,4,2,4
27918,1022,2023,3,22,18,4,0,4
27919,1022,2023,4,23,22,1,0,7
27920,1022,2023,5,22,22,0,0,2
27921,1022,2023,6,20,15,3,2,5
27922,1022,2023,7,22,18,4,0,5
27923,1022,2023,8,22,17,3,2,5
27924,1022,2023,9,22,20,2,0,4
27925,1022,2023,10,22,17,4,1,6
27926,1022,2023,11,21,15,4,2,7
27927,1022,2023,12,21,17,2,2,5
27928,1022,2024,1,21,16,4,1,8
27929,1022,2024,2,21,19,2,0,4
27930,1022,2024,3,22,17,3,2,5
27931,1022,2024,4,23,20,2,1,3
27932,1022,2024,5,20,18,1,1,7
27933,1022,2024,6,22,20,0,2,8
27934,1022,2024,7,20,17,1,2,7
27935,1022,2024,8,20,17,2,1,8
27936,1022,2024,9,22,19,2,1,4
27937,1022,2024,10,22,20,0,2,5
27938,1022,2024,11,21,19,2,0,5
27939,1022,2024,12,21,21,0,0,6
27940,1022,2025,1,23,20,1,2,1
27941,1022,2025,2,22,17,4,1,8
27942,1022,2025,3,20,17,2,1,3
27943,1022,2025,4,21,16,3,2,0
27944,1022,2025,5,23,18,3,2,3
27945,1022,2025,6,21,19,2,0,5
27946,1022,2025,7,20,19,1,0,4
27947,1022,2025,8,23,22,0,1,5
27948,1022,2025,9,23,20,2,1,4
27949,1022,2025,10,23,17,4,2,2
27950,1022,2025,11,21,19,2,0,6
27951,1022,2025,12,22,17,4,1,8
27952,1023,2022,12,21,17,3,1,3
27953,1023,2023,1,23,19,4,0,6
27954,1023,2023,2,20,18,1,1,5
27955,1023,2023,3,22,19,1,2,1
27956,1023,2023,4,22,20,2,0,2
27957,1023,2023,5,22,21,1,0,1
27958,1023,2023,6,21,19,0,2,6
27959,1023,2023,7,20,18,1,1,1
27960,1023,2023,8,23,22,1,0,4
27961,1023,2023,9,22,20,2,0,5
27962,1023,2023,10,23,23,0,0,1
27963,1023,2023,11,22,20,1,1,7
27964,1023,2023,12,22,18,4,0,7
27965,1023,2024,1,22,20,1,1,4
27966,1023,2024,2,21,16,4,1,6
27967,1023,2024,3,20,19,1,0,5
27968,1023,2024,4,20,15,3,2,7
27969,1023,2024,5,22,20,2,0,4
27970,1023,2024,6,22,17,3,2,2
27971,1023,2024,7,23,18,4,1,2
27972,1023,2024,8,22,19,1,2,5
27973,1023,2024,9,22,19,2,1,4
27974,1023,2024,10,20,16,4,0,2
27975,1023,2024,11,22,16,4,2,7
27976,1023,2024,12,21,17,3,1,5
27977,1023,2025,1,23,18,4,1,1
27978,1023,2025,2,20,20,0,0,5
27979,1023,2025,3,21,16,3,2,2
27980,1023,2025,4,21,21,0,0,8
27981,1023,2025,5,20,16,3,1,6
27982,1023,2025,6,20,16,4,0,3
27983,1023,2025,7,22,17,4,1,3
27984,1023,2025,8,22,18,3,1,5
27985,1023,2025,9,21,19,0,2,7
27986,1023,2025,10,21,20,1,0,5
27987,1023,2025,11,21,17,3,1,7
27988,1023,2025,12,22,17,3,2,2
27989,1024,2024,9,20,16,2,2,2
27990,1024,2024,10,22,17,4,1,4
27991,1024,2024,11,23,21,1,1,8
27992,1024,2024,12,22,16,4,2,5
27993,1024,2025,1,23,17,4,2,3
27994,1024,2025,2,21,21,0,0,8
27995,1024,2025,3,22,21,0,1,1
27996,1024,2025,4,23,19,3,1,6
27997,1024,2025,5,20,16,3,1,3
27998,1024,2025,6,21,17,4,0,5
27999,1024,2025,7,22,20,1,1,7
28000,1024,2025,8,23,22,0,1,0
28001,1024,2025,9,23,23,0,0,7
28002,1024,2025,10,21,15,4,2,6
28003,1024,2025,11,23,21,0,2,4
28004,1024,2025,12,22,20,2,0,0
28005,1025,2022,7,20,16,4,0,5
28006,1025,2022,8,23,20,1,2,2
28007,1025,2022,9,21,17,2,2,4
28008,1025,2022,10,22,18,3,1,7
28009,1025,2022,11,22,19,2,1,7
28010,1025,2022,12,23,20,3,0,3
28011,1025,2023,1,21,18,3,0,5
28012,1025,2023,2,20,15,4,1,1
28013,1025,2023,3,23,21,0,2,6
28014,1025,2023,4,21,17,2,2,1
28015,1025,2023,5,22,21,1,0,3
28016,1025,2023,6,23,18,3,2,1
28017,1025,2023,7,21,18,1,2,2
28018,1025,2023,8,21,18,2,1,1
28019,1025,2023,9,20,16,2,2,1
28020,1025,2023,10,21,20,0,1,3
28021,1025,2023,11,21,18,2,1,5
28022,1025,2023,12,23,21,1,1,0
28023,1025,2024,1,20,17,3,0,7
28024,1025,2024,2,23,18,4,1,0
28025,1025,2024,3,22,20,2,0,4
28026,1025,2024,4,21,18,2,1,3
28027,1025,2024,5,22,19,2,1,8
28028,1025,2024,6,22,19,3,0,8
28029,1025,2024,7,21,17,3,1,4
28030,1025,2024,8,22,21,0,1,8
28031,1025,2024,9,22,17,3,2,0
28032,1025,2024,10,23,23,0,0,3
28033,1025,2024,11,23,19,3,1,8
28034,1025,2024,12,22,20,0,2,7
28035,1025,2025,1,22,18,2,2,7
28036,1025,2025,2,21,15,4,2,2
28037,1025,2025,3,21,19,2,0,8
28038,1025,2025,4,22,19,3,0,3
28039,1025,2025,5,20,17,3,0,7
28040,1025,2025,6,21,17,3,1,5
28041,1025,2025,7,21,15,4,2,4
28042,1025,2025,8,20,19,1,0,1
28043,1025,2025,9,23,17,4,2,2
28044,1025,2025,10,22,18,3,1,1
28045,1025,2025,11,23,18,3,2,7
28046,1025,2025,12,21,18,3,0,2
28047,1026,2025,11,22,17,3,2,5
28048,1026,2025,12,21,18,1,2,7
28049,1027,2022,5,20,18,0,2,3
28050,1027,2022,6,23,18,3,2,0
28051,1027,2022,7,21,17,3,1,1
28052,1027,2022,8,21,16,3,2,3
28053,1027,2022,9,20,17,1,2,0
28054,1027,2022,10,21,18,2,1,5
28055,1027,2022,11,20,19,1,0,6
28056,1027,2022,12,20,16,4,0,2
28057,1027,2023,1,22,20,0,2,7
28058,1027,2023,2,23,19,2,2,2
28059,1027,2023,3,23,22,1,0,0
28060,1027,2023,4,21,21,0,0,6
28061,1027,2023,5,21,20,0,1,2
28062,1027,2023,6,20,16,3,1,1
28063,1027,2023,7,22,19,3,0,7
28064,1027,2023,8,23,19,3,1,1
28065,1027,2023,9,20,20,0,0,0
28066,1027,2023,10,21,20,0,1,5
28067,1027,2023,11,23,18,4,1,6
28068,1027,2023,12,21,17,2,2,6
28069,1027,2024,1,22,19,1,2,0
28070,1027,2024,2,20,18,2,0,8
28071,1027,2024,3,22,19,3,0,7
28072,1027,2024,4,21,17,2,2,1
28073,1027,2024,5,23,20,1,2,6
28074,1027,2024,6,21,21,0,0,5
28075,1027,2024,7,20,17,1,2,3
28076,1027,2024,8,20,20,0,0,1
28077,1027,2024,9,23,20,3,0,0
28078,1027,2024,10,23,23,0,0,3
28079,1027,2024,11,22,20,2,0,4
28080,1027,2024,12,20,19,0,1,5
28081,1027,2025,1,21,20,0,1,4
28082,1027,2025,2,20,19,1,0,3
28083,1027,2025,3,23,19,4,0,0
28084,1027,2025,4,20,18,1,1,0
28085,1027,2025,5,23,20,3,0,6
28086,1027,2025,6,20,16,3,1,8
28087,1027,2025,7,21,17,3,1,7
28088,1027,2025,8,20,18,2,0,3
28089,1027,2025,9,21,21,0,0,1
28090,1027,2025,10,22,18,2,2,5
28091,1027,2025,11,22,20,0,2,5
28092,1027,2025,12,22,20,1,1,1
28093,1028,2021,6,22,18,3,1,8
28094,1028,2021,7,23,20,2,1,8
28095,1028,2021,8,23,21,2,0,1
28096,1028,2021,9,20,17,1,2,2
28097,1028,2021,10,21,17,2,2,1
28098,1028,2021,11,23,20,3,0,5
28099,1028,2021,12,23,22,1,0,8
28100,1028,2022,1,23,17,4,2,3
28101,1028,2022,2,22,22,0,0,3
28102,1028,2022,3,20,18,0,2,3
28103,1028,2022,4,20,17,2,1,5
28104,1028,2022,5,21,18,2,1,3
28105,1028,2022,6,22,19,2,1,4
28106,1028,2022,7,20,18,2,0,4
28107,1028,2022,8,21,16,4,1,2
28108,1028,2022,9,22,17,3,2,0
28109,1028,2022,10,22,20,0,2,0
28110,1028,2022,11,21,21,0,0,3
28111,1028,2022,12,20,14,4,2,3
28112,1028,2023,1,20,18,2,0,5
28113,1028,2023,2,22,18,3,1,4
28114,1028,2023,3,22,18,3,1,5
28115,1028,2023,4,22,19,3,0,4
28116,1028,2023,5,21,17,3,1,4
28117,1028,2023,6,23,21,1,1,7
28118,1028,2023,7,21,19,0,2,3
28119,1028,2023,8,22,18,3,1,3
28120,1028,2023,9,20,18,2,0,1
28121,1028,2023,10,20,14,4,2,7
28122,1028,2023,11,20,18,0,2,1
28123,1028,2023,12,23,21,0,2,0
28124,1028,2024,1,21,19,2,0,2
28125,1028,2024,2,21,16,4,1,8
28126,1028,2024,3,23,20,2,1,3
28127,1028,2024,4,22,18,2,2,3
28128,1028,2024,5,20,14,4,2,5
28129,1028,2024,6,20,15,3,2,2
28130,1028,2024,7,23,19,4,0,2
28131,1028,2024,8,20,16,4,0,7
28132,1028,2024,9,22,22,0,0,7
28133,1028,2024,10,21,19,1,1,4
28134,1028,2024,11,23,22,1,0,2
28135,1028,2024,12,20,17,2,1,7
28136,1028,2025,1,23,21,2,0,3
28137,1028,2025,2,23,17,4,2,2
28138,1028,2025,3,22,18,3,1,4
28139,1028,2025,4,21,19,1,1,0
28140,1028,2025,5,21,15,4,2,8
28141,1028,2025,6,23,19,3,1,7
28142,1028,2025,7,21,15,4,2,0
28143,1028,2025,8,21,19,1,1,3
28144,1028,2025,9,23,19,4,0,8
28145,1028,2025,10,20,17,2,1,7
28146,1028,2025,11,20,19,1,0,3
28147,1028,2025,12,22,20,1,1,4
28148,1029,2021,11,22,19,3,0,2
28149,1029,2021,12,20,17,1,2,8
28150,1029,2022,1,22,21,0,1,0
28151,1029,2022,2,20,16,2,2,3
28152,1029,2022,3,23,21,0,2,4
28153,1029,2022,4,20,19,1,0,0
28154,1029,2022,5,20,17,3,0,8
28155,1029,2022,6,23,19,3,1,0
28156,1029,2022,7,23,20,2,1,0
28157,1029,2022,8,20,16,3,1,4
28158,1029,2022,9,20,17,2,1,5
28159,1029,2022,10,20,18,0,2,3
28160,1029,2022,11,21,21,0,0,2
28161,1029,2022,12,21,19,1,1,7
28162,1029,2023,1,23,22,0,1,0
28163,1029,2023,2,23,20,1,2,7
28164,1029,2023,3,23,22,1,0,5
28165,1029,2023,4,22,21,1,0,6
28166,1029,2023,5,20,14,4,2,5
28167,1029,2023,6,22,20,2,0,8
28168,1029,2023,7,21,17,2,2,3
28169,1029,2023,8,20,18,2,0,1
28170,1029,2023,9,23,22,1,0,5
28171,1029,2023,10,21,19,2,0,2
28172,1029,2023,11,23,19,2,2,6
28173,1029,2023,12,21,17,2,2,7
28174,1029,2024,1,22,19,1,2,7
28175,1029,2024,2,23,19,3,1,6
28176,1029,2024,3,23,20,2,1,1
28177,1029,2024,4,21,16,4,1,7
28178,1029,2024,5,21,18,2,1,2
28179,1029,2024,6,22,19,1,2,0
28180,1029,2024,7,21,18,1,2,7
28181,1029,2024,8,20,20,0,0,5
28182,1029,2024,9,23,19,2,2,7
28183,1029,2024,10,21,21,0,0,6
28184,1029,2024,11,21,16,3,2,0
28185,1029,2024,12,22,18,4,0,5
28186,1029,2025,1,22,20,0,2,0
28187,1029,2025,2,23,19,2,2,4
28188,1029,2025,3,22,17,3,2,4
28189,1029,2025,4,20,18,1,1,2
28190,1029,2025,5,22,17,3,2,5
28191,1029,2025,6,23,19,4,0,3
28192,1029,2025,7,21,20,1,0,8
28193,1029,2025,8,21,19,1,1,0
28194,1029,2025,9,22,21,1,0,3
28195,1029,2025,10,23,22,0,1,8
28196,1029,2025,11,21,17,4,0,1
28197,1029,2025,12,20,14,4,2,5
28198,1030,2022,4,21,17,3,1,8
28199,1030,2022,5,22,21,0,1,6
28200,1030,2022,6,20,16,3,1,5
28201,1030,2022,7,22,18,2,2,8
28202,1030,2022,8,22,17,4,1,4
28203,1030,2022,9,22,21,1,0,1
28204,1030,2022,10,21,20,1,0,1
28205,1030,2022,11,23,22,0,1,6
28206,1030,2022,12,21,20,1,0,3
28207,1030,2023,1,22,21,1,0,7
28208,1030,2023,2,21,18,1,2,8
28209,1030,2023,3,23,22,1,0,8
28210,1030,2023,4,21,17,3,1,2
28211,1030,2023,5,21,19,0,2,8
28212,1030,2023,6,20,17,2,1,4
28213,1030,2023,7,23,20,1,2,6
28214,1030,2023,8,23,21,1,1,4
28215,1030,2023,9,22,18,3,1,5
28216,1030,2023,10,22,19,3,0,8
28217,1030,2023,11,23,19,3,1,4
28218,1030,2023,12,20,19,0,1,7
28219,1030,2024,1,23,22,1,0,0
28220,1030,2024,2,20,18,2,0,8
28221,1030,2024,3,23,20,2,1,4
28222,1030,2024,4,23,19,2,2,3
28223,1030,2024,5,23,21,0,2,6
28224,1030,2024,6,21,16,4,1,4
28225,1030,2024,7,20,16,2,2,0
28226,1030,2024,8,20,18,2,0,6
28227,1030,2024,9,22,19,2,1,0
28228,1030,2024,10,23,18,3,2,4
28229,1030,2024,11,21,18,1,2,6
28230,1030,2024,12,22,18,2,2,3
28231,1030,2025,1,20,19,1,0,7
28232,1030,2025,2,20,15,3,2,7
28233,1030,2025,3,23,19,2,2,2
28234,1030,2025,4,20,19,1,0,6
28235,1030,2025,5,23,22,1,0,3
28236,1030,2025,6,21,17,4,0,8
28237,1030,2025,7,22,17,3,2,0
28238,1030,2025,8,22,19,1,2,8
28239,1030,2025,9,21,18,1,2,3
28240,1030,2025,10,22,17,4,1,3
28241,1030,2025,11,20,18,0,2,0
28242,1030,2025,12,21,17,4,0,2
28243,1031,2024,1,21,20,1,0,8
28244,1031,2024,2,21,20,1,0,3
28245,1031,2024,3,22,20,2,0,8
28246,1031,2024,4,20,19,1,0,1
28247,1031,2024,5,20,16,2,2,1
28248,1031,2024,6,22,17,3,2,6
28249,1031,2024,7,21,16,4,1,2
28250,1031,2024,8,22,18,2,2,7
28251,1031,2024,9,20,17,2,1,3
28252,1031,2024,10,22,17,3,2,5
28253,1031,2024,11,21,19,2,0,7
28254,1031,2024,12,23,22,1,0,3
28255,1032,2022,12,20,14,4,2,0
28256,1032,2023,1,22,20,0,2,5
28257,1032,2023,2,22,17,3,2,7
28258,1032,2023,3,21,17,3,1,2
28259,1032,2023,4,23,18,4,1,0
28260,1032,2023,5,22,18,3,1,3
28261,1032,2023,6,21,21,0,0,0
28262,1032,2023,7,23,21,1,1,6
28263,1032,2023,8,20,16,2,2,0
28264,1032,2023,9,22,22,0,0,7
28265,1032,2023,10,23,22,1,0,8
28266,1032,2023,11,21,15,4,2,0
28267,1032,2023,12,23,18,3,2,8
28268,1032,2024,1,20,17,1,2,0
28269,1032,2024,2,20,18,2,0,2
28270,1032,2024,3,21,20,1,0,8
28271,1032,2024,4,21,15,4,2,8
28272,1032,2024,5,22,20,2,0,4
28273,1032,2024,6,22,18,2,2,4
28274,1032,2024,7,23,22,0,1,1
28275,1032,2024,8,20,17,2,1,1
28276,1032,2024,9,22,21,1,0,7
28277,1032,2024,10,20,14,4,2,6
28278,1032,2024,11,21,17,4,0,4
28279,1032,2024,12,23,23,0,0,3
28280,1032,2025,1,22,21,1,0,7
28281,1032,2025,2,21,16,3,2,4
28282,1032,2025,3,21,16,3,2,1
28283,1032,2025,4,20,18,0,2,3
28284,1032,2025,5,23,19,4,0,7
28285,1032,2025,6,23,21,2,0,1
28286,1032,2025,7,21,20,1,0,4
28287,1032,2025,8,20,17,1,2,0
28288,1032,2025,9,23,21,1,1,8
28289,1032,2025,10,22,17,3,2,1
28290,1032,2025,11,20,17,1,2,7
28291,1032,2025,12,20,19,0,1,6
28292,1033,2022,2,20,19,0,1,8
28293,1033,2022,3,22,16,4,2,0
28294,1033,2022,4,21,21,0,0,0
28295,1033,2022,5,23,23,0,0,2
28296,1033,2022,6,21,19,0,2,8
28297,1033,2022,7,21,15,4,2,2
28298,1033,2022,8,21,18,2,1,4
28299,1033,2022,9,21,19,2,0,0
28300,1033,2022,10,22,19,2,1,0
28301,1033,2022,11,21,17,3,1,7
28302,1033,2022,12,20,17,1,2,1
28303,1033,2023,1,23,23,0,0,6
28304,1033,2023,2,23,18,3,2,6
28305,1033,2023,3,22,19,3,0,7
28306,1033,2023,4,21,16,3,2,2
28307,1033,2023,5,22,18,3,1,5
28308,1033,2023,6,20,16,2,2,6
28309,1033,2023,7,21,18,3,0,8
28310,1033,2023,8,23,20,2,1,8
28311,1033,2023,9,21,18,3,0,4
28312,1033,2023,10,21,16,4,1,2
28313,1033,2023,11,21,17,2,2,0
28314,1033,2023,12,20,15,4,1,1
28315,1033,2024,1,20,20,0,0,6
28316,1033,2024,2,23,17,4,2,1
28317,1033,2024,3,20,19,1,0,0
28318,1033,2024,4,21,17,2,2,5
28319,1033,2024,5,21,21,0,0,7
28320,1033,2024,6,20,15,4,1,0
28321,1033,2024,7,20,17,2,1,8
28322,1033,2024,8,21,21,0,0,7
28323,1033,2024,9,23,18,4,1,7
28324,1033,2024,10,22,20,0,2,7
28325,1033,2024,11,20,15,4,1,8
28326,1033,2024,12,23,19,4,0,2
28327,1033,2025,1,21,20,1,0,1
28328,1033,2025,2,21,21,0,0,8
28329,1033,2025,3,20,17,2,1,6
28330,1033,2025,4,22,18,4,0,3
28331,1033,2025,5,20,18,1,1,7
28332,1033,2025,6,21,16,3,2,1
28333,1033,2025,7,23,22,0,1,8
28334,1033,2025,8,22,20,1,1,0
28335,1033,2025,9,21,18,2,1,6
28336,1033,2025,10,20,15,3,2,7
28337,1033,2025,11,20,19,1,0,3
28338,1033,2025,12,21,17,3,1,0
28339,1034,2024,4,21,20,1,0,5
28340,1034,2024,5,22,19,3,0,4
28341,1034,2024,6,23,18,4,1,8
28342,1034,2024,7,21,16,3,2,4
28343,1034,2024,8,20,15,4,1,6
28344,1034,2024,9,23,21,0,2,5
28345,1034,2024,10,20,15,4,1,3
28346,1034,2024,11,20,16,2,2,8
28347,1034,2024,12,22,17,4,1,8
28348,1034,2025,1,22,17,3,2,5
28349,1034,2025,2,22,21,1,0,5
28350,1034,2025,3,22,21,0,1,0
28351,1034,2025,4,21,19,2,0,0
28352,1034,2025,5,21,20,1,0,2
28353,1034,2025,6,22,19,2,1,3
28354,1034,2025,7,23,23,0,0,4
28355,1034,2025,8,22,19,3,0,3
28356,1034,2025,9,23,19,4,0,7
28357,1034,2025,10,22,18,2,2,3
28358,1034,2025,11,23,20,1,2,8
28359,1034,2025,12,23,18,4,1,6
28360,1035,2025,9,21,18,3,0,2
28361,1035,2025,10,21,20,0,1,1
28362,1035,2025,11,23,22,1,0,4
28363,1036,2023,6,20,15,4,1,1
28364,1036,2023,7,21,20,0,1,1
28365,1036,2023,8,22,18,2,2,6
28366,1036,2023,9,21,19,2,0,1
28367,1036,2023,10,23,22,0,1,7
28368,1036,2023,11,20,16,4,0,3
28369,1036,2023,12,21,18,1,2,0
28370,1036,2024,1,20,15,3,2,5
28371,1036,2024,2,21,21,0,0,0
28372,1036,2024,3,20,16,3,1,4
28373,1036,2024,4,23,21,0,2,2
28374,1036,2024,5,23,22,1,0,6
28375,1036,2024,6,20,17,1,2,1
28376,1036,2024,7,20,18,2,0,8
28377,1036,2024,8,20,15,3,2,3
28378,1036,2024,9,20,17,3,0,1
28379,1036,2024,10,21,20,1,0,6
28380,1036,2024,11,20,16,3,1,8
28381,1036,2024,12,23,21,2,0,4
28382,1036,2025,1,22,20,2,0,6
28383,1036,2025,2,22,16,4,2,2
28384,1036,2025,3,21,19,2,0,1
28385,1036,2025,4,22,22,0,0,2
28386,1036,2025,5,20,19,1,0,0
28387,1036,2025,6,21,18,1,2,5
28388,1036,2025,7,23,20,2,1,4
28389,1036,2025,8,23,19,4,0,6
28390,1036,2025,9,21,15,4,2,1
28391,1036,2025,10,21,15,4,2,4
28392,1036,2025,11,22,17,4,1,7
28393,1036,2025,12,23,23,0,0,0
28394,1037,2023,6,20,18,0,2,4
28395,1037,2023,7,22,17,3,2,7
28396,1037,2023,8,20,18,2,0,7
28397,1037,2023,9,23,19,2,2,0
28398,1037,2023,10,23,21,0,2,2
28399,1037,2023,11,20,18,1,1,8
28400,1037,2023,12,20,17,3,0,5
28401,1037,2024,1,21,17,4,0,8
28402,1037,2024,2,23,20,2,1,5
28403,1037,2024,3,23,18,3,2,0
28404,1037,2024,4,22,18,2,2,7
28405,1037,2024,5,23,21,1,1,2
28406,1037,2024,6,21,18,1,2,6
28407,1037,2024,7,23,19,2,2,2
28408,1037,2024,8,21,18,1,2,6
28409,1037,2024,9,23,21,1,1,6
28410,1037,2024,10,22,21,1,0,7
28411,1037,2024,11,21,16,4,1,2
28412,1037,2024,12,22,20,2,0,0
28413,1037,2025,1,22,19,3,0,2
28414,1037,2025,2,22,20,0,2,5
28415,1037,2025,3,23,19,2,2,4
28416,1037,2025,4,22,20,2,0,8
28417,1037,2025,5,21,17,4,0,6
28418,1037,2025,6,23,22,0,1,1
28419,1037,2025,7,21,18,1,2,4
28420,1037,2025,8,20,17,3,0,8
28421,1037,2025,9,22,18,4,0,4
28422,1037,2025,10,23,22,1,0,4
28423,1037,2025,11,22,19,2,1,4
28424,1037,2025,12,20,18,2,0,1
28425,1038,2025,1,23,20,1,2,0
28426,1038,2025,2,23,19,4,0,6
28427,1038,2025,3,20,16,4,0,5
28428,1038,2025,4,20,19,1,0,6
28429,1038,2025,5,23,18,4,1,7
28430,1038,2025,6,20,19,0,1,8
28431,1038,2025,7,20,19,1,0,6
28432,1038,2025,8,22,19,2,1,3
28433,1038,2025,9,22,16,4,2,5
28434,1038,2025,10,22,21,0,1,2
28435,1038,2025,11,23,21,0,2,2
28436,1038,2025,12,23,21,1,1,6
28437,1039,2024,1,21,16,4,1,8
28438,1039,2024,2,23,19,3,1,3
28439,1039,2024,3,22,20,2,0,3
28440,1039,2024,4,22,19,3,0,5
28441,1039,2024,5,21,19,0,2,0
28442,1039,2024,6,22,19,2,1,4
28443,1039,2024,7,22,18,4,0,2
28444,1039,2024,8,21,17,4,0,4
28445,1039,2024,9,21,20,0,1,4
28446,1039,2024,10,21,17,4,0,3
28447,1039,2024,11,23,17,4,2,5
28448,1039,2024,12,22,22,0,0,6
28449,1039,2025,1,23,21,1,1,7
28450,1039,2025,2,23,19,4,0,3
28451,1039,2025,3,23,21,1,1,5
28452,1039,2025,4,23,23,0,0,2
28453,1039,2025,5,22,22,0,0,2
28454,1039,2025,6,22,21,0,1,6
28455,1039,2025,7,23,23,0,0,7
28456,1039,2025,8,20,14,4,2,2
28457,1039,2025,9,21,21,0,0,1
28458,1039,2025,10,21,18,1,2,1
28459,1039,2025,11,21,18,2,1,8
28460,1039,2025,12,22,17,3,2,4
28461,1040,2021,1,20,16,3,1,1
28462,1040,2021,2,20,15,4,1,0
28463,1040,2021,3,21,17,4,0,5
28464,1040,2021,4,23,23,0,0,4
28465,1040,2021,5,21,16,4,1,4
28466,1040,2021,6,23,23,0,0,3
28467,1040,2021,7,23,21,1,1,3
28468,1040,2021,8,23,19,2,2,6
28469,1040,2021,9,20,17,2,1,2
28470,1040,2021,10,22,20,2,0,2
28471,1040,2021,11,23,20,3,0,0
28472,1040,2021,12,23,22,1,0,0
28473,1040,2022,1,23,20,2,1,3
28474,1040,2022,2,20,15,3,2,7
28475,1040,2022,3,21,16,3,2,4
28476,1040,2022,4,23,18,3,2,4
28477,1040,2022,5,23,22,0,1,0
28478,1040,2022,6,23,20,3,0,8
28479,1040,2022,7,20,17,1,2,8
28480,1040,2022,8,20,17,2,1,5
28481,1040,2022,9,23,21,2,0,6
28482,1040,2022,10,20,18,1,1,0
28483,1040,2022,11,23,20,2,1,3
28484,1040,2022,12,23,22,0,1,7
28485,1040,2023,1,20,16,3,1,1
28486,1040,2023,2,23,22,1,0,7
28487,1040,2023,3,23,19,4,0,3
28488,1040,2023,4,23,20,1,2,5
28489,1040,2023,5,21,18,2,1,6
28490,1040,2023,6,21,19,2,0,1
28491,1040,2023,7,22,20,1,1,3
28492,1040,2023,8,22,21,0,1,0
28493,1040,2023,9,23,19,4,0,6
28494,1040,2023,10,20,18,2,0,2
28495,1040,2023,11,22,21,1,0,4
28496,1040,2023,12,20,20,0,0,3
28497,1040,2024,1,20,16,4,0,2
28498,1040,2024,2,23,18,3,2,7
28499,1040,2024,3,20,19,0,1,6
28500,1040,2024,4,22,20,2,0,2
28501,1040,2024,5,23,19,2,2,6
28502,1040,2024,6,21,18,2,1,5
28503,1040,2024,7,21,20,0,1,0
28504,1040,2024,8,21,19,0,2,0
28505,1040,2024,9,23,22,0,1,2
28506,1040,2024,10,23,23,0,0,8
28507,1040,2024,11,22,19,3,0,6
28508,1040,2024,12,23,21,0,2,1
28509,1040,2025,1,23,19,2,2,8
28510,1040,2025,2,20,17,1,2,2
28511,1040,2025,3,20,15,4,1,8
28512,1040,2025,4,20,16,2,2,4
28513,1040,2025,5,22,16,4,2,5
28514,1040,2025,6,20,16,3,1,3
28515,1040,2025,7,23,18,3,2,5
28516,1040,2025,8,22,22,0,0,4
28517,1040,2025,9,21,16,4,1,2
28518,1040,2025,10,21,20,1,0,0
28519,1040,2025,11,20,18,1,1,6
28520,1040,2025,12,21,21,0,0,4
28521,1041,2022,8,23,19,2,2,0
28522,1041,2022,9,22,18,4,0,0
28523,1041,2022,10,20,18,1,1,5
28524,1041,2022,11,20,18,0,2,1
28525,1041,2022,12,20,16,3,1,8
28526,1041,2023,1,20,17,1,2,7
28527,1041,2023,2,20,20,0,0,4
28528,1041,2023,3,21,20,1,0,0
28529,1041,2023,4,23,18,3,2,4
28530,1041,2023,5,22,19,2,1,6
28531,1041,2023,6,22,18,4,0,2
28532,1041,2023,7,23,18,4,1,4
28533,1041,2023,8,21,20,0,1,3
28534,1041,2023,9,20,17,1,2,3
28535,1041,2023,10,21,21,0,0,7
28536,1041,2023,11,20,14,4,2,5
28537,1041,2023,12,20,15,4,1,2
28538,1041,2024,1,20,18,1,1,0
28539,1041,2024,2,20,16,2,2,7
28540,1041,2024,3,21,20,1,0,5
28541,1041,2024,4,22,19,3,0,4
28542,1041,2024,5,23,21,2,0,8
28543,1041,2024,6,20,18,2,0,8
28544,1041,2024,7,21,19,2,0,3
28545,1041,2024,8,23,22,0,1,5
28546,1041,2024,9,22,21,0,1,6
28547,1041,2024,10,21,21,0,0,7
28548,1041,2024,11,21,16,3,2,0
28549,1041,2024,12,22,18,4,0,3
28550,1041,2025,1,20,18,1,1,2
28551,1041,2025,2,21,17,4,0,3
28552,1041,2025,3,20,15,4,1,6
28553,1041,2025,4,23,20,3,0,1
28554,1041,2025,5,20,19,0,1,2
28555,1041,2025,6,20,19,1,0,3
28556,1041,2025,7,21,19,2,0,4
28557,1041,2025,8,22,21,1,0,1
28558,1041,2025,9,21,16,3,2,7
28559,1041,2025,10,20,17,2,1,1
28560,1041,2025,11,21,18,3,0,4
28561,1041,2025,12,22,17,4,1,3
28562,1042,2023,10,23,22,0,1,5
28563,1042,2023,11,20,14,4,2,0
28564,1042,2023,12,21,17,2,2,5
28565,1042,2024,1,23,20,3,0,4
28566,1042,2024,2,22,18,3,1,0
28567,1042,2024,3,21,18,2,1,3
28568,1042,2024,4,23,23,0,0,2
28569,1042,2024,5,22,18,2,2,4
28570,1042,2024,6,21,21,0,0,1
28571,1042,2024,7,23,20,2,1,4
28572,1042,2024,8,20,17,1,2,0
28573,1042,2024,9,20,19,1,0,2
28574,1042,2024,10,22,18,3,1,2
28575,1042,2024,11,20,19,1,0,5
28576,1042,2024,12,23,19,3,1,3
28577,1042,2025,1,22,20,1,1,7
28578,1042,2025,2,21,17,4,0,3
28579,1042,2025,3,21,19,2,0,8
28580,1042,2025,4,22,21,0,1,3
28581,1042,2025,5,21,21,0,0,4
28582,1042,2025,6,22,19,1,2,4
28583,1042,2025,7,20,15,4,1,3
28584,1042,2025,8,23,18,4,1,1
28585,1042,2025,9,22,20,0,2,8
28586,1042,2025,10,22,19,2,1,2
28587,1042,2025,11,22,17,4,1,8
28588,1042,2025,12,23,21,2,0,2
28589,1043,2024,1,21,18,2,1,2
28590,1043,2024,2,22,16,4,2,5
28591,1043,2024,3,21,16,3,2,5
28592,1043,2024,4,21,19,1,1,8
28593,1043,2024,5,23,18,3,2,3
28594,1043,2024,6,20,18,1,1,1
28595,1043,2024,7,22,19,1,2,5
28596,1043,2024,8,20,19,1,0,7
28597,1043,2024,9,20,18,2,0,7
28598,1043,2024,10,23,23,0,0,7
28599,1043,2024,11,20,16,3,1,6
28600,1043,2024,12,23,22,1,0,2
28601,1043,2025,1,22,19,1,2,2
28602,1043,2025,2,23,18,3,2,6
28603,1043,2025,3,22,19,2,1,0
28604,1043,2025,4,23,21,1,1,7
28605,1043,2025,5,22,19,2,1,2
28606,1043,2025,6,23,21,1,1,7
28607,1043,2025,7,20,16,2,2,6
28608,1043,2025,8,21,18,1,2,7
28609,1043,2025,9,23,20,2,1,6
28610,1043,2025,10,20,15,3,2,1
28611,1043,2025,11,23,18,4,1,3
28612,1043,2025,12,22,18,3,1,2
28613,1044,2025,6,22,17,3,2,6
28614,1044,2025,7,23,21,1,1,4
28615,1044,2025,8,23,21,0,2,2
28616,1044,2025,9,23,22,1,0,0
28617,1044,2025,10,23,19,4,0,7
28618,1044,2025,11,21,18,2,1,4
28619,1044,2025,12,23,20,1,2,2
28620,1045,2025,5,21,17,3,1,6
28621,1045,2025,6,20,16,3,1,4
28622,1045,2025,7,22,21,0,1,1
28623,1045,2025,8,21,18,3,0,4
28624,1045,2025,9,21,16,3,2,1
28625,1045,2025,10,21,17,4,0,2
28626,1045,2025,11,21,18,1,2,6
28627,1045,2025,12,20,16,3,1,7
28628,1046,2022,1,20,19,0,1,2
28629,1046,2022,2,21,19,2,0,0
28630,1046,2022,3,22,18,2,2,5
28631,1046,2022,4,22,19,2,1,0
28632,1046,2022,5,22,16,4,2,5
28633,1046,2022,6,21,16,4,1,0
28634,1046,2022,7,20,16,3,1,1
28635,1046,2022,8,21,18,1,2,2
28636,1046,2022,9,20,17,2,1,7
28637,1046,2022,10,21,15,4,2,0
28638,1046,2022,11,20,19,1,0,2
28639,1046,2022,12,21,18,2,1,8
28640,1046,2023,1,20,14,4,2,6
28641,1046,2023,2,21,15,4,2,6
28642,1046,2023,3,20,18,2,0,3
28643,1046,2023,4,21,21,0,0,7
28644,1046,2023,5,22,20,2,0,4
28645,1046,2023,6,21,20,0,1,3
28646,1046,2023,7,21,19,1,1,1
28647,1046,2023,8,22,18,4,0,2
28648,1046,2023,9,21,17,2,2,6
28649,1046,2023,10,22,17,3,2,0
28650,1046,2023,11,21,15,4,2,8
28651,1046,2023,12,22,20,1,1,8
28652,1046,2024,1,20,17,1,2,3
28653,1046,2024,2,21,20,1,0,8
28654,1046,2024,3,23,21,1,1,3
28655,1046,2024,4,21,19,2,0,1
28656,1046,2024,5,23,20,2,1,7
28657,1046,2024,6,23,20,2,1,0
28658,1046,2024,7,22,17,4,1,3
28659,1046,2024,8,22,18,3,1,2
28660,1046,2024,9,21,15,4,2,1
28661,1046,2024,10,22,18,3,1,8
28662,1046,2024,11,20,17,3,0,3
28663,1046,2024,12,20,16,4,0,8
28664,1046,2025,1,22,18,3,1,2
28665,1046,2025,2,21,21,0,0,1
28666,1046,2025,3,21,20,1,0,6
28667,1046,2025,4,22,22,0,0,2
28668,1046,2025,5,23,17,4,2,4
28669,1046,2025,6,21,20,1,0,4
28670,1046,2025,7,20,16,4,0,7
28671,1046,2025,8,21,19,0,2,1
28672,1046,2025,9,20,18,1,1,2
28673,1046,2025,10,22,20,0,2,5
28674,1046,2025,11,23,18,4,1,0
28675,1046,2025,12,20,17,1,2,8
28676,1047,2024,9,22,18,4,0,4
28677,1047,2024,10,20,17,3,0,2
28678,1047,2024,11,21,16,4,1,2
28679,1047,2024,12,23,21,2,0,6
28680,1047,2025,1,23,22,0,1,4
28681,1047,2025,2,21,19,1,1,7
28682,1047,2025,3,23,21,2,0,2
28683,1048,2022,2,23,18,3,2,3
28684,1048,2022,3,21,15,4,2,3
28685,1048,2022,4,21,18,1,2,6
28686,1048,2022,5,20,16,3,1,0
28687,1048,2022,6,20,16,2,2,7
28688,1048,2022,7,21,15,4,2,1
28689,1048,2022,8,23,21,0,2,4
28690,1048,2022,9,23,17,4,2,6
28691,1048,2022,10,22,21,1,0,0
28692,1048,2022,11,20,17,1,2,1
28693,1048,2022,12,22,20,0,2,1
28694,1048,2023,1,22,17,3,2,5
28695,1048,2023,2,20,15,4,1,4
28696,1048,2023,3,21,15,4,2,2
28697,1048,2023,4,21,15,4,2,6
28698,1048,2023,5,20,19,1,0,2
28699,1048,2023,6,21,20,0,1,4
28700,1048,2023,7,20,16,4,0,0
28701,1048,2023,8,21,19,1,1,7
28702,1048,2023,9,20,17,2,1,3
28703,1048,2023,10,20,16,2,2,3
28704,1048,2023,11,20,15,4,1,4
28705,1048,2023,12,20,17,2,1,0
28706,1048,2024,1,20,15,4,1,1
28707,1048,2024,2,21,19,2,0,7
28708,1048,2024,3,20,17,1,2,8
28709,1048,2024,4,21,19,0,2,3
28710,1048,2024,5,22,21,1,0,5
28711,1048,2024,6,22,19,3,0,6
28712,1048,2024,7,21,17,4,0,8
28713,1048,2024,8,23,22,1,0,8
28714,1048,2024,9,20,16,4,0,8
28715,1048,2024,10,23,20,1,2,4
28716,1048,2024,11,22,19,1,2,6
28717,1048,2024,12,21,17,3,1,1
28718,1048,2025,1,23,18,4,1,3
28719,1048,2025,2,21,20,0,1,0
28720,1048,2025,3,20,18,0,2,0
28721,1048,2025,4,21,20,0,1,8
28722,1048,2025,5,20,15,4,1,5
28723,1048,2025,6,21,19,2,0,6
28724,1048,2025,7,22,20,0,2,7
28725,1048,2025,8,20,16,2,2,5
28726,1048,2025,9,23,21,0,2,0
28727,1048,2025,10,20,20,0,0,7
28728,1048,2025,11,20,16,2,2,5
28729,1048,2025,12,23,19,4,0,0
28730,1049,2024,6,20,17,2,1,8
28731,1049,2024,7,22,18,4,0,2
28732,1049,2024,8,23,23,0,0,2
28733,1049,2024,9,20,16,4,0,3
28734,1049,2024,10,23,19,2,2,4
28735,1049,2024,11,22,18,4,0,4
28736,1049,2024,12,21,15,4,2,3
28737,1049,2025,1,23,18,3,2,8
28738,1049,2025,2,22,20,2,0,0
28739,1049,2025,3,21,17,3,1,0
28740,1049,2025,4,23,20,1,2,8
28741,1049,2025,5,23,22,0,1,3
28742,1049,2025,6,20,20,0,0,4
28743,1049,2025,7,20,16,2,2,7
28744,1049,2025,8,20,19,0,1,3
28745,1049,2025,9,22,17,4,1,1
28746,1049,2025,10,21,18,1,2,3
28747,1049,2025,11,20,17,2,1,2
28748,1049,2025,12,20,18,0,2,6
28749,1050,2022,2,22,19,2,1,0
28750,1050,2022,3,21,17,2,2,1
28751,1050,2022,4,21,20,1,0,2
28752,1050,2022,5,23,19,3,1,2
28753,1050,2022,6,23,21,1,1,7
28754,1050,2022,7,23,20,1,2,8
28755,1050,2022,8,23,19,4,0,3
28756,1050,2022,9,20,16,4,0,4
28757,1050,2022,10,22,19,3,0,4
28758,1050,2022,11,23,21,0,2,4
28759,1050,2022,12,20,19,1,0,8
28760,1050,2023,1,22,16,4,2,7
28761,1050,2023,2,21,17,4,0,2
28762,1050,2023,3,22,16,4,2,6
28763,1050,2023,4,21,16,4,1,4
28764,1050,2023,5,21,20,0,1,4
28765,1050,2023,6,22,19,3,0,5
28766,1050,2023,7,22,17,3,2,1
28767,1050,2023,8,20,16,2,2,5
28768,1050,2023,9,22,20,0,2,0
28769,1050,2023,10,20,19,0,1,1
28770,1050,2023,11,23,21,2,0,7
28771,1050,2023,12,21,17,4,0,1
28772,1050,2024,1,22,16,4,2,7
28773,1050,2024,2,23,21,0,2,3
28774,1050,2024,3,21,19,1,1,2
28775,1050,2024,4,23,20,2,1,3
28776,1050,2024,5,23,22,0,1,1
28777,1050,2024,6,20,17,1,2,6
28778,1050,2024,7,23,21,2,0,8
28779,1050,2024,8,23,20,1,2,1
28780,1050,2024,9,21,20,1,0,3
28781,1050,2024,10,20,17,3,0,3
28782,1050,2024,11,21,15,4,2,6
28783,1050,2024,12,23,22,1,0,8
28784,1050,2025,1,22,18,2,2,1
28785,1050,2025,2,20,15,4,1,5
28786,1050,2025,3,21,18,1,2,4
28787,1050,2025,4,23,20,3,0,2
28788,1050,2025,5,22,20,1,1,2
28789,1050,2025,6,23,20,2,1,2
28790,1050,2025,7,22,17,4,1,2
28791,1050,2025,8,22,17,3,2,0
28792,1050,2025,9,21,20,1,0,2
28793,1050,2025,10,20,19,0,1,6
28794,1050,2025,11,22,20,2,0,6
28795,1050,2025,12,21,21,0,0,4
28796,1051,2025,9,23,21,0,2,0
28797,1051,2025,10,20,15,4,1,4
28798,1051,2025,11,23,21,2,0,3
28799,1051,2025,12,22,19,2,1,1
28800,1052,2021,9,20,19,0,1,4
28801,1052,2021,10,22,21,0,1,4
28802,1052,2021,11,23,18,3,2,7
28803,1052,2021,12,20,17,3,0,6
28804,1052,2022,1,21,16,3,2,6
28805,1052,2022,2,21,20,0,1,4
28806,1052,2022,3,21,20,1,0,0
28807,1052,2022,4,21,18,3,0,7
28808,1052,2022,5,20,17,1,2,5
28809,1052,2022,6,23,20,1,2,1
28810,1052,2022,7,21,16,3,2,6
28811,1052,2022,8,20,16,4,0,3
28812,1052,2022,9,22,18,2,2,5
28813,1052,2022,10,21,18,1,2,2
28814,1052,2022,11,21,20,1,0,3
28815,1052,2022,12,23,19,2,2,2
28816,1052,2023,1,22,19,1,2,8
28817,1052,2023,2,23,19,3,1,7
28818,1052,2023,3,22,19,2,1,4
28819,1052,2023,4,22,22,0,0,8
28820,1052,2023,5,23,21,1,1,8
28821,1052,2023,6,22,19,3,0,3
28822,1052,2023,7,22,18,4,0,5
28823,1052,2023,8,23,22,0,1,4
28824,1052,2023,9,21,19,2,0,8
28825,1052,2023,10,21,16,4,1,5
28826,1052,2023,11,20,18,2,0,4
28827,1052,2023,12,23,21,0,2,5
28828,1052,2024,1,21,19,2,0,4
28829,1052,2024,2,21,20,1,0,1
28830,1052,2024,3,23,19,2,2,8
28831,1052,2024,4,22,19,3,0,6
28832,1052,2024,5,21,16,3,2,8
28833,1052,2024,6,20,15,4,1,0
28834,1052,2024,7,20,14,4,2,8
28835,1052,2024,8,21,17,2,2,7
28836,1052,2024,9,22,19,2,1,7
28837,1052,2024,10,20,15,3,2,8
28838,1052,2024,11,20,17,2,1,3
28839,1052,2024,12,21,16,4,1,5
28840,1052,2025,1,20,19,0,1,4
28841,1052,2025,2,21,19,2,0,8
28842,1052,2025,3,23,21,1,1,0
28843,1052,2025,4,21,16,3,2,0
28844,1052,2025,5,23,21,0,2,8
28845,1052,2025,6,22,21,1,0,8
28846,1052,2025,7,20,15,3,2,5
28847,1052,2025,8,22,21,0,1,8
28848,1052,2025,9,22,19,2,1,8
28849,1052,2025,10,23,18,4,1,1
28850,1052,2025,11,22,19,3,0,7
28851,1052,2025,12,22,16,4,2,8
28852,1053,2021,2,22,16,4,2,6
28853,1053,2021,3,22,16,4,2,2
28854,1053,2021,4,20,19,0,1,2
28855,1053,2021,5,22,18,2,2,8
28856,1053,2021,6,21,18,2,1,1
28857,1053,2021,7,22,21,1,0,1
28858,1053,2021,8,23,17,4,2,2
28859,1053,2021,9,21,17,2,2,7
28860,1053,2021,10,20,17,1,2,0
28861,1053,2021,11,23,18,3,2,0
28862,1053,2021,12,20,19,1,0,8
28863,1053,2022,1,20,14,4,2,8
28864,1053,2022,2,21,17,2,2,6
28865,1053,2022,3,23,18,3,2,4
28866,1053,2022,4,22,18,2,2,1
28867,1053,2022,5,23,21,0,2,0
28868,1053,2022,6,20,17,3,0,4
28869,1053,2022,7,20,16,3,1,5
28870,1053,2022,8,23,18,3,2,7
28871,1053,2022,9,23,20,3,0,0
28872,1053,2022,10,21,17,2,2,2
28873,1053,2022,11,21,18,1,2,1
28874,1053,2022,12,21,21,0,0,8
28875,1053,2023,1,23,20,3,0,8
28876,1053,2023,2,20,15,3,2,1
28877,1053,2023,3,23,19,2,2,2
28878,1053,2023,4,22,18,4,0,0
28879,1053,2023,5,21,21,0,0,8
28880,1053,2023,6,22,19,2,1,4
28881,1053,2023,7,23,22,1,0,0
28882,1053,2023,8,21,16,3,2,5
28883,1053,2023,9,22,21,1,0,4
28884,1053,2023,10,22,22,0,0,7
28885,1053,2023,11,20,16,4,0,6
28886,1053,2023,12,21,19,0,2,1
28887,1053,2024,1,22,21,1,0,4
28888,1053,2024,2,20,18,2,0,7
28889,1053,2024,3,20,20,0,0,3
28890,1053,2024,4,22,21,1,0,5
28891,1053,2024,5,21,16,4,1,6
28892,1053,2024,6,22,20,0,2,0
28893,1053,2024,7,23,19,2,2,3
28894,1053,2024,8,22,16,4,2,6
28895,1053,2024,9,22,17,4,1,7
28896,1053,2024,10,23,19,4,0,7
28897,1053,2024,11,20,17,1,2,6
28898,1053,2024,12,22,22,0,0,4
28899,1053,2025,1,21,19,0,2,1
28900,1053,2025,2,20,17,3,0,4
28901,1053,2025,3,22,20,1,1,8
28902,1053,2025,4,22,20,2,0,7
28903,1053,2025,5,22,17,3,2,5
28904,1053,2025,6,23,20,1,2,1
28905,1053,2025,7,20,16,3,1,2
28906,1053,2025,8,22,19,2,1,6
28907,1053,2025,9,20,16,4,0,5
28908,1053,2025,10,22,19,3,0,4
28909,1053,2025,11,22,19,3,0,6
28910,1053,2025,12,22,18,4,0,7
28911,1054,2024,3,21,16,4,1,6
28912,1054,2024,4,22,20,2,0,0
28913,1054,2024,5,21,18,1,2,2
28914,1054,2024,6,22,20,1,1,5
28915,1054,2024,7,21,21,0,0,7
28916,1054,2024,8,20,14,4,2,1
28917,1054,2024,9,23,17,4,2,2
28918,1054,2024,10,20,17,1,2,2
28919,1054,2024,11,23,22,1,0,1
28920,1054,2024,12,23,21,1,1,1
28921,1054,2025,1,23,18,3,2,3
28922,1054,2025,2,23,21,2,0,6
28923,1054,2025,3,21,17,2,2,7
28924,1054,2025,4,23,21,1,1,3
28925,1054,2025,5,21,21,0,0,0
28926,1054,2025,6,21,17,3,1,5
28927,1054,2025,7,22,19,1,2,1
28928,1054,2025,8,23,21,0,2,0
28929,1054,2025,9,21,18,1,2,1
28930,1054,2025,10,23,21,2,0,2
28931,1054,2025,11,23,23,0,0,6
28932,1054,2025,12,23,23,0,0,4
28933,1055,2021,10,20,15,4,1,4
28934,1055,2021,11,21,19,2,0,6
28935,1055,2021,12,22,18,3,1,5
28936,1055,2022,1,22,18,3,1,4
28937,1055,2022,2,22,22,0,0,3
28938,1055,2022,3,20,17,3,0,3
28939,1055,2022,4,21,20,0,1,3
28940,1055,2022,5,20,17,2,1,3
28941,1055,2022,6,22,20,2,0,8
28942,1055,2022,7,23,18,3,2,4
28943,1055,2022,8,21,18,1,2,2
28944,1055,2022,9,20,14,4,2,1
28945,1055,2022,10,22,19,1,2,4
28946,1055,2022,11,22,20,1,1,6
28947,1055,2022,12,23,21,2,0,2
28948,1055,2023,1,20,14,4,2,2
28949,1055,2023,2,22,18,2,2,7
28950,1055,2023,3,20,17,1,2,6
28951,1055,2023,4,21,19,2,0,8
28952,1055,2023,5,22,21,1,0,5
28953,1055,2023,6,22,17,4,1,4
28954,1055,2023,7,20,16,4,0,8
28955,1055,2023,8,22,20,0,2,8
28956,1055,2023,9,20,17,1,2,2
28957,1055,2023,10,21,18,1,2,8
28958,1055,2023,11,20,16,4,0,5
28959,1055,2023,12,22,18,4,0,6
28960,1055,2024,1,20,16,2,2,1
28961,1055,2024,2,22,21,0,1,7
28962,1055,2024,3,23,19,3,1,5
28963,1055,2024,4,22,20,2,0,6
28964,1055,2024,5,20,20,0,0,1
28965,1055,2024,6,22,20,0,2,8
28966,1055,2024,7,20,16,2,2,5
28967,1055,2024,8,20,15,4,1,1
28968,1055,2024,9,20,18,1,1,2
28969,1055,2024,10,20,19,0,1,4
28970,1055,2024,11,22,21,1,0,1
28971,1055,2024,12,22,20,2,0,8
28972,1055,2025,1,23,19,4,0,5
28973,1055,2025,2,22,20,2,0,0
28974,1055,2025,3,22,21,0,1,4
28975,1055,2025,4,20,15,3,2,2
28976,1055,2025,5,22,22,0,0,5
28977,1055,2025,6,20,17,2,1,5
28978,1055,2025,7,23,18,3,2,0
28979,1055,2025,8,20,18,2,0,4
28980,1055,2025,9,20,19,0,1,8
28981,1055,2025,10,22,21,0,1,4
28982,1055,2025,11,20,18,0,2,5
28983,1055,2025,12,23,18,4,1,2
28984,1056,2024,2,23,18,3,2,2
28985,1056,2024,3,23,19,2,2,0
28986,1056,2024,4,21,18,3,0,7
28987,1056,2024,5,21,16,3,2,2
28988,1056,2024,6,22,17,4,1,7
28989,1057,2022,11,20,20,0,0,4
28990,1057,2022,12,21,16,3,2,7
28991,1057,2023,1,20,18,0,2,5
28992,1057,2023,2,22,22,0,0,7
28993,1057,2023,3,22,19,2,1,7
28994,1057,2023,4,20,17,3,0,5
28995,1057,2023,5,21,18,3,0,3
28996,1057,2023,6,23,20,1,2,4
28997,1057,2023,7,22,21,1,0,2
28998,1058,2022,3,23,21,1,1,5
28999,1058,2022,4,20,17,2,1,3
29000,1058,2022,5,21,19,1,1,6
29001,1058,2022,6,21,19,0,2,2
29002,1058,2022,7,22,17,3,2,7
29003,1058,2022,8,22,18,3,1,8
29004,1058,2022,9,22,19,1,2,5
29005,1058,2022,10,20,16,3,1,5
29006,1058,2022,11,21,20,1,0,2
29007,1058,2022,12,23,20,2,1,8
29008,1058,2023,1,20,14,4,2,1
29009,1058,2023,2,23,20,1,2,7
29010,1058,2023,3,22,19,2,1,2
29011,1058,2023,4,23,21,2,0,5
29012,1058,2023,5,21,17,3,1,8
29013,1058,2023,6,22,20,0,2,2
29014,1058,2023,7,20,15,3,2,7
29015,1058,2023,8,22,16,4,2,5
29016,1058,2023,9,21,17,4,0,3
29017,1058,2023,10,21,19,1,1,3
29018,1058,2023,11,20,16,3,1,5
29019,1058,2023,12,23,22,0,1,6
29020,1058,2024,1,23,18,3,2,7
29021,1058,2024,2,21,18,1,2,3
29022,1058,2024,3,22,19,2,1,8
29023,1058,2024,4,22,20,1,1,8
29024,1058,2024,5,23,20,3,0,4
29025,1058,2024,6,21,19,2,0,4
29026,1058,2024,7,23,20,3,0,0
29027,1058,2024,8,23,20,3,0,0
29028,1058,2024,9,21,15,4,2,0
29029,1058,2024,10,21,18,3,0,6
29030,1058,2024,11,20,20,0,0,2
29031,1058,2024,12,20,19,1,0,6
29032,1058,2025,1,23,19,3,1,3
29033,1058,2025,2,22,17,3,2,6
29034,1058,2025,3,23,22,1,0,6
29035,1058,2025,4,20,19,0,1,4
29036,1058,2025,5,22,20,0,2,6
29037,1058,2025,6,22,19,3,0,3
29038,1058,2025,7,23,21,0,2,1
29039,1058,2025,8,21,18,2,1,0
29040,1058,2025,9,21,16,3,2,0
29041,1058,2025,10,20,18,2,0,0
29042,1058,2025,11,20,19,1,0,7
29043,1058,2025,12,21,16,3,2,1
29044,1059,2025,1,21,20,0,1,0
29045,1059,2025,2,23,20,3,0,4
29046,1059,2025,3,21,20,1,0,4
29047,1059,2025,4,20,15,3,2,6
29048,1059,2025,5,23,22,1,0,7
29049,1059,2025,6,22,19,3,0,0
29050,1059,2025,7,22,21,1,0,0
29051,1059,2025,8,20,17,2,1,4
29052,1059,2025,9,20,16,3,1,1
29053,1059,2025,10,20,17,3,0,0
29054,1059,2025,11,23,21,2,0,8
29055,1059,2025,12,20,14,4,2,3
29056,1060,2024,9,21,19,0,2,4
29057,1060,2024,10,20,20,0,0,2
29058,1060,2024,11,20,15,4,1,2
29059,1060,2024,12,22,20,1,1,1
29060,1060,2025,1,21,19,1,1,5
29061,1060,2025,2,22,20,1,1,5
29062,1060,2025,3,22,17,4,1,5
29063,1060,2025,4,21,17,4,0,5
29064,1060,2025,5,21,19,1,1,0
29065,1060,2025,6,20,19,1,0,2
29066,1060,2025,7,22,21,1,0,5
29067,1060,2025,8,22,19,2,1,2
29068,1060,2025,9,23,18,3,2,3
29069,1060,2025,10,22,20,2,0,8
29070,1060,2025,11,21,19,1,1,1
29071,1060,2025,12,20,16,4,0,1
29072,1061,2022,11,20,16,3,1,5
29073,1061,2022,12,21,20,1,0,0
29074,1061,2023,1,23,20,2,1,2
29075,1061,2023,2,20,17,2,1,7
29076,1061,2023,3,20,14,4,2,4
29077,1061,2023,4,22,19,1,2,3
29078,1061,2023,5,23,19,2,2,6
29079,1061,2023,6,23,19,2,2,7
29080,1061,2023,7,22,17,4,1,2
29081,1061,2023,8,20,18,2,0,7
29082,1061,2023,9,21,18,2,1,3
29083,1061,2023,10,21,17,2,2,0
29084,1061,2023,11,20,17,3,0,1
29085,1061,2023,12,20,17,1,2,3
29086,1061,2024,1,23,21,2,0,3
29087,1061,2024,2,20,19,1,0,2
29088,1061,2024,3,23,21,0,2,7
29089,1062,2021,11,22,19,2,1,2
29090,1062,2021,12,21,17,2,2,2
29091,1062,2022,1,21,20,1,0,6
29092,1062,2022,2,23,21,2,0,0
29093,1062,2022,3,22,20,1,1,5
29094,1062,2022,4,20,19,1,0,4
29095,1062,2022,5,22,18,4,0,8
29096,1062,2022,6,21,19,2,0,1
29097,1062,2022,7,23,20,1,2,4
29098,1062,2022,8,21,20,1,0,6
29099,1062,2022,9,21,19,0,2,4
29100,1062,2022,10,21,20,0,1,6
29101,1062,2022,11,20,17,1,2,2
29102,1062,2022,12,21,18,1,2,7
29103,1062,2023,1,22,21,0,1,8
29104,1062,2023,2,22,20,2,0,1
29105,1062,2023,3,23,21,2,0,0
29106,1062,2023,4,20,16,2,2,2
29107,1062,2023,5,23,20,1,2,7
29108,1062,2023,6,23,20,3,0,7
29109,1062,2023,7,20,16,3,1,2
29110,1062,2023,8,20,18,2,0,8
29111,1062,2023,9,20,17,3,0,1
29112,1062,2023,10,23,22,1,0,7
29113,1062,2023,11,20,19,1,0,4
29114,1062,2023,12,22,16,4,2,2
29115,1062,2024,1,21,18,3,0,7
29116,1062,2024,2,23,21,2,0,0
29117,1062,2024,3,20,18,1,1,6
29118,1062,2024,4,20,17,3,0,3
29119,1062,2024,5,22,18,4,0,2
29120,1062,2024,6,23,17,4,2,7
29121,1062,2024,7,22,17,4,1,7
29122,1062,2024,8,20,14,4,2,6
29123,1062,2024,9,21,18,3,0,1
29124,1062,2024,10,23,21,0,2,4
29125,1062,2024,11,21,16,4,1,7
29126,1062,2024,12,22,19,3,0,4
29127,1062,2025,1,23,19,2,2,0
29128,1062,2025,2,21,18,2,1,0
29129,1062,2025,3,20,15,3,2,7
29130,1062,2025,4,20,16,3,1,0
29131,1062,2025,5,22,18,3,1,1
29132,1062,2025,6,20,19,1,0,2
29133,1062,2025,7,23,20,3,0,8
29134,1062,2025,8,23,20,2,1,0
29135,1062,2025,9,20,19,1,0,4
29136,1062,2025,10,22,18,2,2,2
29137,1062,2025,11,23,18,3,2,4
29138,1062,2025,12,21,16,3,2,4
29139,1063,2022,3,23,18,3,2,5
29140,1063,2022,4,20,16,4,0,0
29141,1063,2022,5,23,22,1,0,0
29142,1063,2022,6,21,17,3,1,3
29143,1063,2022,7,23,20,1,2,3
29144,1063,2022,8,23,18,4,1,3
29145,1063,2022,9,21,16,4,1,3
29146,1063,2022,10,21,19,2,0,3
29147,1063,2022,11,23,20,3,0,4
29148,1063,2022,12,21,17,4,0,6
29149,1063,2023,1,21,19,2,0,0
29150,1063,2023,2,20,14,4,2,7
29151,1063,2023,3,23,22,0,1,2
29152,1063,2023,4,20,19,0,1,3
29153,1063,2023,5,20,15,4,1,2
29154,1063,2023,6,23,20,1,2,6
29155,1063,2023,7,23,17,4,2,1
29156,1063,2023,8,21,16,4,1,1
29157,1063,2023,9,23,19,2,2,1
29158,1063,2023,10,21,15,4,2,5
29159,1063,2023,11,21,16,3,2,5
29160,1063,2023,12,23,19,2,2,7
29161,1063,2024,1,20,16,4,0,8
29162,1063,2024,2,22,17,4,1,5
29163,1063,2024,3,22,18,3,1,1
29164,1063,2024,4,23,20,3,0,1
29165,1063,2024,5,23,20,1,2,8
29166,1063,2024,6,20,19,0,1,6
29167,1063,2024,7,22,20,0,2,7
29168,1063,2024,8,20,16,4,0,7
29169,1063,2024,9,23,21,1,1,5
29170,1063,2024,10,23,21,1,1,6
29171,1063,2024,11,21,19,2,0,5
29172,1063,2024,12,21,18,1,2,3
29173,1063,2025,1,23,18,4,1,0
29174,1063,2025,2,20,16,4,0,1
29175,1063,2025,3,20,19,0,1,3
29176,1063,2025,4,22,18,3,1,5
29177,1063,2025,5,21,18,1,2,2
29178,1063,2025,6,22,19,1,2,6
29179,1063,2025,7,20,19,0,1,6
29180,1063,2025,8,21,17,4,0,0
29181,1063,2025,9,22,21,1,0,7
29182,1063,2025,10,21,17,3,1,6
29183,1063,2025,11,23,18,4,1,4
29184,1063,2025,12,23,19,2,2,8
29185,1064,2022,5,20,17,2,1,1
29186,1064,2022,6,22,21,1,0,1
29187,1064,2022,7,20,17,2,1,1
29188,1064,2022,8,20,19,0,1,8
29189,1064,2022,9,21,15,4,2,3
29190,1064,2022,10,22,20,2,0,6
29191,1064,2022,11,23,23,0,0,1
29192,1064,2022,12,21,19,0,2,0
29193,1064,2023,1,20,16,2,2,1
29194,1064,2023,2,22,22,0,0,2
29195,1064,2023,3,22,20,1,1,4
29196,1064,2023,4,22,18,2,2,2
29197,1064,2023,5,22,16,4,2,1
29198,1064,2023,6,20,16,4,0,6
29199,1064,2023,7,23,21,0,2,7
29200,1064,2023,8,23,20,1,2,6
29201,1064,2023,9,23,21,1,1,5
29202,1064,2023,10,20,16,3,1,1
29203,1064,2023,11,22,21,1,0,7
29204,1064,2023,12,20,16,4,0,1
29205,1064,2024,1,23,19,3,1,1
29206,1064,2024,2,22,20,2,0,4
29207,1064,2024,3,21,18,3,0,5
29208,1064,2024,4,22,21,1,0,8
29209,1064,2024,5,21,21,0,0,7
29210,1064,2024,6,23,19,2,2,1
29211,1064,2024,7,20,19,0,1,3
29212,1064,2024,8,23,21,1,1,6
29213,1064,2024,9,23,19,3,1,3
29214,1064,2024,10,23,20,1,2,1
29215,1064,2024,11,20,17,1,2,2
29216,1064,2024,12,22,19,3,0,3
29217,1064,2025,1,20,19,1,0,6
29218,1064,2025,2,22,18,3,1,8
29219,1064,2025,3,23,20,1,2,3
29220,1064,2025,4,23,21,1,1,4
29221,1064,2025,5,23,22,0,1,2
29222,1064,2025,6,23,21,1,1,3
29223,1064,2025,7,22,16,4,2,7
29224,1064,2025,8,20,18,0,2,1
29225,1064,2025,9,23,18,3,2,3
29226,1064,2025,10,21,18,3,0,7
29227,1064,2025,11,21,19,0,2,2
29228,1064,2025,12,22,18,4,0,0
29229,1065,2022,11,21,17,4,0,1
29230,1065,2022,12,21,20,0,1,4
29231,1065,2023,1,20,17,2,1,3
29232,1065,2023,2,21,21,0,0,6
29233,1065,2023,3,22,18,4,0,1
29234,1065,2023,4,23,19,2,2,2
29235,1065,2023,5,23,22,1,0,0
29236,1065,2023,6,23,23,0,0,0
29237,1065,2023,7,21,18,1,2,5
29238,1065,2023,8,23,22,0,1,8
29239,1065,2023,9,20,18,1,1,3
29240,1065,2023,10,23,19,4,0,0
29241,1065,2023,11,21,18,2,1,5
29242,1065,2023,12,20,16,2,2,8
29243,1065,2024,1,20,18,0,2,7
29244,1065,2024,2,22,17,4,1,1
29245,1065,2024,3,22,22,0,0,4
29246,1065,2024,4,22,21,0,1,6
29247,1065,2024,5,20,19,0,1,0
29248,1065,2024,6,21,17,3,1,7
29249,1065,2024,7,23,20,3,0,6
29250,1065,2024,8,21,17,2,2,0
29251,1065,2024,9,22,20,2,0,8
29252,1065,2024,10,22,18,4,0,7
29253,1065,2024,11,22,16,4,2,3
29254,1065,2024,12,20,18,0,2,4
29255,1065,2025,1,22,17,3,2,1
29256,1065,2025,2,22,22,0,0,1
29257,1065,2025,3,23,22,0,1,8
29258,1065,2025,4,21,18,1,2,2
29259,1065,2025,5,20,19,1,0,1
29260,1065,2025,6,20,15,4,1,6
29261,1065,2025,7,23,22,1,0,1
29262,1065,2025,8,21,18,2,1,3
29263,1065,2025,9,23,20,2,1,8
29264,1065,2025,10,20,17,1,2,0
29265,1065,2025,11,22,18,4,0,2
29266,1065,2025,12,22,18,3,1,1
29267,1066,2025,2,23,23,0,0,4
29268,1066,2025,3,21,18,1,2,1
29269,1066,2025,4,23,20,3,0,3
29270,1066,2025,5,23,23,0,0,1
29271,1066,2025,6,22,18,4,0,1
29272,1066,2025,7,20,16,3,1,6
29273,1066,2025,8,21,17,4,0,1
29274,1066,2025,9,22,17,3,2,0
29275,1066,2025,10,23,18,3,2,7
29276,1066,2025,11,23,23,0,0,1
29277,1066,2025,12,23,21,1,1,3
29278,1067,2021,9,20,14,4,2,0
29279,1067,2021,10,21,15,4,2,4
29280,1067,2021,11,22,22,0,0,4
29281,1067,2021,12,23,19,3,1,8
29282,1067,2022,1,21,20,1,0,8
29283,1067,2022,2,23,21,1,1,4
29284,1067,2022,3,20,16,4,0,4
29285,1067,2022,4,20,19,0,1,0
29286,1067,2022,5,21,16,3,2,3
29287,1067,2022,6,22,19,1,2,6
29288,1067,2022,7,20,18,2,0,7
29289,1067,2022,8,23,22,0,1,8
29290,1067,2022,9,21,16,4,1,7
29291,1067,2022,10,23,18,3,2,4
29292,1067,2022,11,20,18,1,1,6
29293,1067,2022,12,22,19,3,0,2
29294,1067,2023,1,23,19,3,1,4
29295,1067,2023,2,20,15,4,1,3
29296,1067,2023,3,22,17,4,1,8
29297,1067,2023,4,20,20,0,0,5
29298,1067,2023,5,21,15,4,2,0
29299,1067,2023,6,23,18,4,1,1
29300,1067,2023,7,23,20,2,1,5
29301,1067,2023,8,23,20,2,1,3
29302,1067,2023,9,23,20,1,2,0
29303,1067,2023,10,21,18,3,0,2
29304,1067,2023,11,21,18,2,1,3
29305,1067,2023,12,20,14,4,2,0
29306,1067,2024,1,22,18,3,1,2
29307,1067,2024,2,22,16,4,2,5
29308,1067,2024,3,20,17,3,0,6
29309,1067,2024,4,20,14,4,2,8
29310,1067,2024,5,21,15,4,2,0
29311,1067,2024,6,22,20,2,0,8
29312,1067,2024,7,23,20,2,1,4
29313,1067,2024,8,23,20,1,2,4
29314,1067,2024,9,20,18,1,1,3
29315,1067,2024,10,22,19,3,0,7
29316,1067,2024,11,20,15,3,2,5
29317,1067,2024,12,22,19,3,0,5
29318,1067,2025,1,23,22,1,0,0
29319,1067,2025,2,21,19,2,0,0
29320,1067,2025,3,20,19,0,1,7
29321,1067,2025,4,22,17,3,2,5
29322,1067,2025,5,21,18,1,2,4
29323,1067,2025,6,22,18,4,0,4
29324,1067,2025,7,20,19,0,1,6
29325,1067,2025,8,22,19,2,1,1
29326,1067,2025,9,23,17,4,2,3
29327,1067,2025,10,23,20,1,2,7
29328,1067,2025,11,20,18,2,0,1
29329,1067,2025,12,21,19,1,1,1
29330,1068,2024,7,22,22,0,0,6
29331,1068,2024,8,20,17,2,1,6
29332,1068,2024,9,20,18,1,1,2
29333,1068,2024,10,20,19,1,0,5
29334,1068,2024,11,21,21,0,0,7
29335,1068,2024,12,21,16,4,1,5
29336,1068,2025,1,21,21,0,0,1
29337,1068,2025,2,21,17,4,0,4
29338,1068,2025,3,22,19,3,0,7
29339,1068,2025,4,20,16,4,0,4
29340,1068,2025,5,23,19,4,0,3
29341,1068,2025,6,23,20,1,2,7
29342,1068,2025,7,21,17,3,1,2
29343,1068,2025,8,23,20,3,0,6
29344,1068,2025,9,21,20,1,0,3
29345,1068,2025,10,20,17,2,1,6
29346,1068,2025,11,22,20,2,0,8
29347,1068,2025,12,23,21,2,0,7
29348,1069,2023,12,21,15,4,2,3
29349,1069,2024,1,20,18,2,0,5
29350,1069,2024,2,21,15,4,2,1
29351,1069,2024,3,21,19,0,2,3
29352,1069,2024,4,20,17,3,0,2
29353,1069,2024,5,20,20,0,0,5
29354,1070,2022,6,21,16,3,2,7
29355,1070,2022,7,23,20,1,2,3
29356,1070,2022,8,21,16,3,2,5
29357,1070,2022,9,21,16,4,1,5
29358,1070,2022,10,22,19,3,0,4
29359,1070,2022,11,23,19,3,1,0
29360,1070,2022,12,20,16,3,1,7
29361,1070,2023,1,20,18,2,0,2
29362,1070,2023,2,21,20,0,1,5
29363,1070,2023,3,20,18,2,0,3
29364,1070,2023,4,22,19,1,2,5
29365,1070,2023,5,23,21,1,1,7
29366,1070,2023,6,20,18,0,2,2
29367,1070,2023,7,20,15,4,1,6
29368,1070,2023,8,21,19,0,2,5
29369,1070,2023,9,20,16,3,1,2
29370,1070,2023,10,21,16,3,2,1
29371,1070,2023,11,21,18,3,0,3
29372,1070,2023,12,23,20,1,2,5
29373,1070,2024,1,21,20,0,1,0
29374,1070,2024,2,23,19,3,1,4
29375,1070,2024,3,21,15,4,2,4
29376,1070,2024,4,21,20,0,1,5
29377,1070,2024,5,21,17,2,2,5
29378,1070,2024,6,23,19,3,1,5
29379,1070,2024,7,22,18,3,1,4
29380,1070,2024,8,21,16,3,2,6
29381,1070,2024,9,21,17,4,0,1
29382,1070,2024,10,21,19,1,1,2
29383,1070,2024,11,22,19,2,1,4
29384,1070,2024,12,21,19,1,1,6
29385,1070,2025,1,23,20,2,1,8
29386,1070,2025,2,21,17,2,2,2
29387,1070,2025,3,21,19,2,0,6
29388,1070,2025,4,21,18,2,1,3
29389,1070,2025,5,21,18,1,2,8
29390,1070,2025,6,23,20,2,1,0
29391,1070,2025,7,23,22,0,1,5
29392,1070,2025,8,20,16,4,0,8
29393,1070,2025,9,22,21,0,1,5
29394,1070,2025,10,21,17,3,1,7
29395,1070,2025,11,23,20,2,1,5
29396,1070,2025,12,23,22,1,0,5
29397,1071,2023,3,21,20,0,1,8
29398,1071,2023,4,23,23,0,0,1
29399,1071,2023,5,22,21,0,1,1
29400,1071,2023,6,22,17,3,2,1
29401,1071,2023,7,21,17,3,1,5
29402,1071,2023,8,20,15,3,2,8
29403,1071,2023,9,20,15,4,1,8
29404,1071,2023,10,21,16,3,2,6
29405,1071,2023,11,21,18,2,1,8
29406,1071,2023,12,23,18,4,1,5
29407,1071,2024,1,21,19,1,1,2
29408,1071,2024,2,21,16,3,2,3
29409,1071,2024,3,22,21,1,0,8
29410,1071,2024,4,22,19,2,1,8
29411,1072,2023,10,20,15,3,2,5
29412,1072,2023,11,20,14,4,2,8
29413,1072,2023,12,20,15,4,1,1
29414,1072,2024,1,23,22,0,1,4
29415,1072,2024,2,23,18,3,2,7
29416,1072,2024,3,20,18,2,0,2
29417,1072,2024,4,20,16,2,2,0
29418,1072,2024,5,22,20,1,1,4
29419,1072,2024,6,20,19,0,1,4
29420,1072,2024,7,23,21,2,0,7
29421,1072,2024,8,20,19,1,0,5
29422,1072,2024,9,22,22,0,0,8
29423,1072,2024,10,23,18,3,2,4
29424,1072,2024,11,22,21,1,0,5
29425,1072,2024,12,20,18,0,2,3
29426,1072,2025,1,20,18,1,1,4
29427,1072,2025,2,23,20,1,2,5
29428,1072,2025,3,20,18,1,1,7
29429,1072,2025,4,23,23,0,0,3
29430,1072,2025,5,22,21,0,1,7
29431,1072,2025,6,20,16,4,0,7
29432,1072,2025,7,21,18,2,1,3
29433,1072,2025,8,22,19,2,1,1
29434,1072,2025,9,22,17,4,1,2
29435,1072,2025,10,23,19,2,2,5
29436,1072,2025,11,21,18,1,2,4
29437,1072,2025,12,21,18,1,2,3
29438,1073,2021,12,23,19,2,2,6
29439,1073,2022,1,23,18,4,1,4
29440,1073,2022,2,23,22,0,1,0
29441,1073,2022,3,22,18,3,1,7
29442,1073,2022,4,22,20,0,2,7
29443,1073,2022,5,23,20,3,0,8
29444,1073,2022,6,21,17,4,0,4
29445,1073,2022,7,21,18,2,1,5
29446,1073,2022,8,22,18,4,0,3
29447,1073,2022,9,20,17,2,1,0
29448,1073,2022,10,22,19,2,1,5
29449,1073,2022,11,23,22,1,0,3
29450,1073,2022,12,21,16,4,1,1
29451,1073,2023,1,23,20,3,0,7
29452,1073,2023,2,21,18,2,1,8
29453,1073,2023,3,23,19,3,1,4
29454,1073,2023,4,21,17,3,1,7
29455,1073,2023,5,21,20,1,0,1
29456,1073,2023,6,20,17,2,1,1
29457,1073,2023,7,21,18,1,2,8
29458,1073,2023,8,22,16,4,2,4
29459,1073,2023,9,21,16,4,1,3
29460,1073,2023,10,23,22,0,1,5
29461,1073,2023,11,23,20,1,2,6
29462,1073,2023,12,23,19,3,1,6
29463,1073,2024,1,22,16,4,2,5
29464,1073,2024,2,23,21,1,1,3
29465,1073,2024,3,23,21,2,0,7
29466,1073,2024,4,22,18,3,1,8
29467,1073,2024,5,21,17,3,1,4
29468,1073,2024,6,22,22,0,0,0
29469,1073,2024,7,21,19,2,0,7
29470,1073,2024,8,22,20,2,0,2
29471,1073,2024,9,22,21,0,1,1
29472,1073,2024,10,23,19,4,0,3
29473,1073,2024,11,21,19,0,2,0
29474,1073,2024,12,23,20,3,0,5
29475,1073,2025,1,20,15,3,2,5
29476,1073,2025,2,23,20,1,2,1
29477,1073,2025,3,23,22,0,1,8
29478,1073,2025,4,20,17,3,0,0
29479,1073,2025,5,21,19,0,2,7
29480,1073,2025,6,23,19,3,1,1
29481,1073,2025,7,22,19,1,2,3
29482,1073,2025,8,22,18,4,0,4
29483,1073,2025,9,20,14,4,2,1
29484,1073,2025,10,21,16,3,2,2
29485,1073,2025,11,22,19,3,0,0
29486,1073,2025,12,22,22,0,0,4
29487,1074,2024,5,22,20,1,1,3
29488,1074,2024,6,20,17,1,2,6
29489,1074,2024,7,22,22,0,0,6
29490,1074,2024,8,21,19,1,1,8
29491,1074,2024,9,22,18,2,2,8
29492,1074,2024,10,20,17,3,0,8
29493,1074,2024,11,21,21,0,0,8
29494,1074,2024,12,22,18,4,0,8
29495,1074,2025,1,21,16,3,2,6
29496,1074,2025,2,20,15,4,1,6
29497,1074,2025,3,20,20,0,0,5
29498,1074,2025,4,21,19,2,0,1
29499,1074,2025,5,22,19,1,2,7
29500,1074,2025,6,23,19,2,2,2
29501,1074,2025,7,23,23,0,0,3
29502,1074,2025,8,21,17,3,1,3
29503,1074,2025,9,22,21,0,1,4
29504,1074,2025,10,20,17,1,2,8
29505,1074,2025,11,20,17,2,1,2
29506,1074,2025,12,22,18,4,0,2
29507,1075,2022,9,23,22,0,1,5
29508,1075,2022,10,21,16,4,1,3
29509,1075,2022,11,20,15,3,2,2
29510,1075,2022,12,22,21,1,0,0
29511,1075,2023,1,21,16,4,1,1
29512,1075,2023,2,22,18,2,2,2
29513,1075,2023,3,22,18,3,1,2
29514,1075,2023,4,21,18,2,1,1
29515,1075,2023,5,22,22,0,0,1
29516,1075,2023,6,20,17,3,0,6
29517,1075,2023,7,21,20,0,1,3
29518,1075,2023,8,20,15,4,1,7
29519,1075,2023,9,22,18,2,2,8
29520,1075,2023,10,21,16,3,2,5
29521,1075,2023,11,22,20,1,1,0
29522,1075,2023,12,21,19,1,1,3
29523,1075,2024,1,21,18,3,0,2
29524,1075,2024,2,23,21,1,1,5
29525,1075,2024,3,22,19,1,2,1
29526,1075,2024,4,21,17,2,2,8
29527,1075,2024,5,22,18,3,1,7
29528,1075,2024,6,23,19,4,0,4
29529,1075,2024,7,20,15,4,1,1
29530,1075,2024,8,20,15,3,2,5
29531,1075,2024,9,22,21,1,0,2
29532,1075,2024,10,21,20,0,1,3
29533,1075,2024,11,23,23,0,0,2
29534,1075,2024,12,22,18,3,1,6
29535,1075,2025,1,22,19,3,0,3
29536,1075,2025,2,21,18,1,2,5
29537,1075,2025,3,22,19,3,0,5
29538,1075,2025,4,21,16,3,2,8
29539,1075,2025,5,20,19,1,0,5
29540,1075,2025,6,22,19,3,0,5
29541,1075,2025,7,21,19,0,2,1
29542,1075,2025,8,20,17,1,2,3
29543,1075,2025,9,20,17,2,1,5
29544,1075,2025,10,23,22,0,1,3
29545,1075,2025,11,21,19,0,2,2
29546,1075,2025,12,23,20,3,0,0
29547,1076,2021,12,23,18,4,1,5
29548,1076,2022,1,23,21,0,2,6
29549,1076,2022,2,22,18,2,2,3
29550,1076,2022,3,20,20,0,0,8
29551,1076,2022,4,23,22,0,1,2
29552,1076,2022,5,22,20,1,1,8
29553,1076,2022,6,20,16,3,1,1
29554,1076,2022,7,20,17,1,2,1
29555,1076,2022,8,20,16,2,2,1
29556,1076,2022,9,20,16,4,0,4
29557,1076,2022,10,20,18,1,1,2
29558,1076,2022,11,22,21,0,1,7
29559,1076,2022,12,23,19,2,2,7
29560,1076,2023,1,23,18,4,1,8
29561,1076,2023,2,21,17,4,0,7
29562,1076,2023,3,20,20,0,0,1
29563,1077,2023,5,21,20,1,0,1
29564,1077,2023,6,22,19,1,2,7
29565,1077,2023,7,23,21,2,0,7
29566,1077,2023,8,23,21,2,0,2
29567,1077,2023,9,20,19,0,1,1
29568,1077,2023,10,22,18,3,1,7
29569,1077,2023,11,20,19,0,1,7
29570,1077,2023,12,23,21,1,1,5
29571,1077,2024,1,23,19,3,1,6
29572,1077,2024,2,23,19,2,2,5
29573,1077,2024,3,22,17,3,2,5
29574,1077,2024,4,23,19,2,2,4
29575,1077,2024,5,20,17,1,2,2
29576,1077,2024,6,22,20,0,2,7
29577,1077,2024,7,22,20,0,2,6
29578,1077,2024,8,21,19,1,1,1
29579,1077,2024,9,23,22,1,0,8
29580,1077,2024,10,23,19,2,2,2
29581,1077,2024,11,20,20,0,0,3
29582,1077,2024,12,20,15,4,1,7
29583,1077,2025,1,21,20,1,0,1
29584,1077,2025,2,20,18,2,0,2
29585,1077,2025,3,21,19,0,2,6
29586,1077,2025,4,22,17,4,1,2
29587,1077,2025,5,21,17,4,0,6
29588,1077,2025,6,20,19,0,1,1
29589,1077,2025,7,20,16,4,0,2
29590,1077,2025,8,21,18,3,0,0
29591,1077,2025,9,20,19,0,1,7
29592,1077,2025,10,21,16,3,2,5
29593,1077,2025,11,22,21,1,0,4
29594,1077,2025,12,21,18,3,0,0
29595,1078,2022,3,23,19,4,0,7
29596,1078,2022,4,23,17,4,2,1
29597,1078,2022,5,20,16,3,1,1
29598,1078,2022,6,23,21,1,1,8
29599,1078,2022,7,20,17,2,1,7
29600,1078,2022,8,20,17,2,1,1
29601,1078,2022,9,22,18,4,0,7
29602,1078,2022,10,22,22,0,0,5
29603,1078,2022,11,22,19,2,1,7
29604,1078,2022,12,23,23,0,0,8
29605,1078,2023,1,22,18,4,0,0
29606,1078,2023,2,22,21,0,1,8
29607,1078,2023,3,23,20,2,1,0
29608,1078,2023,4,21,17,2,2,0
29609,1078,2023,5,21,18,3,0,5
29610,1078,2023,6,21,20,1,0,8
29611,1078,2023,7,20,14,4,2,2
29612,1078,2023,8,20,14,4,2,7
29613,1078,2023,9,22,18,4,0,7
29614,1078,2023,10,20,20,0,0,5
29615,1078,2023,11,22,18,3,1,2
29616,1078,2023,12,23,22,1,0,7
29617,1078,2024,1,23,19,4,0,8
29618,1078,2024,2,21,17,3,1,6
29619,1078,2024,3,21,20,0,1,2
29620,1078,2024,4,21,19,2,0,6
29621,1078,2024,5,23,21,2,0,6
29622,1078,2024,6,23,20,1,2,6
29623,1078,2024,7,22,18,4,0,8
29624,1078,2024,8,20,16,4,0,5
29625,1078,2024,9,21,18,3,0,6
29626,1078,2024,10,23,19,4,0,1
29627,1078,2024,11,20,17,1,2,1
29628,1078,2024,12,21,17,3,1,3
29629,1078,2025,1,21,19,1,1,1
29630,1078,2025,2,20,18,1,1,3
29631,1078,2025,3,21,17,2,2,5
29632,1078,2025,4,21,17,2,2,2
29633,1078,2025,5,23,20,3,0,0
29634,1078,2025,6,20,18,1,1,8
29635,1078,2025,7,21,15,4,2,3
29636,1078,2025,8,23,18,3,2,6
29637,1078,2025,9,22,17,3,2,1
29638,1078,2025,10,23,19,3,1,5
29639,1078,2025,11,21,21,0,0,2
29640,1078,2025,12,23,21,2,0,8
29641,1079,2022,4,21,18,1,2,8
29642,1079,2022,5,23,19,2,2,4
29643,1079,2022,6,20,16,4,0,3
29644,1079,2022,7,21,19,0,2,1
29645,1079,2022,8,21,19,2,0,1
29646,1079,2022,9,22,20,1,1,5
29647,1079,2022,10,23,21,2,0,2
29648,1079,2022,11,20,18,1,1,7
29649,1079,2022,12,22,19,2,1,1
29650,1079,2023,1,20,18,0,2,4
29651,1079,2023,2,21,20,1,0,1
29652,1079,2023,3,22,21,1,0,4
29653,1079,2023,4,20,19,0,1,8
29654,1079,2023,5,23,18,4,1,5
29655,1079,2023,6,21,16,4,1,4
29656,1079,2023,7,22,16,4,2,8
29657,1079,2023,8,20,15,4,1,1
29658,1079,2023,9,20,18,1,1,0
29659,1079,2023,10,22,22,0,0,8
29660,1079,2023,11,22,18,2,2,2
29661,1079,2023,12,20,19,1,0,6
29662,1079,2024,1,21,15,4,2,6
29663,1079,2024,2,21,20,0,1,8
29664,1079,2024,3,21,18,1,2,5
29665,1079,2024,4,21,20,0,1,6
29666,1079,2024,5,20,15,4,1,4
29667,1079,2024,6,23,20,3,0,4
29668,1079,2024,7,23,19,2,2,4
29669,1079,2024,8,23,20,2,1,3
29670,1079,2024,9,23,23,0,0,0
29671,1079,2024,10,21,21,0,0,4
29672,1079,2024,11,21,15,4,2,8
29673,1079,2024,12,22,22,0,0,6
29674,1079,2025,1,20,16,4,0,7
29675,1079,2025,2,21,16,4,1,7
29676,1079,2025,3,20,17,2,1,6
29677,1079,2025,4,21,17,3,1,3
29678,1079,2025,5,20,16,4,0,0
29679,1079,2025,6,21,19,2,0,6
29680,1079,2025,7,21,17,3,1,0
29681,1079,2025,8,20,17,1,2,8
29682,1079,2025,9,22,19,1,2,1
29683,1079,2025,10,21,21,0,0,3
29684,1079,2025,11,22,22,0,0,6
29685,1079,2025,12,21,21,0,0,7
29686,1080,2023,4,22,21,0,1,3
29687,1080,2023,5,21,16,4,1,7
29688,1080,2023,6,23,22,0,1,6
29689,1080,2023,7,21,21,0,0,0
29690,1080,2023,8,22,20,1,1,7
29691,1080,2023,9,23,20,1,2,3
29692,1080,2023,10,22,21,1,0,3
29693,1080,2023,11,20,16,4,0,2
29694,1080,2023,12,21,18,1,2,0
29695,1080,2024,1,21,15,4,2,3
29696,1080,2024,2,21,18,1,2,3
29697,1080,2024,3,21,17,3,1,1
29698,1080,2024,4,23,21,2,0,1
29699,1080,2024,5,21,16,4,1,2
29700,1080,2024,6,22,21,0,1,7
29701,1080,2024,7,23,23,0,0,1
29702,1080,2024,8,20,14,4,2,7
29703,1080,2024,9,22,20,1,1,5
29704,1080,2024,10,23,19,3,1,2
29705,1080,2024,11,22,16,4,2,5
29706,1080,2024,12,21,17,4,0,4
29707,1080,2025,1,21,16,3,2,5
29708,1080,2025,2,20,14,4,2,6
29709,1080,2025,3,22,19,1,2,1
29710,1080,2025,4,22,20,2,0,7
29711,1080,2025,5,21,21,0,0,2
29712,1080,2025,6,21,17,3,1,5
29713,1080,2025,7,22,18,3,1,5
29714,1080,2025,8,21,17,4,0,6
29715,1080,2025,9,21,15,4,2,4
29716,1080,2025,10,23,22,1,0,1
29717,1080,2025,11,20,18,2,0,3
29718,1080,2025,12,22,20,2,0,3
29719,1081,2021,8,22,16,4,2,5
29720,1081,2021,9,22,16,4,2,2
29721,1081,2021,10,22,16,4,2,0
29722,1081,2021,11,22,16,4,2,3
29723,1081,2021,12,21,19,1,1,5
29724,1081,2022,1,20,18,1,1,3
29725,1081,2022,2,20,15,3,2,0
29726,1081,2022,3,21,18,2,1,4
29727,1081,2022,4,23,20,3,0,5
29728,1081,2022,5,23,22,1,0,8
29729,1081,2022,6,23,20,2,1,0
29730,1081,2022,7,23,21,2,0,2
29731,1081,2022,8,21,19,2,0,8
29732,1081,2022,9,20,17,2,1,1
29733,1081,2022,10,22,18,4,0,1
29734,1081,2022,11,22,17,4,1,2
29735,1081,2022,12,23,22,1,0,4
29736,1081,2023,1,21,20,0,1,3
29737,1081,2023,2,23,19,3,1,5
29738,1081,2023,3,20,16,2,2,3
29739,1081,2023,4,22,21,0,1,2
29740,1081,2023,5,21,19,0,2,5
29741,1081,2023,6,21,18,3,0,4
29742,1081,2023,7,21,20,1,0,7
29743,1081,2023,8,21,16,3,2,6
29744,1081,2023,9,21,19,1,1,5
29745,1081,2023,10,22,20,1,1,5
29746,1081,2023,11,21,17,4,0,2
29747,1081,2023,12,21,17,2,2,6
29748,1081,2024,1,21,17,4,0,8
29749,1081,2024,2,21,20,0,1,1
29750,1081,2024,3,22,17,4,1,4
29751,1081,2024,4,22,20,0,2,3
29752,1081,2024,5,20,17,2,1,7
29753,1081,2024,6,20,18,1,1,2
29754,1081,2024,7,22,19,3,0,1
29755,1081,2024,8,21,16,4,1,8
29756,1081,2024,9,23,21,2,0,5
29757,1082,2023,7,20,15,4,1,7
29758,1082,2023,8,23,18,4,1,5
29759,1082,2023,9,21,20,0,1,0
29760,1082,2023,10,20,19,0,1,8
29761,1082,2023,11,21,17,3,1,2
29762,1082,2023,12,20,20,0,0,0
29763,1082,2024,1,20,14,4,2,1
29764,1082,2024,2,23,21,1,1,1
29765,1082,2024,3,21,16,4,1,1
29766,1082,2024,4,23,19,4,0,4
29767,1082,2024,5,23,19,3,1,0
29768,1082,2024,6,20,15,3,2,2
29769,1082,2024,7,20,19,1,0,6
29770,1082,2024,8,23,21,0,2,5
29771,1082,2024,9,20,20,0,0,2
29772,1082,2024,10,23,21,1,1,2
29773,1082,2024,11,23,22,1,0,6
29774,1082,2024,12,23,22,0,1,7
29775,1082,2025,1,23,20,1,2,1
29776,1082,2025,2,21,21,0,0,3
29777,1082,2025,3,22,21,1,0,0
29778,1082,2025,4,21,20,0,1,0
29779,1082,2025,5,23,21,0,2,6
29780,1082,2025,6,21,19,2,0,5
29781,1082,2025,7,22,22,0,0,2
29782,1082,2025,8,20,16,3,1,7
29783,1082,2025,9,22,21,0,1,0
29784,1082,2025,10,23,22,1,0,2
29785,1082,2025,11,22,22,0,0,5
29786,1082,2025,12,22,19,3,0,1
29787,1083,2021,3,20,20,0,0,0
29788,1083,2021,4,21,18,2,1,7
29789,1083,2021,5,20,16,4,0,7
29790,1083,2021,6,21,21,0,0,7
29791,1083,2021,7,23,19,3,1,3
29792,1083,2021,8,22,20,2,0,6
29793,1083,2021,9,21,17,3,1,8
29794,1083,2021,10,22,20,0,2,3
29795,1083,2021,11,20,16,2,2,7
29796,1083,2021,12,20,18,0,2,0
29797,1083,2022,1,21,21,0,0,5
29798,1083,2022,2,22,20,1,1,7
29799,1083,2022,3,23,21,1,1,7
29800,1083,2022,4,22,20,0,2,0
29801,1083,2022,5,22,22,0,0,0
29802,1083,2022,6,21,17,3,1,0
29803,1083,2022,7,22,20,2,0,4
29804,1083,2022,8,23,19,3,1,4
29805,1083,2022,9,22,18,4,0,2
29806,1083,2022,10,22,18,2,2,6
29807,1083,2022,11,22,19,2,1,0
29808,1083,2022,12,22,17,4,1,0
29809,1083,2023,1,23,20,1,2,4
29810,1083,2023,2,23,21,0,2,7
29811,1083,2023,3,20,14,4,2,0
29812,1083,2023,4,22,16,4,2,7
29813,1083,2023,5,22,19,3,0,8
29814,1083,2023,6,22,17,4,1,2
29815,1083,2023,7,20,18,0,2,5
29816,1083,2023,8,23,21,2,0,3
29817,1083,2023,9,22,19,3,0,1
29818,1083,2023,10,21,19,1,1,6
29819,1083,2023,11,22,16,4,2,0
29820,1083,2023,12,23,18,3,2,0
29821,1083,2024,1,21,18,2,1,3
29822,1083,2024,2,20,15,4,1,1
29823,1083,2024,3,20,15,4,1,8
29824,1083,2024,4,20,17,1,2,1
29825,1083,2024,5,22,20,0,2,8
29826,1083,2024,6,21,17,2,2,8
29827,1083,2024,7,23,22,0,1,3
29828,1083,2024,8,22,19,2,1,5
29829,1083,2024,9,22,20,2,0,7
29830,1083,2024,10,23,19,3,1,7
29831,1083,2024,11,22,17,4,1,5
29832,1083,2024,12,20,15,3,2,4
29833,1083,2025,1,23,19,3,1,5
29834,1083,2025,2,21,17,2,2,3
29835,1083,2025,3,22,18,3,1,8
29836,1083,2025,4,22,21,0,1,4
29837,1083,2025,5,21,16,4,1,2
29838,1083,2025,6,22,18,4,0,8
29839,1083,2025,7,22,22,0,0,3
29840,1083,2025,8,23,17,4,2,8
29841,1083,2025,9,22,20,1,1,6
29842,1083,2025,10,23,18,4,1,7
29843,1083,2025,11,21,17,2,2,0
29844,1083,2025,12,22,19,3,0,3
29845,1084,2023,5,22,18,2,2,8
29846,1084,2023,6,20,17,1,2,3
29847,1084,2023,7,21,19,0,2,7
29848,1084,2023,8,21,21,0,0,7
29849,1084,2023,9,21,17,3,1,4
29850,1084,2023,10,23,22,1,0,6
29851,1084,2023,11,20,16,4,0,6
29852,1084,2023,12,23,18,4,1,2
29853,1084,2024,1,20,17,1,2,8
29854,1084,2024,2,20,15,4,1,5
29855,1084,2024,3,23,21,1,1,6
29856,1084,2024,4,23,17,4,2,5
29857,1084,2024,5,22,17,3,2,8
29858,1084,2024,6,20,19,0,1,7
29859,1084,2024,7,20,20,0,0,6
29860,1084,2024,8,23,22,1,0,4
29861,1084,2024,9,22,21,1,0,8
29862,1084,2024,10,23,22,1,0,6
29863,1084,2024,11,20,15,3,2,5
29864,1084,2024,12,20,15,3,2,2
29865,1084,2025,1,22,19,2,1,3
29866,1084,2025,2,21,16,3,2,2
29867,1084,2025,3,21,17,3,1,8
29868,1084,2025,4,21,18,1,2,8
29869,1084,2025,5,23,20,3,0,7
29870,1085,2025,5,22,18,2,2,5
29871,1085,2025,6,21,17,3,1,0
29872,1085,2025,7,22,22,0,0,7
29873,1085,2025,8,20,16,2,2,0
29874,1085,2025,9,21,17,4,0,2
29875,1085,2025,10,21,16,3,2,7
29876,1085,2025,11,23,22,1,0,1
29877,1086,2022,1,20,20,0,0,4
29878,1086,2022,2,22,17,4,1,0
29879,1086,2022,3,23,23,0,0,0
29880,1086,2022,4,21,20,1,0,5
29881,1086,2022,5,21,17,3,1,5
29882,1086,2022,6,22,18,4,0,4
29883,1086,2022,7,21,19,1,1,6
29884,1086,2022,8,20,16,3,1,7
29885,1086,2022,9,23,17,4,2,6
29886,1086,2022,10,20,18,1,1,0
29887,1086,2022,11,22,17,4,1,3
29888,1086,2022,12,22,19,3,0,8
29889,1086,2023,1,23,19,3,1,8
29890,1086,2023,2,23,21,0,2,1
29891,1086,2023,3,21,16,4,1,5
29892,1086,2023,4,22,19,3,0,6
29893,1086,2023,5,23,17,4,2,1
29894,1086,2023,6,21,20,0,1,7
29895,1086,2023,7,20,18,1,1,2
29896,1086,2023,8,21,17,2,2,4
29897,1086,2023,9,21,17,2,2,1
29898,1086,2023,10,20,20,0,0,7
29899,1086,2023,11,22,17,3,2,7
29900,1086,2023,12,20,18,2,0,6
29901,1086,2024,1,21,20,0,1,0
29902,1086,2024,2,21,18,2,1,0
29903,1086,2024,3,22,17,4,1,3
29904,1086,2024,4,21,19,1,1,8
29905,1086,2024,5,21,21,0,0,4
29906,1086,2024,6,21,17,4,0,3
29907,1086,2024,7,22,16,4,2,3
29908,1086,2024,8,23,19,3,1,2
29909,1086,2024,9,21,18,3,0,0
29910,1086,2024,10,22,21,1,0,8
29911,1086,2024,11,22,18,2,2,1
29912,1086,2024,12,23,21,2,0,2
29913,1086,2025,1,23,21,0,2,4
29914,1086,2025,2,23,21,1,1,5
29915,1086,2025,3,20,17,1,2,6
29916,1086,2025,4,20,15,3,2,3
29917,1086,2025,5,20,20,0,0,0
29918,1086,2025,6,22,19,3,0,1
29919,1086,2025,7,20,17,1,2,8
29920,1086,2025,8,23,19,4,0,8
29921,1086,2025,9,22,19,1,2,5
29922,1086,2025,10,20,19,1,0,8
29923,1086,2025,11,21,15,4,2,5
29924,1086,2025,12,21,17,3,1,3
29925,1087,2023,5,21,16,3,2,6
29926,1087,2023,6,22,18,3,1,3
29927,1087,2023,7,23,18,4,1,3
29928,1087,2023,8,21,18,1,2,4
29929,1087,2023,9,21,18,1,2,4
29930,1087,2023,10,23,21,0,2,1
29931,1087,2023,11,22,19,1,2,0
29932,1087,2023,12,20,20,0,0,8
29933,1087,2024,1,20,16,4,0,2
29934,1087,2024,2,20,18,1,1,3
29935,1087,2024,3,20,18,0,2,3
29936,1087,2024,4,21,17,4,0,3
29937,1087,2024,5,20,17,3,0,8
29938,1087,2024,6,21,20,0,1,4
29939,1087,2024,7,21,19,2,0,4
29940,1087,2024,8,23,21,2,0,8
29941,1087,2024,9,23,18,4,1,1
29942,1087,2024,10,20,17,2,1,6
29943,1087,2024,11,22,17,3,2,5
29944,1087,2024,12,22,21,0,1,3
29945,1087,2025,1,23,19,4,0,5
29946,1087,2025,2,23,19,4,0,4
29947,1087,2025,3,23,17,4,2,6
29948,1087,2025,4,23,20,3,0,1
29949,1087,2025,5,22,19,3,0,4
29950,1087,2025,6,23,18,4,1,6
29951,1087,2025,7,22,19,1,2,8
29952,1087,2025,8,20,16,2,2,7
29953,1087,2025,9,21,17,3,1,3
29954,1087,2025,10,20,18,0,2,5
29955,1087,2025,11,22,20,2,0,5
29956,1087,2025,12,21,18,3,0,0
29957,1088,2023,8,21,16,3,2,0
29958,1088,2023,9,21,19,2,0,1
29959,1088,2023,10,23,19,2,2,1
29960,1088,2023,11,22,18,3,1,8
29961,1088,2023,12,22,17,3,2,2
29962,1088,2024,1,23,19,4,0,1
29963,1088,2024,2,20,19,1,0,0
29964,1088,2024,3,23,22,0,1,8
29965,1088,2024,4,20,18,2,0,6
29966,1088,2024,5,20,16,2,2,1
29967,1088,2024,6,21,17,3,1,1
29968,1088,2024,7,23,20,3,0,0
29969,1088,2024,8,20,20,0,0,5
29970,1088,2024,9,20,18,2,0,2
29971,1088,2024,10,21,16,3,2,4
29972,1088,2024,11,22,18,4,0,7
29973,1088,2024,12,21,17,4,0,5
29974,1088,2025,1,21,20,0,1,3
29975,1088,2025,2,20,17,2,1,6
29976,1088,2025,3,23,19,4,0,2
29977,1088,2025,4,22,20,1,1,2
29978,1088,2025,5,20,16,3,1,3
29979,1088,2025,6,21,18,2,1,6
29980,1088,2025,7,22,21,0,1,6
29981,1088,2025,8,21,21,0,0,5
29982,1088,2025,9,22,19,1,2,2
29983,1089,2024,12,20,17,3,0,3
29984,1089,2025,1,22,19,1,2,5
29985,1089,2025,2,21,21,0,0,1
29986,1089,2025,3,21,19,1,1,7
29987,1089,2025,4,20,16,3,1,7
29988,1089,2025,5,21,18,1,2,7
29989,1089,2025,6,20,16,2,2,5
29990,1089,2025,7,23,18,4,1,7
29991,1089,2025,8,23,22,0,1,7
29992,1089,2025,9,20,14,4,2,1
29993,1089,2025,10,20,19,0,1,1
29994,1090,2023,1,22,20,2,0,8
29995,1090,2023,2,22,19,3,0,8
29996,1090,2023,3,23,22,0,1,4
29997,1090,2023,4,23,21,2,0,6
29998,1090,2023,5,23,23,0,0,3
29999,1090,2023,6,22,19,2,1,0
30000,1090,2023,7,20,17,2,1,8
30001,1090,2023,8,21,20,0,1,0
30002,1090,2023,9,21,17,4,0,0
30003,1090,2023,10,20,15,3,2,2
30004,1090,2023,11,23,21,1,1,5
30005,1090,2023,12,21,18,1,2,3
30006,1090,2024,1,20,17,2,1,8
30007,1090,2024,2,23,20,2,1,4
30008,1090,2024,3,23,22,0,1,5
30009,1090,2024,4,21,16,3,2,0
30010,1090,2024,5,22,20,0,2,5
30011,1090,2024,6,20,18,1,1,0
30012,1090,2024,7,22,19,1,2,4
30013,1090,2024,8,20,19,0,1,1
30014,1090,2024,9,22,20,2,0,7
30015,1090,2024,10,20,14,4,2,4
30016,1090,2024,11,23,18,3,2,7
30017,1090,2024,12,20,18,1,1,4
30018,1090,2025,1,20,15,3,2,7
30019,1090,2025,2,23,18,3,2,4
30020,1090,2025,3,22,17,4,1,8
30021,1090,2025,4,22,21,0,1,5
30022,1090,2025,5,21,19,1,1,4
30023,1090,2025,6,23,18,3,2,1
30024,1090,2025,7,22,21,0,1,1
30025,1090,2025,8,22,19,3,0,0
30026,1090,2025,9,22,20,0,2,0
30027,1090,2025,10,21,18,1,2,2
30028,1090,2025,11,20,15,3,2,5
30029,1090,2025,12,20,16,3,1,1
30030,1091,2022,12,21,17,3,1,7
30031,1091,2023,1,22,20,1,1,0
30032,1091,2023,2,23,19,3,1,1
30033,1091,2023,3,23,22,1,0,4
30034,1091,2023,4,23,21,2,0,3
30035,1091,2023,5,22,17,3,2,1
30036,1091,2023,6,21,19,1,1,8
30037,1091,2023,7,22,18,4,0,6
30038,1091,2023,8,20,16,2,2,4
30039,1091,2023,9,23,21,1,1,3
30040,1091,2023,10,22,20,2,0,0
30041,1091,2023,11,22,17,3,2,6
30042,1091,2023,12,20,17,1,2,8
30043,1091,2024,1,22,21,1,0,6
30044,1091,2024,2,20,18,1,1,6
30045,1091,2024,3,23,18,3,2,4
30046,1091,2024,4,20,17,2,1,1
30047,1091,2024,5,20,14,4,2,7
30048,1091,2024,6,22,16,4,2,2
30049,1091,2024,7,23,19,2,2,2
30050,1091,2024,8,21,20,0,1,6
30051,1092,2025,8,21,19,0,2,5
30052,1092,2025,9,23,20,1,2,6
30053,1092,2025,10,20,19,1,0,4
30054,1092,2025,11,23,23,0,0,8
30055,1092,2025,12,20,20,0,0,8
30056,1093,2024,6,20,15,3,2,7
30057,1093,2024,7,22,17,4,1,3
30058,1093,2024,8,20,17,2,1,2
30059,1093,2024,9,20,19,0,1,7
30060,1093,2024,10,21,19,0,2,6
30061,1093,2024,11,21,21,0,0,5
30062,1094,2024,7,20,16,2,2,6
30063,1094,2024,8,22,22,0,0,3
30064,1094,2024,9,23,20,1,2,6
30065,1094,2024,10,21,18,1,2,5
30066,1094,2024,11,21,15,4,2,7
30067,1094,2024,12,21,17,4,0,0
30068,1094,2025,1,22,21,1,0,7
30069,1094,2025,2,21,17,3,1,8
30070,1094,2025,3,23,23,0,0,6
30071,1094,2025,4,20,17,1,2,7
30072,1094,2025,5,22,18,2,2,8
30073,1094,2025,6,22,20,2,0,1
30074,1094,2025,7,20,15,3,2,4
30075,1094,2025,8,22,16,4,2,1
30076,1094,2025,9,21,16,4,1,0
30077,1094,2025,10,23,20,1,2,7
30078,1094,2025,11,21,17,2,2,4
30079,1094,2025,12,21,16,4,1,3
30080,1095,2025,10,20,18,0,2,5
30081,1095,2025,11,23,20,3,0,2
30082,1095,2025,12,20,15,4,1,3
30083,1096,2021,4,23,23,0,0,7
30084,1096,2021,5,23,17,4,2,0
30085,1096,2021,6,23,22,0,1,5
30086,1096,2021,7,23,19,3,1,6
30087,1096,2021,8,23,23,0,0,8
30088,1096,2021,9,21,16,3,2,8
30089,1096,2021,10,20,16,3,1,5
30090,1096,2021,11,22,21,0,1,4
30091,1096,2021,12,22,18,3,1,5
30092,1096,2022,1,20,19,0,1,7
30093,1096,2022,2,23,20,2,1,5
30094,1096,2022,3,22,18,2,2,1
30095,1096,2022,4,21,17,3,1,8
30096,1096,2022,5,20,16,2,2,0
30097,1096,2022,6,20,15,4,1,2
30098,1096,2022,7,22,20,0,2,6
30099,1096,2022,8,22,22,0,0,5
30100,1096,2022,9,22,16,4,2,0
30101,1096,2022,10,22,20,0,2,5
30102,1096,2022,11,20,17,1,2,7
30103,1096,2022,12,23,21,1,1,5
30104,1096,2023,1,21,21,0,0,2
30105,1096,2023,2,22,18,2,2,0
30106,1096,2023,3,22,19,3,0,8
30107,1096,2023,4,20,16,2,2,8
30108,1096,2023,5,23,20,2,1,3
30109,1096,2023,6,23,20,2,1,4
30110,1096,2023,7,23,21,2,0,2
30111,1096,2023,8,20,18,2,0,8
30112,1096,2023,9,22,16,4,2,6
30113,1096,2023,10,22,20,0,2,3
30114,1096,2023,11,23,17,4,2,7
30115,1096,2023,12,22,17,4,1,5
30116,1096,2024,1,23,18,3,2,2
30117,1096,2024,2,20,19,0,1,8
30118,1096,2024,3,22,17,3,2,2
30119,1096,2024,4,22,20,2,0,0
30120,1096,2024,5,23,20,2,1,7
30121,1096,2024,6,21,16,3,2,0
30122,1096,2024,7,22,20,2,0,6
30123,1096,2024,8,22,20,2,0,5
30124,1096,2024,9,20,15,4,1,8
30125,1096,2024,10,22,17,3,2,3
30126,1096,2024,11,23,21,0,2,2
30127,1096,2024,12,20,18,0,2,0
30128,1096,2025,1,20,15,3,2,4
30129,1096,2025,2,21,17,2,2,4
30130,1096,2025,3,22,17,4,1,8
30131,1096,2025,4,20,18,2,0,0
30132,1096,2025,5,22,18,3,1,6
30133,1096,2025,6,20,15,3,2,0
30134,1096,2025,7,20,18,2,0,8
30135,1096,2025,8,20,18,0,2,8
30136,1096,2025,9,22,19,2,1,3
30137,1096,2025,10,20,19,0,1,8
30138,1096,2025,11,22,19,2,1,1
30139,1096,2025,12,21,17,4,0,1
30140,1097,2021,1,20,15,4,1,1
30141,1097,2021,2,23,23,0,0,1
30142,1097,2021,3,20,15,4,1,7
30143,1097,2021,4,23,22,1,0,8
30144,1097,2021,5,22,18,2,2,6
30145,1097,2021,6,20,18,2,0,3
30146,1097,2021,7,21,19,0,2,7
30147,1097,2021,8,22,20,0,2,0
30148,1097,2021,9,23,19,3,1,4
30149,1097,2021,10,20,15,3,2,4
30150,1097,2021,11,20,16,4,0,8
30151,1097,2021,12,23,19,2,2,7
30152,1097,2022,1,23,20,1,2,3
30153,1097,2022,2,21,18,2,1,5
30154,1097,2022,3,21,19,2,0,5
30155,1097,2022,4,23,21,0,2,8
30156,1097,2022,5,20,18,1,1,4
30157,1097,2022,6,22,20,1,1,7
30158,1097,2022,7,23,18,4,1,6
30159,1097,2022,8,22,18,3,1,1
30160,1097,2022,9,23,18,4,1,0
30161,1097,2022,10,21,19,1,1,8
30162,1097,2022,11,22,22,0,0,3
30163,1097,2022,12,21,18,3,0,5
30164,1097,2023,1,22,19,3,0,8
30165,1097,2023,2,23,19,4,0,1
30166,1097,2023,3,22,18,3,1,5
30167,1097,2023,4,21,16,3,2,3
30168,1097,2023,5,21,18,1,2,7
30169,1097,2023,6,22,17,3,2,6
30170,1097,2023,7,22,21,0,1,4
30171,1097,2023,8,21,19,0,2,1
30172,1097,2023,9,21,19,0,2,0
30173,1097,2023,10,23,22,0,1,3
30174,1097,2023,11,22,21,1,0,0
30175,1097,2023,12,20,17,2,1,1
30176,1097,2024,1,21,21,0,0,2
30177,1097,2024,2,22,21,1,0,6
30178,1097,2024,3,23,19,4,0,0
30179,1097,2024,4,22,18,2,2,1
30180,1097,2024,5,22,17,3,2,8
30181,1097,2024,6,23,21,1,1,3
30182,1097,2024,7,22,20,0,2,4
30183,1097,2024,8,22,20,1,1,0
30184,1097,2024,9,22,22,0,0,1
30185,1097,2024,10,23,20,2,1,0
30186,1097,2024,11,21,18,3,0,4
30187,1097,2024,12,23,20,1,2,3
30188,1097,2025,1,21,17,3,1,1
30189,1097,2025,2,20,17,3,0,4
30190,1097,2025,3,20,19,0,1,0
30191,1097,2025,4,22,19,1,2,6
30192,1097,2025,5,21,21,0,0,0
30193,1097,2025,6,23,18,3,2,3
30194,1097,2025,7,23,20,3,0,4
30195,1097,2025,8,21,19,0,2,2
30196,1097,2025,9,23,21,0,2,2
30197,1097,2025,10,23,19,2,2,7
30198,1097,2025,11,22,17,3,2,1
30199,1097,2025,12,21,19,1,1,8
30200,1098,2022,1,22,21,1,0,6
30201,1098,2022,2,20,18,1,1,6
30202,1098,2022,3,22,17,3,2,0
30203,1098,2022,4,20,18,2,0,0
30204,1098,2022,5,20,18,1,1,6
30205,1098,2022,6,20,15,3,2,7
30206,1098,2022,7,23,19,2,2,8
30207,1098,2022,8,21,18,2,1,8
30208,1098,2022,9,23,21,1,1,2
30209,1098,2022,10,21,18,2,1,3
30210,1098,2022,11,21,17,3,1,4
30211,1098,2022,12,20,14,4,2,5
30212,1098,2023,1,23,21,2,0,8
30213,1098,2023,2,22,20,2,0,3
30214,1098,2023,3,23,22,1,0,3
30215,1098,2023,4,22,20,0,2,2
30216,1098,2023,5,21,17,3,1,3
30217,1098,2023,6,20,16,4,0,3
30218,1098,2023,7,23,19,4,0,8
30219,1098,2023,8,22,19,1,2,1
30220,1098,2023,9,20,16,3,1,5
30221,1098,2023,10,21,18,1,2,6
30222,1098,2023,11,23,21,0,2,3
30223,1098,2023,12,23,23,0,0,7
30224,1098,2024,1,21,16,4,1,8
30225,1098,2024,2,22,16,4,2,3
30226,1098,2024,3,23,20,3,0,6
30227,1098,2024,4,23,23,0,0,1
30228,1098,2024,5,22,17,4,1,7
30229,1098,2024,6,20,14,4,2,6
30230,1098,2024,7,23,21,2,0,1
30231,1098,2024,8,22,16,4,2,4
30232,1098,2024,9,21,16,3,2,0
30233,1098,2024,10,22,21,1,0,2
30234,1098,2024,11,21,19,2,0,8
30235,1098,2024,12,23,21,1,1,3
30236,1098,2025,1,20,18,2,0,2
30237,1098,2025,2,21,19,0,2,8
30238,1098,2025,3,20,20,0,0,5
30239,1098,2025,4,23,19,2,2,8
30240,1098,2025,5,22,19,1,2,5
30241,1098,2025,6,23,20,2,1,3
30242,1098,2025,7,23,18,3,2,4
30243,1098,2025,8,21,16,3,2,4
30244,1098,2025,9,20,19,0,1,3
30245,1098,2025,10,20,20,0,0,5
30246,1098,2025,11,21,17,3,1,6
30247,1098,2025,12,23,21,0,2,8
30248,1099,2023,6,23,22,0,1,3
30249,1099,2023,7,22,21,1,0,6
30250,1099,2023,8,21,21,0,0,1
30251,1099,2023,9,21,16,3,2,8
30252,1099,2023,10,21,19,2,0,1
30253,1099,2023,11,23,19,4,0,1
30254,1099,2023,12,21,20,0,1,6
30255,1099,2024,1,21,19,0,2,0
30256,1099,2024,2,21,17,3,1,6
30257,1099,2024,3,23,18,4,1,0
30258,1099,2024,4,21,21,0,0,3
30259,1099,2024,5,21,19,0,2,5
30260,1099,2024,6,22,17,4,1,3
30261,1099,2024,7,22,21,1,0,4
30262,1099,2024,8,21,17,2,2,4
30263,1099,2024,9,23,19,2,2,6
30264,1099,2024,10,22,18,2,2,3
30265,1099,2024,11,21,19,2,0,4
30266,1099,2024,12,21,15,4,2,5
30267,1099,2025,1,20,15,3,2,1
30268,1099,2025,2,21,20,0,1,8
30269,1099,2025,3,23,19,2,2,4
30270,1099,2025,4,23,21,2,0,6
30271,1099,2025,5,23,23,0,0,4
30272,1099,2025,6,22,17,4,1,4
30273,1099,2025,7,22,16,4,2,5
30274,1099,2025,8,20,18,1,1,2
30275,1099,2025,9,21,19,0,2,5
30276,1099,2025,10,20,14,4,2,4
30277,1099,2025,11,21,19,1,1,7
30278,1099,2025,12,20,16,2,2,0
30279,1100,2023,6,21,17,3,1,1
30280,1100,2023,7,20,19,1,0,8
30281,1100,2023,8,21,18,3,0,6
30282,1100,2023,9,22,20,0,2,3
30283,1100,2023,10,20,19,0,1,5
30284,1100,2023,11,22,18,3,1,7
30285,1100,2023,12,20,19,1,0,2
30286,1100,2024,1,20,16,2,2,6
30287,1100,2024,2,22,18,2,2,3
30288,1100,2024,3,21,18,1,2,4
30289,1100,2024,4,22,19,1,2,1
30290,1100,2024,5,20,19,0,1,0
30291,1100,2024,6,20,20,0,0,7
30292,1100,2024,7,23,19,4,0,2
30293,1100,2024,8,21,17,2,2,3
30294,1100,2024,9,21,18,1,2,4
30295,1100,2024,10,22,19,1,2,3
30296,1100,2024,11,23,19,2,2,3
30297,1100,2024,12,23,20,2,1,4
30298,1100,2025,1,21,18,2,1,3
30299,1100,2025,2,20,15,4,1,7
30300,1100,2025,3,20,17,3,0,3
30301,1100,2025,4,23,18,3,2,4
30302,1100,2025,5,20,15,4,1,4
30303,1100,2025,6,23,17,4,2,2
30304,1100,2025,7,20,16,3,1,8
30305,1100,2025,8,22,17,4,1,4
30306,1100,2025,9,22,20,2,0,1
30307,1100,2025,10,23,21,1,1,6
30308,1100,2025,11,20,18,2,0,7
30309,1100,2025,12,20,15,3,2,1
30310,1101,2021,2,22,16,4,2,3
30311,1101,2021,3,21,17,3,1,6
30312,1101,2021,4,20,16,2,2,4
30313,1101,2021,5,20,16,3,1,2
30314,1101,2021,6,21,18,1,2,1
30315,1101,2021,7,22,16,4,2,0
30316,1101,2021,8,21,15,4,2,5
30317,1101,2021,9,20,17,1,2,4
30318,1101,2021,10,22,19,2,1,1
30319,1101,2021,11,23,19,3,1,7
30320,1101,2021,12,22,19,2,1,8
30321,1101,2022,1,21,19,2,0,7
30322,1101,2022,2,23,22,0,1,7
30323,1101,2022,3,21,19,1,1,7
30324,1101,2022,4,20,20,0,0,0
30325,1101,2022,5,21,17,3,1,3
30326,1101,2022,6,20,15,4,1,0
30327,1101,2022,7,21,19,1,1,3
30328,1101,2022,8,21,15,4,2,6
30329,1101,2022,9,20,16,2,2,0
30330,1101,2022,10,22,20,1,1,5
30331,1101,2022,11,21,16,4,1,7
30332,1101,2022,12,20,17,1,2,0
30333,1101,2023,1,22,21,1,0,8
30334,1101,2023,2,23,18,4,1,0
30335,1101,2023,3,20,18,0,2,1
30336,1101,2023,4,22,19,1,2,5
30337,1101,2023,5,23,22,1,0,3
30338,1101,2023,6,20,16,3,1,7
30339,1101,2023,7,21,17,2,2,4
30340,1101,2023,8,20,16,2,2,4
30341,1101,2023,9,22,20,1,1,8
30342,1101,2023,10,23,20,1,2,8
30343,1101,2023,11,23,19,3,1,6
30344,1101,2023,12,20,18,1,1,8
30345,1101,2024,1,22,18,4,0,1
30346,1101,2024,2,21,20,0,1,4
30347,1101,2024,3,22,17,4,1,4
30348,1101,2024,4,20,18,2,0,0
30349,1101,2024,5,23,22,1,0,7
30350,1101,2024,6,21,16,4,1,4
30351,1101,2024,7,21,18,2,1,3
30352,1101,2024,8,23,18,4,1,7
30353,1101,2024,9,21,17,2,2,4
30354,1101,2024,10,22,20,1,1,4
30355,1101,2024,11,21,17,4,0,3
30356,1101,2024,12,20,19,1,0,5
30357,1101,2025,1,21,17,4,0,1
30358,1101,2025,2,21,15,4,2,7
30359,1101,2025,3,21,17,4,0,0
30360,1101,2025,4,21,18,3,0,4
30361,1101,2025,5,23,19,3,1,6
30362,1101,2025,6,22,17,3,2,7
30363,1101,2025,7,22,18,2,2,2
30364,1101,2025,8,20,17,1,2,3
30365,1101,2025,9,22,19,1,2,0
30366,1101,2025,10,20,16,3,1,4
30367,1101,2025,11,20,16,3,1,1
30368,1101,2025,12,22,20,0,2,4
30369,1102,2024,10,22,19,2,1,7
30370,1102,2024,11,22,21,0,1,4
30371,1102,2024,12,21,20,1,0,6
30372,1102,2025,1,21,19,2,0,7
30373,1102,2025,2,22,18,4,0,6
30374,1102,2025,3,22,19,3,0,0
30375,1102,2025,4,22,19,3,0,1
30376,1102,2025,5,21,16,3,2,4
30377,1102,2025,6,20,20,0,0,2
30378,1102,2025,7,20,14,4,2,2
30379,1102,2025,8,23,19,3,1,1
30380,1102,2025,9,20,18,2,0,1
30381,1102,2025,10,21,17,4,0,5
30382,1102,2025,11,21,15,4,2,3
30383,1102,2025,12,21,16,3,2,7
30384,1103,2025,5,22,20,1,1,8
30385,1103,2025,6,21,18,1,2,8
30386,1103,2025,7,20,15,4,1,1
30387,1103,2025,8,20,18,1,1,2
30388,1103,2025,9,20,17,3,0,5
30389,1103,2025,10,20,16,2,2,2
30390,1103,2025,11,21,15,4,2,6
30391,1103,2025,12,21,18,3,0,4
30392,1104,2021,7,22,18,2,2,7
30393,1104,2021,8,21,18,3,0,5
30394,1104,2021,9,23,23,0,0,5
30395,1104,2021,10,20,17,3,0,8
30396,1104,2021,11,23,21,1,1,8
30397,1104,2021,12,22,19,1,2,7
30398,1104,2022,1,23,19,2,2,4
30399,1104,2022,2,22,18,3,1,3
30400,1104,2022,3,22,17,3,2,5
30401,1104,2022,4,20,15,4,1,3
30402,1104,2022,5,20,17,1,2,1
30403,1104,2022,6,20,16,3,1,1
30404,1104,2022,7,22,20,2,0,3
30405,1104,2022,8,23,23,0,0,4
30406,1104,2022,9,23,22,1,0,8
30407,1104,2022,10,20,18,0,2,3
30408,1104,2022,11,20,18,0,2,3
30409,1104,2022,12,22,17,4,1,8
30410,1104,2023,1,21,19,2,0,1
30411,1104,2023,2,22,20,1,1,3
30412,1104,2023,3,20,17,2,1,5
30413,1104,2023,4,20,19,0,1,8
30414,1104,2023,5,23,21,2,0,8
30415,1104,2023,6,20,18,2,0,0
30416,1104,2023,7,23,21,0,2,6
30417,1104,2023,8,21,18,1,2,8
30418,1104,2023,9,23,22,1,0,5
30419,1104,2023,10,23,21,1,1,1
30420,1104,2023,11,21,19,0,2,7
30421,1105,2023,10,20,19,1,0,5
30422,1105,2023,11,21,20,1,0,3
30423,1105,2023,12,22,20,1,1,1
30424,1105,2024,1,23,17,4,2,7
30425,1105,2024,2,21,17,2,2,6
30426,1105,2024,3,23,23,0,0,0
30427,1105,2024,4,23,21,2,0,7
30428,1105,2024,5,21,19,1,1,6
30429,1105,2024,6,22,19,3,0,0
30430,1105,2024,7,21,18,1,2,0
30431,1105,2024,8,20,17,1,2,1
30432,1105,2024,9,22,16,4,2,5
30433,1105,2024,10,22,18,4,0,2
30434,1105,2024,11,23,21,2,0,6
30435,1105,2024,12,20,15,4,1,4
30436,1105,2025,1,20,18,1,1,4
30437,1105,2025,2,22,16,4,2,0
30438,1105,2025,3,23,18,4,1,6
30439,1105,2025,4,23,21,0,2,7
30440,1105,2025,5,20,17,2,1,8
30441,1105,2025,6,20,16,2,2,0
30442,1105,2025,7,20,18,1,1,2
30443,1105,2025,8,22,19,1,2,5
30444,1105,2025,9,20,19,0,1,6
30445,1105,2025,10,20,17,3,0,2
30446,1105,2025,11,20,17,3,0,0
30447,1105,2025,12,22,22,0,0,8
30448,1106,2022,6,21,19,2,0,1
30449,1106,2022,7,20,19,1,0,2
30450,1106,2022,8,21,19,1,1,8
30451,1106,2022,9,21,19,1,1,2
30452,1106,2022,10,21,18,1,2,1
30453,1106,2022,11,20,17,1,2,6
30454,1106,2022,12,20,14,4,2,8
30455,1106,2023,1,21,17,3,1,7
30456,1106,2023,2,23,20,1,2,8
30457,1106,2023,3,22,19,3,0,4
30458,1106,2023,4,20,18,1,1,5
30459,1106,2023,5,21,18,1,2,2
30460,1106,2023,6,23,22,0,1,1
30461,1106,2023,7,21,18,1,2,3
30462,1106,2023,8,23,20,3,0,0
30463,1106,2023,9,23,22,1,0,8
30464,1106,2023,10,20,17,2,1,2
30465,1106,2023,11,22,19,3,0,6
30466,1106,2023,12,20,14,4,2,6
30467,1106,2024,1,23,20,3,0,8
30468,1106,2024,2,21,21,0,0,4
30469,1106,2024,3,23,19,2,2,2
30470,1106,2024,4,22,21,0,1,8
30471,1106,2024,5,22,17,4,1,2
30472,1106,2024,6,20,19,0,1,5
30473,1106,2024,7,20,16,3,1,1
30474,1106,2024,8,20,15,3,2,4
30475,1106,2024,9,23,18,4,1,8
30476,1106,2024,10,23,19,3,1,8
30477,1106,2024,11,20,18,2,0,7
30478,1106,2024,12,20,17,2,1,1
30479,1106,2025,1,20,19,0,1,2
30480,1106,2025,2,20,17,3,0,0
30481,1106,2025,3,23,22,1,0,3
30482,1106,2025,4,22,19,1,2,5
30483,1106,2025,5,21,16,4,1,0
30484,1106,2025,6,23,19,4,0,7
30485,1106,2025,7,23,18,3,2,2
30486,1106,2025,8,23,20,1,2,4
30487,1106,2025,9,20,18,0,2,8
30488,1106,2025,10,21,16,4,1,6
30489,1106,2025,11,21,16,3,2,6
30490,1106,2025,12,21,17,3,1,4
30491,1107,2022,4,22,20,2,0,7
30492,1107,2022,5,21,18,1,2,2
30493,1107,2022,6,23,20,3,0,2
30494,1107,2022,7,22,22,0,0,4
30495,1107,2022,8,20,18,1,1,5
30496,1107,2022,9,22,17,4,1,2
30497,1107,2022,10,20,19,0,1,7
30498,1107,2022,11,21,15,4,2,5
30499,1107,2022,12,22,21,1,0,4
30500,1107,2023,1,23,21,2,0,3
30501,1107,2023,2,23,20,2,1,2
30502,1107,2023,3,23,17,4,2,3
30503,1107,2023,4,22,17,4,1,4
30504,1107,2023,5,23,19,2,2,6
30505,1107,2023,6,20,17,3,0,4
30506,1107,2023,7,22,20,1,1,2
30507,1107,2023,8,22,18,3,1,5
30508,1107,2023,9,23,19,2,2,3
30509,1107,2023,10,23,18,3,2,4
30510,1107,2023,11,23,21,2,0,4
30511,1107,2023,12,23,19,3,1,1
30512,1107,2024,1,20,20,0,0,7
30513,1107,2024,2,23,22,1,0,8
30514,1107,2024,3,23,21,2,0,6
30515,1107,2024,4,22,20,0,2,4
30516,1107,2024,5,21,17,4,0,2
30517,1107,2024,6,22,20,1,1,3
30518,1107,2024,7,21,19,1,1,4
30519,1107,2024,8,21,16,3,2,4
30520,1107,2024,9,20,18,2,0,2
30521,1107,2024,10,23,19,2,2,5
30522,1107,2024,11,23,21,0,2,6
30523,1107,2024,12,22,19,2,1,4
30524,1107,2025,1,20,18,2,0,5
30525,1107,2025,2,20,15,3,2,0
30526,1107,2025,3,23,19,4,0,4
30527,1107,2025,4,21,18,2,1,1
30528,1107,2025,5,23,20,1,2,4
30529,1107,2025,6,20,14,4,2,1
30530,1107,2025,7,22,16,4,2,2
30531,1107,2025,8,22,19,1,2,7
30532,1107,2025,9,21,16,3,2,8
30533,1107,2025,10,21,15,4,2,2
30534,1107,2025,11,23,20,1,2,2
30535,1107,2025,12,20,15,3,2,0
30536,1108,2022,10,22,18,4,0,4
30537,1108,2022,11,21,20,1,0,5
30538,1108,2022,12,20,18,0,2,2
30539,1108,2023,1,23,21,1,1,3
30540,1108,2023,2,23,23,0,0,4
30541,1108,2023,3,22,19,3,0,6
30542,1108,2023,4,22,19,2,1,1
30543,1108,2023,5,23,17,4,2,4
30544,1108,2023,6,23,19,2,2,3
30545,1109,2025,7,20,15,4,1,2
30546,1109,2025,8,23,22,0,1,8
30547,1109,2025,9,22,17,4,1,6
30548,1109,2025,10,20,16,3,1,5
30549,1109,2025,11,22,17,3,2,2
30550,1109,2025,12,22,17,4,1,8
30551,1110,2021,9,20,19,1,0,8
30552,1110,2021,10,21,17,4,0,7
30553,1110,2021,11,23,18,4,1,4
30554,1110,2021,12,23,20,3,0,1
30555,1110,2022,1,20,19,1,0,7
30556,1110,2022,2,23,20,1,2,7
30557,1110,2022,3,22,19,2,1,3
30558,1110,2022,4,20,15,3,2,6
30559,1110,2022,5,23,23,0,0,5
30560,1110,2022,6,21,17,2,2,8
30561,1110,2022,7,22,20,1,1,0
30562,1110,2022,8,20,15,3,2,2
30563,1110,2022,9,22,21,1,0,0
30564,1110,2022,10,20,19,1,0,2
30565,1110,2022,11,20,16,4,0,1
30566,1110,2022,12,23,19,2,2,8
30567,1110,2023,1,20,17,3,0,2
30568,1110,2023,2,23,20,3,0,1
30569,1110,2023,3,21,20,0,1,2
30570,1110,2023,4,23,21,2,0,4
30571,1110,2023,5,22,16,4,2,3
30572,1110,2023,6,22,19,3,0,8
30573,1110,2023,7,22,17,3,2,4
30574,1110,2023,8,21,15,4,2,4
30575,1110,2023,9,22,20,2,0,0
30576,1110,2023,10,20,15,3,2,6
30577,1110,2023,11,23,20,3,0,1
30578,1110,2023,12,21,18,3,0,0
30579,1110,2024,1,23,19,3,1,1
30580,1110,2024,2,21,16,4,1,7
30581,1110,2024,3,21,20,0,1,0
30582,1110,2024,4,23,19,3,1,1
30583,1110,2024,5,22,19,2,1,2
30584,1110,2024,6,20,20,0,0,8
30585,1110,2024,7,22,21,1,0,8
30586,1110,2024,8,20,20,0,0,0
30587,1110,2024,9,20,18,0,2,4
30588,1110,2024,10,20,14,4,2,3
30589,1110,2024,11,22,21,1,0,0
30590,1110,2024,12,22,16,4,2,1
30591,1110,2025,1,22,18,2,2,1
30592,1110,2025,2,20,17,2,1,0
30593,1110,2025,3,20,20,0,0,7
30594,1110,2025,4,23,21,2,0,0
30595,1110,2025,5,23,20,2,1,6
30596,1110,2025,6,22,20,0,2,7
30597,1110,2025,7,22,19,3,0,8
30598,1111,2025,7,22,19,1,2,4
30599,1111,2025,8,22,18,4,0,8
30600,1111,2025,9,22,19,1,2,0
30601,1111,2025,10,22,21,0,1,4
30602,1111,2025,11,22,16,4,2,5
30603,1111,2025,12,22,21,1,0,6
30604,1112,2025,3,23,19,4,0,4
30605,1112,2025,4,21,17,4,0,1
30606,1112,2025,5,22,18,4,0,3
30607,1112,2025,6,20,16,4,0,4
30608,1112,2025,7,23,22,0,1,3
30609,1112,2025,8,21,19,1,1,6
30610,1112,2025,9,21,16,3,2,1
30611,1112,2025,10,20,17,1,2,3
30612,1112,2025,11,20,19,0,1,3
30613,1112,2025,12,23,18,3,2,1
30614,1113,2025,10,22,21,0,1,0
30615,1113,2025,11,21,20,1,0,8
30616,1113,2025,12,21,18,3,0,4
30617,1114,2021,9,21,15,4,2,3
30618,1114,2021,10,20,16,3,1,6
30619,1114,2021,11,23,22,0,1,8
30620,1114,2021,12,20,20,0,0,6
30621,1114,2022,1,22,20,0,2,6
30622,1114,2022,2,20,16,4,0,6
30623,1114,2022,3,20,18,1,1,5
30624,1114,2022,4,21,19,0,2,7
30625,1114,2022,5,23,19,2,2,3
30626,1114,2022,6,21,19,2,0,6
30627,1114,2022,7,23,18,4,1,0
30628,1114,2022,8,22,16,4,2,1
30629,1114,2022,9,23,21,1,1,2
30630,1114,2022,10,22,18,2,2,7
30631,1114,2022,11,20,15,3,2,2
30632,1114,2022,12,23,18,3,2,1
30633,1114,2023,1,21,18,3,0,8
30634,1114,2023,2,22,19,2,1,5
30635,1114,2023,3,22,18,2,2,2
30636,1114,2023,4,20,18,0,2,1
30637,1114,2023,5,21,16,3,2,6
30638,1114,2023,6,21,17,2,2,4
30639,1114,2023,7,21,21,0,0,3
30640,1114,2023,8,20,16,2,2,6
30641,1114,2023,9,23,19,2,2,5
30642,1114,2023,10,20,16,4,0,2
30643,1114,2023,11,22,20,1,1,1
30644,1114,2023,12,22,17,3,2,6
30645,1114,2024,1,20,18,0,2,5
30646,1114,2024,2,23,17,4,2,8
30647,1114,2024,3,23,22,1,0,5
30648,1114,2024,4,23,18,4,1,2
30649,1114,2024,5,23,21,2,0,2
30650,1114,2024,6,23,19,3,1,0
30651,1114,2024,7,23,21,0,2,4
30652,1114,2024,8,23,20,3,0,8
30653,1114,2024,9,23,18,3,2,3
30654,1114,2024,10,20,15,4,1,0
30655,1114,2024,11,23,22,0,1,0
30656,1114,2024,12,21,19,1,1,8
30657,1114,2025,1,20,14,4,2,5
30658,1114,2025,2,20,20,0,0,4
30659,1114,2025,3,20,18,0,2,3
30660,1114,2025,4,21,20,1,0,7
30661,1114,2025,5,21,20,1,0,5
30662,1114,2025,6,22,18,4,0,6
30663,1114,2025,7,20,19,0,1,0
30664,1114,2025,8,22,18,3,1,2
30665,1114,2025,9,20,16,4,0,5
30666,1114,2025,10,21,16,3,2,3
30667,1114,2025,11,22,17,4,1,6
30668,1114,2025,12,21,19,0,2,7
30669,1115,2023,9,23,22,1,0,5
30670,1115,2023,10,22,18,2,2,8
30671,1115,2023,11,21,16,4,1,6
30672,1115,2023,12,20,18,2,0,0
30673,1115,2024,1,22,16,4,2,1
30674,1115,2024,2,21,20,1,0,0
30675,1115,2024,3,22,19,1,2,3
30676,1115,2024,4,23,17,4,2,2
30677,1115,2024,5,22,17,3,2,4
30678,1115,2024,6,21,17,2,2,6
30679,1115,2024,7,22,18,3,1,3
30680,1115,2024,8,21,17,3,1,3
30681,1115,2024,9,23,19,4,0,0
30682,1115,2024,10,21,18,1,2,7
30683,1115,2024,11,20,15,4,1,8
30684,1115,2024,12,20,16,3,1,5
30685,1115,2025,1,20,17,3,0,4
30686,1115,2025,2,23,20,3,0,5
30687,1115,2025,3,21,19,2,0,4
30688,1115,2025,4,21,17,3,1,5
30689,1115,2025,5,22,19,3,0,7
30690,1115,2025,6,22,18,2,2,6
30691,1115,2025,7,22,17,3,2,4
30692,1115,2025,8,23,20,3,0,7
30693,1115,2025,9,21,19,0,2,8
30694,1115,2025,10,22,17,3,2,4
30695,1115,2025,11,22,22,0,0,7
30696,1115,2025,12,22,20,1,1,6
30697,1116,2023,7,20,18,0,2,1
30698,1116,2023,8,22,17,4,1,6
30699,1116,2023,9,22,17,4,1,5
30700,1116,2023,10,20,17,1,2,8
30701,1116,2023,11,21,16,3,2,0
30702,1116,2023,12,20,17,2,1,1
30703,1116,2024,1,20,16,4,0,1
30704,1116,2024,2,23,20,3,0,3
30705,1116,2024,3,20,17,3,0,3
30706,1116,2024,4,22,19,3,0,5
30707,1116,2024,5,21,16,3,2,2
30708,1116,2024,6,21,21,0,0,3
30709,1116,2024,7,22,18,3,1,4
30710,1116,2024,8,23,18,4,1,5
30711,1116,2024,9,23,22,0,1,5
30712,1116,2024,10,22,19,2,1,5
30713,1116,2024,11,21,17,3,1,1
30714,1116,2024,12,21,19,1,1,0
30715,1116,2025,1,23,17,4,2,7
30716,1116,2025,2,20,18,1,1,4
30717,1116,2025,3,20,17,1,2,8
30718,1116,2025,4,22,20,1,1,4
30719,1116,2025,5,20,17,3,0,4
30720,1116,2025,6,23,21,1,1,3
30721,1116,2025,7,20,16,3,1,7
30722,1116,2025,8,23,21,0,2,7
30723,1116,2025,9,20,17,2,1,2
30724,1116,2025,10,23,21,1,1,3
30725,1116,2025,11,20,17,2,1,3
30726,1116,2025,12,22,17,3,2,0
30727,1117,2021,1,23,18,4,1,3
30728,1117,2021,2,23,21,2,0,0
30729,1117,2021,3,22,19,3,0,1
30730,1117,2021,4,23,20,3,0,7
30731,1117,2021,5,23,19,3,1,6
30732,1117,2021,6,22,22,0,0,5
30733,1117,2021,7,21,17,4,0,8
30734,1117,2021,8,20,17,3,0,8
30735,1117,2021,9,23,22,1,0,3
30736,1117,2021,10,22,22,0,0,8
30737,1117,2021,11,21,18,2,1,2
30738,1117,2021,12,23,19,3,1,1
30739,1117,2022,1,23,19,3,1,3
30740,1117,2022,2,22,20,2,0,0
30741,1117,2022,3,22,20,1,1,0
30742,1117,2022,4,20,15,3,2,5
30743,1117,2022,5,20,17,1,2,6
30744,1117,2022,6,22,18,3,1,7
30745,1117,2022,7,20,16,2,2,7
30746,1117,2022,8,22,20,2,0,7
30747,1117,2022,9,20,17,3,0,4
30748,1117,2022,10,20,16,2,2,1
30749,1117,2022,11,22,16,4,2,7
30750,1117,2022,12,22,21,1,0,3
30751,1117,2023,1,21,17,2,2,0
30752,1117,2023,2,20,16,2,2,1
30753,1117,2023,3,20,19,0,1,5
30754,1117,2023,4,21,18,2,1,1
30755,1117,2023,5,21,18,1,2,4
30756,1117,2023,6,23,18,3,2,2
30757,1117,2023,7,23,21,2,0,4
30758,1117,2023,8,23,20,3,0,7
30759,1117,2023,9,21,16,3,2,2
30760,1117,2023,10,23,22,0,1,2
30761,1117,2023,11,20,17,1,2,4
30762,1117,2023,12,21,17,4,0,1
30763,1117,2024,1,22,19,3,0,3
30764,1117,2024,2,21,18,1,2,2
30765,1117,2024,3,23,22,1,0,5
30766,1117,2024,4,22,20,0,2,0
30767,1117,2024,5,20,19,1,0,8
30768,1117,2024,6,22,19,2,1,2
30769,1117,2024,7,22,19,1,2,3
30770,1117,2024,8,22,17,4,1,0
30771,1117,2024,9,22,22,0,0,0
30772,1117,2024,10,22,18,4,0,8
30773,1117,2024,11,22,19,2,1,4
30774,1117,2024,12,20,16,4,0,2
30775,1117,2025,1,20,19,0,1,6
30776,1117,2025,2,23,23,0,0,7
30777,1117,2025,3,21,19,1,1,8
30778,1117,2025,4,20,14,4,2,0
30779,1117,2025,5,21,20,1,0,1
30780,1117,2025,6,22,19,2,1,6
30781,1117,2025,7,23,18,3,2,4
30782,1117,2025,8,22,16,4,2,4
30783,1117,2025,9,20,16,4,0,4
30784,1117,2025,10,23,19,3,1,7
30785,1117,2025,11,23,22,0,1,6
30786,1117,2025,12,22,19,3,0,2
30787,1118,2024,6,21,19,0,2,7
30788,1118,2024,7,22,19,2,1,2
30789,1118,2024,8,22,20,2,0,3
30790,1118,2024,9,20,16,2,2,8
30791,1118,2024,10,23,23,0,0,6
30792,1118,2024,11,21,17,2,2,6
30793,1118,2024,12,21,19,0,2,7
30794,1118,2025,1,20,18,2,0,6
30795,1118,2025,2,20,17,1,2,0
30796,1118,2025,3,22,19,1,2,8
30797,1118,2025,4,20,17,2,1,1
30798,1118,2025,5,21,18,1,2,2
30799,1118,2025,6,23,22,0,1,8
30800,1118,2025,7,23,17,4,2,6
30801,1118,2025,8,23,19,4,0,3
30802,1118,2025,9,21,17,2,2,4
30803,1118,2025,10,23,20,3,0,4
30804,1118,2025,11,20,16,2,2,0
30805,1118,2025,12,21,20,0,1,3
30806,1119,2024,3,23,20,2,1,2
30807,1119,2024,4,22,17,4,1,3
30808,1119,2024,5,20,18,1,1,5
30809,1119,2024,6,20,16,3,1,0
30810,1119,2024,7,23,22,1,0,4
30811,1119,2024,8,20,17,2,1,2
30812,1119,2024,9,20,17,3,0,0
30813,1119,2024,10,20,15,3,2,2
30814,1119,2024,11,22,22,0,0,4
30815,1119,2024,12,20,17,1,2,6
30816,1119,2025,1,20,16,4,0,8
30817,1119,2025,2,21,18,3,0,5
30818,1119,2025,3,20,15,4,1,2
30819,1119,2025,4,21,16,3,2,8
30820,1119,2025,5,21,21,0,0,2
30821,1119,2025,6,20,18,1,1,0
30822,1119,2025,7,22,19,3,0,1
30823,1119,2025,8,22,18,3,1,1
30824,1119,2025,9,23,19,3,1,1
30825,1119,2025,10,22,17,3,2,6
30826,1119,2025,11,20,18,1,1,0
30827,1119,2025,12,23,22,0,1,8
30828,1120,2025,8,20,18,2,0,4
30829,1120,2025,9,22,22,0,0,3
30830,1120,2025,10,23,19,3,1,7
30831,1120,2025,11,20,15,4,1,6
30832,1120,2025,12,22,19,3,0,3
30833,1121,2021,4,21,21,0,0,8
30834,1121,2021,5,21,17,2,2,6
30835,1121,2021,6,21,16,4,1,1
30836,1121,2021,7,21,20,1,0,0
30837,1121,2021,8,23,20,2,1,0
30838,1121,2021,9,21,18,2,1,5
30839,1121,2021,10,23,20,1,2,1
30840,1121,2021,11,22,19,1,2,3
30841,1121,2021,12,22,18,3,1,6
30842,1121,2022,1,21,19,2,0,5
30843,1121,2022,2,20,15,4,1,8
30844,1121,2022,3,20,18,0,2,7
30845,1121,2022,4,22,19,2,1,7
30846,1121,2022,5,21,16,4,1,4
30847,1121,2022,6,22,18,3,1,4
30848,1121,2022,7,22,19,3,0,0
30849,1121,2022,8,20,17,3,0,2
30850,1121,2022,9,20,17,2,1,0
30851,1121,2022,10,23,22,0,1,6
30852,1121,2022,11,21,20,1,0,1
30853,1121,2022,12,21,20,1,0,2
30854,1121,2023,1,21,17,3,1,5
30855,1121,2023,2,22,18,3,1,7
30856,1121,2023,3,23,19,3,1,3
30857,1121,2023,4,21,18,2,1,0
30858,1121,2023,5,23,20,1,2,6
30859,1121,2023,6,21,15,4,2,2
30860,1121,2023,7,20,18,0,2,0
30861,1121,2023,8,23,21,1,1,4
30862,1121,2023,9,21,17,4,0,3
30863,1121,2023,10,22,17,3,2,8
30864,1121,2023,11,22,20,2,0,8
30865,1121,2023,12,23,22,0,1,6
30866,1121,2024,1,20,20,0,0,4
30867,1121,2024,2,21,16,3,2,6
30868,1121,2024,3,21,20,1,0,6
30869,1121,2024,4,22,21,0,1,8
30870,1121,2024,5,22,18,4,0,5
30871,1121,2024,6,22,17,3,2,5
30872,1121,2024,7,21,16,3,2,8
30873,1121,2024,8,21,18,1,2,8
30874,1121,2024,9,23,19,2,2,8
30875,1121,2024,10,23,18,4,1,4
30876,1121,2024,11,23,20,3,0,5
30877,1121,2024,12,20,17,2,1,3
30878,1121,2025,1,20,14,4,2,8
30879,1121,2025,2,21,19,1,1,3
30880,1121,2025,3,23,20,2,1,8
30881,1121,2025,4,21,19,1,1,4
30882,1121,2025,5,21,15,4,2,0
30883,1121,2025,6,23,21,1,1,3
30884,1121,2025,7,20,18,2,0,4
30885,1121,2025,8,20,15,4,1,7
30886,1121,2025,9,23,18,3,2,2
30887,1121,2025,10,21,18,2,1,4
30888,1121,2025,11,20,16,3,1,1
30889,1121,2025,12,22,22,0,0,4
30890,1122,2025,7,22,20,2,0,3
30891,1122,2025,8,22,19,1,2,2
30892,1122,2025,9,21,17,2,2,4
30893,1122,2025,10,23,21,2,0,3
30894,1122,2025,11,22,21,1,0,1
30895,1122,2025,12,20,17,3,0,1
30896,1123,2024,5,22,19,2,1,6
30897,1123,2024,6,21,15,4,2,7
30898,1123,2024,7,23,19,4,0,3
30899,1123,2024,8,22,22,0,0,8
30900,1123,2024,9,21,18,2,1,0
30901,1123,2024,10,23,18,4,1,7
30902,1123,2024,11,23,19,4,0,4
30903,1123,2024,12,23,21,0,2,5
30904,1123,2025,1,21,19,0,2,7
30905,1123,2025,2,21,21,0,0,5
30906,1123,2025,3,23,22,1,0,1
30907,1123,2025,4,20,20,0,0,3
30908,1123,2025,5,20,19,0,1,3
30909,1123,2025,6,21,17,2,2,1
30910,1123,2025,7,22,19,2,1,8
30911,1123,2025,8,23,19,4,0,4
30912,1123,2025,9,20,16,4,0,8
30913,1123,2025,10,21,15,4,2,0
30914,1123,2025,11,21,19,1,1,2
30915,1123,2025,12,20,14,4,2,1
30916,1124,2021,7,23,21,1,1,8
30917,1124,2021,8,21,19,0,2,2
30918,1124,2021,9,20,17,3,0,1
30919,1124,2021,10,20,16,3,1,1
30920,1124,2021,11,23,22,1,0,0
30921,1124,2021,12,22,18,2,2,6
30922,1124,2022,1,23,21,1,1,6
30923,1124,2022,2,20,16,2,2,0
30924,1124,2022,3,22,21,1,0,4
30925,1124,2022,4,20,16,2,2,8
30926,1124,2022,5,23,22,1,0,5
30927,1124,2022,6,22,20,2,0,7
30928,1124,2022,7,23,21,2,0,0
30929,1124,2022,8,20,16,2,2,6
30930,1124,2022,9,20,17,3,0,5
30931,1124,2022,10,23,20,1,2,2
30932,1124,2022,11,20,18,2,0,3
30933,1124,2022,12,21,20,1,0,8
30934,1124,2023,1,22,18,2,2,5
30935,1124,2023,2,22,21,0,1,4
30936,1124,2023,3,21,18,3,0,1
30937,1124,2023,4,23,18,3,2,7
30938,1124,2023,5,21,17,4,0,6
30939,1124,2023,6,20,16,2,2,3
30940,1124,2023,7,23,19,2,2,3
30941,1124,2023,8,21,20,1,0,4
30942,1124,2023,9,21,16,3,2,7
30943,1124,2023,10,20,17,1,2,2
30944,1124,2023,11,21,17,3,1,8
30945,1124,2023,12,21,16,4,1,6
30946,1124,2024,1,21,16,3,2,0
30947,1124,2024,2,22,16,4,2,8
30948,1124,2024,3,20,18,0,2,8
30949,1124,2024,4,21,18,3,0,5
30950,1124,2024,5,22,19,2,1,8
30951,1124,2024,6,22,20,0,2,6
30952,1124,2024,7,22,22,0,0,8
30953,1124,2024,8,22,16,4,2,0
30954,1124,2024,9,23,22,0,1,8
30955,1124,2024,10,22,21,1,0,5
30956,1124,2024,11,21,17,4,0,4
30957,1124,2024,12,22,21,1,0,0
30958,1124,2025,1,20,18,1,1,7
30959,1124,2025,2,23,17,4,2,8
30960,1124,2025,3,22,20,1,1,7
30961,1124,2025,4,20,15,3,2,6
30962,1124,2025,5,23,19,4,0,1
30963,1124,2025,6,21,19,2,0,8
30964,1124,2025,7,23,17,4,2,1
30965,1124,2025,8,21,18,2,1,2
30966,1124,2025,9,21,18,3,0,5
30967,1124,2025,10,22,18,4,0,8
30968,1124,2025,11,23,20,3,0,5
30969,1124,2025,12,23,18,4,1,8
30970,1125,2024,4,23,19,3,1,5
30971,1125,2024,5,23,20,1,2,8
30972,1125,2024,6,20,17,2,1,8
30973,1125,2024,7,21,17,2,2,7
30974,1125,2024,8,23,21,1,1,7
30975,1125,2024,9,21,18,2,1,3
30976,1125,2024,10,21,20,0,1,3
30977,1125,2024,11,21,17,3,1,1
30978,1125,2024,12,21,18,1,2,3
30979,1125,2025,1,20,16,3,1,4
30980,1125,2025,2,21,21,0,0,3
30981,1125,2025,3,20,19,1,0,2
30982,1125,2025,4,22,20,0,2,0
30983,1125,2025,5,22,18,4,0,3
30984,1125,2025,6,21,17,4,0,3
30985,1125,2025,7,21,20,0,1,1
30986,1125,2025,8,22,18,4,0,6
30987,1125,2025,9,23,23,0,0,1
30988,1125,2025,10,20,15,3,2,6
30989,1125,2025,11,23,20,1,2,5
30990,1125,2025,12,20,15,3,2,1
30991,1126,2022,8,21,17,2,2,2
30992,1126,2022,9,22,20,0,2,2
30993,1126,2022,10,21,18,3,0,8
30994,1126,2022,11,22,21,1,0,2
30995,1126,2022,12,23,21,0,2,7
30996,1126,2023,1,22,18,3,1,4
30997,1126,2023,2,21,19,2,0,8
30998,1126,2023,3,20,16,3,1,2
30999,1126,2023,4,22,20,1,1,5
31000,1126,2023,5,20,15,4,1,2
31001,1126,2023,6,21,18,3,0,1
31002,1126,2023,7,23,22,1,0,1
31003,1126,2023,8,20,18,2,0,1
31004,1126,2023,9,20,20,0,0,0
31005,1126,2023,10,20,14,4,2,4
31006,1126,2023,11,22,16,4,2,2
31007,1126,2023,12,21,17,3,1,2
31008,1126,2024,1,21,16,4,1,0
31009,1126,2024,2,22,16,4,2,2
31010,1126,2024,3,20,15,4,1,4
31011,1126,2024,4,23,23,0,0,7
31012,1126,2024,5,20,19,1,0,6
31013,1126,2024,6,21,17,2,2,0
31014,1126,2024,7,21,18,2,1,6
31015,1126,2024,8,23,22,1,0,3
31016,1126,2024,9,22,18,2,2,1
31017,1126,2024,10,22,20,1,1,0
31018,1126,2024,11,22,18,2,2,4
31019,1126,2024,12,21,18,1,2,5
31020,1126,2025,1,20,16,4,0,4
31021,1126,2025,2,23,21,2,0,0
31022,1126,2025,3,22,21,0,1,3
31023,1126,2025,4,22,19,1,2,5
31024,1127,2025,9,22,22,0,0,8
31025,1127,2025,10,23,19,2,2,0
31026,1127,2025,11,21,16,4,1,4
31027,1127,2025,12,23,21,2,0,4
31028,1128,2023,6,23,22,0,1,1
31029,1128,2023,7,23,20,3,0,7
31030,1128,2023,8,22,20,2,0,4
31031,1128,2023,9,20,16,4,0,4
31032,1128,2023,10,22,17,4,1,2
31033,1128,2023,11,21,15,4,2,7
31034,1128,2023,12,22,16,4,2,3
31035,1128,2024,1,23,19,4,0,0
31036,1128,2024,2,23,19,2,2,1
31037,1128,2024,3,22,17,3,2,8
31038,1128,2024,4,21,18,1,2,8
31039,1128,2024,5,21,18,1,2,2
31040,1128,2024,6,23,18,4,1,0
31041,1128,2024,7,23,19,2,2,4
31042,1128,2024,8,21,18,2,1,0
31043,1128,2024,9,20,15,3,2,7
31044,1128,2024,10,23,21,1,1,2
31045,1128,2024,11,21,19,2,0,4
31046,1128,2024,12,21,19,1,1,4
31047,1128,2025,1,22,21,1,0,8
31048,1128,2025,2,23,20,2,1,5
31049,1128,2025,3,22,20,2,0,6
31050,1128,2025,4,20,17,3,0,0
31051,1128,2025,5,23,23,0,0,6
31052,1128,2025,6,22,21,0,1,3
31053,1128,2025,7,21,17,4,0,0
31054,1128,2025,8,22,19,1,2,4
31055,1128,2025,9,22,19,1,2,5
31056,1128,2025,10,22,19,2,1,5
31057,1128,2025,11,21,17,2,2,8
31058,1128,2025,12,22,19,1,2,3
31059,1129,2021,10,22,17,3,2,6
31060,1129,2021,11,20,17,3,0,3
31061,1129,2021,12,23,19,3,1,2
31062,1129,2022,1,22,20,2,0,6
31063,1129,2022,2,20,15,3,2,0
31064,1129,2022,3,20,18,2,0,0
31065,1129,2022,4,22,19,3,0,7
31066,1129,2022,5,22,19,3,0,0
31067,1129,2022,6,21,15,4,2,5
31068,1129,2022,7,23,17,4,2,0
31069,1129,2022,8,23,19,2,2,5
31070,1129,2022,9,21,21,0,0,1
31071,1129,2022,10,23,20,1,2,4
31072,1129,2022,11,21,19,1,1,1
31073,1129,2022,12,23,21,2,0,8
31074,1129,2023,1,21,17,4,0,4
31075,1129,2023,2,20,14,4,2,0
31076,1129,2023,3,23,22,0,1,6
31077,1129,2023,4,21,19,0,2,2
31078,1129,2023,5,21,20,0,1,8
31079,1129,2023,6,23,21,1,1,2
31080,1129,2023,7,20,16,3,1,4
31081,1129,2023,8,20,17,1,2,5
31082,1129,2023,9,23,23,0,0,6
31083,1129,2023,10,20,15,4,1,6
31084,1129,2023,11,22,20,2,0,5
31085,1129,2023,12,22,19,3,0,6
31086,1129,2024,1,21,20,0,1,5
31087,1129,2024,2,21,17,3,1,8
31088,1129,2024,3,22,20,2,0,0
31089,1129,2024,4,21,16,3,2,3
31090,1129,2024,5,21,17,4,0,2
31091,1129,2024,6,22,19,1,2,1
31092,1129,2024,7,22,19,3,0,4
31093,1129,2024,8,20,16,4,0,8
31094,1129,2024,9,23,22,1,0,6
31095,1129,2024,10,23,22,0,1,7
31096,1129,2024,11,21,21,0,0,8
31097,1129,2024,12,22,22,0,0,6
31098,1129,2025,1,20,17,1,2,1
31099,1129,2025,2,22,17,4,1,0
31100,1129,2025,3,21,18,1,2,1
31101,1129,2025,4,22,17,3,2,0
31102,1129,2025,5,21,18,3,0,3
31103,1129,2025,6,22,20,1,1,7
31104,1129,2025,7,20,15,4,1,7
31105,1129,2025,8,22,18,4,0,5
31106,1129,2025,9,23,20,3,0,4
31107,1129,2025,10,23,18,4,1,1
31108,1129,2025,11,21,16,4,1,8
31109,1129,2025,12,22,22,0,0,0
31110,1130,2024,2,23,19,4,0,7
31111,1130,2024,3,21,16,3,2,8
31112,1130,2024,4,20,15,4,1,5
31113,1130,2024,5,22,21,1,0,6
31114,1130,2024,6,22,18,2,2,5
31115,1130,2024,7,23,21,0,2,4
31116,1130,2024,8,22,21,1,0,8
31117,1130,2024,9,23,18,4,1,5
31118,1130,2024,10,22,19,1,2,0
31119,1130,2024,11,20,15,4,1,8
31120,1130,2024,12,21,21,0,0,6
31121,1130,2025,1,20,16,4,0,8
31122,1130,2025,2,23,21,2,0,8
31123,1130,2025,3,22,17,4,1,6
31124,1130,2025,4,23,21,2,0,2
31125,1130,2025,5,22,17,3,2,7
31126,1130,2025,6,23,22,1,0,2
31127,1130,2025,7,22,18,4,0,0
31128,1130,2025,8,21,21,0,0,5
31129,1130,2025,9,22,22,0,0,8
31130,1130,2025,10,22,18,3,1,4
31131,1130,2025,11,21,19,0,2,3
31132,1130,2025,12,23,18,3,2,7
31133,1131,2025,5,22,21,0,1,8
31134,1131,2025,6,22,20,2,0,0
31135,1131,2025,7,22,19,1,2,6
31136,1131,2025,8,22,18,3,1,2
31137,1131,2025,9,22,21,1,0,2
31138,1131,2025,10,20,18,1,1,1
31139,1131,2025,11,23,21,1,1,1
31140,1131,2025,12,20,19,0,1,5
31141,1132,2024,9,21,17,2,2,6
31142,1132,2024,10,23,22,1,0,3
31143,1132,2024,11,22,18,3,1,3
31144,1132,2024,12,20,14,4,2,4
31145,1132,2025,1,20,16,3,1,8
31146,1132,2025,2,20,17,1,2,2
31147,1132,2025,3,22,16,4,2,5
31148,1132,2025,4,22,20,0,2,8
31149,1132,2025,5,23,20,2,1,3
31150,1132,2025,6,20,14,4,2,6
31151,1132,2025,7,22,22,0,0,3
31152,1132,2025,8,23,19,2,2,4
31153,1132,2025,9,21,19,1,1,4
31154,1132,2025,10,21,15,4,2,7
31155,1132,2025,11,21,18,2,1,4
31156,1132,2025,12,20,19,1,0,7
31157,1133,2022,11,21,17,4,0,1
31158,1133,2022,12,23,19,3,1,3
31159,1133,2023,1,20,19,1,0,0
31160,1133,2023,2,22,20,0,2,5
31161,1133,2023,3,23,20,2,1,2
31162,1133,2023,4,21,16,4,1,7
31163,1133,2023,5,23,18,3,2,7
31164,1133,2023,6,22,20,2,0,0
31165,1133,2023,7,20,17,2,1,8
31166,1133,2023,8,22,21,0,1,5
31167,1133,2023,9,22,20,0,2,2
31168,1133,2023,10,22,19,3,0,5
31169,1133,2023,11,22,19,2,1,7
31170,1133,2023,12,20,15,4,1,0
31171,1133,2024,1,21,19,1,1,6
31172,1133,2024,2,20,17,2,1,8
31173,1133,2024,3,22,20,2,0,1
31174,1133,2024,4,20,18,2,0,6
31175,1134,2023,7,21,19,2,0,6
31176,1134,2023,8,21,17,2,2,6
31177,1134,2023,9,22,20,2,0,7
31178,1134,2023,10,22,20,1,1,8
31179,1134,2023,11,23,20,2,1,3
31180,1134,2023,12,23,18,3,2,0
31181,1134,2024,1,20,19,0,1,6
31182,1134,2024,2,20,20,0,0,1
31183,1134,2024,3,21,16,4,1,7
31184,1134,2024,4,21,17,2,2,7
31185,1134,2024,5,20,17,2,1,3
31186,1134,2024,6,21,17,3,1,2
31187,1134,2024,7,22,20,1,1,4
31188,1134,2024,8,23,22,1,0,7
31189,1134,2024,9,23,19,3,1,2
31190,1134,2024,10,23,21,1,1,2
31191,1134,2024,11,23,23,0,0,5
31192,1134,2024,12,22,18,2,2,8
31193,1134,2025,1,23,20,2,1,5
31194,1134,2025,2,21,21,0,0,1
31195,1134,2025,3,23,20,1,2,5
31196,1134,2025,4,23,21,0,2,0
31197,1134,2025,5,22,17,3,2,8
31198,1134,2025,6,22,20,2,0,5
31199,1134,2025,7,22,19,3,0,5
31200,1134,2025,8,22,20,2,0,1
31201,1134,2025,9,23,21,2,0,5
31202,1134,2025,10,23,20,2,1,7
31203,1134,2025,11,20,19,1,0,7
31204,1134,2025,12,22,18,2,2,7
31205,1135,2021,4,22,19,3,0,5
31206,1135,2021,5,22,20,1,1,8
31207,1135,2021,6,22,19,1,2,2
31208,1135,2021,7,21,19,0,2,6
31209,1135,2021,8,23,21,1,1,0
31210,1135,2021,9,22,21,0,1,7
31211,1135,2021,10,22,17,3,2,4
31212,1135,2021,11,20,18,0,2,2
31213,1135,2021,12,21,17,2,2,0
31214,1135,2022,1,20,16,4,0,4
31215,1135,2022,2,22,20,1,1,3
31216,1135,2022,3,20,16,4,0,1
31217,1135,2022,4,20,16,3,1,6
31218,1135,2022,5,22,17,3,2,3
31219,1135,2022,6,20,16,2,2,4
31220,1135,2022,7,21,19,1,1,1
31221,1135,2022,8,23,18,3,2,1
31222,1135,2022,9,22,19,1,2,1
31223,1135,2022,10,20,18,0,2,2
31224,1135,2022,11,22,22,0,0,1
31225,1135,2022,12,23,20,1,2,5
31226,1135,2023,1,23,21,2,0,7
31227,1135,2023,2,23,19,2,2,7
31228,1135,2023,3,20,17,2,1,3
31229,1135,2023,4,22,18,3,1,0
31230,1135,2023,5,21,17,3,1,1
31231,1135,2023,6,23,18,3,2,7
31232,1135,2023,7,23,20,2,1,7
31233,1135,2023,8,22,20,0,2,0
31234,1135,2023,9,21,15,4,2,5
31235,1135,2023,10,23,19,4,0,4
31236,1135,2023,11,21,18,2,1,0
31237,1135,2023,12,22,17,4,1,8
31238,1135,2024,1,22,17,3,2,5
31239,1135,2024,2,23,21,2,0,8
31240,1135,2024,3,21,19,1,1,3
31241,1135,2024,4,21,18,2,1,1
31242,1135,2024,5,20,19,1,0,6
31243,1135,2024,6,23,18,3,2,7
31244,1135,2024,7,23,17,4,2,8
31245,1135,2024,8,22,18,3,1,3
31246,1135,2024,9,22,19,1,2,1
31247,1135,2024,10,22,22,0,0,1
31248,1135,2024,11,20,19,1,0,3
31249,1135,2024,12,22,18,3,1,3
31250,1135,2025,1,20,15,4,1,4
31251,1135,2025,2,21,19,0,2,7
31252,1135,2025,3,21,16,3,2,6
31253,1135,2025,4,20,18,2,0,7
31254,1135,2025,5,20,16,4,0,0
31255,1135,2025,6,20,17,3,0,8
31256,1135,2025,7,20,14,4,2,0
31257,1135,2025,8,22,19,2,1,5
31258,1135,2025,9,23,18,3,2,5
31259,1135,2025,10,20,18,0,2,1
31260,1135,2025,11,22,19,3,0,1
31261,1135,2025,12,22,20,0,2,5
31262,1136,2023,5,23,21,1,1,4
31263,1136,2023,6,23,22,0,1,3
31264,1136,2023,7,21,18,2,1,5
31265,1136,2023,8,23,19,3,1,5
31266,1136,2023,9,23,19,2,2,0
31267,1136,2023,10,21,19,1,1,7
31268,1136,2023,11,22,16,4,2,1
31269,1136,2023,12,22,17,3,2,2
31270,1136,2024,1,20,19,0,1,4
31271,1136,2024,2,22,19,2,1,0
31272,1136,2024,3,20,18,2,0,6
31273,1136,2024,4,23,22,0,1,2
31274,1136,2024,5,20,14,4,2,3
31275,1136,2024,6,22,21,1,0,5
31276,1136,2024,7,22,19,2,1,5
31277,1136,2024,8,20,19,1,0,6
31278,1136,2024,9,20,15,4,1,6
31279,1136,2024,10,21,19,2,0,3
31280,1136,2024,11,23,22,0,1,6
31281,1136,2024,12,23,18,3,2,4
31282,1136,2025,1,21,18,1,2,7
31283,1136,2025,2,23,21,2,0,5
31284,1136,2025,3,20,18,2,0,6
31285,1136,2025,4,22,22,0,0,0
31286,1136,2025,5,22,21,0,1,0
31287,1136,2025,6,20,14,4,2,3
31288,1136,2025,7,21,19,1,1,0
31289,1136,2025,8,23,22,1,0,1
31290,1136,2025,9,20,17,1,2,1
31291,1136,2025,10,23,18,3,2,2
31292,1136,2025,11,22,18,3,1,2
31293,1136,2025,12,21,15,4,2,3
31294,1137,2025,11,20,18,1,1,3
31295,1137,2025,12,20,18,1,1,6
31296,1138,2025,11,22,21,1,0,3
31297,1138,2025,12,20,19,1,0,2
31298,1139,2021,8,23,22,0,1,3
31299,1139,2021,9,20,18,1,1,2
31300,1139,2021,10,23,21,2,0,1
31301,1139,2021,11,21,20,0,1,5
31302,1139,2021,12,23,20,3,0,4
31303,1139,2022,1,22,21,0,1,6
31304,1139,2022,2,23,21,0,2,5
31305,1139,2022,3,23,20,3,0,4
31306,1139,2022,4,21,19,0,2,2
31307,1139,2022,5,20,14,4,2,0
31308,1139,2022,6,22,20,1,1,3
31309,1139,2022,7,23,17,4,2,6
31310,1139,2022,8,22,21,0,1,2
31311,1139,2022,9,21,18,1,2,1
31312,1139,2022,10,21,19,0,2,3
31313,1139,2022,11,22,17,4,1,8
31314,1139,2022,12,20,15,4,1,3
31315,1139,2023,1,23,21,0,2,5
31316,1139,2023,2,22,20,1,1,7
31317,1139,2023,3,21,17,2,2,0
31318,1139,2023,4,21,20,1,0,3
31319,1139,2023,5,20,17,1,2,2
31320,1139,2023,6,22,18,4,0,6
31321,1139,2023,7,21,17,4,0,5
31322,1139,2023,8,22,16,4,2,5
31323,1139,2023,9,23,19,3,1,8
31324,1139,2023,10,21,16,4,1,7
31325,1139,2023,11,22,19,3,0,8
31326,1139,2023,12,21,20,0,1,6
31327,1139,2024,1,23,19,2,2,8
31328,1139,2024,2,23,18,3,2,8
31329,1139,2024,3,21,19,2,0,2
31330,1139,2024,4,21,15,4,2,4
31331,1139,2024,5,20,15,4,1,3
31332,1139,2024,6,23,18,4,1,6
31333,1139,2024,7,21,21,0,0,7
31334,1139,2024,8,22,18,3,1,4
31335,1139,2024,9,20,15,3,2,8
31336,1139,2024,10,21,18,3,0,7
31337,1139,2024,11,23,22,0,1,6
31338,1139,2024,12,22,21,1,0,0
31339,1139,2025,1,22,16,4,2,6
31340,1139,2025,2,20,14,4,2,6
31341,1139,2025,3,21,17,2,2,4
31342,1139,2025,4,20,15,3,2,0
31343,1139,2025,5,22,16,4,2,2
31344,1139,2025,6,20,18,1,1,0
31345,1139,2025,7,23,19,3,1,7
31346,1139,2025,8,20,15,4,1,6
31347,1139,2025,9,22,19,2,1,0
31348,1139,2025,10,22,19,1,2,8
31349,1139,2025,11,21,16,4,1,7
31350,1139,2025,12,23,20,3,0,4
31351,1140,2021,9,20,14,4,2,1
31352,1140,2021,10,22,17,3,2,7
31353,1140,2021,11,23,22,0,1,4
31354,1140,2021,12,20,19,0,1,7
31355,1140,2022,1,20,17,2,1,5
31356,1140,2022,2,21,19,2,0,0
31357,1140,2022,3,21,16,3,2,2
31358,1140,2022,4,20,19,1,0,7
31359,1140,2022,5,23,21,0,2,7
31360,1140,2022,6,23,21,0,2,8
31361,1140,2022,7,20,18,1,1,4
31362,1140,2022,8,20,18,0,2,8
31363,1140,2022,9,21,19,0,2,7
31364,1140,2022,10,22,16,4,2,4
31365,1140,2022,11,20,18,0,2,2
31366,1140,2022,12,21,20,1,0,8
31367,1140,2023,1,20,17,3,0,8
31368,1140,2023,2,21,16,3,2,0
31369,1140,2023,3,23,19,3,1,7
31370,1140,2023,4,21,16,3,2,4
31371,1140,2023,5,21,20,0,1,2
31372,1140,2023,6,23,18,3,2,0
31373,1140,2023,7,21,16,3,2,1
31374,1140,2023,8,22,21,0,1,6
31375,1140,2023,9,20,18,1,1,1
31376,1140,2023,10,23,21,1,1,3
31377,1140,2023,11,21,20,1,0,6
31378,1140,2023,12,21,20,1,0,4
31379,1140,2024,1,23,17,4,2,1
31380,1140,2024,2,20,16,4,0,6
31381,1140,2024,3,22,21,0,1,6
31382,1140,2024,4,23,19,2,2,0
31383,1140,2024,5,22,20,2,0,6
31384,1140,2024,6,20,19,0,1,8
31385,1140,2024,7,23,20,3,0,3
31386,1140,2024,8,23,19,3,1,2
31387,1140,2024,9,23,19,2,2,0
31388,1140,2024,10,21,17,3,1,6
31389,1140,2024,11,23,21,1,1,2
31390,1140,2024,12,20,20,0,0,3
31391,1140,2025,1,20,20,0,0,2
31392,1140,2025,2,23,22,0,1,6
31393,1140,2025,3,21,19,0,2,3
31394,1140,2025,4,22,18,3,1,7
31395,1140,2025,5,20,17,1,2,1
31396,1140,2025,6,22,20,1,1,2
31397,1140,2025,7,22,17,4,1,1
31398,1140,2025,8,22,22,0,0,1
31399,1140,2025,9,22,18,3,1,4
31400,1140,2025,10,20,15,4,1,0
31401,1140,2025,11,22,19,2,1,7
31402,1140,2025,12,21,19,0,2,3
31403,1141,2021,12,20,16,3,1,6
31404,1141,2022,1,20,14,4,2,6
31405,1141,2022,2,22,16,4,2,6
31406,1141,2022,3,20,17,3,0,2
31407,1141,2022,4,21,16,4,1,8
31408,1141,2022,5,20,17,2,1,8
31409,1141,2022,6,23,21,0,2,5
31410,1141,2022,7,21,18,1,2,7
31411,1141,2022,8,20,19,0,1,5
31412,1141,2022,9,20,14,4,2,8
31413,1141,2022,10,20,19,1,0,2
31414,1141,2022,11,22,22,0,0,4
31415,1141,2022,12,23,18,3,2,4
31416,1141,2023,1,22,18,2,2,4
31417,1141,2023,2,22,21,0,1,7
31418,1141,2023,3,20,14,4,2,4
31419,1141,2023,4,20,16,2,2,3
31420,1141,2023,5,22,21,1,0,5
31421,1141,2023,6,20,19,1,0,6
31422,1141,2023,7,22,20,2,0,3
31423,1141,2023,8,21,18,3,0,0
31424,1141,2023,9,20,17,3,0,3
31425,1141,2023,10,23,19,3,1,5
31426,1141,2023,11,23,22,1,0,5
31427,1141,2023,12,22,20,2,0,7
31428,1141,2024,1,23,18,3,2,2
31429,1141,2024,2,22,17,3,2,6
31430,1141,2024,3,23,22,1,0,6
31431,1141,2024,4,21,18,2,1,0
31432,1141,2024,5,21,16,4,1,5
31433,1141,2024,6,20,15,3,2,5
31434,1141,2024,7,21,18,3,0,0
31435,1141,2024,8,23,18,3,2,0
31436,1141,2024,9,21,21,0,0,5
31437,1141,2024,10,21,19,1,1,7
31438,1141,2024,11,22,17,4,1,1
31439,1141,2024,12,23,23,0,0,0
31440,1141,2025,1,23,21,2,0,0
31441,1141,2025,2,21,18,2,1,4
31442,1141,2025,3,23,18,3,2,2
31443,1141,2025,4,20,18,0,2,7
31444,1141,2025,5,20,20,0,0,8
31445,1141,2025,6,23,17,4,2,2
31446,1142,2023,5,23,21,1,1,0
31447,1142,2023,6,22,22,0,0,8
31448,1142,2023,7,22,21,0,1,3
31449,1142,2023,8,21,17,2,2,2
31450,1142,2023,9,21,16,4,1,2
31451,1142,2023,10,21,17,3,1,5
31452,1142,2023,11,21,19,1,1,6
31453,1142,2023,12,21,17,3,1,8
31454,1142,2024,1,23,19,2,2,2
31455,1142,2024,2,21,19,1,1,7
31456,1142,2024,3,20,17,3,0,2
31457,1142,2024,4,20,18,0,2,0
31458,1142,2024,5,23,18,4,1,3
31459,1142,2024,6,22,22,0,0,0
31460,1142,2024,7,20,20,0,0,3
31461,1142,2024,8,22,17,4,1,1
31462,1142,2024,9,23,22,0,1,3
31463,1142,2024,10,23,22,1,0,3
31464,1142,2024,11,21,20,0,1,0
31465,1142,2024,12,20,19,1,0,5
31466,1142,2025,1,21,15,4,2,6
31467,1142,2025,2,21,20,1,0,1
31468,1142,2025,3,20,17,1,2,6
31469,1142,2025,4,21,20,0,1,2
31470,1142,2025,5,22,19,1,2,1
31471,1142,2025,6,20,20,0,0,2
31472,1142,2025,7,21,17,4,0,2
31473,1142,2025,8,21,18,3,0,3
31474,1142,2025,9,20,18,0,2,4
31475,1142,2025,10,21,19,2,0,2
31476,1142,2025,11,23,18,3,2,0
31477,1142,2025,12,23,19,2,2,1
31478,1143,2021,1,21,19,1,1,4
31479,1143,2021,2,21,20,1,0,4
31480,1143,2021,3,21,16,3,2,6
31481,1143,2021,4,20,15,3,2,0
31482,1143,2021,5,22,19,3,0,6
31483,1143,2021,6,23,23,0,0,6
31484,1143,2021,7,20,16,3,1,7
31485,1143,2021,8,20,17,3,0,4
31486,1143,2021,9,21,20,1,0,3
31487,1143,2021,10,22,20,1,1,5
31488,1143,2021,11,21,17,3,1,5
31489,1143,2021,12,21,20,1,0,7
31490,1143,2022,1,23,17,4,2,5
31491,1143,2022,2,22,20,2,0,6
31492,1143,2022,3,21,17,2,2,4
31493,1143,2022,4,23,19,4,0,0
31494,1143,2022,5,22,17,3,2,3
31495,1143,2022,6,20,15,4,1,6
31496,1143,2022,7,20,14,4,2,1
31497,1143,2022,8,21,16,4,1,3
31498,1143,2022,9,20,15,3,2,5
31499,1143,2022,10,21,21,0,0,4
31500,1143,2022,11,23,20,3,0,6
31501,1143,2022,12,23,21,0,2,5
31502,1143,2023,1,22,21,0,1,5
31503,1143,2023,2,21,18,3,0,7
31504,1143,2023,3,21,18,2,1,4
31505,1143,2023,4,23,23,0,0,6
31506,1143,2023,5,20,17,3,0,2
31507,1143,2023,6,20,17,2,1,0
31508,1143,2023,7,22,18,3,1,1
31509,1143,2023,8,23,20,2,1,2
31510,1143,2023,9,22,21,0,1,8
31511,1143,2023,10,23,19,2,2,6
31512,1143,2023,11,20,18,1,1,5
31513,1143,2023,12,20,14,4,2,1
31514,1143,2024,1,21,21,0,0,0
31515,1143,2024,2,23,20,3,0,3
31516,1143,2024,3,22,19,3,0,2
31517,1143,2024,4,21,15,4,2,4
31518,1143,2024,5,22,22,0,0,3
31519,1143,2024,6,22,20,2,0,0
31520,1143,2024,7,20,17,2,1,8
31521,1143,2024,8,20,14,4,2,2
31522,1143,2024,9,23,17,4,2,2
31523,1143,2024,10,21,17,4,0,3
31524,1143,2024,11,22,18,2,2,6
31525,1143,2024,12,20,18,2,0,5
31526,1143,2025,1,20,19,1,0,5
31527,1143,2025,2,22,19,2,1,6
31528,1143,2025,3,21,17,4,0,7
31529,1143,2025,4,23,21,0,2,3
31530,1143,2025,5,23,19,3,1,5
31531,1143,2025,6,23,18,4,1,6
31532,1143,2025,7,21,21,0,0,4
31533,1143,2025,8,23,21,2,0,2
31534,1143,2025,9,23,20,3,0,7
31535,1143,2025,10,23,19,3,1,8
31536,1143,2025,11,20,17,2,1,6
31537,1143,2025,12,23,21,2,0,4
31538,1144,2023,11,21,16,3,2,6
31539,1144,2023,12,20,19,1,0,1
31540,1144,2024,1,22,19,1,2,5
31541,1144,2024,2,23,22,0,1,1
31542,1144,2024,3,23,19,2,2,1
31543,1144,2024,4,21,17,2,2,8
31544,1144,2024,5,23,18,3,2,7
31545,1144,2024,6,22,18,2,2,3
31546,1144,2024,7,20,19,1,0,3
31547,1144,2024,8,22,20,0,2,6
31548,1144,2024,9,23,22,0,1,5
31549,1144,2024,10,22,19,1,2,5
31550,1144,2024,11,20,19,1,0,5
31551,1144,2024,12,22,16,4,2,4
31552,1144,2025,1,22,19,1,2,3
31553,1144,2025,2,20,18,0,2,8
31554,1144,2025,3,20,18,1,1,2
31555,1144,2025,4,23,20,1,2,4
31556,1144,2025,5,23,19,2,2,7
31557,1144,2025,6,21,17,4,0,7
31558,1144,2025,7,23,17,4,2,1
31559,1144,2025,8,23,21,2,0,2
31560,1144,2025,9,21,17,3,1,7
31561,1144,2025,10,21,20,0,1,0
31562,1144,2025,11,23,21,2,0,2
31563,1144,2025,12,21,18,3,0,4
31564,1145,2025,7,21,20,0,1,6
31565,1145,2025,8,21,19,1,1,4
31566,1145,2025,9,23,23,0,0,2
31567,1145,2025,10,20,18,0,2,2
31568,1145,2025,11,20,17,2,1,0
31569,1145,2025,12,23,20,2,1,7
31570,1146,2021,3,23,21,0,2,0
31571,1146,2021,4,23,19,4,0,3
31572,1146,2021,5,23,20,2,1,7
31573,1146,2021,6,21,18,2,1,7
31574,1146,2021,7,23,19,2,2,3
31575,1146,2021,8,22,18,3,1,2
31576,1146,2021,9,22,21,1,0,6
31577,1146,2021,10,20,18,0,2,8
31578,1146,2021,11,22,18,3,1,8
31579,1146,2021,12,22,19,2,1,4
31580,1146,2022,1,22,19,3,0,8
31581,1146,2022,2,23,19,4,0,3
31582,1146,2022,3,23,19,4,0,5
31583,1146,2022,4,23,22,1,0,2
31584,1146,2022,5,22,19,1,2,4
31585,1146,2022,6,22,18,2,2,8
31586,1146,2022,7,20,17,2,1,3
31587,1146,2022,8,21,18,1,2,6
31588,1146,2022,9,20,14,4,2,7
31589,1146,2022,10,21,18,3,0,2
31590,1146,2022,11,22,21,0,1,1
31591,1146,2022,12,23,20,1,2,1
31592,1146,2023,1,23,19,4,0,0
31593,1146,2023,2,20,15,4,1,8
31594,1146,2023,3,22,20,1,1,6
31595,1146,2023,4,23,21,0,2,2
31596,1146,2023,5,20,18,2,0,1
31597,1146,2023,6,22,17,4,1,1
31598,1146,2023,7,23,22,1,0,3
31599,1146,2023,8,23,21,0,2,0
31600,1146,2023,9,22,21,1,0,1
31601,1146,2023,10,21,16,4,1,4
31602,1146,2023,11,23,21,1,1,7
31603,1146,2023,12,22,17,3,2,5
31604,1146,2024,1,22,18,4,0,7
31605,1146,2024,2,20,18,0,2,0
31606,1146,2024,3,22,22,0,0,2
31607,1146,2024,4,23,19,4,0,0
31608,1146,2024,5,21,19,0,2,2
31609,1146,2024,6,23,19,4,0,0
31610,1146,2024,7,23,20,2,1,3
31611,1146,2024,8,20,18,1,1,3
31612,1146,2024,9,22,22,0,0,1
31613,1146,2024,10,22,20,1,1,4
31614,1146,2024,11,21,19,1,1,5
31615,1146,2024,12,21,15,4,2,4
31616,1146,2025,1,21,19,2,0,1
31617,1146,2025,2,21,17,4,0,6
31618,1146,2025,3,20,15,4,1,1
31619,1146,2025,4,20,16,3,1,8
31620,1146,2025,5,22,17,4,1,0
31621,1146,2025,6,23,23,0,0,0
31622,1146,2025,7,20,15,3,2,8
31623,1146,2025,8,23,20,3,0,7
31624,1146,2025,9,21,20,0,1,3
31625,1146,2025,10,23,19,2,2,0
31626,1146,2025,11,20,16,2,2,8
31627,1146,2025,12,20,16,3,1,7
31628,1147,2022,9,23,17,4,2,8
31629,1147,2022,10,21,19,2,0,6
31630,1147,2022,11,22,20,2,0,6
31631,1147,2022,12,21,20,1,0,7
31632,1147,2023,1,22,19,2,1,6
31633,1147,2023,2,23,18,4,1,7
31634,1147,2023,3,22,17,4,1,0
31635,1147,2023,4,22,16,4,2,5
31636,1147,2023,5,22,17,4,1,4
31637,1147,2023,6,22,21,1,0,1
31638,1147,2023,7,22,16,4,2,7
31639,1147,2023,8,21,17,3,1,0
31640,1147,2023,9,21,16,3,2,5
31641,1147,2023,10,22,20,0,2,2
31642,1147,2023,11,21,15,4,2,2
31643,1147,2023,12,22,18,3,1,8
31644,1147,2024,1,23,20,3,0,5
31645,1147,2024,2,20,18,2,0,6
31646,1147,2024,3,21,20,1,0,6
31647,1147,2024,4,22,22,0,0,8
31648,1147,2024,5,21,20,1,0,5
31649,1147,2024,6,20,20,0,0,0
31650,1147,2024,7,22,19,2,1,5
31651,1147,2024,8,23,23,0,0,5
31652,1147,2024,9,20,17,2,1,3
31653,1147,2024,10,20,18,0,2,4
31654,1147,2024,11,22,20,1,1,7
31655,1147,2024,12,23,20,3,0,0
31656,1147,2025,1,23,19,3,1,2
31657,1147,2025,2,23,22,0,1,2
31658,1147,2025,3,22,21,0,1,2
31659,1147,2025,4,23,22,1,0,7
31660,1147,2025,5,22,17,3,2,7
31661,1147,2025,6,22,20,2,0,2
31662,1147,2025,7,23,21,1,1,3
31663,1147,2025,8,23,18,4,1,0
31664,1147,2025,9,20,19,1,0,3
31665,1147,2025,10,22,18,2,2,2
31666,1147,2025,11,23,19,3,1,3
31667,1147,2025,12,20,15,4,1,0
31668,1148,2024,1,21,17,4,0,5
31669,1148,2024,2,23,19,3,1,1
31670,1148,2024,3,20,15,3,2,6
31671,1148,2024,4,22,22,0,0,5
31672,1148,2024,5,23,21,0,2,3
31673,1148,2024,6,23,19,4,0,1
31674,1148,2024,7,20,20,0,0,2
31675,1148,2024,8,20,20,0,0,7
31676,1148,2024,9,21,16,4,1,3
31677,1148,2024,10,22,18,2,2,5
31678,1148,2024,11,20,15,4,1,8
31679,1148,2024,12,20,17,2,1,7
31680,1148,2025,1,20,17,1,2,5
31681,1148,2025,2,23,22,0,1,5
31682,1148,2025,3,20,18,1,1,7
31683,1148,2025,4,23,20,1,2,6
31684,1148,2025,5,23,19,4,0,0
31685,1148,2025,6,23,20,2,1,1
31686,1148,2025,7,22,16,4,2,5
31687,1148,2025,8,21,15,4,2,2
31688,1148,2025,9,22,19,1,2,5
31689,1148,2025,10,23,22,1,0,3
31690,1148,2025,11,22,19,3,0,0
31691,1148,2025,12,21,19,1,1,6
31692,1149,2024,7,23,19,3,1,3
31693,1149,2024,8,20,16,2,2,3
31694,1149,2024,9,21,19,2,0,0
31695,1149,2024,10,20,18,0,2,7
31696,1149,2024,11,20,18,2,0,0
31697,1149,2024,12,23,21,2,0,2
31698,1149,2025,1,20,20,0,0,1
31699,1149,2025,2,20,17,2,1,0
31700,1149,2025,3,23,22,0,1,8
31701,1149,2025,4,20,14,4,2,4
31702,1149,2025,5,23,20,3,0,4
31703,1149,2025,6,22,18,2,2,2
31704,1149,2025,7,20,19,0,1,3
31705,1149,2025,8,22,20,0,2,8
31706,1149,2025,9,21,18,1,2,3
31707,1149,2025,10,21,20,0,1,5
31708,1149,2025,11,22,17,4,1,0
31709,1149,2025,12,20,15,4,1,2
31710,1150,2024,4,22,21,1,0,5
31711,1150,2024,5,21,19,1,1,4
31712,1150,2024,6,20,19,0,1,4
31713,1150,2024,7,23,21,0,2,7
31714,1150,2024,8,22,20,0,2,2
31715,1150,2024,9,22,20,1,1,3
31716,1150,2024,10,20,16,4,0,6
31717,1150,2024,11,23,19,3,1,1
31718,1150,2024,12,22,18,4,0,7
31719,1150,2025,1,22,16,4,2,0
31720,1150,2025,2,20,17,2,1,6
31721,1150,2025,3,23,17,4,2,3
31722,1150,2025,4,21,20,1,0,7
31723,1150,2025,5,22,18,4,0,2
31724,1150,2025,6,23,20,1,2,2
31725,1150,2025,7,23,21,0,2,7
31726,1150,2025,8,20,19,1,0,8
31727,1150,2025,9,20,19,0,1,7
31728,1150,2025,10,20,17,3,0,5
31729,1150,2025,11,21,20,0,1,6
31730,1150,2025,12,22,18,4,0,3
31731,1151,2023,7,23,17,4,2,4
31732,1151,2023,8,20,20,0,0,4
31733,1151,2023,9,22,18,3,1,0
31734,1151,2023,10,23,20,2,1,7
31735,1151,2023,11,23,18,4,1,2
31736,1151,2023,12,22,18,4,0,0
31737,1151,2024,1,20,14,4,2,4
31738,1151,2024,2,22,20,1,1,6
31739,1151,2024,3,22,18,2,2,1
31740,1151,2024,4,21,20,1,0,0
31741,1151,2024,5,22,20,1,1,2
31742,1151,2024,6,22,18,4,0,0
31743,1151,2024,7,23,21,1,1,8
31744,1151,2024,8,23,18,3,2,5
31745,1151,2024,9,20,18,0,2,5
31746,1151,2024,10,20,14,4,2,8
31747,1151,2024,11,22,20,1,1,3
31748,1151,2024,12,21,17,2,2,2
31749,1151,2025,1,22,22,0,0,7
31750,1151,2025,2,20,15,4,1,6
31751,1151,2025,3,21,16,3,2,7
31752,1151,2025,4,22,20,0,2,7
31753,1151,2025,5,23,23,0,0,5
31754,1151,2025,6,20,19,1,0,6
31755,1151,2025,7,21,19,2,0,2
31756,1151,2025,8,22,20,1,1,5
31757,1151,2025,9,23,20,3,0,4
31758,1151,2025,10,20,18,1,1,5
31759,1151,2025,11,23,20,1,2,5
31760,1151,2025,12,20,15,4,1,8
31761,1152,2021,10,21,18,3,0,6
31762,1152,2021,11,22,17,4,1,2
31763,1152,2021,12,22,18,4,0,3
31764,1152,2022,1,21,18,2,1,4
31765,1152,2022,2,23,17,4,2,7
31766,1152,2022,3,22,21,0,1,5
31767,1152,2022,4,21,19,2,0,4
31768,1152,2022,5,22,16,4,2,0
31769,1152,2022,6,23,23,0,0,0
31770,1152,2022,7,23,22,0,1,0
31771,1152,2022,8,21,18,2,1,1
31772,1152,2022,9,22,18,3,1,8
31773,1152,2022,10,20,20,0,0,0
31774,1152,2022,11,20,16,3,1,3
31775,1152,2022,12,20,16,2,2,0
31776,1152,2023,1,22,17,3,2,2
31777,1152,2023,2,23,17,4,2,8
31778,1152,2023,3,20,14,4,2,8
31779,1152,2023,4,21,19,0,2,5
31780,1152,2023,5,20,20,0,0,1
31781,1152,2023,6,20,20,0,0,3
31782,1152,2023,7,20,16,4,0,2
31783,1152,2023,8,23,21,0,2,3
31784,1152,2023,9,22,18,4,0,5
31785,1152,2023,10,22,17,4,1,2
31786,1152,2023,11,20,19,1,0,4
31787,1152,2023,12,20,19,1,0,6
31788,1152,2024,1,21,17,3,1,8
31789,1152,2024,2,21,19,1,1,8
31790,1152,2024,3,22,21,0,1,6
31791,1152,2024,4,21,17,3,1,4
31792,1152,2024,5,20,16,3,1,5
31793,1152,2024,6,21,18,3,0,3
31794,1152,2024,7,22,21,1,0,4
31795,1152,2024,8,20,18,0,2,0
31796,1152,2024,9,22,20,0,2,3
31797,1152,2024,10,22,18,4,0,6
31798,1152,2024,11,22,19,1,2,6
31799,1152,2024,12,23,22,1,0,7
31800,1152,2025,1,23,21,2,0,4
31801,1152,2025,2,23,19,3,1,5
31802,1152,2025,3,21,15,4,2,1
31803,1152,2025,4,20,18,1,1,0
31804,1152,2025,5,22,17,3,2,8
31805,1152,2025,6,23,18,3,2,6
31806,1152,2025,7,20,18,2,0,0
31807,1152,2025,8,23,18,4,1,4
31808,1152,2025,9,22,19,2,1,8
31809,1152,2025,10,20,18,1,1,0
31810,1152,2025,11,22,19,3,0,4
31811,1152,2025,12,20,16,4,0,4
31812,1153,2022,1,23,20,2,1,1
31813,1153,2022,2,22,16,4,2,6
31814,1153,2022,3,20,14,4,2,2
31815,1153,2022,4,20,16,4,0,5
31816,1153,2022,5,22,21,1,0,5
31817,1153,2022,6,20,16,3,1,3
31818,1153,2022,7,20,17,3,0,8
31819,1153,2022,8,20,18,2,0,3
31820,1153,2022,9,22,20,2,0,0
31821,1153,2022,10,23,17,4,2,2
31822,1153,2022,11,22,21,1,0,6
31823,1153,2022,12,22,18,2,2,1
31824,1153,2023,1,20,14,4,2,2
31825,1153,2023,2,20,17,1,2,0
31826,1153,2023,3,20,16,4,0,2
31827,1153,2023,4,23,18,3,2,2
31828,1153,2023,5,20,15,3,2,2
31829,1153,2023,6,22,18,4,0,4
31830,1153,2023,7,21,15,4,2,2
31831,1153,2023,8,23,17,4,2,2
31832,1153,2023,9,20,15,3,2,0
31833,1153,2023,10,22,18,4,0,6
31834,1153,2023,11,20,16,3,1,7
31835,1153,2023,12,21,18,3,0,5
31836,1153,2024,1,20,20,0,0,1
31837,1153,2024,2,21,21,0,0,6
31838,1153,2024,3,20,20,0,0,4
31839,1153,2024,4,23,20,3,0,6
31840,1153,2024,5,20,20,0,0,8
31841,1153,2024,6,21,19,0,2,8
31842,1153,2024,7,23,21,0,2,1
31843,1153,2024,8,21,20,1,0,5
31844,1153,2024,9,20,17,1,2,3
31845,1153,2024,10,23,21,0,2,1
31846,1153,2024,11,20,20,0,0,3
31847,1153,2024,12,22,21,0,1,2
31848,1153,2025,1,22,18,4,0,3
31849,1153,2025,2,21,16,3,2,5
31850,1153,2025,3,21,20,1,0,6
31851,1153,2025,4,21,15,4,2,0
31852,1153,2025,5,21,21,0,0,1
31853,1153,2025,6,21,17,2,2,7
31854,1153,2025,7,23,18,3,2,8
31855,1153,2025,8,22,19,1,2,3
31856,1153,2025,9,23,18,3,2,4
31857,1153,2025,10,21,19,1,1,5
31858,1153,2025,11,20,15,3,2,7
31859,1153,2025,12,21,21,0,0,2
31860,1154,2022,9,21,17,2,2,6
31861,1154,2022,10,21,17,4,0,1
31862,1154,2022,11,21,17,3,1,8
31863,1154,2022,12,22,19,3,0,7
31864,1154,2023,1,22,22,0,0,5
31865,1154,2023,2,21,16,4,1,7
31866,1154,2023,3,20,18,1,1,7
31867,1154,2023,4,20,16,2,2,6
31868,1154,2023,5,21,19,1,1,2
31869,1154,2023,6,20,15,3,2,2
31870,1154,2023,7,23,19,4,0,4
31871,1154,2023,8,22,18,3,1,7
31872,1154,2023,9,21,18,2,1,5
31873,1154,2023,10,22,17,3,2,3
31874,1154,2023,11,23,20,2,1,7
31875,1154,2023,12,20,16,2,2,3
31876,1154,2024,1,20,15,4,1,3
31877,1154,2024,2,22,19,2,1,4
31878,1154,2024,3,23,22,1,0,5
31879,1154,2024,4,21,16,4,1,0
31880,1154,2024,5,22,20,1,1,6
31881,1154,2024,6,20,15,3,2,7
31882,1154,2024,7,21,18,1,2,1
31883,1154,2024,8,23,19,2,2,3
31884,1154,2024,9,22,18,2,2,6
31885,1154,2024,10,23,20,2,1,1
31886,1154,2024,11,23,18,3,2,0
31887,1154,2024,12,23,18,3,2,6
31888,1154,2025,1,22,21,1,0,8
31889,1154,2025,2,20,16,2,2,6
31890,1154,2025,3,21,16,3,2,5
31891,1154,2025,4,20,18,0,2,8
31892,1154,2025,5,22,18,4,0,2
31893,1154,2025,6,21,17,3,1,8
31894,1154,2025,7,21,15,4,2,4
31895,1154,2025,8,21,17,2,2,6
31896,1154,2025,9,21,18,3,0,5
31897,1154,2025,10,23,21,0,2,7
31898,1154,2025,11,21,20,0,1,0
31899,1154,2025,12,20,14,4,2,0
31900,1155,2022,3,22,19,2,1,0
31901,1155,2022,4,23,20,3,0,1
31902,1155,2022,5,20,18,2,0,2
31903,1155,2022,6,20,16,3,1,4
31904,1155,2022,7,23,22,0,1,7
31905,1155,2022,8,23,19,2,2,2
31906,1155,2022,9,20,16,2,2,2
31907,1155,2022,10,21,16,3,2,3
31908,1155,2022,11,20,19,1,0,6
31909,1155,2022,12,23,17,4,2,0
31910,1155,2023,1,22,21,0,1,7
31911,1155,2023,2,21,19,2,0,5
31912,1155,2023,3,21,17,4,0,0
31913,1155,2023,4,23,20,3,0,1
31914,1155,2023,5,22,18,2,2,3
31915,1155,2023,6,20,15,4,1,2
31916,1155,2023,7,22,17,4,1,6
31917,1155,2023,8,21,18,2,1,4
31918,1155,2023,9,20,16,2,2,7
31919,1155,2023,10,23,21,0,2,7
31920,1155,2023,11,22,20,0,2,5
31921,1155,2023,12,21,20,0,1,7
31922,1155,2024,1,22,18,3,1,7
31923,1155,2024,2,22,21,0,1,5
31924,1155,2024,3,21,20,1,0,7
31925,1155,2024,4,21,21,0,0,1
31926,1155,2024,5,23,19,2,2,7
31927,1155,2024,6,20,14,4,2,6
31928,1155,2024,7,20,14,4,2,3
31929,1155,2024,8,22,19,2,1,7
31930,1155,2024,9,23,22,1,0,2
31931,1155,2024,10,23,19,3,1,0
31932,1155,2024,11,20,17,3,0,6
31933,1155,2024,12,23,19,3,1,4
31934,1155,2025,1,23,19,3,1,8
31935,1155,2025,2,20,17,3,0,8
31936,1155,2025,3,21,18,1,2,5
31937,1155,2025,4,21,18,3,0,4
31938,1155,2025,5,21,21,0,0,6
31939,1155,2025,6,21,18,1,2,4
31940,1155,2025,7,22,18,2,2,0
31941,1155,2025,8,22,16,4,2,5
31942,1155,2025,9,22,18,3,1,1
31943,1155,2025,10,20,20,0,0,6
31944,1155,2025,11,23,17,4,2,0
31945,1155,2025,12,23,18,4,1,1
31946,1156,2024,12,20,17,1,2,4
31947,1156,2025,1,21,19,2,0,4
31948,1156,2025,2,22,19,2,1,3
31949,1156,2025,3,22,16,4,2,0
31950,1156,2025,4,20,19,0,1,0
31951,1156,2025,5,22,19,1,2,1
31952,1156,2025,6,23,21,1,1,4
31953,1156,2025,7,21,18,1,2,3
31954,1156,2025,8,20,16,3,1,1
31955,1156,2025,9,22,20,1,1,1
31956,1156,2025,10,21,17,2,2,2
31957,1156,2025,11,23,19,4,0,1
31958,1156,2025,12,23,18,3,2,4
31959,1157,2021,9,22,20,1,1,6
31960,1157,2021,10,20,19,1,0,1
31961,1157,2021,11,20,19,1,0,8
31962,1157,2021,12,20,15,4,1,4
31963,1157,2022,1,20,18,0,2,4
31964,1157,2022,2,22,21,1,0,7
31965,1157,2022,3,21,21,0,0,4
31966,1157,2022,4,23,19,2,2,4
31967,1157,2022,5,20,14,4,2,1
31968,1157,2022,6,23,22,1,0,7
31969,1157,2022,7,21,18,1,2,5
31970,1157,2022,8,21,21,0,0,7
31971,1157,2022,9,20,14,4,2,8
31972,1157,2022,10,20,16,2,2,6
31973,1157,2022,11,22,18,3,1,8
31974,1157,2022,12,22,19,1,2,6
31975,1157,2023,1,20,19,0,1,1
31976,1157,2023,2,21,20,1,0,5
31977,1157,2023,3,23,21,1,1,0
31978,1157,2023,4,21,15,4,2,0
31979,1157,2023,5,22,19,3,0,3
31980,1157,2023,6,22,20,1,1,0
31981,1157,2023,7,23,18,4,1,4
31982,1157,2023,8,22,18,4,0,8
31983,1157,2023,9,21,16,3,2,0
31984,1157,2023,10,22,18,4,0,2
31985,1157,2023,11,22,20,0,2,8
31986,1157,2023,12,22,18,2,2,7
31987,1157,2024,1,22,17,3,2,8
31988,1157,2024,2,21,20,0,1,5
31989,1157,2024,3,22,16,4,2,1
31990,1157,2024,4,20,19,0,1,8
31991,1157,2024,5,23,20,1,2,0
31992,1157,2024,6,22,22,0,0,4
31993,1157,2024,7,20,18,2,0,0
31994,1157,2024,8,22,20,1,1,8
31995,1157,2024,9,20,17,2,1,4
31996,1157,2024,10,22,21,0,1,2
31997,1157,2024,11,21,19,1,1,2
31998,1157,2024,12,22,20,0,2,2
31999,1157,2025,1,23,19,4,0,5
32000,1157,2025,2,21,21,0,0,7
32001,1157,2025,3,22,20,2,0,0
32002,1157,2025,4,23,20,2,1,6
32003,1157,2025,5,23,22,0,1,8
32004,1157,2025,6,23,18,3,2,5
32005,1157,2025,7,22,18,2,2,7
32006,1157,2025,8,20,18,0,2,0
32007,1157,2025,9,22,18,2,2,7
32008,1157,2025,10,22,16,4,2,2
32009,1157,2025,11,22,19,2,1,3
32010,1157,2025,12,20,17,1,2,7
32011,1158,2023,4,22,16,4,2,7
32012,1158,2023,5,22,16,4,2,4
32013,1158,2023,6,20,19,1,0,1
32014,1158,2023,7,21,20,1,0,6
32015,1158,2023,8,20,17,2,1,2
32016,1158,2023,9,22,19,3,0,7
32017,1158,2023,10,22,17,3,2,2
32018,1158,2023,11,20,20,0,0,3
32019,1158,2023,12,23,18,3,2,2
32020,1158,2024,1,22,16,4,2,6
32021,1158,2024,2,22,18,2,2,6
32022,1158,2024,3,21,18,1,2,1
32023,1158,2024,4,20,18,1,1,2
32024,1158,2024,5,23,21,1,1,1
32025,1158,2024,6,22,21,0,1,7
32026,1158,2024,7,20,17,2,1,2
32027,1158,2024,8,22,21,1,0,2
32028,1158,2024,9,23,22,0,1,3
32029,1158,2024,10,22,21,1,0,0
32030,1158,2024,11,23,20,2,1,5
32031,1158,2024,12,21,19,0,2,3
32032,1158,2025,1,23,21,1,1,2
32033,1158,2025,2,22,20,1,1,3
32034,1158,2025,3,20,19,1,0,1
32035,1158,2025,4,23,22,1,0,2
32036,1158,2025,5,22,20,0,2,2
32037,1158,2025,6,23,20,1,2,5
32038,1158,2025,7,21,15,4,2,2
32039,1158,2025,8,22,21,0,1,0
32040,1158,2025,9,22,20,2,0,1
32041,1158,2025,10,21,20,0,1,3
32042,1158,2025,11,20,15,3,2,5
32043,1158,2025,12,23,23,0,0,2
32044,1159,2025,2,21,18,2,1,0
32045,1159,2025,3,23,20,3,0,4
32046,1159,2025,4,21,18,2,1,6
32047,1159,2025,5,22,21,1,0,7
32048,1159,2025,6,22,19,2,1,0
32049,1159,2025,7,21,20,0,1,8
32050,1159,2025,8,23,22,1,0,0
32051,1159,2025,9,22,18,4,0,0
32052,1159,2025,10,22,18,2,2,7
32053,1159,2025,11,20,17,2,1,2
32054,1159,2025,12,22,22,0,0,0
32055,1160,2022,12,21,21,0,0,0
32056,1160,2023,1,21,18,1,2,4
32057,1160,2023,2,21,18,2,1,8
32058,1160,2023,3,21,18,2,1,5
32059,1160,2023,4,20,16,2,2,5
32060,1160,2023,5,23,19,4,0,8
32061,1160,2023,6,21,18,1,2,7
32062,1160,2023,7,20,15,4,1,4
32063,1160,2023,8,21,19,0,2,3
32064,1160,2023,9,21,18,3,0,5
32065,1160,2023,10,21,17,4,0,5
32066,1160,2023,11,22,19,3,0,8
32067,1160,2023,12,20,17,1,2,4
32068,1160,2024,1,20,18,1,1,8
32069,1160,2024,2,23,22,0,1,0
32070,1160,2024,3,20,16,3,1,5
32071,1160,2024,4,23,19,3,1,8
32072,1160,2024,5,23,20,1,2,7
32073,1160,2024,6,20,19,0,1,8
32074,1160,2024,7,22,20,1,1,8
32075,1160,2024,8,21,15,4,2,2
32076,1160,2024,9,22,18,2,2,4
32077,1160,2024,10,21,20,0,1,2
32078,1160,2024,11,23,19,4,0,7
32079,1160,2024,12,22,20,2,0,0
32080,1160,2025,1,23,21,0,2,5
32081,1160,2025,2,20,18,1,1,2
32082,1160,2025,3,21,17,4,0,2
32083,1160,2025,4,22,17,3,2,0
32084,1160,2025,5,23,19,3,1,0
32085,1160,2025,6,23,20,1,2,0
32086,1160,2025,7,20,16,2,2,8
32087,1161,2024,6,20,17,3,0,0
32088,1161,2024,7,23,20,1,2,2
32089,1161,2024,8,22,19,2,1,5
32090,1161,2024,9,20,18,1,1,1
32091,1161,2024,10,23,23,0,0,0
32092,1161,2024,11,20,14,4,2,7
32093,1161,2024,12,21,19,1,1,3
32094,1161,2025,1,20,17,2,1,6
32095,1161,2025,2,23,21,2,0,3
32096,1161,2025,3,22,17,4,1,7
32097,1161,2025,4,21,18,2,1,2
32098,1161,2025,5,22,20,1,1,8
32099,1161,2025,6,20,20,0,0,1
32100,1161,2025,7,21,17,3,1,5
32101,1161,2025,8,21,19,0,2,8
32102,1161,2025,9,21,21,0,0,8
32103,1161,2025,10,22,17,4,1,8
32104,1161,2025,11,21,16,3,2,2
32105,1161,2025,12,21,17,4,0,6
32106,1162,2023,5,21,18,3,0,5
32107,1162,2023,6,22,21,1,0,8
32108,1162,2023,7,21,17,4,0,5
32109,1162,2023,8,20,17,2,1,5
32110,1162,2023,9,20,18,1,1,2
32111,1162,2023,10,22,16,4,2,8
32112,1162,2023,11,21,17,3,1,3
32113,1162,2023,12,20,19,0,1,0
32114,1162,2024,1,20,16,4,0,2
32115,1162,2024,2,22,21,1,0,8
32116,1162,2024,3,21,18,1,2,4
32117,1162,2024,4,22,19,1,2,0
32118,1162,2024,5,23,22,1,0,8
32119,1162,2024,6,22,19,3,0,8
32120,1162,2024,7,23,21,2,0,0
32121,1162,2024,8,21,21,0,0,6
32122,1162,2024,9,23,20,2,1,8
32123,1162,2024,10,23,22,1,0,7
32124,1162,2024,11,22,17,3,2,7
32125,1162,2024,12,23,20,1,2,7
32126,1162,2025,1,23,22,0,1,4
32127,1162,2025,2,22,18,3,1,3
32128,1162,2025,3,21,16,4,1,8
32129,1162,2025,4,22,21,1,0,5
32130,1162,2025,5,20,18,1,1,5
32131,1162,2025,6,23,20,2,1,2
32132,1162,2025,7,22,16,4,2,7
32133,1162,2025,8,20,18,0,2,6
32134,1162,2025,9,23,20,1,2,3
32135,1162,2025,10,21,16,3,2,7
32136,1162,2025,11,23,22,0,1,4
32137,1162,2025,12,22,22,0,0,0
32138,1163,2021,7,20,18,0,2,8
32139,1163,2021,8,20,19,0,1,4
32140,1163,2021,9,20,19,0,1,7
32141,1163,2021,10,22,18,4,0,6
32142,1163,2021,11,21,18,3,0,6
32143,1163,2021,12,21,20,0,1,6
32144,1163,2022,1,20,15,3,2,8
32145,1163,2022,2,20,18,0,2,4
32146,1163,2022,3,22,20,0,2,7
32147,1163,2022,4,23,22,0,1,1
32148,1163,2022,5,22,17,4,1,5
32149,1163,2022,6,21,20,0,1,7
32150,1163,2022,7,22,21,0,1,2
32151,1163,2022,8,22,21,1,0,4
32152,1163,2022,9,23,23,0,0,8
32153,1163,2022,10,20,18,1,1,6
32154,1163,2022,11,22,20,0,2,4
32155,1163,2022,12,22,18,2,2,6
32156,1163,2023,1,23,23,0,0,3
32157,1163,2023,2,20,18,2,0,0
32158,1163,2023,3,23,19,3,1,6
32159,1163,2023,4,20,19,0,1,0
32160,1163,2023,5,20,19,1,0,4
32161,1163,2023,6,22,18,3,1,5
32162,1163,2023,7,23,19,3,1,8
32163,1163,2023,8,23,19,3,1,6
32164,1163,2023,9,21,20,0,1,3
32165,1163,2023,10,21,20,1,0,3
32166,1163,2023,11,20,15,3,2,6
32167,1163,2023,12,20,17,1,2,6
32168,1163,2024,1,22,16,4,2,7
32169,1163,2024,2,22,18,2,2,0
32170,1163,2024,3,22,19,3,0,0
32171,1163,2024,4,23,21,0,2,4
32172,1163,2024,5,20,15,3,2,5
32173,1163,2024,6,22,19,3,0,4
32174,1163,2024,7,21,19,2,0,6
32175,1163,2024,8,21,21,0,0,8
32176,1163,2024,9,22,21,0,1,7
32177,1163,2024,10,23,22,0,1,8
32178,1163,2024,11,23,19,3,1,1
32179,1163,2024,12,20,17,2,1,5
32180,1163,2025,1,21,15,4,2,4
32181,1163,2025,2,20,16,3,1,0
32182,1163,2025,3,22,22,0,0,7
32183,1163,2025,4,23,23,0,0,0
32184,1163,2025,5,22,21,1,0,5
32185,1163,2025,6,22,18,4,0,8
32186,1163,2025,7,22,19,2,1,8
32187,1163,2025,8,21,17,2,2,0
32188,1163,2025,9,22,21,1,0,0
32189,1163,2025,10,22,19,1,2,3
32190,1163,2025,11,21,21,0,0,4
32191,1163,2025,12,23,20,2,1,8
32192,1164,2022,9,22,18,2,2,2
32193,1164,2022,10,21,17,2,2,7
32194,1164,2022,11,22,21,1,0,5
32195,1164,2022,12,21,19,0,2,6
32196,1164,2023,1,23,17,4,2,3
32197,1164,2023,2,22,16,4,2,5
32198,1164,2023,3,22,21,1,0,5
32199,1164,2023,4,21,18,1,2,1
32200,1164,2023,5,23,20,1,2,6
32201,1164,2023,6,20,15,4,1,8
32202,1164,2023,7,22,17,3,2,0
32203,1164,2023,8,20,16,3,1,3
32204,1164,2023,9,21,17,2,2,7
32205,1164,2023,10,20,16,4,0,8
32206,1164,2023,11,22,20,1,1,1
32207,1164,2023,12,22,18,2,2,3
32208,1164,2024,1,23,23,0,0,3
32209,1164,2024,2,20,17,2,1,1
32210,1164,2024,3,20,17,1,2,6
32211,1164,2024,4,22,20,2,0,6
32212,1164,2024,5,22,19,1,2,1
32213,1164,2024,6,20,18,0,2,1
32214,1164,2024,7,22,19,3,0,2
32215,1164,2024,8,20,16,2,2,7
32216,1164,2024,9,23,23,0,0,5
32217,1164,2024,10,21,16,4,1,2
32218,1164,2024,11,20,18,2,0,7
32219,1164,2024,12,22,19,1,2,1
32220,1164,2025,1,23,22,0,1,5
32221,1164,2025,2,23,18,3,2,8
32222,1164,2025,3,23,20,2,1,1
32223,1164,2025,4,22,18,4,0,4
32224,1164,2025,5,23,19,3,1,8
32225,1164,2025,6,21,18,2,1,3
32226,1165,2025,2,23,22,1,0,0
32227,1165,2025,3,22,22,0,0,3
32228,1165,2025,4,20,18,2,0,5
32229,1165,2025,5,22,19,2,1,5
32230,1165,2025,6,23,17,4,2,3
32231,1165,2025,7,21,17,4,0,8
32232,1165,2025,8,20,20,0,0,7
32233,1165,2025,9,21,20,0,1,1
32234,1165,2025,10,22,18,3,1,1
32235,1165,2025,11,21,20,1,0,1
32236,1165,2025,12,22,22,0,0,8
32237,1166,2022,1,22,20,2,0,4
32238,1166,2022,2,23,19,3,1,2
32239,1166,2022,3,22,22,0,0,5
32240,1166,2022,4,21,19,1,1,1
32241,1166,2022,5,23,18,3,2,7
32242,1166,2022,6,22,18,3,1,3
32243,1166,2022,7,20,16,2,2,2
32244,1166,2022,8,23,22,0,1,0
32245,1166,2022,9,20,19,0,1,1
32246,1166,2022,10,23,20,2,1,7
32247,1166,2022,11,23,17,4,2,8
32248,1166,2022,12,22,17,4,1,1
32249,1166,2023,1,20,18,0,2,0
32250,1166,2023,2,20,16,2,2,4
32251,1166,2023,3,22,18,3,1,8
32252,1166,2023,4,20,17,2,1,0
32253,1166,2023,5,23,20,2,1,7
32254,1166,2023,6,22,19,1,2,3
32255,1166,2023,7,21,19,2,0,2
32256,1166,2023,8,23,23,0,0,6
32257,1166,2023,9,21,19,1,1,7
32258,1166,2023,10,22,18,3,1,8
32259,1166,2023,11,23,18,4,1,8
32260,1166,2023,12,22,21,0,1,1
32261,1166,2024,1,23,20,2,1,1
32262,1166,2024,2,23,20,1,2,6
32263,1166,2024,3,23,19,3,1,0
32264,1166,2024,4,20,18,0,2,1
32265,1166,2024,5,22,20,1,1,1
32266,1166,2024,6,23,18,4,1,7
32267,1166,2024,7,23,17,4,2,1
32268,1166,2024,8,21,19,0,2,1
32269,1166,2024,9,22,18,4,0,8
32270,1166,2024,10,23,19,2,2,5
32271,1166,2024,11,22,16,4,2,3
32272,1166,2024,12,23,19,2,2,5
32273,1166,2025,1,23,20,2,1,0
32274,1166,2025,2,21,18,1,2,8
32275,1166,2025,3,20,17,2,1,6
32276,1166,2025,4,23,19,4,0,4
32277,1166,2025,5,23,20,2,1,4
32278,1166,2025,6,20,20,0,0,6
32279,1166,2025,7,22,21,0,1,7
32280,1166,2025,8,22,20,1,1,4
32281,1166,2025,9,22,18,3,1,3
32282,1166,2025,10,23,21,1,1,7
32283,1166,2025,11,21,20,1,0,8
32284,1166,2025,12,20,15,3,2,3
32285,1167,2023,11,20,19,1,0,2
32286,1167,2023,12,23,18,4,1,2
32287,1167,2024,1,22,16,4,2,0
32288,1167,2024,2,23,21,0,2,3
32289,1167,2024,3,21,19,2,0,4
32290,1167,2024,4,23,23,0,0,6
32291,1167,2024,5,23,19,2,2,7
32292,1167,2024,6,21,19,2,0,1
32293,1167,2024,7,22,17,4,1,1
32294,1167,2024,8,20,18,2,0,0
32295,1167,2024,9,22,19,1,2,2
32296,1167,2024,10,21,16,3,2,2
32297,1167,2024,11,23,19,4,0,0
32298,1167,2024,12,22,19,2,1,6
32299,1167,2025,1,22,18,2,2,5
32300,1167,2025,2,20,16,3,1,5
32301,1167,2025,3,23,21,2,0,0
32302,1167,2025,4,22,16,4,2,8
32303,1167,2025,5,20,20,0,0,0
32304,1167,2025,6,23,19,3,1,8
32305,1167,2025,7,22,18,3,1,7
32306,1167,2025,8,22,16,4,2,5
32307,1167,2025,9,21,17,3,1,8
32308,1167,2025,10,23,19,4,0,8
32309,1167,2025,11,22,20,1,1,1
32310,1167,2025,12,21,17,3,1,1
32311,1168,2023,3,21,17,2,2,2
32312,1168,2023,4,21,16,4,1,3
32313,1168,2023,5,22,22,0,0,5
32314,1168,2023,6,20,20,0,0,1
32315,1168,2023,7,23,22,1,0,6
32316,1168,2023,8,23,20,3,0,8
32317,1168,2023,9,21,18,1,2,1
32318,1168,2023,10,23,18,4,1,3
32319,1168,2023,11,22,18,2,2,4
32320,1168,2023,12,20,19,0,1,8
32321,1168,2024,1,22,22,0,0,4
32322,1168,2024,2,22,20,2,0,5
32323,1168,2024,3,21,20,0,1,5
32324,1168,2024,4,22,19,3,0,6
32325,1168,2024,5,22,19,2,1,1
32326,1168,2024,6,20,16,2,2,0
32327,1168,2024,7,21,18,2,1,0
32328,1168,2024,8,22,17,3,2,5
32329,1168,2024,9,22,22,0,0,5
32330,1168,2024,10,20,18,0,2,8
32331,1168,2024,11,21,16,4,1,4
32332,1168,2024,12,22,18,4,0,3
32333,1168,2025,1,23,22,0,1,5
32334,1168,2025,2,23,22,0,1,7
32335,1168,2025,3,23,21,1,1,0
32336,1168,2025,4,20,17,3,0,1
32337,1168,2025,5,21,17,4,0,4
32338,1168,2025,6,22,19,1,2,2
32339,1168,2025,7,20,18,2,0,7
32340,1168,2025,8,20,16,2,2,6
32341,1168,2025,9,21,18,3,0,5
32342,1168,2025,10,23,20,3,0,5
32343,1168,2025,11,22,17,3,2,5
32344,1168,2025,12,21,16,4,1,5
32345,1169,2021,2,22,19,2,1,4
32346,1169,2021,3,22,18,2,2,8
32347,1169,2021,4,21,19,2,0,8
32348,1169,2021,5,23,21,0,2,0
32349,1169,2021,6,21,19,0,2,7
32350,1169,2021,7,21,19,1,1,0
32351,1169,2021,8,22,20,2,0,7
32352,1169,2021,9,20,19,0,1,3
32353,1169,2021,10,20,19,0,1,2
32354,1169,2021,11,23,21,0,2,0
32355,1169,2021,12,21,18,1,2,7
32356,1169,2022,1,20,20,0,0,2
32357,1169,2022,2,21,17,4,0,2
32358,1169,2022,3,21,19,0,2,8
32359,1169,2022,4,22,19,1,2,7
32360,1169,2022,5,20,16,3,1,1
32361,1169,2022,6,22,17,4,1,8
32362,1169,2022,7,21,16,4,1,3
32363,1169,2022,8,21,18,2,1,4
32364,1169,2022,9,22,20,1,1,5
32365,1169,2022,10,21,17,4,0,0
32366,1169,2022,11,20,15,4,1,0
32367,1169,2022,12,23,21,2,0,3
32368,1169,2023,1,22,16,4,2,2
32369,1169,2023,2,21,20,0,1,2
32370,1169,2023,3,20,14,4,2,0
32371,1169,2023,4,22,18,2,2,8
32372,1169,2023,5,23,21,2,0,8
32373,1169,2023,6,21,21,0,0,7
32374,1169,2023,7,23,20,2,1,7
32375,1169,2023,8,20,15,4,1,0
32376,1169,2023,9,22,18,4,0,6
32377,1169,2023,10,23,18,3,2,2
32378,1169,2023,11,23,22,1,0,0
32379,1169,2023,12,21,18,1,2,3
32380,1169,2024,1,23,19,4,0,5
32381,1169,2024,2,21,16,3,2,8
32382,1169,2024,3,23,19,2,2,0
32383,1169,2024,4,21,20,1,0,1
32384,1169,2024,5,22,22,0,0,5
32385,1169,2024,6,23,22,0,1,6
32386,1169,2024,7,21,16,4,1,6
32387,1169,2024,8,20,14,4,2,2
32388,1169,2024,9,23,19,4,0,7
32389,1169,2024,10,22,19,3,0,1
32390,1169,2024,11,22,18,4,0,7
32391,1169,2024,12,20,16,3,1,3
32392,1169,2025,1,23,19,4,0,1
32393,1169,2025,2,20,17,2,1,0
32394,1169,2025,3,20,18,1,1,8
32395,1169,2025,4,23,23,0,0,0
32396,1169,2025,5,20,18,2,0,1
32397,1169,2025,6,20,14,4,2,0
32398,1169,2025,7,20,15,4,1,3
32399,1169,2025,8,22,20,0,2,6
32400,1169,2025,9,22,19,2,1,3
32401,1169,2025,10,20,16,3,1,4
32402,1169,2025,11,20,18,0,2,1
32403,1169,2025,12,23,23,0,0,8
32404,1170,2022,11,23,21,1,1,0
32405,1170,2022,12,23,21,2,0,8
32406,1170,2023,1,23,19,4,0,4
32407,1170,2023,2,21,18,2,1,1
32408,1170,2023,3,23,20,2,1,4
32409,1170,2023,4,23,21,0,2,5
32410,1170,2023,5,20,18,0,2,7
32411,1170,2023,6,21,19,1,1,6
32412,1170,2023,7,23,21,1,1,2
32413,1170,2023,8,22,22,0,0,3
32414,1170,2023,9,21,18,3,0,0
32415,1170,2023,10,23,19,3,1,4
32416,1170,2023,11,20,16,3,1,4
32417,1170,2023,12,20,18,1,1,2
32418,1170,2024,1,21,19,2,0,5
32419,1170,2024,2,20,17,2,1,7
32420,1170,2024,3,22,19,1,2,1
32421,1170,2024,4,23,17,4,2,5
32422,1170,2024,5,21,17,4,0,1
32423,1170,2024,6,20,16,2,2,0
32424,1170,2024,7,22,21,1,0,4
32425,1170,2024,8,21,16,3,2,5
32426,1170,2024,9,23,19,4,0,3
32427,1170,2024,10,22,19,2,1,3
32428,1170,2024,11,20,19,0,1,1
32429,1170,2024,12,22,21,0,1,8
32430,1170,2025,1,22,19,2,1,5
32431,1170,2025,2,21,16,4,1,5
32432,1170,2025,3,23,19,2,2,6
32433,1170,2025,4,20,18,1,1,4
32434,1170,2025,5,21,17,2,2,4
32435,1170,2025,6,22,21,1,0,5
32436,1170,2025,7,22,16,4,2,7
32437,1170,2025,8,20,16,4,0,4
32438,1170,2025,9,20,18,1,1,5
32439,1170,2025,10,23,20,2,1,4
32440,1170,2025,11,23,20,2,1,6
32441,1170,2025,12,21,19,2,0,4
32442,1171,2022,6,23,17,4,2,2
32443,1171,2022,7,20,17,1,2,5
32444,1171,2022,8,22,19,3,0,3
32445,1171,2022,9,23,20,3,0,2
32446,1171,2022,10,22,21,1,0,1
32447,1171,2022,11,22,18,4,0,2
32448,1171,2022,12,21,19,1,1,7
32449,1171,2023,1,22,18,4,0,1
32450,1171,2023,2,20,18,1,1,0
32451,1171,2023,3,23,20,3,0,1
32452,1171,2023,4,20,14,4,2,5
32453,1171,2023,5,21,19,1,1,7
32454,1171,2023,6,22,17,3,2,2
32455,1171,2023,7,23,21,1,1,0
32456,1171,2023,8,21,18,2,1,8
32457,1171,2023,9,20,16,4,0,1
32458,1171,2023,10,22,18,3,1,3
32459,1171,2023,11,23,20,1,2,8
32460,1171,2023,12,21,17,4,0,7
32461,1171,2024,1,20,18,1,1,7
32462,1171,2024,2,23,21,2,0,1
32463,1171,2024,3,21,17,4,0,3
32464,1171,2024,4,22,17,4,1,8
32465,1171,2024,5,20,18,1,1,7
32466,1171,2024,6,21,18,2,1,2
32467,1171,2024,7,21,20,1,0,0
32468,1171,2024,8,20,18,1,1,7
32469,1171,2024,9,21,17,3,1,6
32470,1171,2024,10,22,20,1,1,8
32471,1171,2024,11,23,21,1,1,1
32472,1171,2024,12,23,17,4,2,6
32473,1171,2025,1,22,21,1,0,5
32474,1171,2025,2,20,16,4,0,2
32475,1171,2025,3,21,17,3,1,5
32476,1171,2025,4,21,17,4,0,0
32477,1171,2025,5,23,20,1,2,4
32478,1171,2025,6,20,16,3,1,1
32479,1171,2025,7,21,18,1,2,2
32480,1171,2025,8,22,19,3,0,7
32481,1171,2025,9,21,16,3,2,0
32482,1171,2025,10,21,18,3,0,4
32483,1171,2025,11,21,17,2,2,0
32484,1171,2025,12,21,20,0,1,6
32485,1172,2025,7,22,18,3,1,4
32486,1172,2025,8,21,17,2,2,6
32487,1172,2025,9,20,18,0,2,0
32488,1172,2025,10,20,18,2,0,3
32489,1172,2025,11,23,20,2,1,0
32490,1172,2025,12,20,18,2,0,8
32491,1173,2021,6,21,15,4,2,2
32492,1173,2021,7,20,16,2,2,4
32493,1173,2021,8,22,17,4,1,3
32494,1173,2021,9,20,17,3,0,4
32495,1173,2021,10,21,17,3,1,4
32496,1173,2021,11,20,18,1,1,1
32497,1173,2021,12,23,18,3,2,2
32498,1173,2022,1,20,16,4,0,6
32499,1173,2022,2,21,17,2,2,3
32500,1173,2022,3,23,21,1,1,4
32501,1173,2022,4,23,21,1,1,5
32502,1173,2022,5,21,17,2,2,4
32503,1173,2022,6,23,21,1,1,0
32504,1173,2022,7,20,15,3,2,6
32505,1173,2022,8,21,18,1,2,2
32506,1173,2022,9,23,20,1,2,5
32507,1173,2022,10,21,17,2,2,0
32508,1173,2022,11,21,19,2,0,2
32509,1173,2022,12,21,18,2,1,4
32510,1173,2023,1,22,19,3,0,6
32511,1173,2023,2,21,17,3,1,6
32512,1173,2023,3,23,20,1,2,3
32513,1173,2023,4,23,19,2,2,5
32514,1173,2023,5,21,19,1,1,6
32515,1173,2023,6,21,16,3,2,6
32516,1173,2023,7,23,20,3,0,1
32517,1173,2023,8,23,19,3,1,3
32518,1173,2023,9,23,23,0,0,8
32519,1173,2023,10,23,18,3,2,7
32520,1173,2023,11,23,21,0,2,7
32521,1173,2023,12,20,16,2,2,8
32522,1173,2024,1,22,20,0,2,8
32523,1173,2024,2,21,18,3,0,3
32524,1173,2024,3,22,17,3,2,4
32525,1173,2024,4,23,20,1,2,3
32526,1173,2024,5,23,21,1,1,4
32527,1173,2024,6,23,17,4,2,0
32528,1173,2024,7,23,17,4,2,4
32529,1173,2024,8,20,18,1,1,5
32530,1173,2024,9,20,16,4,0,0
32531,1173,2024,10,20,16,2,2,4
32532,1173,2024,11,22,17,3,2,1
32533,1173,2024,12,20,19,1,0,0
32534,1173,2025,1,20,16,4,0,0
32535,1173,2025,2,21,18,3,0,5
32536,1173,2025,3,21,21,0,0,6
32537,1173,2025,4,21,18,2,1,5
32538,1173,2025,5,21,16,3,2,2
32539,1173,2025,6,22,20,0,2,6
32540,1173,2025,7,22,18,4,0,8
32541,1173,2025,8,21,18,2,1,7
32542,1173,2025,9,21,15,4,2,1
32543,1173,2025,10,23,18,3,2,5
32544,1173,2025,11,21,17,2,2,5
32545,1173,2025,12,22,19,1,2,7
32546,1174,2023,6,23,21,0,2,1
32547,1174,2023,7,22,19,1,2,8
32548,1174,2023,8,20,15,4,1,8
32549,1174,2023,9,22,19,1,2,5
32550,1174,2023,10,20,14,4,2,3
32551,1174,2023,11,20,19,0,1,2
32552,1174,2023,12,23,18,4,1,2
32553,1174,2024,1,22,17,3,2,1
32554,1174,2024,2,23,20,2,1,1
32555,1174,2024,3,21,19,1,1,5
32556,1174,2024,4,20,18,0,2,6
32557,1174,2024,5,23,19,2,2,1
32558,1174,2024,6,22,18,2,2,3
32559,1174,2024,7,22,17,3,2,3
32560,1174,2024,8,20,16,2,2,6
32561,1174,2024,9,20,17,3,0,7
32562,1174,2024,10,21,21,0,0,5
32563,1174,2024,11,21,19,1,1,1
32564,1174,2024,12,22,18,4,0,8
32565,1174,2025,1,20,17,1,2,5
32566,1174,2025,2,21,17,2,2,7
32567,1174,2025,3,22,18,3,1,2
32568,1174,2025,4,22,19,2,1,3
32569,1174,2025,5,22,17,4,1,0
32570,1174,2025,6,23,22,0,1,6
32571,1174,2025,7,21,17,4,0,2
32572,1174,2025,8,21,19,2,0,0
32573,1174,2025,9,21,20,0,1,4
32574,1174,2025,10,21,20,1,0,4
32575,1174,2025,11,23,17,4,2,4
32576,1174,2025,12,23,22,1,0,5
32577,1175,2021,2,21,17,4,0,1
32578,1175,2021,3,20,17,3,0,8
32579,1175,2021,4,22,18,4,0,0
32580,1175,2021,5,23,20,2,1,3
32581,1175,2021,6,23,19,4,0,4
32582,1175,2021,7,23,19,4,0,3
32583,1175,2021,8,23,17,4,2,8
32584,1175,2021,9,22,19,1,2,2
32585,1175,2021,10,22,19,1,2,5
32586,1175,2021,11,23,20,3,0,3
32587,1175,2021,12,21,17,3,1,5
32588,1175,2022,1,20,17,1,2,8
32589,1175,2022,2,20,19,1,0,7
32590,1175,2022,3,20,17,3,0,4
32591,1175,2022,4,20,18,1,1,2
32592,1175,2022,5,22,19,3,0,4
32593,1175,2022,6,20,17,1,2,2
32594,1175,2022,7,21,20,0,1,1
32595,1175,2022,8,20,20,0,0,1
32596,1175,2022,9,21,18,2,1,8
32597,1175,2022,10,20,18,2,0,4
32598,1175,2022,11,21,19,2,0,3
32599,1175,2022,12,22,19,1,2,5
32600,1175,2023,1,21,20,1,0,0
32601,1175,2023,2,20,17,2,1,1
32602,1175,2023,3,22,21,0,1,0
32603,1175,2023,4,23,19,4,0,8
32604,1175,2023,5,23,20,3,0,7
32605,1175,2023,6,21,19,2,0,3
32606,1175,2023,7,20,18,1,1,3
32607,1175,2023,8,21,19,0,2,0
32608,1175,2023,9,23,20,2,1,7
32609,1175,2023,10,20,18,0,2,3
32610,1175,2023,11,23,17,4,2,6
32611,1175,2023,12,23,17,4,2,0
32612,1175,2024,1,22,19,2,1,5
32613,1175,2024,2,22,19,2,1,3
32614,1175,2024,3,20,18,0,2,3
32615,1175,2024,4,21,19,1,1,7
32616,1175,2024,5,23,23,0,0,7
32617,1175,2024,6,23,21,2,0,0
32618,1175,2024,7,22,19,1,2,7
32619,1175,2024,8,21,17,2,2,7
32620,1175,2024,9,23,21,1,1,0
32621,1175,2024,10,22,20,2,0,5
32622,1175,2024,11,21,20,1,0,6
32623,1175,2024,12,23,19,3,1,1
32624,1175,2025,1,21,19,2,0,4
32625,1175,2025,2,21,17,2,2,5
32626,1175,2025,3,21,19,1,1,4
32627,1175,2025,4,23,22,0,1,2
32628,1175,2025,5,20,18,2,0,0
32629,1175,2025,6,21,17,3,1,3
32630,1175,2025,7,22,20,2,0,8
32631,1175,2025,8,23,22,0,1,8
32632,1175,2025,9,20,17,3,0,8
32633,1175,2025,10,23,18,4,1,2
32634,1175,2025,11,22,20,2,0,5
32635,1175,2025,12,21,17,3,1,5
32636,1176,2022,7,20,14,4,2,4
32637,1176,2022,8,21,17,4,0,0
32638,1176,2022,9,21,18,1,2,0
32639,1176,2022,10,22,19,1,2,8
32640,1176,2022,11,23,21,2,0,3
32641,1176,2022,12,22,16,4,2,4
32642,1176,2023,1,23,22,0,1,2
32643,1176,2023,2,21,15,4,2,6
32644,1176,2023,3,21,17,3,1,8
32645,1176,2023,4,21,16,3,2,8
32646,1176,2023,5,21,20,1,0,7
32647,1176,2023,6,21,19,2,0,6
32648,1176,2023,7,23,22,0,1,0
32649,1176,2023,8,21,18,3,0,3
32650,1176,2023,9,21,15,4,2,1
32651,1176,2023,10,20,16,3,1,6
32652,1176,2023,11,20,20,0,0,2
32653,1176,2023,12,21,15,4,2,7
32654,1176,2024,1,20,18,1,1,7
32655,1176,2024,2,23,20,1,2,8
32656,1176,2024,3,23,17,4,2,2
32657,1176,2024,4,21,17,3,1,3
32658,1176,2024,5,23,20,3,0,8
32659,1176,2024,6,20,16,2,2,7
32660,1176,2024,7,21,15,4,2,4
32661,1176,2024,8,22,16,4,2,2
32662,1176,2024,9,22,16,4,2,5
32663,1176,2024,10,22,20,1,1,4
32664,1176,2024,11,23,23,0,0,4
32665,1176,2024,12,20,16,4,0,8
32666,1176,2025,1,23,19,3,1,5
32667,1176,2025,2,21,15,4,2,8
32668,1176,2025,3,22,21,1,0,3
32669,1176,2025,4,20,18,1,1,7
32670,1176,2025,5,23,22,0,1,6
32671,1176,2025,6,20,19,1,0,8
32672,1176,2025,7,23,20,3,0,5
32673,1176,2025,8,21,19,1,1,8
32674,1176,2025,9,22,22,0,0,2
32675,1176,2025,10,21,17,2,2,0
32676,1176,2025,11,20,20,0,0,7
32677,1176,2025,12,20,16,2,2,4
32678,1177,2022,12,21,17,2,2,0
32679,1177,2023,1,22,19,3,0,8
32680,1177,2023,2,23,18,4,1,4
32681,1177,2023,3,23,20,1,2,3
32682,1177,2023,4,21,15,4,2,4
32683,1177,2023,5,23,18,4,1,7
32684,1177,2023,6,22,22,0,0,1
32685,1177,2023,7,22,18,2,2,6
32686,1177,2023,8,22,20,0,2,0
32687,1177,2023,9,20,18,1,1,7
32688,1177,2023,10,21,17,2,2,4
32689,1177,2023,11,20,18,1,1,5
32690,1177,2023,12,23,20,3,0,7
32691,1177,2024,1,23,20,3,0,8
32692,1177,2024,2,23,20,3,0,4
32693,1177,2024,3,23,20,3,0,8
32694,1177,2024,4,23,21,1,1,7
32695,1177,2024,5,22,21,0,1,8
32696,1177,2024,6,23,23,0,0,1
32697,1177,2024,7,23,22,1,0,8
32698,1177,2024,8,23,23,0,0,3
32699,1177,2024,9,23,19,4,0,3
32700,1177,2024,10,21,19,0,2,5
32701,1177,2024,11,22,20,0,2,1
32702,1177,2024,12,21,18,1,2,5
32703,1177,2025,1,20,19,0,1,5
32704,1177,2025,2,21,18,3,0,6
32705,1177,2025,3,22,20,2,0,8
32706,1177,2025,4,21,19,0,2,4
32707,1177,2025,5,23,21,0,2,3
32708,1177,2025,6,23,20,3,0,6
32709,1177,2025,7,20,16,2,2,7
32710,1177,2025,8,23,18,4,1,7
32711,1177,2025,9,22,19,2,1,0
32712,1177,2025,10,23,21,1,1,8
32713,1177,2025,11,20,16,4,0,0
32714,1177,2025,12,20,17,1,2,1
32715,1178,2025,8,20,19,1,0,4
32716,1178,2025,9,23,18,4,1,5
32717,1178,2025,10,23,19,3,1,2
32718,1178,2025,11,22,20,2,0,7
32719,1178,2025,12,23,20,1,2,4
32720,1179,2024,1,22,19,1,2,7
32721,1179,2024,2,22,21,0,1,0
32722,1179,2024,3,22,17,4,1,3
32723,1179,2024,4,22,21,0,1,5
32724,1179,2024,5,21,20,0,1,5
32725,1179,2024,6,21,17,3,1,4
32726,1179,2024,7,22,20,2,0,0
32727,1179,2024,8,22,20,2,0,1
32728,1179,2024,9,21,17,4,0,0
32729,1179,2024,10,22,18,3,1,7
32730,1180,2021,11,21,16,3,2,0
32731,1180,2021,12,20,14,4,2,3
32732,1180,2022,1,23,21,2,0,1
32733,1180,2022,2,23,23,0,0,6
32734,1180,2022,3,22,21,1,0,4
32735,1180,2022,4,21,17,2,2,8
32736,1180,2022,5,20,14,4,2,8
32737,1180,2022,6,22,20,2,0,4
32738,1180,2022,7,22,17,3,2,8
32739,1180,2022,8,20,18,0,2,2
32740,1180,2022,9,23,17,4,2,2
32741,1180,2022,10,21,21,0,0,7
32742,1180,2022,11,23,22,1,0,1
32743,1180,2022,12,21,17,4,0,6
32744,1180,2023,1,22,19,2,1,5
32745,1180,2023,2,21,21,0,0,7
32746,1180,2023,3,23,20,1,2,5
32747,1180,2023,4,21,18,3,0,4
32748,1180,2023,5,23,17,4,2,7
32749,1180,2023,6,21,16,4,1,3
32750,1180,2023,7,22,17,4,1,0
32751,1180,2023,8,20,17,1,2,4
32752,1180,2023,9,20,16,3,1,0
32753,1180,2023,10,22,20,2,0,4
32754,1180,2023,11,21,20,0,1,8
32755,1180,2023,12,20,20,0,0,0
32756,1180,2024,1,22,19,3,0,2
32757,1180,2024,2,20,20,0,0,3
32758,1180,2024,3,20,16,3,1,2
32759,1180,2024,4,21,20,0,1,1
32760,1180,2024,5,21,17,4,0,8
32761,1180,2024,6,21,21,0,0,0
32762,1180,2024,7,20,17,1,2,2
32763,1180,2024,8,20,19,0,1,1
32764,1180,2024,9,23,19,4,0,8
32765,1180,2024,10,21,19,2,0,8
32766,1180,2024,11,21,15,4,2,5
32767,1180,2024,12,23,20,3,0,1
32768,1180,2025,1,21,21,0,0,8
32769,1180,2025,2,20,14,4,2,1
32770,1180,2025,3,23,19,4,0,8
32771,1180,2025,4,23,21,1,1,8
32772,1180,2025,5,23,20,1,2,3
32773,1180,2025,6,22,19,3,0,2
32774,1180,2025,7,22,18,3,1,5
32775,1180,2025,8,20,16,4,0,6
32776,1180,2025,9,20,15,4,1,4
32777,1180,2025,10,21,20,0,1,0
32778,1180,2025,11,20,15,4,1,0
32779,1180,2025,12,20,18,1,1,0
32780,1181,2025,10,23,17,4,2,2
32781,1181,2025,11,20,20,0,0,4
32782,1181,2025,12,21,20,0,1,1
32783,1182,2022,1,20,18,0,2,8
32784,1182,2022,2,21,21,0,0,6
32785,1182,2022,3,23,20,2,1,7
32786,1182,2022,4,20,20,0,0,2
32787,1182,2022,5,23,20,2,1,8
32788,1182,2022,6,20,18,0,2,1
32789,1182,2022,7,21,19,0,2,1
32790,1182,2022,8,21,21,0,0,2
32791,1182,2022,9,20,16,3,1,0
32792,1182,2022,10,20,19,0,1,6
32793,1182,2022,11,23,21,2,0,1
32794,1182,2022,12,22,21,0,1,4
32795,1182,2023,1,21,17,3,1,3
32796,1182,2023,2,23,19,3,1,7
32797,1182,2023,3,20,16,2,2,0
32798,1182,2023,4,23,20,1,2,4
32799,1182,2023,5,20,20,0,0,0
32800,1182,2023,6,23,20,2,1,4
32801,1182,2023,7,23,20,2,1,4
32802,1182,2023,8,20,20,0,0,6
32803,1182,2023,9,21,19,0,2,4
32804,1182,2023,10,23,19,4,0,5
32805,1182,2023,11,23,23,0,0,5
32806,1182,2023,12,21,18,2,1,8
32807,1182,2024,1,22,16,4,2,2
32808,1182,2024,2,23,17,4,2,7
32809,1182,2024,3,23,21,1,1,3
32810,1182,2024,4,22,20,2,0,7
32811,1182,2024,5,22,20,2,0,1
32812,1182,2024,6,23,18,4,1,0
32813,1182,2024,7,23,21,0,2,4
32814,1182,2024,8,20,16,3,1,3
32815,1182,2024,9,22,18,2,2,7
32816,1182,2024,10,20,18,0,2,0
32817,1182,2024,11,20,18,1,1,4
32818,1182,2024,12,20,15,4,1,2
32819,1182,2025,1,22,22,0,0,0
32820,1182,2025,2,22,19,3,0,3
32821,1182,2025,3,23,20,3,0,4
32822,1182,2025,4,22,18,3,1,5
32823,1182,2025,5,21,20,1,0,2
32824,1182,2025,6,20,19,1,0,8
32825,1182,2025,7,22,19,2,1,5
32826,1182,2025,8,20,17,2,1,2
32827,1182,2025,9,21,20,1,0,7
32828,1182,2025,10,22,20,2,0,1
32829,1182,2025,11,22,20,0,2,6
32830,1182,2025,12,22,18,3,1,2
32831,1183,2024,3,21,20,1,0,3
32832,1183,2024,4,22,19,3,0,7
32833,1183,2024,5,22,18,2,2,0
32834,1183,2024,6,20,16,3,1,7
32835,1183,2024,7,22,20,1,1,6
32836,1183,2024,8,23,22,1,0,1
32837,1183,2024,9,23,19,4,0,3
32838,1183,2024,10,22,19,1,2,0
32839,1183,2024,11,20,16,3,1,3
32840,1183,2024,12,21,19,2,0,0
32841,1183,2025,1,21,18,2,1,1
32842,1183,2025,2,23,18,3,2,6
32843,1183,2025,3,21,18,2,1,3
32844,1183,2025,4,21,19,1,1,7
32845,1184,2025,2,20,15,3,2,3
32846,1184,2025,3,23,21,2,0,8
32847,1184,2025,4,23,20,1,2,5
32848,1184,2025,5,20,19,0,1,5
32849,1184,2025,6,20,19,1,0,3
32850,1184,2025,7,22,21,0,1,8
32851,1184,2025,8,23,18,4,1,6
32852,1184,2025,9,21,17,4,0,2
32853,1184,2025,10,22,18,4,0,2
32854,1184,2025,11,20,16,3,1,2
32855,1184,2025,12,20,16,3,1,6
32856,1185,2025,9,22,17,4,1,0
32857,1185,2025,10,21,20,1,0,7
32858,1185,2025,11,21,16,4,1,4
32859,1186,2022,10,21,16,3,2,2
32860,1186,2022,11,20,17,3,0,3
32861,1186,2022,12,23,20,2,1,4
32862,1186,2023,1,22,19,3,0,8
32863,1186,2023,2,21,18,1,2,6
32864,1186,2023,3,21,17,3,1,6
32865,1186,2023,4,20,16,3,1,5
32866,1186,2023,5,22,17,4,1,6
32867,1186,2023,6,21,21,0,0,0
32868,1186,2023,7,21,18,3,0,3
32869,1186,2023,8,22,20,0,2,4
32870,1186,2023,9,22,20,2,0,3
32871,1186,2023,10,21,16,3,2,1
32872,1186,2023,11,20,17,1,2,4
32873,1186,2023,12,21,19,0,2,5
32874,1186,2024,1,20,14,4,2,3
32875,1186,2024,2,23,22,0,1,2
32876,1186,2024,3,23,22,1,0,2
32877,1186,2024,4,21,20,0,1,5
32878,1186,2024,5,21,18,1,2,3
32879,1186,2024,6,23,20,1,2,1
32880,1186,2024,7,22,16,4,2,7
32881,1186,2024,8,22,20,1,1,6
32882,1186,2024,9,22,21,0,1,4
32883,1186,2024,10,22,18,3,1,5
32884,1186,2024,11,21,20,1,0,0
32885,1186,2024,12,22,21,1,0,5
32886,1186,2025,1,22,16,4,2,7
32887,1186,2025,2,20,18,2,0,6
32888,1186,2025,3,21,16,3,2,5
32889,1186,2025,4,20,15,4,1,3
32890,1186,2025,5,20,14,4,2,1
32891,1186,2025,6,21,18,2,1,6
32892,1186,2025,7,20,16,4,0,7
32893,1186,2025,8,21,21,0,0,0
32894,1186,2025,9,20,17,1,2,6
32895,1186,2025,10,20,19,0,1,7
32896,1186,2025,11,22,18,2,2,1
32897,1186,2025,12,22,17,3,2,0
32898,1187,2023,5,21,19,1,1,8
32899,1187,2023,6,21,21,0,0,5
32900,1187,2023,7,22,20,2,0,8
32901,1188,2025,7,22,21,1,0,8
32902,1188,2025,8,23,18,4,1,5
32903,1188,2025,9,20,16,3,1,0
32904,1188,2025,10,23,22,1,0,1
32905,1188,2025,11,20,18,1,1,5
32906,1188,2025,12,22,20,0,2,5
32907,1189,2021,2,22,18,2,2,7
32908,1189,2021,3,20,17,1,2,7
32909,1189,2021,4,20,18,1,1,6
32910,1189,2021,5,20,17,1,2,1
32911,1189,2021,6,20,18,1,1,0
32912,1189,2021,7,23,18,3,2,2
32913,1189,2021,8,20,16,4,0,2
32914,1189,2021,9,21,19,0,2,3
32915,1189,2021,10,23,17,4,2,1
32916,1189,2021,11,23,18,4,1,4
32917,1189,2021,12,21,19,2,0,5
32918,1189,2022,1,22,18,4,0,7
32919,1189,2022,2,23,20,3,0,4
32920,1189,2022,3,23,20,1,2,3
32921,1189,2022,4,21,16,3,2,8
32922,1189,2022,5,20,14,4,2,3
32923,1189,2022,6,22,18,4,0,2
32924,1189,2022,7,22,21,0,1,4
32925,1189,2022,8,20,14,4,2,0
32926,1189,2022,9,23,22,0,1,1
32927,1189,2022,10,23,18,4,1,5
32928,1189,2022,11,20,14,4,2,8
32929,1189,2022,12,22,19,3,0,7
32930,1189,2023,1,23,21,0,2,8
32931,1189,2023,2,23,20,2,1,8
32932,1189,2023,3,21,21,0,0,4
32933,1189,2023,4,23,18,4,1,1
32934,1189,2023,5,23,19,2,2,8
32935,1189,2023,6,21,21,0,0,2
32936,1189,2023,7,23,20,1,2,3
32937,1189,2023,8,23,20,3,0,5
32938,1189,2023,9,20,18,0,2,7
32939,1189,2023,10,20,16,2,2,1
32940,1189,2023,11,20,20,0,0,8
32941,1189,2023,12,23,19,2,2,8
32942,1189,2024,1,20,14,4,2,5
32943,1189,2024,2,20,16,4,0,7
32944,1189,2024,3,20,17,1,2,0
32945,1189,2024,4,22,19,3,0,2
32946,1189,2024,5,21,18,3,0,3
32947,1190,2023,7,21,20,1,0,0
32948,1190,2023,8,22,19,3,0,0
32949,1190,2023,9,20,17,1,2,1
32950,1190,2023,10,21,17,3,1,8
32951,1190,2023,11,22,16,4,2,0
32952,1190,2023,12,21,18,1,2,7
32953,1190,2024,1,22,20,2,0,4
32954,1190,2024,2,22,19,1,2,6
32955,1190,2024,3,20,14,4,2,2
32956,1190,2024,4,20,16,3,1,6
32957,1190,2024,5,22,17,3,2,0
32958,1190,2024,6,23,22,1,0,3
32959,1190,2024,7,20,18,1,1,7
32960,1190,2024,8,22,17,4,1,0
32961,1190,2024,9,21,20,0,1,2
32962,1190,2024,10,20,18,0,2,6
32963,1190,2024,11,21,16,4,1,2
32964,1190,2024,12,22,20,1,1,6
32965,1190,2025,1,23,18,4,1,5
32966,1190,2025,2,23,17,4,2,1
32967,1190,2025,3,21,20,0,1,2
32968,1190,2025,4,21,17,2,2,5
32969,1190,2025,5,20,20,0,0,7
32970,1190,2025,6,23,22,0,1,7
32971,1190,2025,7,23,20,2,1,6
32972,1190,2025,8,23,22,1,0,1
32973,1190,2025,9,23,21,0,2,5
32974,1190,2025,10,22,17,3,2,5
32975,1190,2025,11,20,15,3,2,2
32976,1190,2025,12,21,16,4,1,0
32977,1191,2022,5,21,19,1,1,2
32978,1191,2022,6,21,20,1,0,1
32979,1191,2022,7,23,20,2,1,4
32980,1191,2022,8,21,19,1,1,6
32981,1191,2022,9,22,18,4,0,0
32982,1191,2022,10,21,17,4,0,1
32983,1191,2022,11,22,21,1,0,4
32984,1191,2022,12,22,18,2,2,6
32985,1191,2023,1,21,20,1,0,1
32986,1191,2023,2,20,18,0,2,1
32987,1191,2023,3,23,19,2,2,7
32988,1191,2023,4,20,16,2,2,8
32989,1191,2023,5,21,17,2,2,2
32990,1191,2023,6,20,14,4,2,2
32991,1191,2023,7,23,21,1,1,0
32992,1191,2023,8,23,21,2,0,4
32993,1191,2023,9,20,17,3,0,6
32994,1191,2023,10,23,20,2,1,5
32995,1191,2023,11,21,18,1,2,5
32996,1191,2023,12,21,17,3,1,2
32997,1191,2024,1,22,18,4,0,6
32998,1191,2024,2,20,18,0,2,5
32999,1191,2024,3,20,14,4,2,3
33000,1191,2024,4,21,20,1,0,3
33001,1191,2024,5,20,17,1,2,0
33002,1191,2024,6,20,16,3,1,5
33003,1191,2024,7,22,17,4,1,6
33004,1191,2024,8,21,16,3,2,6
33005,1191,2024,9,21,19,0,2,5
33006,1191,2024,10,23,21,2,0,0
33007,1191,2024,11,20,16,4,0,4
33008,1191,2024,12,22,21,0,1,1
33009,1191,2025,1,20,16,3,1,0
33010,1191,2025,2,21,16,3,2,8
33011,1191,2025,3,21,18,1,2,1
33012,1191,2025,4,21,18,1,2,2
33013,1191,2025,5,22,18,3,1,1
33014,1191,2025,6,22,18,3,1,3
33015,1191,2025,7,21,15,4,2,7
33016,1191,2025,8,22,20,1,1,6
33017,1191,2025,9,22,21,1,0,2
33018,1191,2025,10,21,18,1,2,6
33019,1191,2025,11,23,23,0,0,6
33020,1191,2025,12,21,17,2,2,0
33021,1192,2023,8,21,19,0,2,4
33022,1192,2023,9,22,21,1,0,6
33023,1192,2023,10,23,23,0,0,5
33024,1192,2023,11,21,17,3,1,3
33025,1192,2023,12,23,22,0,1,4
33026,1192,2024,1,20,18,2,0,1
33027,1192,2024,2,20,18,0,2,8
33028,1192,2024,3,20,17,3,0,2
33029,1192,2024,4,21,17,4,0,0
33030,1192,2024,5,22,20,0,2,7
33031,1192,2024,6,21,17,4,0,4
33032,1192,2024,7,23,18,4,1,2
33033,1192,2024,8,20,16,3,1,7
33034,1192,2024,9,20,19,0,1,0
33035,1192,2024,10,20,15,4,1,3
33036,1192,2024,11,22,20,1,1,0
33037,1192,2024,12,20,16,3,1,8
33038,1192,2025,1,23,19,2,2,1
33039,1192,2025,2,21,19,2,0,6
33040,1192,2025,3,23,20,2,1,5
33041,1192,2025,4,21,20,0,1,0
33042,1192,2025,5,20,17,3,0,5
33043,1192,2025,6,21,19,0,2,2
33044,1192,2025,7,22,21,1,0,6
33045,1192,2025,8,22,20,1,1,6
33046,1192,2025,9,20,16,3,1,0
33047,1192,2025,10,20,14,4,2,7
33048,1192,2025,11,23,20,1,2,4
33049,1192,2025,12,22,17,3,2,1
33050,1193,2022,6,23,18,3,2,3
33051,1193,2022,7,23,18,3,2,8
33052,1193,2022,8,22,21,0,1,6
33053,1193,2022,9,21,19,2,0,2
33054,1193,2022,10,22,19,3,0,2
33055,1193,2022,11,22,20,1,1,8
33056,1193,2022,12,20,17,3,0,7
33057,1193,2023,1,23,20,1,2,4
33058,1193,2023,2,22,20,0,2,8
33059,1193,2023,3,21,19,0,2,8
33060,1193,2023,4,23,22,0,1,0
33061,1193,2023,5,21,21,0,0,4
33062,1193,2023,6,20,15,3,2,8
33063,1193,2023,7,20,18,0,2,3
33064,1193,2023,8,21,18,3,0,3
33065,1193,2023,9,20,16,3,1,5
33066,1193,2023,10,22,21,1,0,2
33067,1193,2023,11,22,19,1,2,2
33068,1193,2023,12,22,20,2,0,4
33069,1193,2024,1,21,18,3,0,7
33070,1193,2024,2,21,18,1,2,0
33071,1193,2024,3,22,21,0,1,2
33072,1193,2024,4,20,17,3,0,2
33073,1193,2024,5,20,14,4,2,7
33074,1193,2024,6,20,17,3,0,4
33075,1193,2024,7,21,18,3,0,1
33076,1193,2024,8,22,19,3,0,8
33077,1193,2024,9,21,19,2,0,8
33078,1193,2024,10,21,15,4,2,0
33079,1193,2024,11,21,20,0,1,4
33080,1193,2024,12,23,21,0,2,0
33081,1193,2025,1,21,17,3,1,4
33082,1193,2025,2,23,23,0,0,2
33083,1193,2025,3,20,17,3,0,0
33084,1193,2025,4,21,19,2,0,3
33085,1193,2025,5,20,18,0,2,0
33086,1193,2025,6,20,19,1,0,2
33087,1193,2025,7,20,17,3,0,8
33088,1193,2025,8,22,18,3,1,8
33089,1193,2025,9,20,16,3,1,6
33090,1193,2025,10,22,18,3,1,8
33091,1193,2025,11,20,20,0,0,2
33092,1193,2025,12,21,17,2,2,8
33093,1194,2022,8,21,16,4,1,8
33094,1194,2022,9,23,23,0,0,7
33095,1194,2022,10,20,15,3,2,0
33096,1194,2022,11,22,21,0,1,6
33097,1194,2022,12,21,20,1,0,8
33098,1194,2023,1,20,17,2,1,3
33099,1194,2023,2,23,19,4,0,1
33100,1194,2023,3,23,21,0,2,2
33101,1194,2023,4,20,18,1,1,0
33102,1194,2023,5,23,20,2,1,8
33103,1194,2023,6,21,19,1,1,7
33104,1194,2023,7,21,19,1,1,3
33105,1194,2023,8,23,22,1,0,1
33106,1194,2023,9,20,14,4,2,8
33107,1194,2023,10,20,16,3,1,8
33108,1194,2023,11,22,22,0,0,8
33109,1194,2023,12,22,20,2,0,0
33110,1194,2024,1,20,18,0,2,6
33111,1194,2024,2,21,18,3,0,3
33112,1194,2024,3,21,16,3,2,6
33113,1194,2024,4,21,15,4,2,7
33114,1194,2024,5,21,18,1,2,6
33115,1194,2024,6,20,18,1,1,5
33116,1194,2024,7,20,16,4,0,0
33117,1194,2024,8,22,22,0,0,2
33118,1194,2024,9,22,19,1,2,0
33119,1194,2024,10,22,21,1,0,4
33120,1194,2024,11,21,16,3,2,6
33121,1194,2024,12,20,14,4,2,7
33122,1194,2025,1,20,16,2,2,5
33123,1194,2025,2,22,18,3,1,4
33124,1194,2025,3,23,19,3,1,1
33125,1194,2025,4,23,21,0,2,2
33126,1194,2025,5,22,17,3,2,5
33127,1194,2025,6,20,17,2,1,0
33128,1194,2025,7,21,20,1,0,5
33129,1194,2025,8,21,16,3,2,7
33130,1194,2025,9,23,23,0,0,8
33131,1194,2025,10,21,21,0,0,2
33132,1194,2025,11,20,14,4,2,2
33133,1194,2025,12,23,22,1,0,6
33134,1195,2022,9,20,14,4,2,5
33135,1195,2022,10,21,19,2,0,3
33136,1195,2022,11,23,18,3,2,0
33137,1195,2022,12,20,20,0,0,6
33138,1195,2023,1,20,17,3,0,4
33139,1195,2023,2,20,15,4,1,4
33140,1195,2023,3,22,20,1,1,1
33141,1195,2023,4,20,16,3,1,8
33142,1195,2023,5,21,18,2,1,0
33143,1195,2023,6,21,17,2,2,1
33144,1195,2023,7,23,20,3,0,7
33145,1195,2023,8,22,18,3,1,1
33146,1195,2023,9,21,16,3,2,5
33147,1195,2023,10,20,14,4,2,8
33148,1195,2023,11,21,21,0,0,6
33149,1195,2023,12,21,15,4,2,0
33150,1195,2024,1,20,17,3,0,2
33151,1195,2024,2,20,16,4,0,2
33152,1195,2024,3,22,22,0,0,7
33153,1195,2024,4,22,18,4,0,3
33154,1195,2024,5,21,19,1,1,1
33155,1195,2024,6,22,21,0,1,2
33156,1195,2024,7,23,18,3,2,1
33157,1195,2024,8,23,18,4,1,3
33158,1195,2024,9,23,21,2,0,3
33159,1195,2024,10,20,19,1,0,6
33160,1195,2024,11,21,17,4,0,6
33161,1195,2024,12,20,16,3,1,8
33162,1195,2025,1,21,18,3,0,4
33163,1196,2023,8,23,19,3,1,5
33164,1196,2023,9,22,17,4,1,5
33165,1196,2023,10,21,18,1,2,3
33166,1196,2023,11,20,16,3,1,4
33167,1196,2023,12,21,19,1,1,7
33168,1196,2024,1,23,21,1,1,5
33169,1196,2024,2,22,18,4,0,8
33170,1196,2024,3,22,22,0,0,1
33171,1196,2024,4,20,19,1,0,3
33172,1196,2024,5,23,19,3,1,3
33173,1196,2024,6,21,21,0,0,3
33174,1196,2024,7,20,16,4,0,6
33175,1196,2024,8,20,16,2,2,8
33176,1196,2024,9,20,16,4,0,5
33177,1196,2024,10,22,20,2,0,1
33178,1196,2024,11,22,19,1,2,7
33179,1196,2024,12,20,19,0,1,0
33180,1196,2025,1,23,21,0,2,2
33181,1196,2025,2,21,21,0,0,3
33182,1196,2025,3,20,19,0,1,0
33183,1196,2025,4,22,18,2,2,0
33184,1196,2025,5,20,19,0,1,5
33185,1196,2025,6,21,17,3,1,0
33186,1196,2025,7,23,19,2,2,3
33187,1196,2025,8,20,16,4,0,5
33188,1196,2025,9,23,18,3,2,7
33189,1196,2025,10,21,19,2,0,4
33190,1196,2025,11,23,20,2,1,4
33191,1196,2025,12,21,19,0,2,2
33192,1197,2025,6,20,18,0,2,2
33193,1197,2025,7,20,15,4,1,6
33194,1197,2025,8,20,18,0,2,6
33195,1197,2025,9,22,18,3,1,4
33196,1197,2025,10,20,17,2,1,4
33197,1197,2025,11,23,19,2,2,3
33198,1197,2025,12,21,20,1,0,7
33199,1198,2021,1,23,19,4,0,1
33200,1198,2021,2,23,23,0,0,6
33201,1198,2021,3,23,22,1,0,7
33202,1198,2021,4,23,21,2,0,0
33203,1198,2021,5,20,19,0,1,3
33204,1198,2021,6,23,22,0,1,2
33205,1198,2021,7,21,17,3,1,7
33206,1198,2021,8,22,19,3,0,0
33207,1198,2021,9,22,19,1,2,2
33208,1198,2021,10,20,15,3,2,7
33209,1198,2021,11,23,19,3,1,8
33210,1198,2021,12,20,18,0,2,0
33211,1198,2022,1,23,20,2,1,3
33212,1198,2022,2,22,17,3,2,6
33213,1198,2022,3,20,15,3,2,1
33214,1198,2022,4,21,18,2,1,2
33215,1198,2022,5,22,19,1,2,2
33216,1198,2022,6,23,20,1,2,3
33217,1198,2022,7,21,19,0,2,7
33218,1198,2022,8,20,16,3,1,4
33219,1198,2022,9,22,18,4,0,5
33220,1198,2022,10,23,21,1,1,3
33221,1198,2022,11,23,20,1,2,3
33222,1198,2022,12,21,19,0,2,6
33223,1198,2023,1,20,16,3,1,2
33224,1198,2023,2,21,18,1,2,7
33225,1198,2023,3,21,17,3,1,5
33226,1198,2023,4,20,19,1,0,6
33227,1198,2023,5,21,17,2,2,4
33228,1198,2023,6,23,19,3,1,5
33229,1198,2023,7,20,15,3,2,8
33230,1198,2023,8,20,20,0,0,7
33231,1198,2023,9,20,18,0,2,5
33232,1198,2023,10,22,17,4,1,2
33233,1198,2023,11,23,21,2,0,1
33234,1198,2023,12,20,17,2,1,7
33235,1198,2024,1,23,22,1,0,6
33236,1198,2024,2,20,18,1,1,3
33237,1198,2024,3,21,19,0,2,8
33238,1198,2024,4,22,21,0,1,8
33239,1198,2024,5,22,18,4,0,5
33240,1198,2024,6,23,19,4,0,1
33241,1198,2024,7,22,19,1,2,3
33242,1198,2024,8,23,20,1,2,8
33243,1198,2024,9,20,14,4,2,6
33244,1198,2024,10,21,19,1,1,8
33245,1198,2024,11,21,19,0,2,3
33246,1198,2024,12,21,17,4,0,6
33247,1198,2025,1,20,20,0,0,1
33248,1198,2025,2,22,18,4,0,3
33249,1198,2025,3,21,18,1,2,5
33250,1198,2025,4,23,17,4,2,7
33251,1198,2025,5,23,20,3,0,6
33252,1198,2025,6,22,19,3,0,6
33253,1198,2025,7,21,19,1,1,8
33254,1198,2025,8,21,16,4,1,1
33255,1198,2025,9,22,19,1,2,6
33256,1198,2025,10,20,14,4,2,3
33257,1198,2025,11,23,20,1,2,4
33258,1198,2025,12,23,19,2,2,0
33259,1199,2021,2,22,21,1,0,7
33260,1199,2021,3,20,16,2,2,1
33261,1199,2021,4,20,17,2,1,5
33262,1199,2021,5,20,16,2,2,7
33263,1199,2021,6,20,17,2,1,0
33264,1199,2021,7,22,22,0,0,6
33265,1199,2021,8,21,16,4,1,7
33266,1199,2021,9,21,18,3,0,7
33267,1199,2021,10,20,19,0,1,7
33268,1199,2021,11,21,15,4,2,0
33269,1199,2021,12,23,20,3,0,4
33270,1199,2022,1,21,18,1,2,8
33271,1199,2022,2,22,20,2,0,4
33272,1199,2022,3,20,17,3,0,7
33273,1199,2022,4,21,16,3,2,0
33274,1199,2022,5,23,22,1,0,2
33275,1199,2022,6,22,16,4,2,7
33276,1199,2022,7,21,16,4,1,7
33277,1199,2022,8,22,19,2,1,3
33278,1199,2022,9,20,17,2,1,4
33279,1199,2022,10,22,20,0,2,2
33280,1199,2022,11,21,19,0,2,5
33281,1199,2022,12,21,19,1,1,3
33282,1199,2023,1,20,17,3,0,2
33283,1199,2023,2,22,18,3,1,4
33284,1199,2023,3,21,16,4,1,4
33285,1199,2023,4,21,18,3,0,1
33286,1199,2023,5,20,15,4,1,5
33287,1199,2023,6,21,19,1,1,3
33288,1199,2023,7,20,19,0,1,8
33289,1199,2023,8,21,17,3,1,3
33290,1199,2023,9,20,16,4,0,5
33291,1199,2023,10,23,21,2,0,0
33292,1199,2023,11,20,16,2,2,1
33293,1199,2023,12,22,17,4,1,3
33294,1199,2024,1,22,17,4,1,2
33295,1199,2024,2,21,19,1,1,5
33296,1199,2024,3,22,20,1,1,6
33297,1199,2024,4,22,18,2,2,7
33298,1199,2024,5,22,17,4,1,2
33299,1199,2024,6,21,17,2,2,7
33300,1199,2024,7,23,20,3,0,4
33301,1199,2024,8,23,20,2,1,7
33302,1199,2024,9,21,21,0,0,7
33303,1199,2024,10,21,19,2,0,5
33304,1199,2024,11,20,14,4,2,2
33305,1199,2024,12,21,19,0,2,2
33306,1199,2025,1,23,19,2,2,4
33307,1199,2025,2,20,18,2,0,2
33308,1199,2025,3,23,19,4,0,8
33309,1199,2025,4,20,15,3,2,4
33310,1199,2025,5,22,19,1,2,7
33311,1199,2025,6,23,17,4,2,2
33312,1199,2025,7,23,19,3,1,2
33313,1199,2025,8,20,16,4,0,4
33314,1199,2025,9,21,17,2,2,4
33315,1199,2025,10,22,20,2,0,3
33316,1199,2025,11,23,20,1,2,7
33317,1199,2025,12,23,22,1,0,0
33318,1200,2022,10,21,17,4,0,5
33319,1200,2022,11,22,20,1,1,0
33320,1200,2022,12,23,21,1,1,2
33321,1200,2023,1,23,19,4,0,3
33322,1200,2023,2,20,17,1,2,2
33323,1200,2023,3,22,22,0,0,1
33324,1200,2023,4,20,19,1,0,6
33325,1200,2023,5,21,19,0,2,1
33326,1200,2023,6,21,17,2,2,3
33327,1200,2023,7,22,19,1,2,2
33328,1200,2023,8,22,16,4,2,8
33329,1200,2023,9,21,16,4,1,5
33330,1200,2023,10,20,19,1,0,8
33331,1200,2023,11,22,17,4,1,6
33332,1200,2023,12,21,19,2,0,0
33333,1200,2024,1,20,15,4,1,4
33334,1200,2024,2,22,19,1,2,0
33335,1200,2024,3,23,18,4,1,2
33336,1200,2024,4,23,19,3,1,0
33337,1200,2024,5,21,20,0,1,4
33338,1200,2024,6,22,20,2,0,7
33339,1200,2024,7,20,17,2,1,1
33340,1200,2024,8,23,21,2,0,0
33341,1200,2024,9,21,18,1,2,5
33342,1200,2024,10,20,18,1,1,5
33343,1200,2024,11,21,18,2,1,7
33344,1200,2024,12,22,18,3,1,1
33345,1200,2025,1,23,23,0,0,3
33346,1200,2025,2,22,22,0,0,1
33347,1200,2025,3,23,21,1,1,8
33348,1200,2025,4,23,23,0,0,7
33349,1200,2025,5,21,16,4,1,5
33350,1200,2025,6,22,19,2,1,5
33351,1200,2025,7,21,19,0,2,2
33352,1200,2025,8,21,20,1,0,7
33353,1200,2025,9,22,19,2,1,8
33354,1200,2025,10,23,21,2,0,7
33355,1200,2025,11,20,18,0,2,1
33356,1200,2025,12,21,21,0,0,7
