employee_benefit_id,employee_id,benefit_id,start_date,end_date,benefit_status
1,1,5,2023-04-12,,Active
2,1,6,2023-04-12,,Active
3,1,4,2023-04-12,,Active
4,1,3,2023-04-12,,Active
5,1,1,2023-04-12,,Active
6,2,4,2023-07-11,,Active
7,2,5,2023-07-11,,Active
8,2,1,2023-07-11,,Active
9,2,3,2023-07-11,,Active
10,2,2,2023-07-11,,Active
11,2,6,2023-07-11,,Active
12,3,4,2025-04-17,,Active
13,3,1,2025-04-17,,Active
14,3,2,2025-04-17,,Active
15,4,6,2023-10-03,2025-01-05,Inactive
16,4,4,2023-10-03,2025-01-05,Inactive
17,4,3,2023-10-03,2025-01-05,Inactive
18,4,2,2023-10-03,2025-01-05,Inactive
19,4,1,2023-10-03,2025-01-05,Inactive
20,5,6,2024-09-19,,Active
21,5,5,2024-09-19,,Active
22,5,3,2024-09-19,,Active
23,5,4,2024-09-19,,Active
24,6,2,2022-07-01,,Active
25,6,4,2022-07-01,,Active
26,6,5,2022-07-01,,Active
27,6,3,2022-07-01,,Active
28,6,1,2022-07-01,,Active
29,6,6,2022-07-01,,Active
30,7,5,2023-08-27,,Active
31,7,2,2023-08-27,,Active
32,7,3,2023-08-27,,Active
33,7,4,2023-08-27,,Active
34,7,1,2023-08-27,,Active
35,7,6,2023-08-27,,Active
36,8,6,2025-03-09,2025-06-14,Inactive
37,8,3,2025-03-09,2025-06-14,Inactive
38,8,1,2025-03-09,2025-06-14,Inactive
39,8,2,2025-03-09,2025-06-14,Inactive
40,9,5,2021-12-25,2024-05-07,Inactive
41,9,1,2021-12-25,2024-05-07,Inactive
42,9,4,2021-12-25,2024-05-07,Inactive
43,9,3,2021-12-25,2024-05-07,Inactive
44,9,6,2021-12-25,2024-05-07,Inactive
45,10,2,2025-11-25,,Active
46,10,6,2025-11-25,,Active
47,10,1,2025-11-25,,Active
48,10,3,2025-11-25,,Active
49,11,3,2025-08-28,,Active
50,11,2,2025-08-28,,Active
51,11,4,2025-08-28,,Active
52,11,6,2025-08-28,,Active
53,11,5,2025-08-28,,Active
54,11,1,2025-08-28,,Active
55,12,3,2024-02-20,2024-05-01,Inactive
56,12,5,2024-02-20,2024-05-01,Inactive
57,12,6,2024-02-20,2024-05-01,Inactive
58,12,4,2024-02-20,2024-05-01,Inactive
59,12,2,2024-02-20,2024-05-01,Inactive
60,13,3,2025-07-18,,Active
61,13,6,2025-07-18,,Active
62,13,1,2025-07-18,,Active
63,13,5,2025-07-18,,Active
64,13,4,2025-07-18,,Active
65,13,2,2025-07-18,,Active
66,14,5,2023-04-18,,Active
67,14,1,2023-04-18,,Active
68,14,4,2023-04-18,,Active
69,15,2,2023-04-02,,Active
70,15,6,2023-04-02,,Active
71,15,4,2023-04-02,,Active
72,15,3,2023-04-02,,Active
73,15,5,2023-04-02,,Active
74,16,4,2021-10-27,,Active
75,16,2,2021-10-27,,Active
76,16,3,2021-10-27,,Active
77,17,3,2022-10-15,,Active
78,17,2,2022-10-15,,Active
79,17,6,2022-10-15,,Active
80,17,1,2022-10-15,,Active
81,17,4,2022-10-15,,Active
82,18,5,2023-12-18,,Active
83,18,1,2023-12-18,,Active
84,18,4,2023-12-18,,Active
85,18,3,2023-12-18,,Active
86,18,6,2023-12-18,,Active
87,19,2,2024-10-04,2025-06-15,Inactive
88,19,6,2024-10-04,2025-06-15,Inactive
89,19,5,2024-10-04,2025-06-15,Inactive
90,19,4,2024-10-04,2025-06-15,Inactive
91,19,1,2024-10-04,2025-06-15,Inactive
92,20,4,2021-01-22,2023-04-04,Inactive
93,20,5,2021-01-22,2023-04-04,Inactive
94,20,6,2021-01-22,2023-04-04,Inactive
95,20,2,2021-01-22,2023-04-04,Inactive
96,20,1,2021-01-22,2023-04-04,Inactive
97,21,3,2025-09-01,2025-11-23,Inactive
98,21,1,2025-09-01,2025-11-23,Inactive
99,21,5,2025-09-01,2025-11-23,Inactive
100,21,6,2025-09-01,2025-11-23,Inactive
101,21,4,2025-09-01,2025-11-23,Inactive
102,22,4,2024-04-15,2025-11-03,Inactive
103,22,3,2024-04-15,2025-11-03,Inactive
104,22,1,2024-04-15,2025-11-03,Inactive
105,23,3,2023-08-26,,Active
106,23,6,2023-08-26,,Active
107,23,5,2023-08-26,,Active
108,23,4,2023-08-26,,Active
109,24,5,2025-10-07,,Active
110,24,2,2025-10-07,,Active
111,24,3,2025-10-07,,Active
112,25,2,2022-01-25,,Active
113,25,3,2022-01-25,,Active
114,25,5,2022-01-25,,Active
115,26,4,2021-08-19,,Active
116,26,6,2021-08-19,,Active
117,26,2,2021-08-19,,Active
118,26,5,2021-08-19,,Active
119,26,3,2021-08-19,,Active
120,27,5,2023-03-13,,Active
121,27,2,2023-03-13,,Active
122,27,1,2023-03-13,,Active
123,27,6,2023-03-13,,Active
124,28,2,2025-04-22,,Active
125,28,3,2025-04-22,,Active
126,28,5,2025-04-22,,Active
127,29,6,2021-02-23,,Active
128,29,1,2021-02-23,,Active
129,29,3,2021-02-23,,Active
130,29,4,2021-02-23,,Active
131,29,2,2021-02-23,,Active
132,30,3,2021-09-25,2023-02-09,Inactive
133,30,6,2021-09-25,2023-02-09,Inactive
134,30,4,2021-09-25,2023-02-09,Inactive
135,30,5,2021-09-25,2023-02-09,Inactive
136,30,2,2021-09-25,2023-02-09,Inactive
137,31,2,2025-09-16,,Active
138,31,5,2025-09-16,,Active
139,31,3,2025-09-16,,Active
140,32,2,2025-01-17,2025-07-14,Inactive
141,32,6,2025-01-17,2025-07-14,Inactive
142,32,5,2025-01-17,2025-07-14,Inactive
143,32,3,2025-01-17,2025-07-14,Inactive
144,33,1,2025-09-24,,Active
145,33,4,2025-09-24,,Active
146,33,5,2025-09-24,,Active
147,33,2,2025-09-24,,Active
148,33,3,2025-09-24,,Active
149,34,3,2023-12-30,,Active
150,34,6,2023-12-30,,Active
151,34,5,2023-12-30,,Active
152,34,4,2023-12-30,,Active
153,34,1,2023-12-30,,Active
154,34,2,2023-12-30,,Active
155,35,5,2022-02-08,,Active
156,35,6,2022-02-08,,Active
157,35,4,2022-02-08,,Active
158,35,3,2022-02-08,,Active
159,35,1,2022-02-08,,Active
160,36,5,2024-01-21,,Active
161,36,3,2024-01-21,,Active
162,36,1,2024-01-21,,Active
163,36,2,2024-01-21,,Active
164,36,4,2024-01-21,,Active
165,36,6,2024-01-21,,Active
166,37,6,2022-10-03,2023-11-06,Inactive
167,37,4,2022-10-03,2023-11-06,Inactive
168,37,1,2022-10-03,2023-11-06,Inactive
169,37,5,2022-10-03,2023-11-06,Inactive
170,38,1,2024-09-17,2025-11-08,Inactive
171,38,5,2024-09-17,2025-11-08,Inactive
172,38,3,2024-09-17,2025-11-08,Inactive
173,38,2,2024-09-17,2025-11-08,Inactive
174,38,4,2024-09-17,2025-11-08,Inactive
175,38,6,2024-09-17,2025-11-08,Inactive
176,39,6,2025-11-28,,Active
177,39,2,2025-11-28,,Active
178,39,1,2025-11-28,,Active
179,39,3,2025-11-28,,Active
180,40,4,2023-12-29,,Active
181,40,2,2023-12-29,,Active
182,40,1,2023-12-29,,Active
183,40,6,2023-12-29,,Active
184,40,3,2023-12-29,,Active
185,41,5,2025-10-12,,Active
186,41,1,2025-10-12,,Active
187,41,2,2025-10-12,,Active
188,41,3,2025-10-12,,Active
189,41,4,2025-10-12,,Active
190,41,6,2025-10-12,,Active
191,42,6,2025-01-29,,Active
192,42,3,2025-01-29,,Active
193,42,4,2025-01-29,,Active
194,43,1,2022-10-19,,Active
195,43,4,2022-10-19,,Active
196,43,3,2022-10-19,,Active
197,44,3,2025-09-20,2025-12-05,Inactive
198,44,2,2025-09-20,2025-12-05,Inactive
199,44,6,2025-09-20,2025-12-05,Inactive
200,44,1,2025-09-20,2025-12-05,Inactive
201,44,5,2025-09-20,2025-12-05,Inactive
202,44,4,2025-09-20,2025-12-05,Inactive
203,45,2,2021-02-28,,Active
204,45,5,2021-02-28,,Active
205,45,1,2021-02-28,,Active
206,45,4,2021-02-28,,Active
207,45,6,2021-02-28,,Active
208,46,5,2021-08-12,2022-01-08,Inactive
209,46,1,2021-08-12,2022-01-08,Inactive
210,46,3,2021-08-12,2022-01-08,Inactive
211,46,4,2021-08-12,2022-01-08,Inactive
212,46,6,2021-08-12,2022-01-08,Inactive
213,46,2,2021-08-12,2022-01-08,Inactive
214,47,5,2021-06-29,,Active
215,47,4,2021-06-29,,Active
216,47,2,2021-06-29,,Active
217,47,3,2021-06-29,,Active
218,48,6,2024-07-04,2024-11-16,Inactive
219,48,1,2024-07-04,2024-11-16,Inactive
220,48,3,2024-07-04,2024-11-16,Inactive
221,48,2,2024-07-04,2024-11-16,Inactive
222,49,2,2023-08-03,,Active
223,49,1,2023-08-03,,Active
224,49,3,2023-08-03,,Active
225,49,5,2023-08-03,,Active
226,49,6,2023-08-03,,Active
227,49,4,2023-08-03,,Active
228,50,4,2025-03-26,,Active
229,50,1,2025-03-26,,Active
230,50,3,2025-03-26,,Active
231,50,2,2025-03-26,,Active
232,51,6,2021-03-03,,Active
233,51,2,2021-03-03,,Active
234,51,1,2021-03-03,,Active
235,51,3,2021-03-03,,Active
236,51,5,2021-03-03,,Active
237,51,4,2021-03-03,,Active
238,52,4,2022-10-12,,Active
239,52,5,2022-10-12,,Active
240,52,6,2022-10-12,,Active
241,52,3,2022-10-12,,Active
242,52,2,2022-10-12,,Active
243,52,1,2022-10-12,,Active
244,53,5,2023-01-01,2025-01-11,Inactive
245,53,6,2023-01-01,2025-01-11,Inactive
246,53,2,2023-01-01,2025-01-11,Inactive
247,53,3,2023-01-01,2025-01-11,Inactive
248,53,1,2023-01-01,2025-01-11,Inactive
249,53,4,2023-01-01,2025-01-11,Inactive
250,54,6,2024-09-12,,Active
251,54,4,2024-09-12,,Active
252,54,2,2024-09-12,,Active
253,54,1,2024-09-12,,Active
254,54,3,2024-09-12,,Active
255,55,5,2022-12-22,,Active
256,55,3,2022-12-22,,Active
257,55,6,2022-12-22,,Active
258,55,1,2022-12-22,,Active
259,55,2,2022-12-22,,Active
260,56,1,2025-08-22,,Active
261,56,5,2025-08-22,,Active
262,56,6,2025-08-22,,Active
263,56,3,2025-08-22,,Active
264,56,4,2025-08-22,,Active
265,56,2,2025-08-22,,Active
266,57,5,2022-03-16,2022-09-07,Inactive
267,57,1,2022-03-16,2022-09-07,Inactive
268,57,6,2022-03-16,2022-09-07,Inactive
269,57,4,2022-03-16,2022-09-07,Inactive
270,57,2,2022-03-16,2022-09-07,Inactive
271,57,3,2022-03-16,2022-09-07,Inactive
272,58,5,2021-12-04,,Active
273,58,3,2021-12-04,,Active
274,58,2,2021-12-04,,Active
275,58,1,2021-12-04,,Active
276,59,4,2022-08-30,2025-05-25,Inactive
277,59,3,2022-08-30,2025-05-25,Inactive
278,59,2,2022-08-30,2025-05-25,Inactive
279,59,6,2022-08-30,2025-05-25,Inactive
280,59,5,2022-08-30,2025-05-25,Inactive
281,59,1,2022-08-30,2025-05-25,Inactive
282,60,2,2023-01-28,,Active
283,60,6,2023-01-28,,Active
284,60,5,2023-01-28,,Active
285,61,1,2022-06-09,2023-01-03,Inactive
286,61,3,2022-06-09,2023-01-03,Inactive
287,61,5,2022-06-09,2023-01-03,Inactive
288,61,4,2022-06-09,2023-01-03,Inactive
289,62,6,2021-08-16,,Active
290,62,5,2021-08-16,,Active
291,62,1,2021-08-16,,Active
292,62,4,2021-08-16,,Active
293,63,5,2023-11-20,2025-06-07,Inactive
294,63,6,2023-11-20,2025-06-07,Inactive
295,63,4,2023-11-20,2025-06-07,Inactive
296,63,2,2023-11-20,2025-06-07,Inactive
297,63,1,2023-11-20,2025-06-07,Inactive
298,63,3,2023-11-20,2025-06-07,Inactive
299,64,4,2024-08-18,,Active
300,64,6,2024-08-18,,Active
301,64,1,2024-08-18,,Active
302,64,3,2024-08-18,,Active
303,64,2,2024-08-18,,Active
304,65,5,2025-04-26,,Active
305,65,1,2025-04-26,,Active
306,65,6,2025-04-26,,Active
307,65,3,2025-04-26,,Active
308,65,2,2025-04-26,,Active
309,66,5,2025-09-09,,Active
310,66,6,2025-09-09,,Active
311,66,3,2025-09-09,,Active
312,67,3,2023-04-29,,Active
313,67,6,2023-04-29,,Active
314,67,4,2023-04-29,,Active
315,67,5,2023-04-29,,Active
316,68,2,2025-02-09,,Active
317,68,5,2025-02-09,,Active
318,68,3,2025-02-09,,Active
319,69,3,2024-08-27,,Active
320,69,6,2024-08-27,,Active
321,69,4,2024-08-27,,Active
322,69,1,2024-08-27,,Active
323,69,2,2024-08-27,,Active
324,70,6,2022-01-08,,Active
325,70,5,2022-01-08,,Active
326,70,2,2022-01-08,,Active
327,70,3,2022-01-08,,Active
328,71,6,2021-07-13,,Active
329,71,3,2021-07-13,,Active
330,71,4,2021-07-13,,Active
331,72,1,2022-10-10,,Active
332,72,4,2022-10-10,,Active
333,72,3,2022-10-10,,Active
334,73,6,2023-05-05,,Active
335,73,2,2023-05-05,,Active
336,73,4,2023-05-05,,Active
337,74,2,2022-08-24,2023-03-03,Inactive
338,74,1,2022-08-24,2023-03-03,Inactive
339,74,5,2022-08-24,2023-03-03,Inactive
340,75,2,2023-05-09,,Active
341,75,3,2023-05-09,,Active
342,75,5,2023-05-09,,Active
343,75,4,2023-05-09,,Active
344,76,3,2022-08-04,,Active
345,76,6,2022-08-04,,Active
346,76,5,2022-08-04,,Active
347,76,4,2022-08-04,,Active
348,77,2,2024-04-07,,Active
349,77,5,2024-04-07,,Active
350,77,1,2024-04-07,,Active
351,78,1,2023-04-14,,Active
352,78,6,2023-04-14,,Active
353,78,4,2023-04-14,,Active
354,79,4,2021-11-21,2024-02-26,Inactive
355,79,2,2021-11-21,2024-02-26,Inactive
356,79,5,2021-11-21,2024-02-26,Inactive
357,79,6,2021-11-21,2024-02-26,Inactive
358,79,1,2021-11-21,2024-02-26,Inactive
359,80,3,2022-09-28,,Active
360,80,2,2022-09-28,,Active
361,80,6,2022-09-28,,Active
362,80,5,2022-09-28,,Active
363,81,6,2025-02-25,2025-07-25,Inactive
364,81,4,2025-02-25,2025-07-25,Inactive
365,81,5,2025-02-25,2025-07-25,Inactive
366,82,6,2022-07-16,,Active
367,82,1,2022-07-16,,Active
368,82,3,2022-07-16,,Active
369,82,5,2022-07-16,,Active
370,82,2,2022-07-16,,Active
371,83,3,2024-03-28,,Active
372,83,6,2024-03-28,,Active
373,83,5,2024-03-28,,Active
374,84,5,2022-10-12,,Active
375,84,3,2022-10-12,,Active
376,84,6,2022-10-12,,Active
377,84,4,2022-10-12,,Active
378,85,4,2022-12-02,,Active
379,85,3,2022-12-02,,Active
380,85,5,2022-12-02,,Active
381,85,2,2022-12-02,,Active
382,85,1,2022-12-02,,Active
383,85,6,2022-12-02,,Active
384,86,4,2024-12-14,,Active
385,86,3,2024-12-14,,Active
386,86,1,2024-12-14,,Active
387,87,2,2021-05-08,,Active
388,87,3,2021-05-08,,Active
389,87,5,2021-05-08,,Active
390,87,1,2021-05-08,,Active
391,87,6,2021-05-08,,Active
392,88,6,2021-07-06,2025-01-25,Inactive
393,88,1,2021-07-06,2025-01-25,Inactive
394,88,3,2021-07-06,2025-01-25,Inactive
395,88,4,2021-07-06,2025-01-25,Inactive
396,88,5,2021-07-06,2025-01-25,Inactive
397,89,4,2022-01-05,,Active
398,89,2,2022-01-05,,Active
399,89,5,2022-01-05,,Active
400,89,6,2022-01-05,,Active
401,89,3,2022-01-05,,Active
402,90,4,2023-07-15,,Active
403,90,6,2023-07-15,,Active
404,90,3,2023-07-15,,Active
405,91,1,2021-02-20,2025-05-27,Inactive
406,91,6,2021-02-20,2025-05-27,Inactive
407,91,2,2021-02-20,2025-05-27,Inactive
408,92,1,2024-10-11,,Active
409,92,2,2024-10-11,,Active
410,92,5,2024-10-11,,Active
411,93,2,2021-06-07,2024-08-16,Inactive
412,93,6,2021-06-07,2024-08-16,Inactive
413,93,5,2021-06-07,2024-08-16,Inactive
414,93,4,2021-06-07,2024-08-16,Inactive
415,93,1,2021-06-07,2024-08-16,Inactive
416,94,4,2023-01-16,,Active
417,94,3,2023-01-16,,Active
418,94,6,2023-01-16,,Active
419,94,1,2023-01-16,,Active
420,94,5,2023-01-16,,Active
421,95,2,2025-08-20,2025-11-14,Inactive
422,95,6,2025-08-20,2025-11-14,Inactive
423,95,1,2025-08-20,2025-11-14,Inactive
424,95,3,2025-08-20,2025-11-14,Inactive
425,96,3,2022-06-10,,Active
426,96,2,2022-06-10,,Active
427,96,4,2022-06-10,,Active
428,97,4,2024-10-24,,Active
429,97,2,2024-10-24,,Active
430,97,3,2024-10-24,,Active
431,98,2,2025-01-31,,Active
432,98,4,2025-01-31,,Active
433,98,5,2025-01-31,,Active
434,99,5,2024-08-26,2025-06-19,Inactive
435,99,3,2024-08-26,2025-06-19,Inactive
436,99,2,2024-08-26,2025-06-19,Inactive
437,99,1,2024-08-26,2025-06-19,Inactive
438,100,4,2023-03-11,,Active
439,100,1,2023-03-11,,Active
440,100,3,2023-03-11,,Active
441,101,2,2024-10-20,,Active
442,101,3,2024-10-20,,Active
443,101,4,2024-10-20,,Active
444,101,6,2024-10-20,,Active
445,101,5,2024-10-20,,Active
446,102,5,2025-09-21,2025-12-03,Inactive
447,102,1,2025-09-21,2025-12-03,Inactive
448,102,4,2025-09-21,2025-12-03,Inactive
449,102,2,2025-09-21,2025-12-03,Inactive
450,103,1,2021-01-07,,Active
451,103,3,2021-01-07,,Active
452,103,6,2021-01-07,,Active
453,103,4,2021-01-07,,Active
454,103,5,2021-01-07,,Active
455,104,1,2025-10-21,2025-12-26,Inactive
456,104,2,2025-10-21,2025-12-26,Inactive
457,104,5,2025-10-21,2025-12-26,Inactive
458,104,3,2025-10-21,2025-12-26,Inactive
459,104,4,2025-10-21,2025-12-26,Inactive
460,105,6,2021-08-12,,Active
461,105,3,2021-08-12,,Active
462,105,2,2021-08-12,,Active
463,105,5,2021-08-12,,Active
464,105,1,2021-08-12,,Active
465,106,2,2024-01-22,,Active
466,106,1,2024-01-22,,Active
467,106,6,2024-01-22,,Active
468,106,5,2024-01-22,,Active
469,106,3,2024-01-22,,Active
470,106,4,2024-01-22,,Active
471,107,6,2025-06-08,2025-12-31,Inactive
472,107,3,2025-06-08,2025-12-31,Inactive
473,107,1,2025-06-08,2025-12-31,Inactive
474,107,5,2025-06-08,2025-12-31,Inactive
475,107,4,2025-06-08,2025-12-31,Inactive
476,108,4,2023-06-25,,Active
477,108,5,2023-06-25,,Active
478,108,3,2023-06-25,,Active
479,108,1,2023-06-25,,Active
480,108,2,2023-06-25,,Active
481,108,6,2023-06-25,,Active
482,109,6,2022-08-20,,Active
483,109,4,2022-08-20,,Active
484,109,1,2022-08-20,,Active
485,109,3,2022-08-20,,Active
486,110,2,2021-11-23,,Active
487,110,1,2021-11-23,,Active
488,110,4,2021-11-23,,Active
489,110,5,2021-11-23,,Active
490,110,3,2021-11-23,,Active
491,111,6,2021-03-08,2023-10-17,Inactive
492,111,5,2021-03-08,2023-10-17,Inactive
493,111,4,2021-03-08,2023-10-17,Inactive
494,111,3,2021-03-08,2023-10-17,Inactive
495,112,3,2025-05-28,,Active
496,112,5,2025-05-28,,Active
497,112,6,2025-05-28,,Active
498,112,1,2025-05-28,,Active
499,113,2,2022-04-21,,Active
500,113,1,2022-04-21,,Active
501,113,4,2022-04-21,,Active
502,113,3,2022-04-21,,Active
503,113,6,2022-04-21,,Active
504,113,5,2022-04-21,,Active
505,114,3,2025-10-22,,Active
506,114,6,2025-10-22,,Active
507,114,1,2025-10-22,,Active
508,114,4,2025-10-22,,Active
509,114,5,2025-10-22,,Active
510,114,2,2025-10-22,,Active
511,115,5,2025-07-28,,Active
512,115,1,2025-07-28,,Active
513,115,3,2025-07-28,,Active
514,115,4,2025-07-28,,Active
515,116,3,2025-05-07,,Active
516,116,2,2025-05-07,,Active
517,116,1,2025-05-07,,Active
518,116,4,2025-05-07,,Active
519,117,6,2024-02-01,,Active
520,117,2,2024-02-01,,Active
521,117,5,2024-02-01,,Active
522,117,3,2024-02-01,,Active
523,118,4,2023-05-02,,Active
524,118,6,2023-05-02,,Active
525,118,5,2023-05-02,,Active
526,118,1,2023-05-02,,Active
527,118,2,2023-05-02,,Active
528,119,2,2025-07-15,,Active
529,119,5,2025-07-15,,Active
530,119,1,2025-07-15,,Active
531,119,3,2025-07-15,,Active
532,119,4,2025-07-15,,Active
533,120,4,2025-06-24,2025-12-26,Inactive
534,120,5,2025-06-24,2025-12-26,Inactive
535,120,2,2025-06-24,2025-12-26,Inactive
536,121,1,2023-10-28,2025-06-16,Inactive
537,121,2,2023-10-28,2025-06-16,Inactive
538,121,4,2023-10-28,2025-06-16,Inactive
539,121,6,2023-10-28,2025-06-16,Inactive
540,121,3,2023-10-28,2025-06-16,Inactive
541,122,5,2021-08-02,,Active
542,122,2,2021-08-02,,Active
543,122,6,2021-08-02,,Active
544,123,6,2022-06-16,,Active
545,123,3,2022-06-16,,Active
546,123,2,2022-06-16,,Active
547,124,6,2023-11-29,,Active
548,124,3,2023-11-29,,Active
549,124,1,2023-11-29,,Active
550,124,4,2023-11-29,,Active
551,124,2,2023-11-29,,Active
552,124,5,2023-11-29,,Active
553,125,2,2023-11-25,,Active
554,125,6,2023-11-25,,Active
555,125,4,2023-11-25,,Active
556,125,1,2023-11-25,,Active
557,125,5,2023-11-25,,Active
558,126,6,2023-06-01,,Active
559,126,1,2023-06-01,,Active
560,126,3,2023-06-01,,Active
561,126,5,2023-06-01,,Active
562,126,4,2023-06-01,,Active
563,126,2,2023-06-01,,Active
564,127,3,2024-07-08,,Active
565,127,4,2024-07-08,,Active
566,127,1,2024-07-08,,Active
567,127,6,2024-07-08,,Active
568,127,2,2024-07-08,,Active
569,128,1,2024-07-07,,Active
570,128,4,2024-07-07,,Active
571,128,5,2024-07-07,,Active
572,128,2,2024-07-07,,Active
573,128,6,2024-07-07,,Active
574,128,3,2024-07-07,,Active
575,129,5,2023-08-03,,Active
576,129,1,2023-08-03,,Active
577,129,6,2023-08-03,,Active
578,129,3,2023-08-03,,Active
579,130,3,2025-02-08,2025-04-14,Inactive
580,130,2,2025-02-08,2025-04-14,Inactive
581,130,1,2025-02-08,2025-04-14,Inactive
582,131,6,2021-12-31,,Active
583,131,5,2021-12-31,,Active
584,131,4,2021-12-31,,Active
585,132,5,2022-11-29,,Active
586,132,2,2022-11-29,,Active
587,132,3,2022-11-29,,Active
588,132,4,2022-11-29,,Active
589,132,6,2022-11-29,,Active
590,132,1,2022-11-29,,Active
591,133,5,2022-09-26,2023-12-27,Inactive
592,133,6,2022-09-26,2023-12-27,Inactive
593,133,4,2022-09-26,2023-12-27,Inactive
594,133,3,2022-09-26,2023-12-27,Inactive
595,133,1,2022-09-26,2023-12-27,Inactive
596,133,2,2022-09-26,2023-12-27,Inactive
597,134,1,2024-01-11,,Active
598,134,3,2024-01-11,,Active
599,134,2,2024-01-11,,Active
600,134,6,2024-01-11,,Active
601,134,5,2024-01-11,,Active
602,135,3,2022-06-12,,Active
603,135,1,2022-06-12,,Active
604,135,2,2022-06-12,,Active
605,135,4,2022-06-12,,Active
606,135,5,2022-06-12,,Active
607,136,3,2024-02-10,2024-12-07,Inactive
608,136,4,2024-02-10,2024-12-07,Inactive
609,136,1,2024-02-10,2024-12-07,Inactive
610,137,2,2024-09-23,,Active
611,137,3,2024-09-23,,Active
612,137,6,2024-09-23,,Active
613,137,4,2024-09-23,,Active
614,137,1,2024-09-23,,Active
615,138,4,2021-09-24,,Active
616,138,3,2021-09-24,,Active
617,138,5,2021-09-24,,Active
618,139,3,2023-10-27,,Active
619,139,5,2023-10-27,,Active
620,139,6,2023-10-27,,Active
621,139,4,2023-10-27,,Active
622,139,1,2023-10-27,,Active
623,140,4,2024-07-08,,Active
624,140,5,2024-07-08,,Active
625,140,3,2024-07-08,,Active
626,140,1,2024-07-08,,Active
627,140,6,2024-07-08,,Active
628,140,2,2024-07-08,,Active
629,141,1,2021-03-05,,Active
630,141,2,2021-03-05,,Active
631,141,4,2021-03-05,,Active
632,142,4,2025-09-21,,Active
633,142,5,2025-09-21,,Active
634,142,3,2025-09-21,,Active
635,142,2,2025-09-21,,Active
636,142,1,2025-09-21,,Active
637,143,4,2023-06-22,,Active
638,143,1,2023-06-22,,Active
639,143,3,2023-06-22,,Active
640,144,5,2025-11-03,,Active
641,144,2,2025-11-03,,Active
642,144,1,2025-11-03,,Active
643,145,1,2025-08-07,,Active
644,145,3,2025-08-07,,Active
645,145,4,2025-08-07,,Active
646,145,6,2025-08-07,,Active
647,145,5,2025-08-07,,Active
648,146,2,2021-06-13,,Active
649,146,6,2021-06-13,,Active
650,146,1,2021-06-13,,Active
651,146,4,2021-06-13,,Active
652,146,5,2021-06-13,,Active
653,146,3,2021-06-13,,Active
654,147,4,2023-05-20,,Active
655,147,5,2023-05-20,,Active
656,147,3,2023-05-20,,Active
657,148,2,2025-02-17,2025-05-31,Inactive
658,148,3,2025-02-17,2025-05-31,Inactive
659,148,6,2025-02-17,2025-05-31,Inactive
660,149,1,2022-02-03,,Active
661,149,2,2022-02-03,,Active
662,149,4,2022-02-03,,Active
663,149,3,2022-02-03,,Active
664,150,4,2021-02-15,2025-09-05,Inactive
665,150,6,2021-02-15,2025-09-05,Inactive
666,150,2,2021-02-15,2025-09-05,Inactive
667,151,5,2021-01-24,,Active
668,151,3,2021-01-24,,Active
669,151,6,2021-01-24,,Active
670,151,1,2021-01-24,,Active
671,152,6,2025-02-27,,Active
672,152,4,2025-02-27,,Active
673,152,3,2025-02-27,,Active
674,153,4,2023-01-28,,Active
675,153,1,2023-01-28,,Active
676,153,2,2023-01-28,,Active
677,153,6,2023-01-28,,Active
678,154,3,2024-10-07,2025-01-25,Inactive
679,154,5,2024-10-07,2025-01-25,Inactive
680,154,1,2024-10-07,2025-01-25,Inactive
681,154,4,2024-10-07,2025-01-25,Inactive
682,154,6,2024-10-07,2025-01-25,Inactive
683,155,4,2025-08-13,,Active
684,155,5,2025-08-13,,Active
685,155,6,2025-08-13,,Active
686,155,3,2025-08-13,,Active
687,156,3,2023-05-19,2025-10-26,Inactive
688,156,4,2023-05-19,2025-10-26,Inactive
689,156,2,2023-05-19,2025-10-26,Inactive
690,156,1,2023-05-19,2025-10-26,Inactive
691,156,6,2023-05-19,2025-10-26,Inactive
692,156,5,2023-05-19,2025-10-26,Inactive
693,157,3,2021-03-29,,Active
694,157,2,2021-03-29,,Active
695,157,5,2021-03-29,,Active
696,157,1,2021-03-29,,Active
697,157,4,2021-03-29,,Active
698,157,6,2021-03-29,,Active
699,158,5,2022-12-16,,Active
700,158,1,2022-12-16,,Active
701,158,2,2022-12-16,,Active
702,158,3,2022-12-16,,Active
703,158,6,2022-12-16,,Active
704,159,1,2022-01-31,,Active
705,159,2,2022-01-31,,Active
706,159,5,2022-01-31,,Active
707,160,4,2024-07-28,,Active
708,160,6,2024-07-28,,Active
709,160,3,2024-07-28,,Active
710,161,5,2025-09-15,,Active
711,161,2,2025-09-15,,Active
712,161,3,2025-09-15,,Active
713,161,4,2025-09-15,,Active
714,162,5,2021-03-03,,Active
715,162,3,2021-03-03,,Active
716,162,2,2021-03-03,,Active
717,163,5,2025-11-23,,Active
718,163,1,2025-11-23,,Active
719,163,3,2025-11-23,,Active
720,164,6,2021-01-10,,Active
721,164,4,2021-01-10,,Active
722,164,5,2021-01-10,,Active
723,164,1,2021-01-10,,Active
724,165,5,2021-10-05,,Active
725,165,6,2021-10-05,,Active
726,165,3,2021-10-05,,Active
727,165,4,2021-10-05,,Active
728,166,4,2023-12-20,,Active
729,166,1,2023-12-20,,Active
730,166,6,2023-12-20,,Active
731,166,3,2023-12-20,,Active
732,166,5,2023-12-20,,Active
733,167,3,2022-10-17,,Active
734,167,2,2022-10-17,,Active
735,167,5,2022-10-17,,Active
736,167,1,2022-10-17,,Active
737,167,6,2022-10-17,,Active
738,167,4,2022-10-17,,Active
739,168,1,2025-10-22,,Active
740,168,2,2025-10-22,,Active
741,168,6,2025-10-22,,Active
742,168,5,2025-10-22,,Active
743,168,3,2025-10-22,,Active
744,169,5,2021-07-22,2022-11-27,Inactive
745,169,4,2021-07-22,2022-11-27,Inactive
746,169,3,2021-07-22,2022-11-27,Inactive
747,169,6,2021-07-22,2022-11-27,Inactive
748,170,2,2023-03-01,,Active
749,170,1,2023-03-01,,Active
750,170,5,2023-03-01,,Active
751,170,6,2023-03-01,,Active
752,171,5,2025-01-10,,Active
753,171,4,2025-01-10,,Active
754,171,2,2025-01-10,,Active
755,171,1,2025-01-10,,Active
756,171,6,2025-01-10,,Active
757,172,1,2021-12-15,2022-09-11,Inactive
758,172,2,2021-12-15,2022-09-11,Inactive
759,172,5,2021-12-15,2022-09-11,Inactive
760,173,6,2022-07-05,,Active
761,173,5,2022-07-05,,Active
762,173,1,2022-07-05,,Active
763,173,4,2022-07-05,,Active
764,173,2,2022-07-05,,Active
765,173,3,2022-07-05,,Active
766,174,1,2023-01-22,2025-01-19,Inactive
767,174,5,2023-01-22,2025-01-19,Inactive
768,174,6,2023-01-22,2025-01-19,Inactive
769,175,4,2023-08-16,,Active
770,175,5,2023-08-16,,Active
771,175,2,2023-08-16,,Active
772,176,3,2021-03-11,,Active
773,176,4,2021-03-11,,Active
774,176,5,2021-03-11,,Active
775,176,1,2021-03-11,,Active
776,176,6,2021-03-11,,Active
777,176,2,2021-03-11,,Active
778,177,5,2022-04-16,,Active
779,177,4,2022-04-16,,Active
780,177,2,2022-04-16,,Active
781,177,1,2022-04-16,,Active
782,177,3,2022-04-16,,Active
783,178,2,2025-06-11,,Active
784,178,1,2025-06-11,,Active
785,178,3,2025-06-11,,Active
786,178,4,2025-06-11,,Active
787,178,5,2025-06-11,,Active
788,179,2,2023-03-08,,Active
789,179,6,2023-03-08,,Active
790,179,1,2023-03-08,,Active
791,179,5,2023-03-08,,Active
792,180,2,2021-10-17,2024-02-18,Inactive
793,180,1,2021-10-17,2024-02-18,Inactive
794,180,5,2021-10-17,2024-02-18,Inactive
795,180,6,2021-10-17,2024-02-18,Inactive
796,181,3,2025-04-08,,Active
797,181,2,2025-04-08,,Active
798,181,5,2025-04-08,,Active
799,181,1,2025-04-08,,Active
800,181,6,2025-04-08,,Active
801,182,1,2021-02-27,,Active
802,182,2,2021-02-27,,Active
803,182,4,2021-02-27,,Active
804,182,6,2021-02-27,,Active
805,182,3,2021-02-27,,Active
806,182,5,2021-02-27,,Active
807,183,6,2022-04-13,,Active
808,183,1,2022-04-13,,Active
809,183,4,2022-04-13,,Active
810,183,3,2022-04-13,,Active
811,184,2,2022-02-11,,Active
812,184,3,2022-02-11,,Active
813,184,6,2022-02-11,,Active
814,185,2,2024-12-01,,Active
815,185,5,2024-12-01,,Active
816,185,3,2024-12-01,,Active
817,185,6,2024-12-01,,Active
818,185,1,2024-12-01,,Active
819,186,2,2021-07-07,2025-10-17,Inactive
820,186,6,2021-07-07,2025-10-17,Inactive
821,186,3,2021-07-07,2025-10-17,Inactive
822,186,4,2021-07-07,2025-10-17,Inactive
823,186,1,2021-07-07,2025-10-17,Inactive
824,187,3,2023-12-10,,Active
825,187,6,2023-12-10,,Active
826,187,1,2023-12-10,,Active
827,187,4,2023-12-10,,Active
828,188,3,2021-03-07,2025-11-27,Inactive
829,188,2,2021-03-07,2025-11-27,Inactive
830,188,1,2021-03-07,2025-11-27,Inactive
831,188,4,2021-03-07,2025-11-27,Inactive
832,188,5,2021-03-07,2025-11-27,Inactive
833,189,1,2023-04-30,,Active
834,189,6,2023-04-30,,Active
835,189,5,2023-04-30,,Active
836,189,2,2023-04-30,,Active
837,189,3,2023-04-30,,Active
838,189,4,2023-04-30,,Active
839,190,4,2021-11-09,,Active
840,190,2,2021-11-09,,Active
841,190,3,2021-11-09,,Active
842,191,6,2021-06-09,2023-11-25,Inactive
843,191,4,2021-06-09,2023-11-25,Inactive
844,191,1,2021-06-09,2023-11-25,Inactive
845,191,3,2021-06-09,2023-11-25,Inactive
846,192,4,2025-07-31,2025-11-18,Inactive
847,192,2,2025-07-31,2025-11-18,Inactive
848,192,5,2025-07-31,2025-11-18,Inactive
849,192,1,2025-07-31,2025-11-18,Inactive
850,193,4,2022-03-26,2024-07-17,Inactive
851,193,5,2022-03-26,2024-07-17,Inactive
852,193,3,2022-03-26,2024-07-17,Inactive
853,193,6,2022-03-26,2024-07-17,Inactive
854,194,1,2022-11-08,,Active
855,194,6,2022-11-08,,Active
856,194,5,2022-11-08,,Active
857,194,4,2022-11-08,,Active
858,194,2,2022-11-08,,Active
859,195,1,2025-11-01,2025-12-31,Inactive
860,195,6,2025-11-01,2025-12-31,Inactive
861,195,2,2025-11-01,2025-12-31,Inactive
862,195,3,2025-11-01,2025-12-31,Inactive
863,195,5,2025-11-01,2025-12-31,Inactive
864,195,4,2025-11-01,2025-12-31,Inactive
865,196,3,2021-02-12,,Active
866,196,6,2021-02-12,,Active
867,196,5,2021-02-12,,Active
868,196,2,2021-02-12,,Active
869,197,5,2022-06-12,,Active
870,197,2,2022-06-12,,Active
871,197,1,2022-06-12,,Active
872,197,3,2022-06-12,,Active
873,198,2,2022-01-30,,Active
874,198,5,2022-01-30,,Active
875,198,6,2022-01-30,,Active
876,198,1,2022-01-30,,Active
877,198,3,2022-01-30,,Active
878,198,4,2022-01-30,,Active
879,199,6,2024-02-04,,Active
880,199,3,2024-02-04,,Active
881,199,2,2024-02-04,,Active
882,199,5,2024-02-04,,Active
883,200,3,2021-05-23,,Active
884,200,4,2021-05-23,,Active
885,200,6,2021-05-23,,Active
886,200,1,2021-05-23,,Active
887,200,2,2021-05-23,,Active
888,201,5,2023-12-14,2024-03-14,Inactive
889,201,3,2023-12-14,2024-03-14,Inactive
890,201,4,2023-12-14,2024-03-14,Inactive
891,202,6,2025-11-04,,Active
892,202,3,2025-11-04,,Active
893,202,4,2025-11-04,,Active
894,202,1,2025-11-04,,Active
895,203,5,2023-11-09,2024-12-22,Inactive
896,203,3,2023-11-09,2024-12-22,Inactive
897,203,4,2023-11-09,2024-12-22,Inactive
898,203,2,2023-11-09,2024-12-22,Inactive
899,204,2,2022-11-04,,Active
900,204,1,2022-11-04,,Active
901,204,4,2022-11-04,,Active
902,205,3,2021-04-16,,Active
903,205,5,2021-04-16,,Active
904,205,2,2021-04-16,,Active
905,205,6,2021-04-16,,Active
906,205,4,2021-04-16,,Active
907,205,1,2021-04-16,,Active
908,206,1,2024-11-09,,Active
909,206,4,2024-11-09,,Active
910,206,3,2024-11-09,,Active
911,206,6,2024-11-09,,Active
912,206,5,2024-11-09,,Active
913,207,3,2024-07-09,,Active
914,207,6,2024-07-09,,Active
915,207,1,2024-07-09,,Active
916,207,4,2024-07-09,,Active
917,208,5,2022-02-28,,Active
918,208,2,2022-02-28,,Active
919,208,6,2022-02-28,,Active
920,208,4,2022-02-28,,Active
921,208,1,2022-02-28,,Active
922,208,3,2022-02-28,,Active
923,209,5,2024-09-04,,Active
924,209,2,2024-09-04,,Active
925,209,4,2024-09-04,,Active
926,210,4,2021-09-09,,Active
927,210,3,2021-09-09,,Active
928,210,5,2021-09-09,,Active
929,210,6,2021-09-09,,Active
930,210,2,2021-09-09,,Active
931,211,6,2023-04-29,2025-02-27,Inactive
932,211,1,2023-04-29,2025-02-27,Inactive
933,211,2,2023-04-29,2025-02-27,Inactive
934,211,4,2023-04-29,2025-02-27,Inactive
935,211,3,2023-04-29,2025-02-27,Inactive
936,211,5,2023-04-29,2025-02-27,Inactive
937,212,4,2025-06-28,,Active
938,212,3,2025-06-28,,Active
939,212,2,2025-06-28,,Active
940,213,4,2024-01-20,2025-12-29,Inactive
941,213,1,2024-01-20,2025-12-29,Inactive
942,213,3,2024-01-20,2025-12-29,Inactive
943,213,5,2024-01-20,2025-12-29,Inactive
944,213,6,2024-01-20,2025-12-29,Inactive
945,214,3,2021-06-11,,Active
946,214,4,2021-06-11,,Active
947,214,6,2021-06-11,,Active
948,215,6,2025-07-20,2025-10-26,Inactive
949,215,1,2025-07-20,2025-10-26,Inactive
950,215,4,2025-07-20,2025-10-26,Inactive
951,215,5,2025-07-20,2025-10-26,Inactive
952,215,2,2025-07-20,2025-10-26,Inactive
953,215,3,2025-07-20,2025-10-26,Inactive
954,216,3,2022-02-28,,Active
955,216,4,2022-02-28,,Active
956,216,1,2022-02-28,,Active
957,216,2,2022-02-28,,Active
958,216,5,2022-02-28,,Active
959,216,6,2022-02-28,,Active
960,217,1,2023-11-02,,Active
961,217,2,2023-11-02,,Active
962,217,5,2023-11-02,,Active
963,217,4,2023-11-02,,Active
964,217,3,2023-11-02,,Active
965,217,6,2023-11-02,,Active
966,218,6,2023-01-23,,Active
967,218,1,2023-01-23,,Active
968,218,2,2023-01-23,,Active
969,218,3,2023-01-23,,Active
970,218,5,2023-01-23,,Active
971,219,2,2024-02-15,,Active
972,219,5,2024-02-15,,Active
973,219,3,2024-02-15,,Active
974,219,6,2024-02-15,,Active
975,219,1,2024-02-15,,Active
976,219,4,2024-02-15,,Active
977,220,5,2022-12-09,,Active
978,220,2,2022-12-09,,Active
979,220,1,2022-12-09,,Active
980,221,2,2024-09-02,,Active
981,221,6,2024-09-02,,Active
982,221,4,2024-09-02,,Active
983,221,5,2024-09-02,,Active
984,221,3,2024-09-02,,Active
985,222,6,2025-06-10,,Active
986,222,2,2025-06-10,,Active
987,222,5,2025-06-10,,Active
988,223,2,2023-02-15,2025-02-26,Inactive
989,223,3,2023-02-15,2025-02-26,Inactive
990,223,1,2023-02-15,2025-02-26,Inactive
991,223,6,2023-02-15,2025-02-26,Inactive
992,223,4,2023-02-15,2025-02-26,Inactive
993,223,5,2023-02-15,2025-02-26,Inactive
994,224,3,2023-06-23,,Active
995,224,6,2023-06-23,,Active
996,224,2,2023-06-23,,Active
997,224,1,2023-06-23,,Active
998,224,4,2023-06-23,,Active
999,224,5,2023-06-23,,Active
1000,225,4,2022-11-11,,Active
1001,225,3,2022-11-11,,Active
1002,225,2,2022-11-11,,Active
1003,225,5,2022-11-11,,Active
1004,225,6,2022-11-11,,Active
1005,225,1,2022-11-11,,Active
1006,226,2,2022-05-06,,Active
1007,226,5,2022-05-06,,Active
1008,226,3,2022-05-06,,Active
1009,226,4,2022-05-06,,Active
1010,226,6,2022-05-06,,Active
1011,227,5,2023-07-14,,Active
1012,227,4,2023-07-14,,Active
1013,227,6,2023-07-14,,Active
1014,227,1,2023-07-14,,Active
1015,227,2,2023-07-14,,Active
1016,228,3,2025-03-22,,Active
1017,228,4,2025-03-22,,Active
1018,228,5,2025-03-22,,Active
1019,228,1,2025-03-22,,Active
1020,229,1,2025-04-05,2025-06-15,Inactive
1021,229,6,2025-04-05,2025-06-15,Inactive
1022,229,5,2025-04-05,2025-06-15,Inactive
1023,229,3,2025-04-05,2025-06-15,Inactive
1024,230,3,2024-12-21,,Active
1025,230,4,2024-12-21,,Active
1026,230,2,2024-12-21,,Active
1027,231,5,2023-01-06,,Active
1028,231,2,2023-01-06,,Active
1029,231,4,2023-01-06,,Active
1030,231,6,2023-01-06,,Active
1031,232,4,2025-11-02,,Active
1032,232,5,2025-11-02,,Active
1033,232,2,2025-11-02,,Active
1034,233,2,2021-12-24,,Active
1035,233,3,2021-12-24,,Active
1036,233,5,2021-12-24,,Active
1037,234,1,2021-04-01,,Active
1038,234,4,2021-04-01,,Active
1039,234,5,2021-04-01,,Active
1040,235,6,2022-11-17,,Active
1041,235,2,2022-11-17,,Active
1042,235,3,2022-11-17,,Active
1043,235,1,2022-11-17,,Active
1044,235,5,2022-11-17,,Active
1045,236,1,2025-11-06,,Active
1046,236,6,2025-11-06,,Active
1047,236,3,2025-11-06,,Active
1048,237,5,2021-11-30,,Active
1049,237,2,2021-11-30,,Active
1050,237,3,2021-11-30,,Active
1051,238,3,2022-01-25,2025-03-12,Inactive
1052,238,4,2022-01-25,2025-03-12,Inactive
1053,238,6,2022-01-25,2025-03-12,Inactive
1054,238,5,2022-01-25,2025-03-12,Inactive
1055,238,2,2022-01-25,2025-03-12,Inactive
1056,238,1,2022-01-25,2025-03-12,Inactive
1057,239,4,2023-11-03,,Active
1058,239,2,2023-11-03,,Active
1059,239,5,2023-11-03,,Active
1060,240,5,2025-07-13,,Active
1061,240,6,2025-07-13,,Active
1062,240,4,2025-07-13,,Active
1063,241,1,2024-02-27,,Active
1064,241,6,2024-02-27,,Active
1065,241,4,2024-02-27,,Active
1066,242,6,2022-03-09,,Active
1067,242,4,2022-03-09,,Active
1068,242,2,2022-03-09,,Active
1069,242,1,2022-03-09,,Active
1070,242,3,2022-03-09,,Active
1071,243,6,2025-10-07,,Active
1072,243,1,2025-10-07,,Active
1073,243,2,2025-10-07,,Active
1074,243,3,2025-10-07,,Active
1075,243,5,2025-10-07,,Active
1076,244,6,2025-06-18,,Active
1077,244,5,2025-06-18,,Active
1078,244,2,2025-06-18,,Active
1079,244,4,2025-06-18,,Active
1080,245,3,2022-09-24,,Active
1081,245,2,2022-09-24,,Active
1082,245,5,2022-09-24,,Active
1083,245,6,2022-09-24,,Active
1084,246,2,2022-03-12,,Active
1085,246,3,2022-03-12,,Active
1086,246,4,2022-03-12,,Active
1087,246,1,2022-03-12,,Active
1088,246,5,2022-03-12,,Active
1089,247,5,2025-05-07,2025-11-02,Inactive
1090,247,1,2025-05-07,2025-11-02,Inactive
1091,247,2,2025-05-07,2025-11-02,Inactive
1092,247,4,2025-05-07,2025-11-02,Inactive
1093,248,1,2022-04-02,,Active
1094,248,6,2022-04-02,,Active
1095,248,2,2022-04-02,,Active
1096,248,5,2022-04-02,,Active
1097,248,4,2022-04-02,,Active
1098,249,2,2023-11-03,,Active
1099,249,5,2023-11-03,,Active
1100,249,3,2023-11-03,,Active
1101,249,4,2023-11-03,,Active
1102,249,1,2023-11-03,,Active
1103,249,6,2023-11-03,,Active
1104,250,6,2024-03-17,,Active
1105,250,2,2024-03-17,,Active
1106,250,5,2024-03-17,,Active
1107,250,4,2024-03-17,,Active
1108,251,6,2025-08-09,,Active
1109,251,3,2025-08-09,,Active
1110,251,5,2025-08-09,,Active
1111,251,2,2025-08-09,,Active
1112,251,1,2025-08-09,,Active
1113,252,5,2025-04-09,,Active
1114,252,6,2025-04-09,,Active
1115,252,3,2025-04-09,,Active
1116,252,1,2025-04-09,,Active
1117,252,4,2025-04-09,,Active
1118,252,2,2025-04-09,,Active
1119,253,5,2025-01-12,2025-05-25,Inactive
1120,253,6,2025-01-12,2025-05-25,Inactive
1121,253,3,2025-01-12,2025-05-25,Inactive
1122,253,1,2025-01-12,2025-05-25,Inactive
1123,253,4,2025-01-12,2025-05-25,Inactive
1124,254,6,2023-10-22,,Active
1125,254,1,2023-10-22,,Active
1126,254,2,2023-10-22,,Active
1127,254,5,2023-10-22,,Active
1128,254,3,2023-10-22,,Active
1129,254,4,2023-10-22,,Active
1130,255,3,2021-05-24,2023-08-08,Inactive
1131,255,5,2021-05-24,2023-08-08,Inactive
1132,255,2,2021-05-24,2023-08-08,Inactive
1133,255,6,2021-05-24,2023-08-08,Inactive
1134,255,1,2021-05-24,2023-08-08,Inactive
1135,256,2,2021-10-20,,Active
1136,256,1,2021-10-20,,Active
1137,256,4,2021-10-20,,Active
1138,256,3,2021-10-20,,Active
1139,257,6,2025-02-20,,Active
1140,257,2,2025-02-20,,Active
1141,257,5,2025-02-20,,Active
1142,257,1,2025-02-20,,Active
1143,257,3,2025-02-20,,Active
1144,257,4,2025-02-20,,Active
1145,258,4,2024-01-13,,Active
1146,258,3,2024-01-13,,Active
1147,258,6,2024-01-13,,Active
1148,258,2,2024-01-13,,Active
1149,259,1,2023-05-05,2024-01-22,Inactive
1150,259,3,2023-05-05,2024-01-22,Inactive
1151,259,5,2023-05-05,2024-01-22,Inactive
1152,259,4,2023-05-05,2024-01-22,Inactive
1153,259,2,2023-05-05,2024-01-22,Inactive
1154,259,6,2023-05-05,2024-01-22,Inactive
1155,260,6,2023-12-04,,Active
1156,260,4,2023-12-04,,Active
1157,260,5,2023-12-04,,Active
1158,261,2,2022-11-20,2025-06-12,Inactive
1159,261,6,2022-11-20,2025-06-12,Inactive
1160,261,1,2022-11-20,2025-06-12,Inactive
1161,261,3,2022-11-20,2025-06-12,Inactive
1162,262,5,2021-12-02,,Active
1163,262,3,2021-12-02,,Active
1164,262,4,2021-12-02,,Active
1165,263,2,2022-12-27,,Active
1166,263,6,2022-12-27,,Active
1167,263,4,2022-12-27,,Active
1168,263,3,2022-12-27,,Active
1169,264,1,2022-08-07,,Active
1170,264,5,2022-08-07,,Active
1171,264,6,2022-08-07,,Active
1172,264,4,2022-08-07,,Active
1173,264,2,2022-08-07,,Active
1174,265,1,2023-07-19,,Active
1175,265,5,2023-07-19,,Active
1176,265,4,2023-07-19,,Active
1177,265,2,2023-07-19,,Active
1178,265,6,2023-07-19,,Active
1179,266,3,2023-05-20,,Active
1180,266,4,2023-05-20,,Active
1181,266,2,2023-05-20,,Active
1182,266,1,2023-05-20,,Active
1183,266,5,2023-05-20,,Active
1184,266,6,2023-05-20,,Active
1185,267,4,2023-10-02,,Active
1186,267,2,2023-10-02,,Active
1187,267,5,2023-10-02,,Active
1188,268,1,2024-01-02,,Active
1189,268,3,2024-01-02,,Active
1190,268,4,2024-01-02,,Active
1191,269,5,2021-04-29,,Active
1192,269,2,2021-04-29,,Active
1193,269,1,2021-04-29,,Active
1194,269,6,2021-04-29,,Active
1195,269,3,2021-04-29,,Active
1196,270,3,2022-01-15,,Active
1197,270,2,2022-01-15,,Active
1198,270,1,2022-01-15,,Active
1199,270,6,2022-01-15,,Active
1200,271,2,2023-08-31,,Active
1201,271,5,2023-08-31,,Active
1202,271,6,2023-08-31,,Active
1203,271,3,2023-08-31,,Active
1204,271,1,2023-08-31,,Active
1205,272,4,2023-09-24,,Active
1206,272,5,2023-09-24,,Active
1207,272,1,2023-09-24,,Active
1208,272,3,2023-09-24,,Active
1209,273,2,2025-07-30,,Active
1210,273,1,2025-07-30,,Active
1211,273,4,2025-07-30,,Active
1212,273,6,2025-07-30,,Active
1213,273,5,2025-07-30,,Active
1214,274,4,2025-08-29,,Active
1215,274,2,2025-08-29,,Active
1216,274,5,2025-08-29,,Active
1217,275,1,2025-02-25,,Active
1218,275,6,2025-02-25,,Active
1219,275,3,2025-02-25,,Active
1220,276,5,2022-05-22,,Active
1221,276,4,2022-05-22,,Active
1222,276,3,2022-05-22,,Active
1223,276,1,2022-05-22,,Active
1224,276,2,2022-05-22,,Active
1225,277,1,2025-08-07,,Active
1226,277,2,2025-08-07,,Active
1227,277,3,2025-08-07,,Active
1228,277,4,2025-08-07,,Active
1229,278,3,2023-12-13,,Active
1230,278,4,2023-12-13,,Active
1231,278,5,2023-12-13,,Active
1232,278,2,2023-12-13,,Active
1233,278,1,2023-12-13,,Active
1234,278,6,2023-12-13,,Active
1235,279,1,2023-12-15,,Active
1236,279,6,2023-12-15,,Active
1237,279,2,2023-12-15,,Active
1238,280,3,2025-02-27,,Active
1239,280,5,2025-02-27,,Active
1240,280,1,2025-02-27,,Active
1241,280,2,2025-02-27,,Active
1242,280,6,2025-02-27,,Active
1243,280,4,2025-02-27,,Active
1244,281,3,2022-05-09,,Active
1245,281,2,2022-05-09,,Active
1246,281,6,2022-05-09,,Active
1247,282,3,2023-03-08,,Active
1248,282,4,2023-03-08,,Active
1249,282,2,2023-03-08,,Active
1250,282,1,2023-03-08,,Active
1251,282,6,2023-03-08,,Active
1252,283,6,2024-06-19,,Active
1253,283,3,2024-06-19,,Active
1254,283,2,2024-06-19,,Active
1255,283,4,2024-06-19,,Active
1256,283,1,2024-06-19,,Active
1257,283,5,2024-06-19,,Active
1258,284,4,2022-12-15,,Active
1259,284,2,2022-12-15,,Active
1260,284,1,2022-12-15,,Active
1261,284,3,2022-12-15,,Active
1262,285,3,2022-08-06,,Active
1263,285,1,2022-08-06,,Active
1264,285,5,2022-08-06,,Active
1265,286,6,2022-11-29,,Active
1266,286,3,2022-11-29,,Active
1267,286,5,2022-11-29,,Active
1268,286,2,2022-11-29,,Active
1269,287,4,2021-11-05,2022-01-26,Inactive
1270,287,1,2021-11-05,2022-01-26,Inactive
1271,287,6,2021-11-05,2022-01-26,Inactive
1272,287,5,2021-11-05,2022-01-26,Inactive
1273,287,2,2021-11-05,2022-01-26,Inactive
1274,287,3,2021-11-05,2022-01-26,Inactive
1275,288,2,2022-09-05,2025-03-28,Inactive
1276,288,1,2022-09-05,2025-03-28,Inactive
1277,288,3,2022-09-05,2025-03-28,Inactive
1278,288,5,2022-09-05,2025-03-28,Inactive
1279,289,2,2023-09-08,2024-04-17,Inactive
1280,289,6,2023-09-08,2024-04-17,Inactive
1281,289,3,2023-09-08,2024-04-17,Inactive
1282,289,5,2023-09-08,2024-04-17,Inactive
1283,289,1,2023-09-08,2024-04-17,Inactive
1284,289,4,2023-09-08,2024-04-17,Inactive
1285,290,6,2023-04-21,,Active
1286,290,5,2023-04-21,,Active
1287,290,4,2023-04-21,,Active
1288,290,1,2023-04-21,,Active
1289,291,4,2024-12-31,,Active
1290,291,2,2024-12-31,,Active
1291,291,3,2024-12-31,,Active
1292,291,1,2024-12-31,,Active
1293,291,6,2024-12-31,,Active
1294,291,5,2024-12-31,,Active
1295,292,6,2025-08-05,2025-10-04,Inactive
1296,292,3,2025-08-05,2025-10-04,Inactive
1297,292,1,2025-08-05,2025-10-04,Inactive
1298,292,5,2025-08-05,2025-10-04,Inactive
1299,292,2,2025-08-05,2025-10-04,Inactive
1300,293,6,2021-08-10,,Active
1301,293,5,2021-08-10,,Active
1302,293,4,2021-08-10,,Active
1303,293,2,2021-08-10,,Active
1304,294,3,2021-08-31,,Active
1305,294,6,2021-08-31,,Active
1306,294,1,2021-08-31,,Active
1307,294,5,2021-08-31,,Active
1308,295,5,2021-04-17,2023-04-01,Inactive
1309,295,1,2021-04-17,2023-04-01,Inactive
1310,295,3,2021-04-17,2023-04-01,Inactive
1311,295,6,2021-04-17,2023-04-01,Inactive
1312,295,2,2021-04-17,2023-04-01,Inactive
1313,295,4,2021-04-17,2023-04-01,Inactive
1314,296,6,2021-09-30,,Active
1315,296,2,2021-09-30,,Active
1316,296,1,2021-09-30,,Active
1317,297,1,2021-08-21,2022-10-22,Inactive
1318,297,6,2021-08-21,2022-10-22,Inactive
1319,297,3,2021-08-21,2022-10-22,Inactive
1320,297,2,2021-08-21,2022-10-22,Inactive
1321,297,4,2021-08-21,2022-10-22,Inactive
1322,297,5,2021-08-21,2022-10-22,Inactive
1323,298,1,2021-04-02,,Active
1324,298,5,2021-04-02,,Active
1325,298,2,2021-04-02,,Active
1326,298,6,2021-04-02,,Active
1327,298,4,2021-04-02,,Active
1328,298,3,2021-04-02,,Active
1329,299,2,2021-11-14,,Active
1330,299,3,2021-11-14,,Active
1331,299,6,2021-11-14,,Active
1332,299,5,2021-11-14,,Active
1333,299,1,2021-11-14,,Active
1334,299,4,2021-11-14,,Active
1335,300,3,2023-06-10,,Active
1336,300,6,2023-06-10,,Active
1337,300,1,2023-06-10,,Active
1338,300,4,2023-06-10,,Active
1339,300,5,2023-06-10,,Active
1340,301,5,2021-12-13,,Active
1341,301,1,2021-12-13,,Active
1342,301,6,2021-12-13,,Active
1343,301,2,2021-12-13,,Active
1344,302,2,2025-04-28,,Active
1345,302,6,2025-04-28,,Active
1346,302,4,2025-04-28,,Active
1347,302,1,2025-04-28,,Active
1348,302,5,2025-04-28,,Active
1349,303,3,2023-05-26,,Active
1350,303,5,2023-05-26,,Active
1351,303,2,2023-05-26,,Active
1352,304,1,2023-10-18,,Active
1353,304,4,2023-10-18,,Active
1354,304,5,2023-10-18,,Active
1355,305,4,2025-05-10,2025-08-28,Inactive
1356,305,1,2025-05-10,2025-08-28,Inactive
1357,305,6,2025-05-10,2025-08-28,Inactive
1358,305,3,2025-05-10,2025-08-28,Inactive
1359,306,4,2021-03-15,,Active
1360,306,6,2021-03-15,,Active
1361,306,2,2021-03-15,,Active
1362,306,1,2021-03-15,,Active
1363,307,3,2023-12-24,,Active
1364,307,2,2023-12-24,,Active
1365,307,5,2023-12-24,,Active
1366,307,1,2023-12-24,,Active
1367,307,6,2023-12-24,,Active
1368,308,3,2025-05-09,,Active
1369,308,2,2025-05-09,,Active
1370,308,1,2025-05-09,,Active
1371,308,5,2025-05-09,,Active
1372,308,4,2025-05-09,,Active
1373,309,4,2022-05-31,2024-05-21,Inactive
1374,309,6,2022-05-31,2024-05-21,Inactive
1375,309,1,2022-05-31,2024-05-21,Inactive
1376,309,5,2022-05-31,2024-05-21,Inactive
1377,310,6,2025-04-18,,Active
1378,310,3,2025-04-18,,Active
1379,310,1,2025-04-18,,Active
1380,311,3,2023-07-27,,Active
1381,311,2,2023-07-27,,Active
1382,311,1,2023-07-27,,Active
1383,311,5,2023-07-27,,Active
1384,311,6,2023-07-27,,Active
1385,311,4,2023-07-27,,Active
1386,312,3,2023-08-24,,Active
1387,312,6,2023-08-24,,Active
1388,312,1,2023-08-24,,Active
1389,312,2,2023-08-24,,Active
1390,312,4,2023-08-24,,Active
1391,313,3,2021-11-03,,Active
1392,313,1,2021-11-03,,Active
1393,313,4,2021-11-03,,Active
1394,313,6,2021-11-03,,Active
1395,314,2,2023-04-16,,Active
1396,314,4,2023-04-16,,Active
1397,314,3,2023-04-16,,Active
1398,315,2,2021-08-25,,Active
1399,315,1,2021-08-25,,Active
1400,315,3,2021-08-25,,Active
1401,316,4,2023-02-23,2025-11-14,Inactive
1402,316,2,2023-02-23,2025-11-14,Inactive
1403,316,6,2023-02-23,2025-11-14,Inactive
1404,316,3,2023-02-23,2025-11-14,Inactive
1405,316,1,2023-02-23,2025-11-14,Inactive
1406,317,1,2023-08-04,,Active
1407,317,2,2023-08-04,,Active
1408,317,6,2023-08-04,,Active
1409,317,4,2023-08-04,,Active
1410,317,5,2023-08-04,,Active
1411,317,3,2023-08-04,,Active
1412,318,2,2023-04-22,,Active
1413,318,1,2023-04-22,,Active
1414,318,3,2023-04-22,,Active
1415,318,4,2023-04-22,,Active
1416,318,6,2023-04-22,,Active
1417,319,3,2025-09-23,,Active
1418,319,6,2025-09-23,,Active
1419,319,4,2025-09-23,,Active
1420,319,1,2025-09-23,,Active
1421,319,5,2025-09-23,,Active
1422,319,2,2025-09-23,,Active
1423,320,6,2022-11-02,,Active
1424,320,4,2022-11-02,,Active
1425,320,5,2022-11-02,,Active
1426,320,1,2022-11-02,,Active
1427,320,2,2022-11-02,,Active
1428,320,3,2022-11-02,,Active
1429,321,1,2023-09-03,,Active
1430,321,3,2023-09-03,,Active
1431,321,5,2023-09-03,,Active
1432,321,4,2023-09-03,,Active
1433,322,6,2025-10-17,,Active
1434,322,5,2025-10-17,,Active
1435,322,4,2025-10-17,,Active
1436,322,2,2025-10-17,,Active
1437,322,3,2025-10-17,,Active
1438,322,1,2025-10-17,,Active
1439,323,4,2024-12-26,,Active
1440,323,2,2024-12-26,,Active
1441,323,6,2024-12-26,,Active
1442,323,1,2024-12-26,,Active
1443,323,5,2024-12-26,,Active
1444,323,3,2024-12-26,,Active
1445,324,1,2021-09-19,2024-02-14,Inactive
1446,324,3,2021-09-19,2024-02-14,Inactive
1447,324,5,2021-09-19,2024-02-14,Inactive
1448,324,6,2021-09-19,2024-02-14,Inactive
1449,325,1,2022-09-02,,Active
1450,325,3,2022-09-02,,Active
1451,325,6,2022-09-02,,Active
1452,326,3,2021-12-26,,Active
1453,326,1,2021-12-26,,Active
1454,326,4,2021-12-26,,Active
1455,327,6,2022-02-25,,Active
1456,327,3,2022-02-25,,Active
1457,327,5,2022-02-25,,Active
1458,327,4,2022-02-25,,Active
1459,327,2,2022-02-25,,Active
1460,327,1,2022-02-25,,Active
1461,328,4,2024-12-19,,Active
1462,328,5,2024-12-19,,Active
1463,328,3,2024-12-19,,Active
1464,328,6,2024-12-19,,Active
1465,329,6,2024-12-14,,Active
1466,329,1,2024-12-14,,Active
1467,329,4,2024-12-14,,Active
1468,329,3,2024-12-14,,Active
1469,329,2,2024-12-14,,Active
1470,329,5,2024-12-14,,Active
1471,330,2,2025-11-03,,Active
1472,330,5,2025-11-03,,Active
1473,330,1,2025-11-03,,Active
1474,331,1,2024-04-09,2025-04-22,Inactive
1475,331,2,2024-04-09,2025-04-22,Inactive
1476,331,5,2024-04-09,2025-04-22,Inactive
1477,331,3,2024-04-09,2025-04-22,Inactive
1478,332,5,2025-11-09,,Active
1479,332,3,2025-11-09,,Active
1480,332,2,2025-11-09,,Active
1481,333,4,2024-12-03,,Active
1482,333,5,2024-12-03,,Active
1483,333,2,2024-12-03,,Active
1484,333,3,2024-12-03,,Active
1485,333,1,2024-12-03,,Active
1486,333,6,2024-12-03,,Active
1487,334,5,2023-11-13,,Active
1488,334,1,2023-11-13,,Active
1489,334,3,2023-11-13,,Active
1490,334,6,2023-11-13,,Active
1491,334,2,2023-11-13,,Active
1492,334,4,2023-11-13,,Active
1493,335,2,2022-12-05,,Active
1494,335,1,2022-12-05,,Active
1495,335,6,2022-12-05,,Active
1496,335,5,2022-12-05,,Active
1497,335,3,2022-12-05,,Active
1498,336,3,2022-04-11,2025-01-22,Inactive
1499,336,2,2022-04-11,2025-01-22,Inactive
1500,336,5,2022-04-11,2025-01-22,Inactive
1501,337,1,2021-01-04,,Active
1502,337,3,2021-01-04,,Active
1503,337,4,2021-01-04,,Active
1504,338,1,2022-07-29,,Active
1505,338,5,2022-07-29,,Active
1506,338,6,2022-07-29,,Active
1507,338,4,2022-07-29,,Active
1508,339,5,2025-05-08,,Active
1509,339,4,2025-05-08,,Active
1510,339,6,2025-05-08,,Active
1511,339,1,2025-05-08,,Active
1512,340,1,2025-06-01,,Active
1513,340,6,2025-06-01,,Active
1514,340,4,2025-06-01,,Active
1515,340,3,2025-06-01,,Active
1516,341,2,2023-09-11,2025-09-15,Inactive
1517,341,1,2023-09-11,2025-09-15,Inactive
1518,341,3,2023-09-11,2025-09-15,Inactive
1519,341,5,2023-09-11,2025-09-15,Inactive
1520,342,2,2025-04-25,,Active
1521,342,3,2025-04-25,,Active
1522,342,4,2025-04-25,,Active
1523,342,5,2025-04-25,,Active
1524,342,6,2025-04-25,,Active
1525,342,1,2025-04-25,,Active
1526,343,5,2022-02-04,,Active
1527,343,6,2022-02-04,,Active
1528,343,4,2022-02-04,,Active
1529,343,2,2022-02-04,,Active
1530,344,3,2021-11-13,,Active
1531,344,2,2021-11-13,,Active
1532,344,4,2021-11-13,,Active
1533,344,5,2021-11-13,,Active
1534,344,1,2021-11-13,,Active
1535,344,6,2021-11-13,,Active
1536,345,3,2022-08-24,,Active
1537,345,1,2022-08-24,,Active
1538,345,6,2022-08-24,,Active
1539,345,2,2022-08-24,,Active
1540,346,5,2021-01-16,,Active
1541,346,4,2021-01-16,,Active
1542,346,3,2021-01-16,,Active
1543,347,4,2023-02-02,,Active
1544,347,6,2023-02-02,,Active
1545,347,3,2023-02-02,,Active
1546,347,5,2023-02-02,,Active
1547,348,3,2022-08-20,,Active
1548,348,5,2022-08-20,,Active
1549,348,2,2022-08-20,,Active
1550,349,3,2021-06-02,,Active
1551,349,6,2021-06-02,,Active
1552,349,4,2021-06-02,,Active
1553,349,2,2021-06-02,,Active
1554,349,1,2021-06-02,,Active
1555,350,1,2022-05-31,,Active
1556,350,5,2022-05-31,,Active
1557,350,2,2022-05-31,,Active
1558,351,5,2024-07-16,,Active
1559,351,1,2024-07-16,,Active
1560,351,4,2024-07-16,,Active
1561,352,3,2024-02-09,,Active
1562,352,5,2024-02-09,,Active
1563,352,6,2024-02-09,,Active
1564,352,4,2024-02-09,,Active
1565,352,1,2024-02-09,,Active
1566,353,4,2023-04-25,,Active
1567,353,6,2023-04-25,,Active
1568,353,3,2023-04-25,,Active
1569,353,2,2023-04-25,,Active
1570,353,5,2023-04-25,,Active
1571,353,1,2023-04-25,,Active
1572,354,1,2024-02-26,,Active
1573,354,6,2024-02-26,,Active
1574,354,4,2024-02-26,,Active
1575,355,1,2021-04-22,,Active
1576,355,3,2021-04-22,,Active
1577,355,2,2021-04-22,,Active
1578,355,4,2021-04-22,,Active
1579,356,5,2021-10-14,,Active
1580,356,1,2021-10-14,,Active
1581,356,4,2021-10-14,,Active
1582,356,6,2021-10-14,,Active
1583,357,6,2021-04-19,2025-09-13,Inactive
1584,357,5,2021-04-19,2025-09-13,Inactive
1585,357,3,2021-04-19,2025-09-13,Inactive
1586,358,5,2021-09-21,,Active
1587,358,6,2021-09-21,,Active
1588,358,2,2021-09-21,,Active
1589,359,2,2022-03-13,,Active
1590,359,4,2022-03-13,,Active
1591,359,5,2022-03-13,,Active
1592,359,1,2022-03-13,,Active
1593,359,3,2022-03-13,,Active
1594,360,2,2024-06-24,,Active
1595,360,6,2024-06-24,,Active
1596,360,3,2024-06-24,,Active
1597,360,1,2024-06-24,,Active
1598,360,4,2024-06-24,,Active
1599,361,4,2021-02-03,,Active
1600,361,1,2021-02-03,,Active
1601,361,6,2021-02-03,,Active
1602,361,5,2021-02-03,,Active
1603,362,2,2025-06-18,2025-11-10,Inactive
1604,362,6,2025-06-18,2025-11-10,Inactive
1605,362,5,2025-06-18,2025-11-10,Inactive
1606,362,3,2025-06-18,2025-11-10,Inactive
1607,363,5,2022-08-24,,Active
1608,363,2,2022-08-24,,Active
1609,363,3,2022-08-24,,Active
1610,363,6,2022-08-24,,Active
1611,363,1,2022-08-24,,Active
1612,363,4,2022-08-24,,Active
1613,364,5,2024-12-27,,Active
1614,364,1,2024-12-27,,Active
1615,364,6,2024-12-27,,Active
1616,364,4,2024-12-27,,Active
1617,364,2,2024-12-27,,Active
1618,365,3,2022-09-16,2023-10-11,Inactive
1619,365,4,2022-09-16,2023-10-11,Inactive
1620,365,2,2022-09-16,2023-10-11,Inactive
1621,366,6,2024-04-30,,Active
1622,366,1,2024-04-30,,Active
1623,366,2,2024-04-30,,Active
1624,366,5,2024-04-30,,Active
1625,367,6,2024-09-23,,Active
1626,367,2,2024-09-23,,Active
1627,367,1,2024-09-23,,Active
1628,367,5,2024-09-23,,Active
1629,367,4,2024-09-23,,Active
1630,367,3,2024-09-23,,Active
1631,368,6,2021-05-24,2023-11-03,Inactive
1632,368,1,2021-05-24,2023-11-03,Inactive
1633,368,3,2021-05-24,2023-11-03,Inactive
1634,368,2,2021-05-24,2023-11-03,Inactive
1635,369,4,2024-09-06,,Active
1636,369,3,2024-09-06,,Active
1637,369,5,2024-09-06,,Active
1638,369,1,2024-09-06,,Active
1639,369,2,2024-09-06,,Active
1640,370,6,2025-09-01,,Active
1641,370,3,2025-09-01,,Active
1642,370,4,2025-09-01,,Active
1643,370,1,2025-09-01,,Active
1644,370,2,2025-09-01,,Active
1645,371,6,2025-11-30,,Active
1646,371,1,2025-11-30,,Active
1647,371,2,2025-11-30,,Active
1648,371,3,2025-11-30,,Active
1649,371,5,2025-11-30,,Active
1650,372,5,2024-06-28,,Active
1651,372,6,2024-06-28,,Active
1652,372,4,2024-06-28,,Active
1653,372,1,2024-06-28,,Active
1654,373,5,2025-02-01,,Active
1655,373,4,2025-02-01,,Active
1656,373,6,2025-02-01,,Active
1657,373,3,2025-02-01,,Active
1658,374,1,2025-06-05,,Active
1659,374,4,2025-06-05,,Active
1660,374,3,2025-06-05,,Active
1661,374,5,2025-06-05,,Active
1662,374,2,2025-06-05,,Active
1663,375,1,2021-11-22,,Active
1664,375,5,2021-11-22,,Active
1665,375,4,2021-11-22,,Active
1666,375,6,2021-11-22,,Active
1667,375,3,2021-11-22,,Active
1668,376,5,2021-10-18,2023-10-24,Inactive
1669,376,3,2021-10-18,2023-10-24,Inactive
1670,376,4,2021-10-18,2023-10-24,Inactive
1671,376,1,2021-10-18,2023-10-24,Inactive
1672,376,6,2021-10-18,2023-10-24,Inactive
1673,376,2,2021-10-18,2023-10-24,Inactive
1674,377,6,2022-06-02,,Active
1675,377,3,2022-06-02,,Active
1676,377,5,2022-06-02,,Active
1677,378,6,2025-06-15,2025-12-22,Inactive
1678,378,3,2025-06-15,2025-12-22,Inactive
1679,378,4,2025-06-15,2025-12-22,Inactive
1680,379,3,2021-10-08,2022-06-03,Inactive
1681,379,6,2021-10-08,2022-06-03,Inactive
1682,379,5,2021-10-08,2022-06-03,Inactive
1683,379,4,2021-10-08,2022-06-03,Inactive
1684,379,2,2021-10-08,2022-06-03,Inactive
1685,379,1,2021-10-08,2022-06-03,Inactive
1686,380,5,2025-08-25,,Active
1687,380,3,2025-08-25,,Active
1688,380,6,2025-08-25,,Active
1689,381,6,2023-07-23,,Active
1690,381,4,2023-07-23,,Active
1691,381,3,2023-07-23,,Active
1692,381,5,2023-07-23,,Active
1693,381,1,2023-07-23,,Active
1694,381,2,2023-07-23,,Active
1695,382,2,2024-10-27,2025-11-08,Inactive
1696,382,1,2024-10-27,2025-11-08,Inactive
1697,382,4,2024-10-27,2025-11-08,Inactive
1698,383,3,2022-02-28,,Active
1699,383,1,2022-02-28,,Active
1700,383,2,2022-02-28,,Active
1701,383,5,2022-02-28,,Active
1702,383,4,2022-02-28,,Active
1703,384,4,2025-03-03,,Active
1704,384,5,2025-03-03,,Active
1705,384,2,2025-03-03,,Active
1706,384,1,2025-03-03,,Active
1707,384,3,2025-03-03,,Active
1708,385,5,2021-09-16,2023-02-01,Inactive
1709,385,6,2021-09-16,2023-02-01,Inactive
1710,385,4,2021-09-16,2023-02-01,Inactive
1711,385,2,2021-09-16,2023-02-01,Inactive
1712,385,3,2021-09-16,2023-02-01,Inactive
1713,386,5,2024-05-14,2024-12-21,Inactive
1714,386,1,2024-05-14,2024-12-21,Inactive
1715,386,4,2024-05-14,2024-12-21,Inactive
1716,386,2,2024-05-14,2024-12-21,Inactive
1717,386,6,2024-05-14,2024-12-21,Inactive
1718,386,3,2024-05-14,2024-12-21,Inactive
1719,387,5,2021-01-23,,Active
1720,387,4,2021-01-23,,Active
1721,387,1,2021-01-23,,Active
1722,387,2,2021-01-23,,Active
1723,387,3,2021-01-23,,Active
1724,388,3,2021-03-08,,Active
1725,388,5,2021-03-08,,Active
1726,388,6,2021-03-08,,Active
1727,388,1,2021-03-08,,Active
1728,388,4,2021-03-08,,Active
1729,389,3,2022-11-24,2024-01-14,Inactive
1730,389,2,2022-11-24,2024-01-14,Inactive
1731,389,1,2022-11-24,2024-01-14,Inactive
1732,389,6,2022-11-24,2024-01-14,Inactive
1733,389,5,2022-11-24,2024-01-14,Inactive
1734,390,1,2021-06-08,,Active
1735,390,3,2021-06-08,,Active
1736,390,4,2021-06-08,,Active
1737,391,6,2024-05-14,2025-10-10,Inactive
1738,391,2,2024-05-14,2025-10-10,Inactive
1739,391,3,2024-05-14,2025-10-10,Inactive
1740,392,4,2022-12-11,,Active
1741,392,2,2022-12-11,,Active
1742,392,6,2022-12-11,,Active
1743,393,1,2025-06-20,2025-12-19,Inactive
1744,393,6,2025-06-20,2025-12-19,Inactive
1745,393,2,2025-06-20,2025-12-19,Inactive
1746,393,4,2025-06-20,2025-12-19,Inactive
1747,393,3,2025-06-20,2025-12-19,Inactive
1748,394,2,2024-10-14,2025-04-02,Inactive
1749,394,1,2024-10-14,2025-04-02,Inactive
1750,394,3,2024-10-14,2025-04-02,Inactive
1751,395,3,2022-05-12,2025-12-04,Inactive
1752,395,6,2022-05-12,2025-12-04,Inactive
1753,395,1,2022-05-12,2025-12-04,Inactive
1754,396,5,2022-03-09,,Active
1755,396,1,2022-03-09,,Active
1756,396,6,2022-03-09,,Active
1757,396,2,2022-03-09,,Active
1758,396,3,2022-03-09,,Active
1759,397,3,2024-07-17,,Active
1760,397,5,2024-07-17,,Active
1761,397,4,2024-07-17,,Active
1762,397,1,2024-07-17,,Active
1763,397,2,2024-07-17,,Active
1764,397,6,2024-07-17,,Active
1765,398,6,2021-05-19,2022-11-23,Inactive
1766,398,2,2021-05-19,2022-11-23,Inactive
1767,398,1,2021-05-19,2022-11-23,Inactive
1768,398,3,2021-05-19,2022-11-23,Inactive
1769,399,1,2022-10-10,,Active
1770,399,5,2022-10-10,,Active
1771,399,3,2022-10-10,,Active
1772,399,2,2022-10-10,,Active
1773,400,2,2023-03-24,,Active
1774,400,4,2023-03-24,,Active
1775,400,3,2023-03-24,,Active
1776,400,6,2023-03-24,,Active
1777,400,1,2023-03-24,,Active
1778,400,5,2023-03-24,,Active
1779,401,6,2024-10-17,,Active
1780,401,4,2024-10-17,,Active
1781,401,1,2024-10-17,,Active
1782,401,2,2024-10-17,,Active
1783,401,5,2024-10-17,,Active
1784,401,3,2024-10-17,,Active
1785,402,5,2023-08-15,2025-01-24,Inactive
1786,402,2,2023-08-15,2025-01-24,Inactive
1787,402,6,2023-08-15,2025-01-24,Inactive
1788,402,3,2023-08-15,2025-01-24,Inactive
1789,402,4,2023-08-15,2025-01-24,Inactive
1790,402,1,2023-08-15,2025-01-24,Inactive
1791,403,2,2022-03-13,,Active
1792,403,1,2022-03-13,,Active
1793,403,4,2022-03-13,,Active
1794,404,2,2022-10-12,,Active
1795,404,1,2022-10-12,,Active
1796,404,6,2022-10-12,,Active
1797,405,2,2021-04-25,2022-08-07,Inactive
1798,405,6,2021-04-25,2022-08-07,Inactive
1799,405,5,2021-04-25,2022-08-07,Inactive
1800,405,1,2021-04-25,2022-08-07,Inactive
1801,406,2,2025-02-23,,Active
1802,406,1,2025-02-23,,Active
1803,406,3,2025-02-23,,Active
1804,406,6,2025-02-23,,Active
1805,407,5,2024-11-03,,Active
1806,407,1,2024-11-03,,Active
1807,407,6,2024-11-03,,Active
1808,407,4,2024-11-03,,Active
1809,407,2,2024-11-03,,Active
1810,408,4,2024-05-15,,Active
1811,408,1,2024-05-15,,Active
1812,408,5,2024-05-15,,Active
1813,408,3,2024-05-15,,Active
1814,408,2,2024-05-15,,Active
1815,409,6,2022-11-25,,Active
1816,409,5,2022-11-25,,Active
1817,409,2,2022-11-25,,Active
1818,410,6,2021-10-19,,Active
1819,410,5,2021-10-19,,Active
1820,410,2,2021-10-19,,Active
1821,410,1,2021-10-19,,Active
1822,410,3,2021-10-19,,Active
1823,411,4,2022-04-08,,Active
1824,411,3,2022-04-08,,Active
1825,411,5,2022-04-08,,Active
1826,412,4,2025-03-12,,Active
1827,412,5,2025-03-12,,Active
1828,412,2,2025-03-12,,Active
1829,412,1,2025-03-12,,Active
1830,413,5,2024-11-07,,Active
1831,413,4,2024-11-07,,Active
1832,413,2,2024-11-07,,Active
1833,413,1,2024-11-07,,Active
1834,414,2,2024-09-04,2025-10-10,Inactive
1835,414,1,2024-09-04,2025-10-10,Inactive
1836,414,3,2024-09-04,2025-10-10,Inactive
1837,414,4,2024-09-04,2025-10-10,Inactive
1838,414,6,2024-09-04,2025-10-10,Inactive
1839,414,5,2024-09-04,2025-10-10,Inactive
1840,415,6,2022-12-30,,Active
1841,415,3,2022-12-30,,Active
1842,415,4,2022-12-30,,Active
1843,415,5,2022-12-30,,Active
1844,416,6,2021-02-21,,Active
1845,416,1,2021-02-21,,Active
1846,416,2,2021-02-21,,Active
1847,416,5,2021-02-21,,Active
1848,416,3,2021-02-21,,Active
1849,417,2,2022-04-20,,Active
1850,417,4,2022-04-20,,Active
1851,417,5,2022-04-20,,Active
1852,417,6,2022-04-20,,Active
1853,417,3,2022-04-20,,Active
1854,418,2,2021-11-28,,Active
1855,418,1,2021-11-28,,Active
1856,418,6,2021-11-28,,Active
1857,418,3,2021-11-28,,Active
1858,418,4,2021-11-28,,Active
1859,419,1,2023-04-24,,Active
1860,419,3,2023-04-24,,Active
1861,419,6,2023-04-24,,Active
1862,419,4,2023-04-24,,Active
1863,419,2,2023-04-24,,Active
1864,420,1,2023-05-05,,Active
1865,420,5,2023-05-05,,Active
1866,420,6,2023-05-05,,Active
1867,420,2,2023-05-05,,Active
1868,421,5,2022-03-29,,Active
1869,421,4,2022-03-29,,Active
1870,421,2,2022-03-29,,Active
1871,421,3,2022-03-29,,Active
1872,421,1,2022-03-29,,Active
1873,422,2,2023-10-14,2024-07-03,Inactive
1874,422,6,2023-10-14,2024-07-03,Inactive
1875,422,1,2023-10-14,2024-07-03,Inactive
1876,422,5,2023-10-14,2024-07-03,Inactive
1877,423,5,2024-11-12,,Active
1878,423,3,2024-11-12,,Active
1879,423,4,2024-11-12,,Active
1880,423,6,2024-11-12,,Active
1881,423,1,2024-11-12,,Active
1882,424,6,2025-06-24,,Active
1883,424,2,2025-06-24,,Active
1884,424,4,2025-06-24,,Active
1885,424,5,2025-06-24,,Active
1886,424,1,2025-06-24,,Active
1887,424,3,2025-06-24,,Active
1888,425,6,2022-07-24,,Active
1889,425,5,2022-07-24,,Active
1890,425,2,2022-07-24,,Active
1891,425,3,2022-07-24,,Active
1892,426,1,2023-10-04,,Active
1893,426,2,2023-10-04,,Active
1894,426,5,2023-10-04,,Active
1895,426,3,2023-10-04,,Active
1896,426,4,2023-10-04,,Active
1897,427,6,2021-09-12,,Active
1898,427,1,2021-09-12,,Active
1899,427,3,2021-09-12,,Active
1900,427,2,2021-09-12,,Active
1901,427,5,2021-09-12,,Active
1902,427,4,2021-09-12,,Active
1903,428,2,2024-04-11,,Active
1904,428,3,2024-04-11,,Active
1905,428,4,2024-04-11,,Active
1906,429,2,2025-07-08,,Active
1907,429,6,2025-07-08,,Active
1908,429,1,2025-07-08,,Active
1909,429,5,2025-07-08,,Active
1910,430,6,2025-10-20,,Active
1911,430,1,2025-10-20,,Active
1912,430,4,2025-10-20,,Active
1913,430,5,2025-10-20,,Active
1914,431,5,2021-04-07,,Active
1915,431,4,2021-04-07,,Active
1916,431,3,2021-04-07,,Active
1917,432,6,2022-07-19,,Active
1918,432,5,2022-07-19,,Active
1919,432,4,2022-07-19,,Active
1920,432,1,2022-07-19,,Active
1921,432,3,2022-07-19,,Active
1922,433,4,2023-01-09,2023-11-16,Inactive
1923,433,6,2023-01-09,2023-11-16,Inactive
1924,433,3,2023-01-09,2023-11-16,Inactive
1925,434,4,2025-02-20,,Active
1926,434,2,2025-02-20,,Active
1927,434,3,2025-02-20,,Active
1928,435,6,2025-01-21,2025-10-17,Inactive
1929,435,4,2025-01-21,2025-10-17,Inactive
1930,435,5,2025-01-21,2025-10-17,Inactive
1931,436,4,2025-08-17,,Active
1932,436,3,2025-08-17,,Active
1933,436,5,2025-08-17,,Active
1934,436,6,2025-08-17,,Active
1935,436,1,2025-08-17,,Active
1936,436,2,2025-08-17,,Active
1937,437,4,2025-09-24,,Active
1938,437,1,2025-09-24,,Active
1939,437,6,2025-09-24,,Active
1940,437,3,2025-09-24,,Active
1941,437,2,2025-09-24,,Active
1942,438,5,2025-08-02,,Active
1943,438,4,2025-08-02,,Active
1944,438,1,2025-08-02,,Active
1945,439,4,2024-06-15,,Active
1946,439,2,2024-06-15,,Active
1947,439,3,2024-06-15,,Active
1948,439,1,2024-06-15,,Active
1949,439,6,2024-06-15,,Active
1950,439,5,2024-06-15,,Active
1951,440,6,2022-09-10,,Active
1952,440,3,2022-09-10,,Active
1953,440,2,2022-09-10,,Active
1954,440,1,2022-09-10,,Active
1955,440,4,2022-09-10,,Active
1956,441,1,2022-04-03,,Active
1957,441,5,2022-04-03,,Active
1958,441,2,2022-04-03,,Active
1959,441,4,2022-04-03,,Active
1960,442,3,2025-09-23,2025-12-21,Inactive
1961,442,2,2025-09-23,2025-12-21,Inactive
1962,442,6,2025-09-23,2025-12-21,Inactive
1963,442,1,2025-09-23,2025-12-21,Inactive
1964,442,5,2025-09-23,2025-12-21,Inactive
1965,443,4,2023-12-28,,Active
1966,443,6,2023-12-28,,Active
1967,443,5,2023-12-28,,Active
1968,444,1,2023-03-24,,Active
1969,444,4,2023-03-24,,Active
1970,444,3,2023-03-24,,Active
1971,444,6,2023-03-24,,Active
1972,445,2,2022-01-25,2023-01-17,Inactive
1973,445,1,2022-01-25,2023-01-17,Inactive
1974,445,4,2022-01-25,2023-01-17,Inactive
1975,445,5,2022-01-25,2023-01-17,Inactive
1976,445,3,2022-01-25,2023-01-17,Inactive
1977,446,3,2024-10-27,,Active
1978,446,2,2024-10-27,,Active
1979,446,5,2024-10-27,,Active
1980,446,6,2024-10-27,,Active
1981,447,2,2023-01-04,,Active
1982,447,4,2023-01-04,,Active
1983,447,3,2023-01-04,,Active
1984,447,1,2023-01-04,,Active
1985,448,2,2024-11-09,2025-11-25,Inactive
1986,448,6,2024-11-09,2025-11-25,Inactive
1987,448,1,2024-11-09,2025-11-25,Inactive
1988,448,3,2024-11-09,2025-11-25,Inactive
1989,449,3,2023-10-28,2025-03-14,Inactive
1990,449,2,2023-10-28,2025-03-14,Inactive
1991,449,1,2023-10-28,2025-03-14,Inactive
1992,449,6,2023-10-28,2025-03-14,Inactive
1993,449,5,2023-10-28,2025-03-14,Inactive
1994,449,4,2023-10-28,2025-03-14,Inactive
1995,450,5,2023-04-11,2025-10-26,Inactive
1996,450,6,2023-04-11,2025-10-26,Inactive
1997,450,2,2023-04-11,2025-10-26,Inactive
1998,451,4,2023-09-04,,Active
1999,451,1,2023-09-04,,Active
2000,451,6,2023-09-04,,Active
2001,451,3,2023-09-04,,Active
2002,451,2,2023-09-04,,Active
2003,451,5,2023-09-04,,Active
2004,452,4,2021-02-23,2023-06-22,Inactive
2005,452,3,2021-02-23,2023-06-22,Inactive
2006,452,6,2021-02-23,2023-06-22,Inactive
2007,452,1,2021-02-23,2023-06-22,Inactive
2008,453,4,2021-06-06,,Active
2009,453,5,2021-06-06,,Active
2010,453,1,2021-06-06,,Active
2011,454,4,2025-11-20,,Active
2012,454,3,2025-11-20,,Active
2013,454,1,2025-11-20,,Active
2014,454,2,2025-11-20,,Active
2015,455,6,2022-02-09,,Active
2016,455,5,2022-02-09,,Active
2017,455,3,2022-02-09,,Active
2018,455,4,2022-02-09,,Active
2019,456,4,2023-01-14,,Active
2020,456,3,2023-01-14,,Active
2021,456,1,2023-01-14,,Active
2022,456,5,2023-01-14,,Active
2023,456,6,2023-01-14,,Active
2024,456,2,2023-01-14,,Active
2025,457,6,2024-09-08,,Active
2026,457,2,2024-09-08,,Active
2027,457,4,2024-09-08,,Active
2028,457,1,2024-09-08,,Active
2029,458,4,2021-01-27,,Active
2030,458,2,2021-01-27,,Active
2031,458,5,2021-01-27,,Active
2032,458,1,2021-01-27,,Active
2033,459,4,2024-06-12,,Active
2034,459,6,2024-06-12,,Active
2035,459,1,2024-06-12,,Active
2036,460,4,2023-08-24,,Active
2037,460,5,2023-08-24,,Active
2038,460,6,2023-08-24,,Active
2039,460,1,2023-08-24,,Active
2040,460,3,2023-08-24,,Active
2041,460,2,2023-08-24,,Active
2042,461,3,2025-02-09,,Active
2043,461,4,2025-02-09,,Active
2044,461,6,2025-02-09,,Active
2045,461,2,2025-02-09,,Active
2046,462,4,2024-02-13,,Active
2047,462,5,2024-02-13,,Active
2048,462,1,2024-02-13,,Active
2049,462,2,2024-02-13,,Active
2050,462,3,2024-02-13,,Active
2051,463,5,2022-05-18,,Active
2052,463,4,2022-05-18,,Active
2053,463,1,2022-05-18,,Active
2054,463,6,2022-05-18,,Active
2055,464,6,2023-07-26,,Active
2056,464,2,2023-07-26,,Active
2057,464,5,2023-07-26,,Active
2058,464,4,2023-07-26,,Active
2059,465,2,2023-10-10,,Active
2060,465,3,2023-10-10,,Active
2061,465,5,2023-10-10,,Active
2062,465,1,2023-10-10,,Active
2063,465,4,2023-10-10,,Active
2064,466,2,2022-11-07,2024-12-30,Inactive
2065,466,4,2022-11-07,2024-12-30,Inactive
2066,466,6,2022-11-07,2024-12-30,Inactive
2067,466,1,2022-11-07,2024-12-30,Inactive
2068,466,3,2022-11-07,2024-12-30,Inactive
2069,466,5,2022-11-07,2024-12-30,Inactive
2070,467,3,2024-11-01,,Active
2071,467,5,2024-11-01,,Active
2072,467,2,2024-11-01,,Active
2073,467,6,2024-11-01,,Active
2074,467,1,2024-11-01,,Active
2075,467,4,2024-11-01,,Active
2076,468,2,2025-07-09,,Active
2077,468,3,2025-07-09,,Active
2078,468,1,2025-07-09,,Active
2079,468,4,2025-07-09,,Active
2080,468,5,2025-07-09,,Active
2081,469,4,2021-10-18,,Active
2082,469,1,2021-10-18,,Active
2083,469,2,2021-10-18,,Active
2084,470,4,2021-12-09,2023-09-11,Inactive
2085,470,6,2021-12-09,2023-09-11,Inactive
2086,470,3,2021-12-09,2023-09-11,Inactive
2087,470,2,2021-12-09,2023-09-11,Inactive
2088,470,5,2021-12-09,2023-09-11,Inactive
2089,470,1,2021-12-09,2023-09-11,Inactive
2090,471,5,2021-12-02,,Active
2091,471,1,2021-12-02,,Active
2092,471,2,2021-12-02,,Active
2093,471,6,2021-12-02,,Active
2094,472,6,2024-05-05,,Active
2095,472,4,2024-05-05,,Active
2096,472,1,2024-05-05,,Active
2097,473,4,2021-10-18,,Active
2098,473,5,2021-10-18,,Active
2099,473,6,2021-10-18,,Active
2100,473,1,2021-10-18,,Active
2101,473,3,2021-10-18,,Active
2102,474,3,2021-11-30,2025-04-24,Inactive
2103,474,6,2021-11-30,2025-04-24,Inactive
2104,474,2,2021-11-30,2025-04-24,Inactive
2105,474,1,2021-11-30,2025-04-24,Inactive
2106,475,6,2025-02-22,,Active
2107,475,1,2025-02-22,,Active
2108,475,2,2025-02-22,,Active
2109,475,4,2025-02-22,,Active
2110,475,3,2025-02-22,,Active
2111,476,3,2021-01-25,,Active
2112,476,2,2021-01-25,,Active
2113,476,5,2021-01-25,,Active
2114,477,3,2025-03-03,,Active
2115,477,2,2025-03-03,,Active
2116,477,4,2025-03-03,,Active
2117,477,6,2025-03-03,,Active
2118,477,5,2025-03-03,,Active
2119,478,6,2021-11-15,2022-03-28,Inactive
2120,478,5,2021-11-15,2022-03-28,Inactive
2121,478,4,2021-11-15,2022-03-28,Inactive
2122,478,1,2021-11-15,2022-03-28,Inactive
2123,478,3,2021-11-15,2022-03-28,Inactive
2124,478,2,2021-11-15,2022-03-28,Inactive
2125,479,6,2022-11-08,,Active
2126,479,2,2022-11-08,,Active
2127,479,1,2022-11-08,,Active
2128,479,5,2022-11-08,,Active
2129,480,4,2023-12-13,2025-07-10,Inactive
2130,480,1,2023-12-13,2025-07-10,Inactive
2131,480,2,2023-12-13,2025-07-10,Inactive
2132,480,6,2023-12-13,2025-07-10,Inactive
2133,481,1,2023-08-30,,Active
2134,481,5,2023-08-30,,Active
2135,481,6,2023-08-30,,Active
2136,482,3,2021-02-08,,Active
2137,482,1,2021-02-08,,Active
2138,482,4,2021-02-08,,Active
2139,482,5,2021-02-08,,Active
2140,482,6,2021-02-08,,Active
2141,483,2,2024-04-24,,Active
2142,483,5,2024-04-24,,Active
2143,483,3,2024-04-24,,Active
2144,483,1,2024-04-24,,Active
2145,483,6,2024-04-24,,Active
2146,484,6,2021-05-14,,Active
2147,484,1,2021-05-14,,Active
2148,484,5,2021-05-14,,Active
2149,484,3,2021-05-14,,Active
2150,484,2,2021-05-14,,Active
2151,485,3,2023-04-12,,Active
2152,485,2,2023-04-12,,Active
2153,485,4,2023-04-12,,Active
2154,485,1,2023-04-12,,Active
2155,486,3,2025-10-24,,Active
2156,486,2,2025-10-24,,Active
2157,486,6,2025-10-24,,Active
2158,486,4,2025-10-24,,Active
2159,487,1,2024-03-16,2024-10-12,Inactive
2160,487,4,2024-03-16,2024-10-12,Inactive
2161,487,3,2024-03-16,2024-10-12,Inactive
2162,487,2,2024-03-16,2024-10-12,Inactive
2163,487,5,2024-03-16,2024-10-12,Inactive
2164,488,3,2022-04-20,,Active
2165,488,4,2022-04-20,,Active
2166,488,1,2022-04-20,,Active
2167,488,5,2022-04-20,,Active
2168,488,6,2022-04-20,,Active
2169,489,1,2021-06-06,,Active
2170,489,2,2021-06-06,,Active
2171,489,3,2021-06-06,,Active
2172,490,6,2022-10-27,,Active
2173,490,4,2022-10-27,,Active
2174,490,2,2022-10-27,,Active
2175,490,1,2022-10-27,,Active
2176,490,3,2022-10-27,,Active
2177,491,3,2022-06-18,,Active
2178,491,5,2022-06-18,,Active
2179,491,6,2022-06-18,,Active
2180,491,1,2022-06-18,,Active
2181,491,2,2022-06-18,,Active
2182,491,4,2022-06-18,,Active
2183,492,5,2022-03-26,,Active
2184,492,3,2022-03-26,,Active
2185,492,4,2022-03-26,,Active
2186,492,6,2022-03-26,,Active
2187,492,1,2022-03-26,,Active
2188,492,2,2022-03-26,,Active
2189,493,2,2021-02-24,,Active
2190,493,1,2021-02-24,,Active
2191,493,6,2021-02-24,,Active
2192,494,4,2023-09-04,,Active
2193,494,5,2023-09-04,,Active
2194,494,1,2023-09-04,,Active
2195,494,2,2023-09-04,,Active
2196,494,3,2023-09-04,,Active
2197,495,2,2024-12-01,,Active
2198,495,6,2024-12-01,,Active
2199,495,4,2024-12-01,,Active
2200,495,5,2024-12-01,,Active
2201,496,4,2023-08-29,,Active
2202,496,3,2023-08-29,,Active
2203,496,5,2023-08-29,,Active
2204,496,2,2023-08-29,,Active
2205,497,3,2024-02-13,,Active
2206,497,6,2024-02-13,,Active
2207,497,1,2024-02-13,,Active
2208,497,5,2024-02-13,,Active
2209,497,4,2024-02-13,,Active
2210,498,4,2023-01-31,,Active
2211,498,5,2023-01-31,,Active
2212,498,6,2023-01-31,,Active
2213,498,2,2023-01-31,,Active
2214,498,1,2023-01-31,,Active
2215,498,3,2023-01-31,,Active
2216,499,2,2021-05-17,2022-08-01,Inactive
2217,499,3,2021-05-17,2022-08-01,Inactive
2218,499,6,2021-05-17,2022-08-01,Inactive
2219,499,4,2021-05-17,2022-08-01,Inactive
2220,500,2,2021-07-14,,Active
2221,500,6,2021-07-14,,Active
2222,500,1,2021-07-14,,Active
2223,501,5,2024-10-04,,Active
2224,501,2,2024-10-04,,Active
2225,501,4,2024-10-04,,Active
2226,502,1,2024-10-09,2025-11-30,Inactive
2227,502,2,2024-10-09,2025-11-30,Inactive
2228,502,6,2024-10-09,2025-11-30,Inactive
2229,502,3,2024-10-09,2025-11-30,Inactive
2230,502,5,2024-10-09,2025-11-30,Inactive
2231,502,4,2024-10-09,2025-11-30,Inactive
2232,503,4,2025-09-09,,Active
2233,503,2,2025-09-09,,Active
2234,503,3,2025-09-09,,Active
2235,503,1,2025-09-09,,Active
2236,504,2,2021-03-16,,Active
2237,504,5,2021-03-16,,Active
2238,504,3,2021-03-16,,Active
2239,504,1,2021-03-16,,Active
2240,504,4,2021-03-16,,Active
2241,504,6,2021-03-16,,Active
2242,505,4,2024-03-18,,Active
2243,505,1,2024-03-18,,Active
2244,505,6,2024-03-18,,Active
2245,505,2,2024-03-18,,Active
2246,505,5,2024-03-18,,Active
2247,506,6,2025-01-10,,Active
2248,506,2,2025-01-10,,Active
2249,506,1,2025-01-10,,Active
2250,506,4,2025-01-10,,Active
2251,506,5,2025-01-10,,Active
2252,506,3,2025-01-10,,Active
2253,507,3,2025-08-13,2025-11-09,Inactive
2254,507,2,2025-08-13,2025-11-09,Inactive
2255,507,1,2025-08-13,2025-11-09,Inactive
2256,507,5,2025-08-13,2025-11-09,Inactive
2257,507,6,2025-08-13,2025-11-09,Inactive
2258,508,2,2023-03-18,,Active
2259,508,4,2023-03-18,,Active
2260,508,3,2023-03-18,,Active
2261,508,6,2023-03-18,,Active
2262,508,5,2023-03-18,,Active
2263,509,2,2025-05-26,2025-11-11,Inactive
2264,509,4,2025-05-26,2025-11-11,Inactive
2265,509,5,2025-05-26,2025-11-11,Inactive
2266,510,3,2024-11-03,2025-12-10,Inactive
2267,510,2,2024-11-03,2025-12-10,Inactive
2268,510,4,2024-11-03,2025-12-10,Inactive
2269,511,1,2023-09-26,,Active
2270,511,5,2023-09-26,,Active
2271,511,3,2023-09-26,,Active
2272,511,4,2023-09-26,,Active
2273,511,6,2023-09-26,,Active
2274,512,2,2022-06-02,,Active
2275,512,4,2022-06-02,,Active
2276,512,1,2022-06-02,,Active
2277,512,5,2022-06-02,,Active
2278,513,1,2025-07-03,,Active
2279,513,4,2025-07-03,,Active
2280,513,6,2025-07-03,,Active
2281,514,1,2023-06-07,,Active
2282,514,3,2023-06-07,,Active
2283,514,2,2023-06-07,,Active
2284,515,1,2025-08-03,,Active
2285,515,2,2025-08-03,,Active
2286,515,5,2025-08-03,,Active
2287,516,3,2023-01-02,,Active
2288,516,1,2023-01-02,,Active
2289,516,6,2023-01-02,,Active
2290,516,2,2023-01-02,,Active
2291,516,5,2023-01-02,,Active
2292,516,4,2023-01-02,,Active
2293,517,2,2023-08-28,,Active
2294,517,4,2023-08-28,,Active
2295,517,6,2023-08-28,,Active
2296,517,5,2023-08-28,,Active
2297,517,1,2023-08-28,,Active
2298,517,3,2023-08-28,,Active
2299,518,2,2023-08-20,,Active
2300,518,5,2023-08-20,,Active
2301,518,1,2023-08-20,,Active
2302,518,6,2023-08-20,,Active
2303,518,3,2023-08-20,,Active
2304,518,4,2023-08-20,,Active
2305,519,1,2024-02-07,2025-02-13,Inactive
2306,519,6,2024-02-07,2025-02-13,Inactive
2307,519,4,2024-02-07,2025-02-13,Inactive
2308,519,3,2024-02-07,2025-02-13,Inactive
2309,520,1,2022-05-10,,Active
2310,520,2,2022-05-10,,Active
2311,520,6,2022-05-10,,Active
2312,520,4,2022-05-10,,Active
2313,520,3,2022-05-10,,Active
2314,520,5,2022-05-10,,Active
2315,521,2,2021-05-31,,Active
2316,521,1,2021-05-31,,Active
2317,521,5,2021-05-31,,Active
2318,521,6,2021-05-31,,Active
2319,522,3,2021-03-24,,Active
2320,522,1,2021-03-24,,Active
2321,522,5,2021-03-24,,Active
2322,522,4,2021-03-24,,Active
2323,522,6,2021-03-24,,Active
2324,523,1,2025-07-30,,Active
2325,523,3,2025-07-30,,Active
2326,523,5,2025-07-30,,Active
2327,523,2,2025-07-30,,Active
2328,523,6,2025-07-30,,Active
2329,523,4,2025-07-30,,Active
2330,524,5,2021-10-10,,Active
2331,524,2,2021-10-10,,Active
2332,524,3,2021-10-10,,Active
2333,525,2,2021-08-20,,Active
2334,525,4,2021-08-20,,Active
2335,525,1,2021-08-20,,Active
2336,525,5,2021-08-20,,Active
2337,525,3,2021-08-20,,Active
2338,525,6,2021-08-20,,Active
2339,526,3,2025-08-10,2025-10-31,Inactive
2340,526,4,2025-08-10,2025-10-31,Inactive
2341,526,2,2025-08-10,2025-10-31,Inactive
2342,526,1,2025-08-10,2025-10-31,Inactive
2343,527,1,2024-12-18,2025-10-05,Inactive
2344,527,3,2024-12-18,2025-10-05,Inactive
2345,527,5,2024-12-18,2025-10-05,Inactive
2346,527,4,2024-12-18,2025-10-05,Inactive
2347,527,6,2024-12-18,2025-10-05,Inactive
2348,527,2,2024-12-18,2025-10-05,Inactive
2349,528,4,2024-11-09,,Active
2350,528,3,2024-11-09,,Active
2351,528,1,2024-11-09,,Active
2352,528,5,2024-11-09,,Active
2353,528,2,2024-11-09,,Active
2354,528,6,2024-11-09,,Active
2355,529,4,2025-07-30,,Active
2356,529,3,2025-07-30,,Active
2357,529,1,2025-07-30,,Active
2358,529,5,2025-07-30,,Active
2359,530,1,2023-03-29,,Active
2360,530,6,2023-03-29,,Active
2361,530,3,2023-03-29,,Active
2362,530,4,2023-03-29,,Active
2363,530,5,2023-03-29,,Active
2364,530,2,2023-03-29,,Active
2365,531,4,2021-11-21,2022-02-16,Inactive
2366,531,6,2021-11-21,2022-02-16,Inactive
2367,531,2,2021-11-21,2022-02-16,Inactive
2368,532,1,2021-06-10,,Active
2369,532,5,2021-06-10,,Active
2370,532,6,2021-06-10,,Active
2371,533,1,2022-12-28,2025-01-06,Inactive
2372,533,4,2022-12-28,2025-01-06,Inactive
2373,533,6,2022-12-28,2025-01-06,Inactive
2374,533,5,2022-12-28,2025-01-06,Inactive
2375,533,2,2022-12-28,2025-01-06,Inactive
2376,533,3,2022-12-28,2025-01-06,Inactive
2377,534,4,2021-06-08,,Active
2378,534,3,2021-06-08,,Active
2379,534,1,2021-06-08,,Active
2380,534,5,2021-06-08,,Active
2381,534,6,2021-06-08,,Active
2382,534,2,2021-06-08,,Active
2383,535,2,2022-03-12,,Active
2384,535,3,2022-03-12,,Active
2385,535,1,2022-03-12,,Active
2386,535,6,2022-03-12,,Active
2387,536,2,2025-04-09,,Active
2388,536,5,2025-04-09,,Active
2389,536,4,2025-04-09,,Active
2390,536,1,2025-04-09,,Active
2391,536,6,2025-04-09,,Active
2392,536,3,2025-04-09,,Active
2393,537,3,2021-01-30,,Active
2394,537,5,2021-01-30,,Active
2395,537,2,2021-01-30,,Active
2396,538,4,2022-01-13,2024-08-30,Inactive
2397,538,6,2022-01-13,2024-08-30,Inactive
2398,538,2,2022-01-13,2024-08-30,Inactive
2399,538,1,2022-01-13,2024-08-30,Inactive
2400,538,5,2022-01-13,2024-08-30,Inactive
2401,539,1,2023-06-16,2025-03-27,Inactive
2402,539,5,2023-06-16,2025-03-27,Inactive
2403,539,6,2023-06-16,2025-03-27,Inactive
2404,540,6,2021-06-26,,Active
2405,540,2,2021-06-26,,Active
2406,540,4,2021-06-26,,Active
2407,540,3,2021-06-26,,Active
2408,541,6,2023-08-03,,Active
2409,541,5,2023-08-03,,Active
2410,541,2,2023-08-03,,Active
2411,542,2,2025-07-09,,Active
2412,542,4,2025-07-09,,Active
2413,542,3,2025-07-09,,Active
2414,542,5,2025-07-09,,Active
2415,542,6,2025-07-09,,Active
2416,542,1,2025-07-09,,Active
2417,543,4,2023-05-17,2023-10-07,Inactive
2418,543,1,2023-05-17,2023-10-07,Inactive
2419,543,6,2023-05-17,2023-10-07,Inactive
2420,544,1,2025-03-22,2025-10-16,Inactive
2421,544,2,2025-03-22,2025-10-16,Inactive
2422,544,6,2025-03-22,2025-10-16,Inactive
2423,544,4,2025-03-22,2025-10-16,Inactive
2424,544,5,2025-03-22,2025-10-16,Inactive
2425,545,2,2023-04-10,,Active
2426,545,3,2023-04-10,,Active
2427,545,5,2023-04-10,,Active
2428,546,2,2023-03-15,,Active
2429,546,3,2023-03-15,,Active
2430,546,4,2023-03-15,,Active
2431,547,1,2025-08-29,,Active
2432,547,6,2025-08-29,,Active
2433,547,5,2025-08-29,,Active
2434,547,2,2025-08-29,,Active
2435,548,5,2023-02-05,,Active
2436,548,1,2023-02-05,,Active
2437,548,2,2023-02-05,,Active
2438,548,6,2023-02-05,,Active
2439,548,4,2023-02-05,,Active
2440,549,6,2022-09-23,,Active
2441,549,5,2022-09-23,,Active
2442,549,3,2022-09-23,,Active
2443,550,3,2022-09-20,2023-02-17,Inactive
2444,550,5,2022-09-20,2023-02-17,Inactive
2445,550,2,2022-09-20,2023-02-17,Inactive
2446,550,6,2022-09-20,2023-02-17,Inactive
2447,551,4,2023-12-28,,Active
2448,551,5,2023-12-28,,Active
2449,551,1,2023-12-28,,Active
2450,551,6,2023-12-28,,Active
2451,551,3,2023-12-28,,Active
2452,551,2,2023-12-28,,Active
2453,552,1,2025-04-23,,Active
2454,552,4,2025-04-23,,Active
2455,552,2,2025-04-23,,Active
2456,552,5,2025-04-23,,Active
2457,553,3,2022-12-09,,Active
2458,553,5,2022-12-09,,Active
2459,553,2,2022-12-09,,Active
2460,553,4,2022-12-09,,Active
2461,553,1,2022-12-09,,Active
2462,554,1,2022-06-13,,Active
2463,554,6,2022-06-13,,Active
2464,554,3,2022-06-13,,Active
2465,555,3,2024-02-29,2025-06-30,Inactive
2466,555,2,2024-02-29,2025-06-30,Inactive
2467,555,4,2024-02-29,2025-06-30,Inactive
2468,555,6,2024-02-29,2025-06-30,Inactive
2469,555,5,2024-02-29,2025-06-30,Inactive
2470,555,1,2024-02-29,2025-06-30,Inactive
2471,556,4,2024-05-04,,Active
2472,556,2,2024-05-04,,Active
2473,556,3,2024-05-04,,Active
2474,557,1,2024-03-13,,Active
2475,557,4,2024-03-13,,Active
2476,557,5,2024-03-13,,Active
2477,558,5,2021-12-14,,Active
2478,558,6,2021-12-14,,Active
2479,558,4,2021-12-14,,Active
2480,559,2,2023-07-22,,Active
2481,559,6,2023-07-22,,Active
2482,559,5,2023-07-22,,Active
2483,559,3,2023-07-22,,Active
2484,559,4,2023-07-22,,Active
2485,559,1,2023-07-22,,Active
2486,560,6,2022-03-01,,Active
2487,560,2,2022-03-01,,Active
2488,560,5,2022-03-01,,Active
2489,560,4,2022-03-01,,Active
2490,561,1,2025-02-08,,Active
2491,561,6,2025-02-08,,Active
2492,561,2,2025-02-08,,Active
2493,562,3,2024-02-13,,Active
2494,562,2,2024-02-13,,Active
2495,562,5,2024-02-13,,Active
2496,562,4,2024-02-13,,Active
2497,563,6,2023-06-12,,Active
2498,563,2,2023-06-12,,Active
2499,563,4,2023-06-12,,Active
2500,564,1,2021-05-16,,Active
2501,564,3,2021-05-16,,Active
2502,564,5,2021-05-16,,Active
2503,564,6,2021-05-16,,Active
2504,564,4,2021-05-16,,Active
2505,565,1,2024-03-01,2025-06-07,Inactive
2506,565,5,2024-03-01,2025-06-07,Inactive
2507,565,6,2024-03-01,2025-06-07,Inactive
2508,565,2,2024-03-01,2025-06-07,Inactive
2509,565,3,2024-03-01,2025-06-07,Inactive
2510,566,6,2021-07-29,,Active
2511,566,2,2021-07-29,,Active
2512,566,3,2021-07-29,,Active
2513,566,5,2021-07-29,,Active
2514,566,1,2021-07-29,,Active
2515,566,4,2021-07-29,,Active
2516,567,4,2024-11-09,,Active
2517,567,3,2024-11-09,,Active
2518,567,2,2024-11-09,,Active
2519,567,1,2024-11-09,,Active
2520,567,5,2024-11-09,,Active
2521,568,6,2022-09-23,,Active
2522,568,2,2022-09-23,,Active
2523,568,5,2022-09-23,,Active
2524,568,3,2022-09-23,,Active
2525,568,1,2022-09-23,,Active
2526,569,4,2022-10-09,,Active
2527,569,1,2022-10-09,,Active
2528,569,5,2022-10-09,,Active
2529,570,3,2023-10-05,,Active
2530,570,6,2023-10-05,,Active
2531,570,2,2023-10-05,,Active
2532,570,5,2023-10-05,,Active
2533,570,1,2023-10-05,,Active
2534,570,4,2023-10-05,,Active
2535,571,6,2023-04-15,2025-11-18,Inactive
2536,571,5,2023-04-15,2025-11-18,Inactive
2537,571,1,2023-04-15,2025-11-18,Inactive
2538,571,3,2023-04-15,2025-11-18,Inactive
2539,571,4,2023-04-15,2025-11-18,Inactive
2540,571,2,2023-04-15,2025-11-18,Inactive
2541,572,1,2023-03-13,2024-05-21,Inactive
2542,572,3,2023-03-13,2024-05-21,Inactive
2543,572,2,2023-03-13,2024-05-21,Inactive
2544,572,5,2023-03-13,2024-05-21,Inactive
2545,573,6,2024-03-31,,Active
2546,573,3,2024-03-31,,Active
2547,573,2,2024-03-31,,Active
2548,573,5,2024-03-31,,Active
2549,573,1,2024-03-31,,Active
2550,573,4,2024-03-31,,Active
2551,574,3,2024-08-27,,Active
2552,574,5,2024-08-27,,Active
2553,574,1,2024-08-27,,Active
2554,575,1,2022-03-15,,Active
2555,575,6,2022-03-15,,Active
2556,575,3,2022-03-15,,Active
2557,576,6,2022-06-06,,Active
2558,576,1,2022-06-06,,Active
2559,576,4,2022-06-06,,Active
2560,576,5,2022-06-06,,Active
2561,576,2,2022-06-06,,Active
2562,577,6,2022-08-13,,Active
2563,577,3,2022-08-13,,Active
2564,577,2,2022-08-13,,Active
2565,577,4,2022-08-13,,Active
2566,577,1,2022-08-13,,Active
2567,578,3,2023-01-24,2023-07-06,Inactive
2568,578,4,2023-01-24,2023-07-06,Inactive
2569,578,1,2023-01-24,2023-07-06,Inactive
2570,579,6,2023-02-27,,Active
2571,579,2,2023-02-27,,Active
2572,579,4,2023-02-27,,Active
2573,579,5,2023-02-27,,Active
2574,579,1,2023-02-27,,Active
2575,579,3,2023-02-27,,Active
2576,580,5,2023-11-26,,Active
2577,580,6,2023-11-26,,Active
2578,580,3,2023-11-26,,Active
2579,580,1,2023-11-26,,Active
2580,581,3,2025-10-21,2025-12-30,Inactive
2581,581,1,2025-10-21,2025-12-30,Inactive
2582,581,6,2025-10-21,2025-12-30,Inactive
2583,581,5,2025-10-21,2025-12-30,Inactive
2584,581,4,2025-10-21,2025-12-30,Inactive
2585,581,2,2025-10-21,2025-12-30,Inactive
2586,582,4,2022-09-25,,Active
2587,582,1,2022-09-25,,Active
2588,582,2,2022-09-25,,Active
2589,582,6,2022-09-25,,Active
2590,582,3,2022-09-25,,Active
2591,582,5,2022-09-25,,Active
2592,583,6,2021-12-19,,Active
2593,583,5,2021-12-19,,Active
2594,583,3,2021-12-19,,Active
2595,583,4,2021-12-19,,Active
2596,583,2,2021-12-19,,Active
2597,584,4,2022-09-03,,Active
2598,584,1,2022-09-03,,Active
2599,584,3,2022-09-03,,Active
2600,584,2,2022-09-03,,Active
2601,585,5,2024-05-16,,Active
2602,585,3,2024-05-16,,Active
2603,585,6,2024-05-16,,Active
2604,585,2,2024-05-16,,Active
2605,585,4,2024-05-16,,Active
2606,586,3,2022-05-05,,Active
2607,586,5,2022-05-05,,Active
2608,586,2,2022-05-05,,Active
2609,586,6,2022-05-05,,Active
2610,586,1,2022-05-05,,Active
2611,587,2,2025-09-11,,Active
2612,587,3,2025-09-11,,Active
2613,587,5,2025-09-11,,Active
2614,587,4,2025-09-11,,Active
2615,587,6,2025-09-11,,Active
2616,588,6,2023-08-28,,Active
2617,588,2,2023-08-28,,Active
2618,588,1,2023-08-28,,Active
2619,588,4,2023-08-28,,Active
2620,588,5,2023-08-28,,Active
2621,588,3,2023-08-28,,Active
2622,589,1,2023-10-01,,Active
2623,589,6,2023-10-01,,Active
2624,589,4,2023-10-01,,Active
2625,589,3,2023-10-01,,Active
2626,589,2,2023-10-01,,Active
2627,590,6,2021-09-25,,Active
2628,590,2,2021-09-25,,Active
2629,590,5,2021-09-25,,Active
2630,591,4,2025-04-27,2025-09-11,Inactive
2631,591,1,2025-04-27,2025-09-11,Inactive
2632,591,3,2025-04-27,2025-09-11,Inactive
2633,591,6,2025-04-27,2025-09-11,Inactive
2634,592,5,2025-07-02,,Active
2635,592,4,2025-07-02,,Active
2636,592,6,2025-07-02,,Active
2637,593,4,2023-09-07,,Active
2638,593,1,2023-09-07,,Active
2639,593,2,2023-09-07,,Active
2640,593,6,2023-09-07,,Active
2641,594,6,2025-01-29,,Active
2642,594,2,2025-01-29,,Active
2643,594,3,2025-01-29,,Active
2644,595,4,2023-07-09,,Active
2645,595,3,2023-07-09,,Active
2646,595,1,2023-07-09,,Active
2647,595,2,2023-07-09,,Active
2648,595,6,2023-07-09,,Active
2649,596,4,2022-12-14,2025-03-28,Inactive
2650,596,5,2022-12-14,2025-03-28,Inactive
2651,596,2,2022-12-14,2025-03-28,Inactive
2652,597,3,2025-03-08,,Active
2653,597,4,2025-03-08,,Active
2654,597,1,2025-03-08,,Active
2655,597,2,2025-03-08,,Active
2656,598,6,2025-07-03,,Active
2657,598,1,2025-07-03,,Active
2658,598,4,2025-07-03,,Active
2659,598,2,2025-07-03,,Active
2660,598,3,2025-07-03,,Active
2661,599,2,2022-12-19,,Active
2662,599,5,2022-12-19,,Active
2663,599,4,2022-12-19,,Active
2664,599,3,2022-12-19,,Active
2665,599,6,2022-12-19,,Active
2666,600,5,2024-07-25,2025-08-08,Inactive
2667,600,2,2024-07-25,2025-08-08,Inactive
2668,600,3,2024-07-25,2025-08-08,Inactive
2669,600,6,2024-07-25,2025-08-08,Inactive
2670,600,1,2024-07-25,2025-08-08,Inactive
2671,600,4,2024-07-25,2025-08-08,Inactive
2672,601,1,2025-05-19,,Active
2673,601,6,2025-05-19,,Active
2674,601,2,2025-05-19,,Active
2675,601,4,2025-05-19,,Active
2676,602,3,2025-04-14,2025-09-18,Inactive
2677,602,5,2025-04-14,2025-09-18,Inactive
2678,602,2,2025-04-14,2025-09-18,Inactive
2679,602,1,2025-04-14,2025-09-18,Inactive
2680,602,4,2025-04-14,2025-09-18,Inactive
2681,603,5,2022-01-07,2025-12-22,Inactive
2682,603,1,2022-01-07,2025-12-22,Inactive
2683,603,2,2022-01-07,2025-12-22,Inactive
2684,603,6,2022-01-07,2025-12-22,Inactive
2685,603,3,2022-01-07,2025-12-22,Inactive
2686,604,6,2022-06-27,,Active
2687,604,5,2022-06-27,,Active
2688,604,3,2022-06-27,,Active
2689,604,2,2022-06-27,,Active
2690,605,2,2021-09-01,2022-04-09,Inactive
2691,605,4,2021-09-01,2022-04-09,Inactive
2692,605,6,2021-09-01,2022-04-09,Inactive
2693,605,1,2021-09-01,2022-04-09,Inactive
2694,606,6,2023-04-16,,Active
2695,606,4,2023-04-16,,Active
2696,606,3,2023-04-16,,Active
2697,607,5,2024-05-11,,Active
2698,607,2,2024-05-11,,Active
2699,607,6,2024-05-11,,Active
2700,607,4,2024-05-11,,Active
2701,607,1,2024-05-11,,Active
2702,608,2,2022-05-10,,Active
2703,608,6,2022-05-10,,Active
2704,608,1,2022-05-10,,Active
2705,608,5,2022-05-10,,Active
2706,608,4,2022-05-10,,Active
2707,608,3,2022-05-10,,Active
2708,609,2,2021-07-25,2024-02-09,Inactive
2709,609,6,2021-07-25,2024-02-09,Inactive
2710,609,5,2021-07-25,2024-02-09,Inactive
2711,609,3,2021-07-25,2024-02-09,Inactive
2712,609,4,2021-07-25,2024-02-09,Inactive
2713,610,2,2025-06-03,,Active
2714,610,4,2025-06-03,,Active
2715,610,1,2025-06-03,,Active
2716,610,6,2025-06-03,,Active
2717,610,5,2025-06-03,,Active
2718,611,2,2025-06-17,,Active
2719,611,3,2025-06-17,,Active
2720,611,1,2025-06-17,,Active
2721,612,1,2023-11-13,,Active
2722,612,6,2023-11-13,,Active
2723,612,4,2023-11-13,,Active
2724,612,5,2023-11-13,,Active
2725,612,3,2023-11-13,,Active
2726,612,2,2023-11-13,,Active
2727,613,1,2024-06-23,,Active
2728,613,6,2024-06-23,,Active
2729,613,5,2024-06-23,,Active
2730,613,4,2024-06-23,,Active
2731,613,3,2024-06-23,,Active
2732,613,2,2024-06-23,,Active
2733,614,4,2023-01-07,,Active
2734,614,5,2023-01-07,,Active
2735,614,6,2023-01-07,,Active
2736,614,1,2023-01-07,,Active
2737,614,2,2023-01-07,,Active
2738,614,3,2023-01-07,,Active
2739,615,4,2021-07-08,2025-07-15,Inactive
2740,615,6,2021-07-08,2025-07-15,Inactive
2741,615,3,2021-07-08,2025-07-15,Inactive
2742,615,1,2021-07-08,2025-07-15,Inactive
2743,616,5,2024-04-21,2024-06-29,Inactive
2744,616,1,2024-04-21,2024-06-29,Inactive
2745,616,4,2024-04-21,2024-06-29,Inactive
2746,616,3,2024-04-21,2024-06-29,Inactive
2747,616,2,2024-04-21,2024-06-29,Inactive
2748,616,6,2024-04-21,2024-06-29,Inactive
2749,617,4,2022-11-02,2025-05-16,Inactive
2750,617,5,2022-11-02,2025-05-16,Inactive
2751,617,1,2022-11-02,2025-05-16,Inactive
2752,617,3,2022-11-02,2025-05-16,Inactive
2753,617,2,2022-11-02,2025-05-16,Inactive
2754,618,4,2025-02-02,2025-06-28,Inactive
2755,618,5,2025-02-02,2025-06-28,Inactive
2756,618,3,2025-02-02,2025-06-28,Inactive
2757,618,1,2025-02-02,2025-06-28,Inactive
2758,618,2,2025-02-02,2025-06-28,Inactive
2759,619,5,2021-08-21,2023-03-29,Inactive
2760,619,4,2021-08-21,2023-03-29,Inactive
2761,619,2,2021-08-21,2023-03-29,Inactive
2762,620,5,2023-09-17,,Active
2763,620,1,2023-09-17,,Active
2764,620,6,2023-09-17,,Active
2765,620,3,2023-09-17,,Active
2766,620,4,2023-09-17,,Active
2767,620,2,2023-09-17,,Active
2768,621,5,2024-12-29,,Active
2769,621,4,2024-12-29,,Active
2770,621,3,2024-12-29,,Active
2771,621,2,2024-12-29,,Active
2772,622,3,2025-10-09,,Active
2773,622,4,2025-10-09,,Active
2774,622,1,2025-10-09,,Active
2775,622,2,2025-10-09,,Active
2776,622,6,2025-10-09,,Active
2777,622,5,2025-10-09,,Active
2778,623,4,2021-12-03,2024-01-31,Inactive
2779,623,5,2021-12-03,2024-01-31,Inactive
2780,623,3,2021-12-03,2024-01-31,Inactive
2781,623,6,2021-12-03,2024-01-31,Inactive
2782,624,4,2022-06-28,,Active
2783,624,3,2022-06-28,,Active
2784,624,5,2022-06-28,,Active
2785,624,1,2022-06-28,,Active
2786,624,6,2022-06-28,,Active
2787,624,2,2022-06-28,,Active
2788,625,4,2023-11-02,,Active
2789,625,2,2023-11-02,,Active
2790,625,1,2023-11-02,,Active
2791,625,5,2023-11-02,,Active
2792,625,6,2023-11-02,,Active
2793,625,3,2023-11-02,,Active
2794,626,4,2021-04-22,2025-06-03,Inactive
2795,626,2,2021-04-22,2025-06-03,Inactive
2796,626,6,2021-04-22,2025-06-03,Inactive
2797,626,5,2021-04-22,2025-06-03,Inactive
2798,626,1,2021-04-22,2025-06-03,Inactive
2799,626,3,2021-04-22,2025-06-03,Inactive
2800,627,4,2023-08-31,,Active
2801,627,2,2023-08-31,,Active
2802,627,1,2023-08-31,,Active
2803,627,5,2023-08-31,,Active
2804,627,3,2023-08-31,,Active
2805,627,6,2023-08-31,,Active
2806,628,4,2021-08-06,,Active
2807,628,6,2021-08-06,,Active
2808,628,2,2021-08-06,,Active
2809,628,1,2021-08-06,,Active
2810,628,3,2021-08-06,,Active
2811,628,5,2021-08-06,,Active
2812,629,1,2022-12-14,,Active
2813,629,4,2022-12-14,,Active
2814,629,5,2022-12-14,,Active
2815,629,2,2022-12-14,,Active
2816,629,6,2022-12-14,,Active
2817,629,3,2022-12-14,,Active
2818,630,6,2025-01-03,,Active
2819,630,5,2025-01-03,,Active
2820,630,3,2025-01-03,,Active
2821,630,4,2025-01-03,,Active
2822,631,1,2024-04-12,2025-07-18,Inactive
2823,631,5,2024-04-12,2025-07-18,Inactive
2824,631,3,2024-04-12,2025-07-18,Inactive
2825,631,2,2024-04-12,2025-07-18,Inactive
2826,631,6,2024-04-12,2025-07-18,Inactive
2827,631,4,2024-04-12,2025-07-18,Inactive
2828,632,3,2024-08-08,2025-04-07,Inactive
2829,632,6,2024-08-08,2025-04-07,Inactive
2830,632,5,2024-08-08,2025-04-07,Inactive
2831,633,3,2023-04-28,,Active
2832,633,5,2023-04-28,,Active
2833,633,6,2023-04-28,,Active
2834,633,2,2023-04-28,,Active
2835,634,3,2025-05-26,2025-09-10,Inactive
2836,634,1,2025-05-26,2025-09-10,Inactive
2837,634,4,2025-05-26,2025-09-10,Inactive
2838,634,5,2025-05-26,2025-09-10,Inactive
2839,635,6,2023-03-15,2024-07-18,Inactive
2840,635,2,2023-03-15,2024-07-18,Inactive
2841,635,5,2023-03-15,2024-07-18,Inactive
2842,635,1,2023-03-15,2024-07-18,Inactive
2843,635,3,2023-03-15,2024-07-18,Inactive
2844,636,6,2025-08-17,2025-10-30,Inactive
2845,636,5,2025-08-17,2025-10-30,Inactive
2846,636,4,2025-08-17,2025-10-30,Inactive
2847,636,1,2025-08-17,2025-10-30,Inactive
2848,636,2,2025-08-17,2025-10-30,Inactive
2849,636,3,2025-08-17,2025-10-30,Inactive
2850,637,6,2024-07-25,,Active
2851,637,2,2024-07-25,,Active
2852,637,4,2024-07-25,,Active
2853,638,4,2023-03-22,,Active
2854,638,3,2023-03-22,,Active
2855,638,5,2023-03-22,,Active
2856,639,6,2025-04-02,,Active
2857,639,4,2025-04-02,,Active
2858,639,3,2025-04-02,,Active
2859,639,5,2025-04-02,,Active
2860,639,1,2025-04-02,,Active
2861,639,2,2025-04-02,,Active
2862,640,3,2023-08-15,,Active
2863,640,2,2023-08-15,,Active
2864,640,5,2023-08-15,,Active
2865,640,6,2023-08-15,,Active
2866,641,1,2023-10-15,,Active
2867,641,6,2023-10-15,,Active
2868,641,5,2023-10-15,,Active
2869,641,2,2023-10-15,,Active
2870,641,3,2023-10-15,,Active
2871,641,4,2023-10-15,,Active
2872,642,1,2025-05-25,,Active
2873,642,5,2025-05-25,,Active
2874,642,6,2025-05-25,,Active
2875,643,3,2023-02-09,,Active
2876,643,6,2023-02-09,,Active
2877,643,4,2023-02-09,,Active
2878,644,6,2021-02-16,,Active
2879,644,5,2021-02-16,,Active
2880,644,1,2021-02-16,,Active
2881,644,2,2021-02-16,,Active
2882,645,5,2021-06-26,,Active
2883,645,4,2021-06-26,,Active
2884,645,2,2021-06-26,,Active
2885,646,5,2021-10-31,,Active
2886,646,3,2021-10-31,,Active
2887,646,6,2021-10-31,,Active
2888,647,1,2025-05-23,2025-10-10,Inactive
2889,647,4,2025-05-23,2025-10-10,Inactive
2890,647,3,2025-05-23,2025-10-10,Inactive
2891,647,5,2025-05-23,2025-10-10,Inactive
2892,648,4,2024-04-20,,Active
2893,648,2,2024-04-20,,Active
2894,648,1,2024-04-20,,Active
2895,648,5,2024-04-20,,Active
2896,649,5,2024-05-25,,Active
2897,649,6,2024-05-25,,Active
2898,649,2,2024-05-25,,Active
2899,650,6,2024-05-24,,Active
2900,650,1,2024-05-24,,Active
2901,650,3,2024-05-24,,Active
2902,650,4,2024-05-24,,Active
2903,651,1,2024-11-29,,Active
2904,651,2,2024-11-29,,Active
2905,651,3,2024-11-29,,Active
2906,651,6,2024-11-29,,Active
2907,652,3,2024-10-13,,Active
2908,652,1,2024-10-13,,Active
2909,652,2,2024-10-13,,Active
2910,652,4,2024-10-13,,Active
2911,652,5,2024-10-13,,Active
2912,652,6,2024-10-13,,Active
2913,653,4,2023-11-17,,Active
2914,653,3,2023-11-17,,Active
2915,653,5,2023-11-17,,Active
2916,653,1,2023-11-17,,Active
2917,653,2,2023-11-17,,Active
2918,654,2,2021-11-25,2024-07-18,Inactive
2919,654,1,2021-11-25,2024-07-18,Inactive
2920,654,3,2021-11-25,2024-07-18,Inactive
2921,654,6,2021-11-25,2024-07-18,Inactive
2922,654,4,2021-11-25,2024-07-18,Inactive
2923,654,5,2021-11-25,2024-07-18,Inactive
2924,655,6,2022-06-02,,Active
2925,655,3,2022-06-02,,Active
2926,655,5,2022-06-02,,Active
2927,655,4,2022-06-02,,Active
2928,656,2,2024-08-01,,Active
2929,656,4,2024-08-01,,Active
2930,656,5,2024-08-01,,Active
2931,656,6,2024-08-01,,Active
2932,657,3,2022-11-28,,Active
2933,657,4,2022-11-28,,Active
2934,657,5,2022-11-28,,Active
2935,658,6,2024-10-12,,Active
2936,658,3,2024-10-12,,Active
2937,658,2,2024-10-12,,Active
2938,658,5,2024-10-12,,Active
2939,659,2,2022-03-09,,Active
2940,659,5,2022-03-09,,Active
2941,659,6,2022-03-09,,Active
2942,659,3,2022-03-09,,Active
2943,660,4,2025-01-17,,Active
2944,660,2,2025-01-17,,Active
2945,660,5,2025-01-17,,Active
2946,661,5,2023-12-05,,Active
2947,661,4,2023-12-05,,Active
2948,661,2,2023-12-05,,Active
2949,661,6,2023-12-05,,Active
2950,661,3,2023-12-05,,Active
2951,662,4,2022-03-17,,Active
2952,662,2,2022-03-17,,Active
2953,662,5,2022-03-17,,Active
2954,662,6,2022-03-17,,Active
2955,662,1,2022-03-17,,Active
2956,662,3,2022-03-17,,Active
2957,663,4,2024-07-23,2025-03-29,Inactive
2958,663,2,2024-07-23,2025-03-29,Inactive
2959,663,3,2024-07-23,2025-03-29,Inactive
2960,663,6,2024-07-23,2025-03-29,Inactive
2961,663,1,2024-07-23,2025-03-29,Inactive
2962,663,5,2024-07-23,2025-03-29,Inactive
2963,664,6,2025-05-05,,Active
2964,664,5,2025-05-05,,Active
2965,664,1,2025-05-05,,Active
2966,664,4,2025-05-05,,Active
2967,664,3,2025-05-05,,Active
2968,665,1,2025-06-14,,Active
2969,665,5,2025-06-14,,Active
2970,665,4,2025-06-14,,Active
2971,665,2,2025-06-14,,Active
2972,666,5,2023-11-23,,Active
2973,666,3,2023-11-23,,Active
2974,666,2,2023-11-23,,Active
2975,666,6,2023-11-23,,Active
2976,666,4,2023-11-23,,Active
2977,666,1,2023-11-23,,Active
2978,667,4,2023-06-09,,Active
2979,667,3,2023-06-09,,Active
2980,667,1,2023-06-09,,Active
2981,667,2,2023-06-09,,Active
2982,667,6,2023-06-09,,Active
2983,667,5,2023-06-09,,Active
2984,668,2,2022-10-25,2023-08-12,Inactive
2985,668,3,2022-10-25,2023-08-12,Inactive
2986,668,4,2022-10-25,2023-08-12,Inactive
2987,668,6,2022-10-25,2023-08-12,Inactive
2988,668,1,2022-10-25,2023-08-12,Inactive
2989,668,5,2022-10-25,2023-08-12,Inactive
2990,669,3,2023-09-08,,Active
2991,669,4,2023-09-08,,Active
2992,669,1,2023-09-08,,Active
2993,669,6,2023-09-08,,Active
2994,670,1,2022-08-05,2025-04-01,Inactive
2995,670,5,2022-08-05,2025-04-01,Inactive
2996,670,2,2022-08-05,2025-04-01,Inactive
2997,670,4,2022-08-05,2025-04-01,Inactive
2998,671,2,2025-10-20,,Active
2999,671,6,2025-10-20,,Active
3000,671,5,2025-10-20,,Active
3001,671,1,2025-10-20,,Active
3002,672,2,2023-05-23,,Active
3003,672,1,2023-05-23,,Active
3004,672,6,2023-05-23,,Active
3005,672,5,2023-05-23,,Active
3006,672,3,2023-05-23,,Active
3007,672,4,2023-05-23,,Active
3008,673,5,2025-05-25,,Active
3009,673,6,2025-05-25,,Active
3010,673,1,2025-05-25,,Active
3011,674,6,2021-04-05,,Active
3012,674,3,2021-04-05,,Active
3013,674,4,2021-04-05,,Active
3014,674,1,2021-04-05,,Active
3015,674,5,2021-04-05,,Active
3016,675,2,2023-04-09,,Active
3017,675,4,2023-04-09,,Active
3018,675,6,2023-04-09,,Active
3019,676,5,2023-04-02,,Active
3020,676,1,2023-04-02,,Active
3021,676,2,2023-04-02,,Active
3022,676,4,2023-04-02,,Active
3023,676,3,2023-04-02,,Active
3024,677,3,2023-02-13,,Active
3025,677,6,2023-02-13,,Active
3026,677,4,2023-02-13,,Active
3027,677,5,2023-02-13,,Active
3028,677,1,2023-02-13,,Active
3029,678,1,2021-10-30,,Active
3030,678,6,2021-10-30,,Active
3031,678,4,2021-10-30,,Active
3032,678,2,2021-10-30,,Active
3033,678,5,2021-10-30,,Active
3034,679,4,2023-08-24,,Active
3035,679,2,2023-08-24,,Active
3036,679,5,2023-08-24,,Active
3037,679,3,2023-08-24,,Active
3038,679,1,2023-08-24,,Active
3039,679,6,2023-08-24,,Active
3040,680,4,2025-06-30,2025-12-24,Inactive
3041,680,5,2025-06-30,2025-12-24,Inactive
3042,680,3,2025-06-30,2025-12-24,Inactive
3043,680,6,2025-06-30,2025-12-24,Inactive
3044,681,6,2024-06-07,,Active
3045,681,1,2024-06-07,,Active
3046,681,4,2024-06-07,,Active
3047,681,5,2024-06-07,,Active
3048,681,2,2024-06-07,,Active
3049,682,3,2023-07-12,,Active
3050,682,5,2023-07-12,,Active
3051,682,6,2023-07-12,,Active
3052,683,4,2022-03-26,,Active
3053,683,5,2022-03-26,,Active
3054,683,6,2022-03-26,,Active
3055,683,2,2022-03-26,,Active
3056,684,5,2025-01-27,,Active
3057,684,6,2025-01-27,,Active
3058,684,4,2025-01-27,,Active
3059,684,1,2025-01-27,,Active
3060,684,2,2025-01-27,,Active
3061,685,4,2023-06-12,,Active
3062,685,1,2023-06-12,,Active
3063,685,3,2023-06-12,,Active
3064,686,4,2023-08-16,,Active
3065,686,1,2023-08-16,,Active
3066,686,3,2023-08-16,,Active
3067,687,4,2023-05-19,,Active
3068,687,2,2023-05-19,,Active
3069,687,1,2023-05-19,,Active
3070,687,3,2023-05-19,,Active
3071,687,5,2023-05-19,,Active
3072,688,5,2024-04-05,,Active
3073,688,3,2024-04-05,,Active
3074,688,1,2024-04-05,,Active
3075,688,6,2024-04-05,,Active
3076,688,2,2024-04-05,,Active
3077,689,2,2021-08-23,,Active
3078,689,6,2021-08-23,,Active
3079,689,3,2021-08-23,,Active
3080,689,5,2021-08-23,,Active
3081,689,4,2021-08-23,,Active
3082,690,2,2022-03-19,2023-12-22,Inactive
3083,690,5,2022-03-19,2023-12-22,Inactive
3084,690,1,2022-03-19,2023-12-22,Inactive
3085,690,3,2022-03-19,2023-12-22,Inactive
3086,690,4,2022-03-19,2023-12-22,Inactive
3087,690,6,2022-03-19,2023-12-22,Inactive
3088,691,5,2022-01-14,,Active
3089,691,3,2022-01-14,,Active
3090,691,2,2022-01-14,,Active
3091,691,6,2022-01-14,,Active
3092,692,5,2021-05-05,2024-07-08,Inactive
3093,692,2,2021-05-05,2024-07-08,Inactive
3094,692,6,2021-05-05,2024-07-08,Inactive
3095,692,1,2021-05-05,2024-07-08,Inactive
3096,692,4,2021-05-05,2024-07-08,Inactive
3097,693,1,2021-06-14,,Active
3098,693,2,2021-06-14,,Active
3099,693,4,2021-06-14,,Active
3100,693,5,2021-06-14,,Active
3101,693,6,2021-06-14,,Active
3102,693,3,2021-06-14,,Active
3103,694,5,2024-04-27,,Active
3104,694,6,2024-04-27,,Active
3105,694,4,2024-04-27,,Active
3106,694,1,2024-04-27,,Active
3107,694,3,2024-04-27,,Active
3108,694,2,2024-04-27,,Active
3109,695,6,2021-08-27,,Active
3110,695,4,2021-08-27,,Active
3111,695,1,2021-08-27,,Active
3112,695,5,2021-08-27,,Active
3113,695,2,2021-08-27,,Active
3114,695,3,2021-08-27,,Active
3115,696,1,2021-11-17,,Active
3116,696,2,2021-11-17,,Active
3117,696,3,2021-11-17,,Active
3118,696,4,2021-11-17,,Active
3119,696,6,2021-11-17,,Active
3120,696,5,2021-11-17,,Active
3121,697,4,2022-02-08,2025-02-08,Inactive
3122,697,3,2022-02-08,2025-02-08,Inactive
3123,697,1,2022-02-08,2025-02-08,Inactive
3124,697,2,2022-02-08,2025-02-08,Inactive
3125,697,5,2022-02-08,2025-02-08,Inactive
3126,698,2,2024-09-13,,Active
3127,698,4,2024-09-13,,Active
3128,698,6,2024-09-13,,Active
3129,698,1,2024-09-13,,Active
3130,698,3,2024-09-13,,Active
3131,699,4,2024-07-18,,Active
3132,699,5,2024-07-18,,Active
3133,699,1,2024-07-18,,Active
3134,699,6,2024-07-18,,Active
3135,700,4,2025-09-09,,Active
3136,700,2,2025-09-09,,Active
3137,700,3,2025-09-09,,Active
3138,700,1,2025-09-09,,Active
3139,700,6,2025-09-09,,Active
3140,701,6,2024-03-20,,Active
3141,701,2,2024-03-20,,Active
3142,701,1,2024-03-20,,Active
3143,701,5,2024-03-20,,Active
3144,702,2,2023-11-02,,Active
3145,702,5,2023-11-02,,Active
3146,702,6,2023-11-02,,Active
3147,703,6,2022-12-05,2024-12-27,Inactive
3148,703,4,2022-12-05,2024-12-27,Inactive
3149,703,3,2022-12-05,2024-12-27,Inactive
3150,703,5,2022-12-05,2024-12-27,Inactive
3151,704,6,2025-06-29,2025-09-20,Inactive
3152,704,3,2025-06-29,2025-09-20,Inactive
3153,704,2,2025-06-29,2025-09-20,Inactive
3154,704,1,2025-06-29,2025-09-20,Inactive
3155,704,5,2025-06-29,2025-09-20,Inactive
3156,705,5,2024-04-01,,Active
3157,705,2,2024-04-01,,Active
3158,705,6,2024-04-01,,Active
3159,706,6,2023-04-13,,Active
3160,706,2,2023-04-13,,Active
3161,706,4,2023-04-13,,Active
3162,706,3,2023-04-13,,Active
3163,707,1,2023-01-17,2023-08-22,Inactive
3164,707,6,2023-01-17,2023-08-22,Inactive
3165,707,4,2023-01-17,2023-08-22,Inactive
3166,707,3,2023-01-17,2023-08-22,Inactive
3167,707,5,2023-01-17,2023-08-22,Inactive
3168,708,4,2022-07-06,,Active
3169,708,2,2022-07-06,,Active
3170,708,1,2022-07-06,,Active
3171,708,6,2022-07-06,,Active
3172,708,5,2022-07-06,,Active
3173,709,2,2024-02-20,,Active
3174,709,3,2024-02-20,,Active
3175,709,4,2024-02-20,,Active
3176,710,3,2025-04-26,,Active
3177,710,1,2025-04-26,,Active
3178,710,6,2025-04-26,,Active
3179,710,4,2025-04-26,,Active
3180,710,5,2025-04-26,,Active
3181,710,2,2025-04-26,,Active
3182,711,3,2025-06-04,,Active
3183,711,4,2025-06-04,,Active
3184,711,1,2025-06-04,,Active
3185,711,2,2025-06-04,,Active
3186,711,5,2025-06-04,,Active
3187,711,6,2025-06-04,,Active
3188,712,2,2024-02-03,2024-08-16,Inactive
3189,712,4,2024-02-03,2024-08-16,Inactive
3190,712,5,2024-02-03,2024-08-16,Inactive
3191,713,5,2022-07-01,,Active
3192,713,3,2022-07-01,,Active
3193,713,2,2022-07-01,,Active
3194,713,6,2022-07-01,,Active
3195,713,4,2022-07-01,,Active
3196,714,5,2021-10-05,,Active
3197,714,1,2021-10-05,,Active
3198,714,2,2021-10-05,,Active
3199,714,6,2021-10-05,,Active
3200,714,4,2021-10-05,,Active
3201,715,4,2025-09-28,,Active
3202,715,1,2025-09-28,,Active
3203,715,2,2025-09-28,,Active
3204,715,6,2025-09-28,,Active
3205,715,3,2025-09-28,,Active
3206,716,5,2022-02-21,,Active
3207,716,2,2022-02-21,,Active
3208,716,1,2022-02-21,,Active
3209,716,6,2022-02-21,,Active
3210,717,5,2022-09-05,,Active
3211,717,6,2022-09-05,,Active
3212,717,1,2022-09-05,,Active
3213,717,2,2022-09-05,,Active
3214,717,3,2022-09-05,,Active
3215,717,4,2022-09-05,,Active
3216,718,1,2024-04-18,,Active
3217,718,4,2024-04-18,,Active
3218,718,3,2024-04-18,,Active
3219,718,2,2024-04-18,,Active
3220,719,2,2022-08-14,,Active
3221,719,5,2022-08-14,,Active
3222,719,4,2022-08-14,,Active
3223,719,6,2022-08-14,,Active
3224,719,3,2022-08-14,,Active
3225,720,3,2025-04-25,,Active
3226,720,6,2025-04-25,,Active
3227,720,4,2025-04-25,,Active
3228,721,3,2024-09-24,2025-05-12,Inactive
3229,721,1,2024-09-24,2025-05-12,Inactive
3230,721,4,2024-09-24,2025-05-12,Inactive
3231,721,6,2024-09-24,2025-05-12,Inactive
3232,721,2,2024-09-24,2025-05-12,Inactive
3233,721,5,2024-09-24,2025-05-12,Inactive
3234,722,3,2024-02-05,2025-06-30,Inactive
3235,722,4,2024-02-05,2025-06-30,Inactive
3236,722,5,2024-02-05,2025-06-30,Inactive
3237,722,1,2024-02-05,2025-06-30,Inactive
3238,722,6,2024-02-05,2025-06-30,Inactive
3239,723,6,2023-11-14,,Active
3240,723,4,2023-11-14,,Active
3241,723,3,2023-11-14,,Active
3242,723,2,2023-11-14,,Active
3243,724,4,2025-10-09,,Active
3244,724,2,2025-10-09,,Active
3245,724,5,2025-10-09,,Active
3246,724,3,2025-10-09,,Active
3247,725,1,2025-01-31,,Active
3248,725,5,2025-01-31,,Active
3249,725,4,2025-01-31,,Active
3250,726,1,2024-02-02,2025-12-18,Inactive
3251,726,6,2024-02-02,2025-12-18,Inactive
3252,726,3,2024-02-02,2025-12-18,Inactive
3253,727,3,2021-06-18,,Active
3254,727,6,2021-06-18,,Active
3255,727,4,2021-06-18,,Active
3256,728,3,2025-06-11,,Active
3257,728,6,2025-06-11,,Active
3258,728,1,2025-06-11,,Active
3259,728,2,2025-06-11,,Active
3260,728,5,2025-06-11,,Active
3261,729,5,2023-05-07,2025-01-08,Inactive
3262,729,2,2023-05-07,2025-01-08,Inactive
3263,729,1,2023-05-07,2025-01-08,Inactive
3264,729,3,2023-05-07,2025-01-08,Inactive
3265,729,6,2023-05-07,2025-01-08,Inactive
3266,729,4,2023-05-07,2025-01-08,Inactive
3267,730,4,2021-04-29,,Active
3268,730,2,2021-04-29,,Active
3269,730,1,2021-04-29,,Active
3270,731,2,2024-03-25,,Active
3271,731,4,2024-03-25,,Active
3272,731,3,2024-03-25,,Active
3273,732,4,2022-07-30,2024-03-22,Inactive
3274,732,3,2022-07-30,2024-03-22,Inactive
3275,732,5,2022-07-30,2024-03-22,Inactive
3276,733,4,2022-09-01,,Active
3277,733,5,2022-09-01,,Active
3278,733,3,2022-09-01,,Active
3279,733,2,2022-09-01,,Active
3280,733,6,2022-09-01,,Active
3281,734,4,2023-10-03,,Active
3282,734,1,2023-10-03,,Active
3283,734,3,2023-10-03,,Active
3284,735,4,2022-10-24,,Active
3285,735,2,2022-10-24,,Active
3286,735,6,2022-10-24,,Active
3287,735,5,2022-10-24,,Active
3288,735,3,2022-10-24,,Active
3289,736,3,2023-06-06,,Active
3290,736,6,2023-06-06,,Active
3291,736,2,2023-06-06,,Active
3292,736,4,2023-06-06,,Active
3293,737,1,2021-09-01,,Active
3294,737,6,2021-09-01,,Active
3295,737,4,2021-09-01,,Active
3296,737,2,2021-09-01,,Active
3297,737,5,2021-09-01,,Active
3298,737,3,2021-09-01,,Active
3299,738,2,2023-05-09,2024-11-19,Inactive
3300,738,5,2023-05-09,2024-11-19,Inactive
3301,738,4,2023-05-09,2024-11-19,Inactive
3302,739,2,2022-01-13,,Active
3303,739,3,2022-01-13,,Active
3304,739,6,2022-01-13,,Active
3305,739,5,2022-01-13,,Active
3306,739,1,2022-01-13,,Active
3307,739,4,2022-01-13,,Active
3308,740,1,2025-02-12,2025-12-27,Inactive
3309,740,6,2025-02-12,2025-12-27,Inactive
3310,740,3,2025-02-12,2025-12-27,Inactive
3311,740,4,2025-02-12,2025-12-27,Inactive
3312,741,4,2021-09-20,2024-06-03,Inactive
3313,741,5,2021-09-20,2024-06-03,Inactive
3314,741,6,2021-09-20,2024-06-03,Inactive
3315,741,2,2021-09-20,2024-06-03,Inactive
3316,741,3,2021-09-20,2024-06-03,Inactive
3317,741,1,2021-09-20,2024-06-03,Inactive
3318,742,2,2022-09-24,,Active
3319,742,4,2022-09-24,,Active
3320,742,6,2022-09-24,,Active
3321,742,3,2022-09-24,,Active
3322,743,4,2024-01-05,,Active
3323,743,1,2024-01-05,,Active
3324,743,3,2024-01-05,,Active
3325,743,6,2024-01-05,,Active
3326,743,5,2024-01-05,,Active
3327,744,3,2021-08-30,2024-09-23,Inactive
3328,744,5,2021-08-30,2024-09-23,Inactive
3329,744,1,2021-08-30,2024-09-23,Inactive
3330,745,1,2022-06-30,2023-01-05,Inactive
3331,745,4,2022-06-30,2023-01-05,Inactive
3332,745,6,2022-06-30,2023-01-05,Inactive
3333,745,2,2022-06-30,2023-01-05,Inactive
3334,745,5,2022-06-30,2023-01-05,Inactive
3335,745,3,2022-06-30,2023-01-05,Inactive
3336,746,2,2024-04-21,,Active
3337,746,5,2024-04-21,,Active
3338,746,6,2024-04-21,,Active
3339,746,3,2024-04-21,,Active
3340,746,4,2024-04-21,,Active
3341,747,5,2025-01-02,,Active
3342,747,3,2025-01-02,,Active
3343,747,6,2025-01-02,,Active
3344,747,1,2025-01-02,,Active
3345,747,4,2025-01-02,,Active
3346,748,1,2025-10-30,2025-12-30,Inactive
3347,748,4,2025-10-30,2025-12-30,Inactive
3348,748,3,2025-10-30,2025-12-30,Inactive
3349,748,6,2025-10-30,2025-12-30,Inactive
3350,748,5,2025-10-30,2025-12-30,Inactive
3351,748,2,2025-10-30,2025-12-30,Inactive
3352,749,6,2024-06-27,,Active
3353,749,2,2024-06-27,,Active
3354,749,5,2024-06-27,,Active
3355,750,5,2024-01-29,,Active
3356,750,3,2024-01-29,,Active
3357,750,1,2024-01-29,,Active
3358,750,2,2024-01-29,,Active
3359,751,2,2023-02-07,,Active
3360,751,4,2023-02-07,,Active
3361,751,6,2023-02-07,,Active
3362,751,5,2023-02-07,,Active
3363,751,1,2023-02-07,,Active
3364,752,1,2022-04-20,2023-11-05,Inactive
3365,752,2,2022-04-20,2023-11-05,Inactive
3366,752,6,2022-04-20,2023-11-05,Inactive
3367,752,5,2022-04-20,2023-11-05,Inactive
3368,752,4,2022-04-20,2023-11-05,Inactive
3369,752,3,2022-04-20,2023-11-05,Inactive
3370,753,5,2025-01-31,2025-11-13,Inactive
3371,753,6,2025-01-31,2025-11-13,Inactive
3372,753,1,2025-01-31,2025-11-13,Inactive
3373,753,3,2025-01-31,2025-11-13,Inactive
3374,753,2,2025-01-31,2025-11-13,Inactive
3375,753,4,2025-01-31,2025-11-13,Inactive
3376,754,1,2024-05-22,,Active
3377,754,4,2024-05-22,,Active
3378,754,6,2024-05-22,,Active
3379,754,3,2024-05-22,,Active
3380,755,3,2021-05-10,,Active
3381,755,1,2021-05-10,,Active
3382,755,4,2021-05-10,,Active
3383,755,5,2021-05-10,,Active
3384,755,6,2021-05-10,,Active
3385,755,2,2021-05-10,,Active
3386,756,4,2024-01-25,,Active
3387,756,5,2024-01-25,,Active
3388,756,1,2024-01-25,,Active
3389,756,2,2024-01-25,,Active
3390,756,6,2024-01-25,,Active
3391,756,3,2024-01-25,,Active
3392,757,5,2022-06-06,,Active
3393,757,2,2022-06-06,,Active
3394,757,4,2022-06-06,,Active
3395,757,1,2022-06-06,,Active
3396,758,5,2022-04-01,,Active
3397,758,3,2022-04-01,,Active
3398,758,1,2022-04-01,,Active
3399,758,4,2022-04-01,,Active
3400,759,3,2025-04-03,,Active
3401,759,1,2025-04-03,,Active
3402,759,2,2025-04-03,,Active
3403,759,4,2025-04-03,,Active
3404,759,6,2025-04-03,,Active
3405,759,5,2025-04-03,,Active
3406,760,5,2025-11-12,,Active
3407,760,2,2025-11-12,,Active
3408,760,6,2025-11-12,,Active
3409,761,3,2025-04-07,,Active
3410,761,1,2025-04-07,,Active
3411,761,2,2025-04-07,,Active
3412,762,2,2022-04-22,,Active
3413,762,6,2022-04-22,,Active
3414,762,5,2022-04-22,,Active
3415,762,4,2022-04-22,,Active
3416,762,3,2022-04-22,,Active
3417,762,1,2022-04-22,,Active
3418,763,3,2024-10-05,,Active
3419,763,1,2024-10-05,,Active
3420,763,4,2024-10-05,,Active
3421,763,5,2024-10-05,,Active
3422,764,5,2021-04-03,,Active
3423,764,2,2021-04-03,,Active
3424,764,3,2021-04-03,,Active
3425,764,6,2021-04-03,,Active
3426,765,4,2021-07-22,,Active
3427,765,2,2021-07-22,,Active
3428,765,1,2021-07-22,,Active
3429,765,6,2021-07-22,,Active
3430,766,3,2022-09-13,,Active
3431,766,6,2022-09-13,,Active
3432,766,4,2022-09-13,,Active
3433,766,1,2022-09-13,,Active
3434,767,6,2023-04-13,,Active
3435,767,3,2023-04-13,,Active
3436,767,1,2023-04-13,,Active
3437,768,2,2025-10-16,,Active
3438,768,3,2025-10-16,,Active
3439,768,4,2025-10-16,,Active
3440,769,2,2025-03-27,,Active
3441,769,6,2025-03-27,,Active
3442,769,1,2025-03-27,,Active
3443,769,3,2025-03-27,,Active
3444,770,4,2021-05-20,,Active
3445,770,2,2021-05-20,,Active
3446,770,3,2021-05-20,,Active
3447,770,5,2021-05-20,,Active
3448,770,1,2021-05-20,,Active
3449,770,6,2021-05-20,,Active
3450,771,2,2025-03-14,,Active
3451,771,3,2025-03-14,,Active
3452,771,6,2025-03-14,,Active
3453,771,5,2025-03-14,,Active
3454,771,1,2025-03-14,,Active
3455,771,4,2025-03-14,,Active
3456,772,6,2024-03-11,,Active
3457,772,1,2024-03-11,,Active
3458,772,5,2024-03-11,,Active
3459,773,1,2024-06-22,,Active
3460,773,3,2024-06-22,,Active
3461,773,6,2024-06-22,,Active
3462,773,2,2024-06-22,,Active
3463,774,3,2022-09-17,2023-12-27,Inactive
3464,774,2,2022-09-17,2023-12-27,Inactive
3465,774,5,2022-09-17,2023-12-27,Inactive
3466,774,6,2022-09-17,2023-12-27,Inactive
3467,775,4,2022-03-22,,Active
3468,775,3,2022-03-22,,Active
3469,775,2,2022-03-22,,Active
3470,775,5,2022-03-22,,Active
3471,775,6,2022-03-22,,Active
3472,775,1,2022-03-22,,Active
3473,776,6,2022-08-31,2023-08-08,Inactive
3474,776,4,2022-08-31,2023-08-08,Inactive
3475,776,5,2022-08-31,2023-08-08,Inactive
3476,776,3,2022-08-31,2023-08-08,Inactive
3477,777,6,2024-02-17,,Active
3478,777,3,2024-02-17,,Active
3479,777,2,2024-02-17,,Active
3480,778,6,2021-11-19,,Active
3481,778,2,2021-11-19,,Active
3482,778,3,2021-11-19,,Active
3483,778,5,2021-11-19,,Active
3484,778,4,2021-11-19,,Active
3485,779,2,2024-01-06,,Active
3486,779,1,2024-01-06,,Active
3487,779,5,2024-01-06,,Active
3488,779,3,2024-01-06,,Active
3489,779,4,2024-01-06,,Active
3490,780,4,2025-08-08,,Active
3491,780,5,2025-08-08,,Active
3492,780,6,2025-08-08,,Active
3493,781,6,2024-08-26,,Active
3494,781,1,2024-08-26,,Active
3495,781,2,2024-08-26,,Active
3496,781,5,2024-08-26,,Active
3497,781,3,2024-08-26,,Active
3498,781,4,2024-08-26,,Active
3499,782,5,2024-06-30,,Active
3500,782,2,2024-06-30,,Active
3501,782,1,2024-06-30,,Active
3502,782,4,2024-06-30,,Active
3503,782,6,2024-06-30,,Active
3504,783,3,2023-07-21,,Active
3505,783,1,2023-07-21,,Active
3506,783,5,2023-07-21,,Active
3507,783,6,2023-07-21,,Active
3508,783,2,2023-07-21,,Active
3509,783,4,2023-07-21,,Active
3510,784,6,2024-08-23,,Active
3511,784,3,2024-08-23,,Active
3512,784,1,2024-08-23,,Active
3513,784,5,2024-08-23,,Active
3514,784,4,2024-08-23,,Active
3515,785,3,2025-05-30,2025-11-17,Inactive
3516,785,1,2025-05-30,2025-11-17,Inactive
3517,785,2,2025-05-30,2025-11-17,Inactive
3518,785,4,2025-05-30,2025-11-17,Inactive
3519,786,2,2021-11-18,2023-10-24,Inactive
3520,786,3,2021-11-18,2023-10-24,Inactive
3521,786,5,2021-11-18,2023-10-24,Inactive
3522,786,1,2021-11-18,2023-10-24,Inactive
3523,786,4,2021-11-18,2023-10-24,Inactive
3524,787,2,2025-04-06,,Active
3525,787,6,2025-04-06,,Active
3526,787,3,2025-04-06,,Active
3527,787,5,2025-04-06,,Active
3528,788,5,2025-11-07,,Active
3529,788,3,2025-11-07,,Active
3530,788,1,2025-11-07,,Active
3531,788,6,2025-11-07,,Active
3532,788,2,2025-11-07,,Active
3533,788,4,2025-11-07,,Active
3534,789,3,2024-09-22,,Active
3535,789,5,2024-09-22,,Active
3536,789,2,2024-09-22,,Active
3537,789,6,2024-09-22,,Active
3538,789,4,2024-09-22,,Active
3539,789,1,2024-09-22,,Active
3540,790,4,2021-10-15,,Active
3541,790,1,2021-10-15,,Active
3542,790,3,2021-10-15,,Active
3543,790,2,2021-10-15,,Active
3544,791,4,2021-08-31,2025-12-12,Inactive
3545,791,3,2021-08-31,2025-12-12,Inactive
3546,791,5,2021-08-31,2025-12-12,Inactive
3547,791,1,2021-08-31,2025-12-12,Inactive
3548,791,2,2021-08-31,2025-12-12,Inactive
3549,791,6,2021-08-31,2025-12-12,Inactive
3550,792,5,2024-10-17,,Active
3551,792,1,2024-10-17,,Active
3552,792,3,2024-10-17,,Active
3553,792,4,2024-10-17,,Active
3554,792,2,2024-10-17,,Active
3555,793,3,2025-06-16,,Active
3556,793,6,2025-06-16,,Active
3557,793,4,2025-06-16,,Active
3558,793,2,2025-06-16,,Active
3559,794,4,2021-09-09,,Active
3560,794,2,2021-09-09,,Active
3561,794,3,2021-09-09,,Active
3562,794,6,2021-09-09,,Active
3563,795,6,2021-03-03,,Active
3564,795,5,2021-03-03,,Active
3565,795,3,2021-03-03,,Active
3566,795,1,2021-03-03,,Active
3567,795,4,2021-03-03,,Active
3568,796,3,2024-05-24,,Active
3569,796,6,2024-05-24,,Active
3570,796,4,2024-05-24,,Active
3571,797,3,2023-10-21,2025-07-06,Inactive
3572,797,1,2023-10-21,2025-07-06,Inactive
3573,797,4,2023-10-21,2025-07-06,Inactive
3574,798,2,2023-06-01,,Active
3575,798,3,2023-06-01,,Active
3576,798,6,2023-06-01,,Active
3577,798,4,2023-06-01,,Active
3578,798,5,2023-06-01,,Active
3579,799,4,2025-09-24,,Active
3580,799,5,2025-09-24,,Active
3581,799,6,2025-09-24,,Active
3582,799,2,2025-09-24,,Active
3583,799,1,2025-09-24,,Active
3584,799,3,2025-09-24,,Active
3585,800,1,2023-11-11,,Active
3586,800,2,2023-11-11,,Active
3587,800,4,2023-11-11,,Active
3588,800,3,2023-11-11,,Active
3589,801,2,2021-05-25,,Active
3590,801,3,2021-05-25,,Active
3591,801,4,2021-05-25,,Active
3592,801,6,2021-05-25,,Active
3593,801,5,2021-05-25,,Active
3594,802,3,2023-05-01,,Active
3595,802,2,2023-05-01,,Active
3596,802,1,2023-05-01,,Active
3597,803,5,2021-09-05,2023-09-02,Inactive
3598,803,1,2021-09-05,2023-09-02,Inactive
3599,803,4,2021-09-05,2023-09-02,Inactive
3600,804,6,2021-12-07,,Active
3601,804,2,2021-12-07,,Active
3602,804,4,2021-12-07,,Active
3603,805,5,2021-01-10,,Active
3604,805,4,2021-01-10,,Active
3605,805,3,2021-01-10,,Active
3606,805,6,2021-01-10,,Active
3607,805,2,2021-01-10,,Active
3608,806,1,2021-12-31,,Active
3609,806,5,2021-12-31,,Active
3610,806,3,2021-12-31,,Active
3611,806,4,2021-12-31,,Active
3612,806,6,2021-12-31,,Active
3613,806,2,2021-12-31,,Active
3614,807,4,2023-07-17,,Active
3615,807,6,2023-07-17,,Active
3616,807,3,2023-07-17,,Active
3617,808,3,2024-12-04,,Active
3618,808,6,2024-12-04,,Active
3619,808,4,2024-12-04,,Active
3620,809,2,2025-01-03,,Active
3621,809,4,2025-01-03,,Active
3622,809,6,2025-01-03,,Active
3623,809,5,2025-01-03,,Active
3624,809,1,2025-01-03,,Active
3625,809,3,2025-01-03,,Active
3626,810,6,2024-06-22,2025-05-19,Inactive
3627,810,5,2024-06-22,2025-05-19,Inactive
3628,810,2,2024-06-22,2025-05-19,Inactive
3629,810,4,2024-06-22,2025-05-19,Inactive
3630,810,1,2024-06-22,2025-05-19,Inactive
3631,810,3,2024-06-22,2025-05-19,Inactive
3632,811,4,2025-10-14,,Active
3633,811,5,2025-10-14,,Active
3634,811,1,2025-10-14,,Active
3635,811,6,2025-10-14,,Active
3636,811,3,2025-10-14,,Active
3637,811,2,2025-10-14,,Active
3638,812,4,2021-08-04,,Active
3639,812,6,2021-08-04,,Active
3640,812,2,2021-08-04,,Active
3641,812,1,2021-08-04,,Active
3642,812,5,2021-08-04,,Active
3643,813,4,2024-08-01,2024-10-21,Inactive
3644,813,6,2024-08-01,2024-10-21,Inactive
3645,813,5,2024-08-01,2024-10-21,Inactive
3646,814,1,2021-03-03,,Active
3647,814,3,2021-03-03,,Active
3648,814,6,2021-03-03,,Active
3649,814,5,2021-03-03,,Active
3650,814,2,2021-03-03,,Active
3651,815,3,2022-03-27,,Active
3652,815,6,2022-03-27,,Active
3653,815,4,2022-03-27,,Active
3654,815,2,2022-03-27,,Active
3655,815,5,2022-03-27,,Active
3656,816,4,2025-11-07,,Active
3657,816,3,2025-11-07,,Active
3658,816,5,2025-11-07,,Active
3659,816,6,2025-11-07,,Active
3660,816,1,2025-11-07,,Active
3661,816,2,2025-11-07,,Active
3662,817,3,2021-07-23,,Active
3663,817,2,2021-07-23,,Active
3664,817,4,2021-07-23,,Active
3665,818,2,2023-06-18,,Active
3666,818,6,2023-06-18,,Active
3667,818,3,2023-06-18,,Active
3668,818,4,2023-06-18,,Active
3669,819,3,2022-06-24,,Active
3670,819,1,2022-06-24,,Active
3671,819,2,2022-06-24,,Active
3672,819,6,2022-06-24,,Active
3673,819,5,2022-06-24,,Active
3674,819,4,2022-06-24,,Active
3675,820,3,2023-02-19,,Active
3676,820,4,2023-02-19,,Active
3677,820,1,2023-02-19,,Active
3678,820,6,2023-02-19,,Active
3679,820,2,2023-02-19,,Active
3680,820,5,2023-02-19,,Active
3681,821,4,2023-09-06,,Active
3682,821,1,2023-09-06,,Active
3683,821,2,2023-09-06,,Active
3684,821,5,2023-09-06,,Active
3685,822,4,2023-07-21,,Active
3686,822,5,2023-07-21,,Active
3687,822,2,2023-07-21,,Active
3688,822,6,2023-07-21,,Active
3689,823,2,2023-07-26,,Active
3690,823,5,2023-07-26,,Active
3691,823,4,2023-07-26,,Active
3692,823,6,2023-07-26,,Active
3693,824,1,2021-05-13,,Active
3694,824,4,2021-05-13,,Active
3695,824,2,2021-05-13,,Active
3696,825,3,2022-02-18,,Active
3697,825,4,2022-02-18,,Active
3698,825,2,2022-02-18,,Active
3699,825,1,2022-02-18,,Active
3700,826,2,2024-01-12,,Active
3701,826,6,2024-01-12,,Active
3702,826,4,2024-01-12,,Active
3703,827,2,2022-03-30,,Active
3704,827,4,2022-03-30,,Active
3705,827,1,2022-03-30,,Active
3706,828,5,2025-10-31,2025-12-30,Inactive
3707,828,6,2025-10-31,2025-12-30,Inactive
3708,828,4,2025-10-31,2025-12-30,Inactive
3709,828,1,2025-10-31,2025-12-30,Inactive
3710,829,1,2024-07-30,,Active
3711,829,5,2024-07-30,,Active
3712,829,3,2024-07-30,,Active
3713,829,4,2024-07-30,,Active
3714,829,2,2024-07-30,,Active
3715,830,5,2024-03-20,,Active
3716,830,3,2024-03-20,,Active
3717,830,2,2024-03-20,,Active
3718,830,1,2024-03-20,,Active
3719,830,4,2024-03-20,,Active
3720,830,6,2024-03-20,,Active
3721,831,2,2025-10-01,,Active
3722,831,6,2025-10-01,,Active
3723,831,1,2025-10-01,,Active
3724,832,2,2021-05-01,,Active
3725,832,6,2021-05-01,,Active
3726,832,3,2021-05-01,,Active
3727,832,5,2021-05-01,,Active
3728,833,3,2022-12-09,,Active
3729,833,4,2022-12-09,,Active
3730,833,6,2022-12-09,,Active
3731,833,2,2022-12-09,,Active
3732,834,3,2022-11-21,,Active
3733,834,5,2022-11-21,,Active
3734,834,6,2022-11-21,,Active
3735,835,3,2022-04-12,,Active
3736,835,1,2022-04-12,,Active
3737,835,2,2022-04-12,,Active
3738,835,6,2022-04-12,,Active
3739,835,4,2022-04-12,,Active
3740,836,6,2021-10-09,,Active
3741,836,4,2021-10-09,,Active
3742,836,1,2021-10-09,,Active
3743,836,2,2021-10-09,,Active
3744,836,3,2021-10-09,,Active
3745,837,4,2023-07-31,,Active
3746,837,2,2023-07-31,,Active
3747,837,6,2023-07-31,,Active
3748,837,5,2023-07-31,,Active
3749,837,3,2023-07-31,,Active
3750,837,1,2023-07-31,,Active
3751,838,2,2022-04-26,,Active
3752,838,4,2022-04-26,,Active
3753,838,1,2022-04-26,,Active
3754,839,2,2022-09-08,,Active
3755,839,6,2022-09-08,,Active
3756,839,1,2022-09-08,,Active
3757,839,5,2022-09-08,,Active
3758,839,3,2022-09-08,,Active
3759,840,1,2022-08-04,,Active
3760,840,6,2022-08-04,,Active
3761,840,3,2022-08-04,,Active
3762,841,1,2025-01-31,,Active
3763,841,5,2025-01-31,,Active
3764,841,4,2025-01-31,,Active
3765,841,3,2025-01-31,,Active
3766,841,6,2025-01-31,,Active
3767,842,1,2023-03-09,,Active
3768,842,2,2023-03-09,,Active
3769,842,6,2023-03-09,,Active
3770,842,4,2023-03-09,,Active
3771,843,3,2023-08-27,,Active
3772,843,2,2023-08-27,,Active
3773,843,4,2023-08-27,,Active
3774,844,5,2024-01-09,,Active
3775,844,4,2024-01-09,,Active
3776,844,1,2024-01-09,,Active
3777,845,1,2021-11-23,,Active
3778,845,3,2021-11-23,,Active
3779,845,2,2021-11-23,,Active
3780,845,4,2021-11-23,,Active
3781,845,6,2021-11-23,,Active
3782,846,5,2024-01-20,2024-07-17,Inactive
3783,846,6,2024-01-20,2024-07-17,Inactive
3784,846,3,2024-01-20,2024-07-17,Inactive
3785,846,1,2024-01-20,2024-07-17,Inactive
3786,847,6,2021-03-18,,Active
3787,847,5,2021-03-18,,Active
3788,847,3,2021-03-18,,Active
3789,848,5,2023-12-01,2024-09-09,Inactive
3790,848,1,2023-12-01,2024-09-09,Inactive
3791,848,3,2023-12-01,2024-09-09,Inactive
3792,849,1,2023-08-05,2025-10-18,Inactive
3793,849,2,2023-08-05,2025-10-18,Inactive
3794,849,3,2023-08-05,2025-10-18,Inactive
3795,849,4,2023-08-05,2025-10-18,Inactive
3796,850,1,2022-06-25,,Active
3797,850,5,2022-06-25,,Active
3798,850,6,2022-06-25,,Active
3799,850,3,2022-06-25,,Active
3800,851,1,2024-11-01,2025-02-16,Inactive
3801,851,3,2024-11-01,2025-02-16,Inactive
3802,851,6,2024-11-01,2025-02-16,Inactive
3803,851,4,2024-11-01,2025-02-16,Inactive
3804,852,2,2024-07-02,2024-11-05,Inactive
3805,852,3,2024-07-02,2024-11-05,Inactive
3806,852,1,2024-07-02,2024-11-05,Inactive
3807,853,1,2021-08-27,,Active
3808,853,2,2021-08-27,,Active
3809,853,6,2021-08-27,,Active
3810,853,3,2021-08-27,,Active
3811,854,4,2025-05-11,,Active
3812,854,5,2025-05-11,,Active
3813,854,3,2025-05-11,,Active
3814,854,1,2025-05-11,,Active
3815,854,2,2025-05-11,,Active
3816,854,6,2025-05-11,,Active
3817,855,5,2024-12-13,,Active
3818,855,2,2024-12-13,,Active
3819,855,4,2024-12-13,,Active
3820,856,2,2021-11-25,,Active
3821,856,3,2021-11-25,,Active
3822,856,4,2021-11-25,,Active
3823,856,6,2021-11-25,,Active
3824,856,1,2021-11-25,,Active
3825,857,2,2024-05-28,2024-10-11,Inactive
3826,857,3,2024-05-28,2024-10-11,Inactive
3827,857,1,2024-05-28,2024-10-11,Inactive
3828,857,6,2024-05-28,2024-10-11,Inactive
3829,857,5,2024-05-28,2024-10-11,Inactive
3830,857,4,2024-05-28,2024-10-11,Inactive
3831,858,5,2022-04-21,2023-07-01,Inactive
3832,858,3,2022-04-21,2023-07-01,Inactive
3833,858,2,2022-04-21,2023-07-01,Inactive
3834,859,5,2022-02-27,,Active
3835,859,2,2022-02-27,,Active
3836,859,3,2022-02-27,,Active
3837,859,1,2022-02-27,,Active
3838,859,6,2022-02-27,,Active
3839,859,4,2022-02-27,,Active
3840,860,3,2022-12-11,2023-08-05,Inactive
3841,860,5,2022-12-11,2023-08-05,Inactive
3842,860,1,2022-12-11,2023-08-05,Inactive
3843,860,4,2022-12-11,2023-08-05,Inactive
3844,861,1,2025-07-30,,Active
3845,861,5,2025-07-30,,Active
3846,861,6,2025-07-30,,Active
3847,862,3,2025-02-14,2025-08-16,Inactive
3848,862,2,2025-02-14,2025-08-16,Inactive
3849,862,6,2025-02-14,2025-08-16,Inactive
3850,862,1,2025-02-14,2025-08-16,Inactive
3851,862,5,2025-02-14,2025-08-16,Inactive
3852,863,2,2025-07-01,,Active
3853,863,1,2025-07-01,,Active
3854,863,5,2025-07-01,,Active
3855,863,4,2025-07-01,,Active
3856,863,3,2025-07-01,,Active
3857,863,6,2025-07-01,,Active
3858,864,5,2022-01-19,2022-12-16,Inactive
3859,864,6,2022-01-19,2022-12-16,Inactive
3860,864,2,2022-01-19,2022-12-16,Inactive
3861,864,4,2022-01-19,2022-12-16,Inactive
3862,865,5,2023-03-01,2023-10-17,Inactive
3863,865,3,2023-03-01,2023-10-17,Inactive
3864,865,1,2023-03-01,2023-10-17,Inactive
3865,865,6,2023-03-01,2023-10-17,Inactive
3866,865,4,2023-03-01,2023-10-17,Inactive
3867,865,2,2023-03-01,2023-10-17,Inactive
3868,866,5,2022-04-30,2025-11-02,Inactive
3869,866,1,2022-04-30,2025-11-02,Inactive
3870,866,4,2022-04-30,2025-11-02,Inactive
3871,866,3,2022-04-30,2025-11-02,Inactive
3872,866,2,2022-04-30,2025-11-02,Inactive
3873,867,6,2023-08-19,,Active
3874,867,2,2023-08-19,,Active
3875,867,5,2023-08-19,,Active
3876,867,4,2023-08-19,,Active
3877,868,2,2021-07-20,,Active
3878,868,3,2021-07-20,,Active
3879,868,5,2021-07-20,,Active
3880,868,1,2021-07-20,,Active
3881,868,4,2021-07-20,,Active
3882,868,6,2021-07-20,,Active
3883,869,2,2023-03-23,,Active
3884,869,4,2023-03-23,,Active
3885,869,5,2023-03-23,,Active
3886,869,1,2023-03-23,,Active
3887,870,5,2025-10-20,,Active
3888,870,4,2025-10-20,,Active
3889,870,6,2025-10-20,,Active
3890,870,3,2025-10-20,,Active
3891,870,1,2025-10-20,,Active
3892,871,2,2025-10-08,,Active
3893,871,4,2025-10-08,,Active
3894,871,3,2025-10-08,,Active
3895,871,6,2025-10-08,,Active
3896,872,3,2024-01-24,,Active
3897,872,4,2024-01-24,,Active
3898,872,2,2024-01-24,,Active
3899,872,1,2024-01-24,,Active
3900,872,6,2024-01-24,,Active
3901,873,2,2024-06-09,,Active
3902,873,5,2024-06-09,,Active
3903,873,4,2024-06-09,,Active
3904,873,6,2024-06-09,,Active
3905,873,3,2024-06-09,,Active
3906,873,1,2024-06-09,,Active
3907,874,5,2022-06-07,2023-10-18,Inactive
3908,874,6,2022-06-07,2023-10-18,Inactive
3909,874,1,2022-06-07,2023-10-18,Inactive
3910,874,2,2022-06-07,2023-10-18,Inactive
3911,875,3,2023-05-09,,Active
3912,875,2,2023-05-09,,Active
3913,875,4,2023-05-09,,Active
3914,875,6,2023-05-09,,Active
3915,875,1,2023-05-09,,Active
3916,875,5,2023-05-09,,Active
3917,876,5,2022-10-24,,Active
3918,876,2,2022-10-24,,Active
3919,876,3,2022-10-24,,Active
3920,877,4,2021-12-03,2022-04-05,Inactive
3921,877,6,2021-12-03,2022-04-05,Inactive
3922,877,2,2021-12-03,2022-04-05,Inactive
3923,878,3,2024-11-29,2025-11-30,Inactive
3924,878,5,2024-11-29,2025-11-30,Inactive
3925,878,6,2024-11-29,2025-11-30,Inactive
3926,878,1,2024-11-29,2025-11-30,Inactive
3927,878,4,2024-11-29,2025-11-30,Inactive
3928,879,4,2025-04-29,,Active
3929,879,1,2025-04-29,,Active
3930,879,2,2025-04-29,,Active
3931,880,4,2023-06-30,2025-08-16,Inactive
3932,880,1,2023-06-30,2025-08-16,Inactive
3933,880,2,2023-06-30,2025-08-16,Inactive
3934,880,6,2023-06-30,2025-08-16,Inactive
3935,881,1,2025-05-05,,Active
3936,881,2,2025-05-05,,Active
3937,881,5,2025-05-05,,Active
3938,882,1,2021-01-19,,Active
3939,882,6,2021-01-19,,Active
3940,882,5,2021-01-19,,Active
3941,882,4,2021-01-19,,Active
3942,883,1,2023-11-12,,Active
3943,883,5,2023-11-12,,Active
3944,883,4,2023-11-12,,Active
3945,883,3,2023-11-12,,Active
3946,884,5,2024-03-07,,Active
3947,884,4,2024-03-07,,Active
3948,884,6,2024-03-07,,Active
3949,884,1,2024-03-07,,Active
3950,884,2,2024-03-07,,Active
3951,885,6,2024-11-05,,Active
3952,885,2,2024-11-05,,Active
3953,885,5,2024-11-05,,Active
3954,885,4,2024-11-05,,Active
3955,886,5,2022-11-26,2024-04-18,Inactive
3956,886,2,2022-11-26,2024-04-18,Inactive
3957,886,1,2022-11-26,2024-04-18,Inactive
3958,886,6,2022-11-26,2024-04-18,Inactive
3959,886,3,2022-11-26,2024-04-18,Inactive
3960,887,6,2025-03-31,2025-10-05,Inactive
3961,887,4,2025-03-31,2025-10-05,Inactive
3962,887,5,2025-03-31,2025-10-05,Inactive
3963,887,2,2025-03-31,2025-10-05,Inactive
3964,887,3,2025-03-31,2025-10-05,Inactive
3965,887,1,2025-03-31,2025-10-05,Inactive
3966,888,4,2025-06-15,,Active
3967,888,2,2025-06-15,,Active
3968,888,5,2025-06-15,,Active
3969,888,3,2025-06-15,,Active
3970,888,1,2025-06-15,,Active
3971,888,6,2025-06-15,,Active
3972,889,2,2025-06-23,,Active
3973,889,6,2025-06-23,,Active
3974,889,5,2025-06-23,,Active
3975,890,4,2021-10-04,2024-02-01,Inactive
3976,890,1,2021-10-04,2024-02-01,Inactive
3977,890,2,2021-10-04,2024-02-01,Inactive
3978,890,5,2021-10-04,2024-02-01,Inactive
3979,891,1,2021-12-23,2025-10-24,Inactive
3980,891,3,2021-12-23,2025-10-24,Inactive
3981,891,5,2021-12-23,2025-10-24,Inactive
3982,892,2,2024-05-25,,Active
3983,892,6,2024-05-25,,Active
3984,892,3,2024-05-25,,Active
3985,892,1,2024-05-25,,Active
3986,892,5,2024-05-25,,Active
3987,892,4,2024-05-25,,Active
3988,893,3,2023-05-30,,Active
3989,893,6,2023-05-30,,Active
3990,893,1,2023-05-30,,Active
3991,893,4,2023-05-30,,Active
3992,894,3,2024-11-05,,Active
3993,894,5,2024-11-05,,Active
3994,894,4,2024-11-05,,Active
3995,894,2,2024-11-05,,Active
3996,894,1,2024-11-05,,Active
3997,894,6,2024-11-05,,Active
3998,895,6,2022-08-01,,Active
3999,895,1,2022-08-01,,Active
4000,895,3,2022-08-01,,Active
4001,895,4,2022-08-01,,Active
4002,895,2,2022-08-01,,Active
4003,896,5,2021-01-12,,Active
4004,896,3,2021-01-12,,Active
4005,896,2,2021-01-12,,Active
4006,896,1,2021-01-12,,Active
4007,896,6,2021-01-12,,Active
4008,897,3,2022-08-21,,Active
4009,897,1,2022-08-21,,Active
4010,897,2,2022-08-21,,Active
4011,897,4,2022-08-21,,Active
4012,897,5,2022-08-21,,Active
4013,898,3,2021-07-08,2025-12-13,Inactive
4014,898,5,2021-07-08,2025-12-13,Inactive
4015,898,1,2021-07-08,2025-12-13,Inactive
4016,898,2,2021-07-08,2025-12-13,Inactive
4017,899,1,2021-02-08,2025-01-14,Inactive
4018,899,2,2021-02-08,2025-01-14,Inactive
4019,899,5,2021-02-08,2025-01-14,Inactive
4020,899,4,2021-02-08,2025-01-14,Inactive
4021,900,1,2022-05-27,,Active
4022,900,2,2022-05-27,,Active
4023,900,6,2022-05-27,,Active
4024,900,4,2022-05-27,,Active
4025,901,5,2025-04-06,,Active
4026,901,3,2025-04-06,,Active
4027,901,2,2025-04-06,,Active
4028,902,1,2023-08-15,,Active
4029,902,3,2023-08-15,,Active
4030,902,5,2023-08-15,,Active
4031,902,4,2023-08-15,,Active
4032,903,1,2023-05-28,,Active
4033,903,5,2023-05-28,,Active
4034,903,4,2023-05-28,,Active
4035,903,6,2023-05-28,,Active
4036,903,2,2023-05-28,,Active
4037,904,5,2023-09-29,2024-06-11,Inactive
4038,904,4,2023-09-29,2024-06-11,Inactive
4039,904,1,2023-09-29,2024-06-11,Inactive
4040,904,3,2023-09-29,2024-06-11,Inactive
4041,904,2,2023-09-29,2024-06-11,Inactive
4042,905,4,2023-01-20,,Active
4043,905,3,2023-01-20,,Active
4044,905,5,2023-01-20,,Active
4045,905,1,2023-01-20,,Active
4046,906,4,2021-11-16,2025-09-20,Inactive
4047,906,3,2021-11-16,2025-09-20,Inactive
4048,906,5,2021-11-16,2025-09-20,Inactive
4049,907,6,2025-01-10,2025-12-20,Inactive
4050,907,1,2025-01-10,2025-12-20,Inactive
4051,907,2,2025-01-10,2025-12-20,Inactive
4052,908,1,2023-07-20,,Active
4053,908,2,2023-07-20,,Active
4054,908,3,2023-07-20,,Active
4055,908,4,2023-07-20,,Active
4056,908,5,2023-07-20,,Active
4057,908,6,2023-07-20,,Active
4058,909,5,2023-04-10,,Active
4059,909,1,2023-04-10,,Active
4060,909,3,2023-04-10,,Active
4061,909,4,2023-04-10,,Active
4062,909,6,2023-04-10,,Active
4063,909,2,2023-04-10,,Active
4064,910,6,2024-02-28,2024-09-22,Inactive
4065,910,3,2024-02-28,2024-09-22,Inactive
4066,910,4,2024-02-28,2024-09-22,Inactive
4067,910,5,2024-02-28,2024-09-22,Inactive
4068,911,4,2022-01-26,,Active
4069,911,2,2022-01-26,,Active
4070,911,1,2022-01-26,,Active
4071,911,5,2022-01-26,,Active
4072,911,6,2022-01-26,,Active
4073,911,3,2022-01-26,,Active
4074,912,1,2023-02-23,,Active
4075,912,3,2023-02-23,,Active
4076,912,6,2023-02-23,,Active
4077,912,4,2023-02-23,,Active
4078,913,5,2022-04-20,,Active
4079,913,2,2022-04-20,,Active
4080,913,6,2022-04-20,,Active
4081,913,4,2022-04-20,,Active
4082,913,3,2022-04-20,,Active
4083,914,4,2022-07-11,,Active
4084,914,6,2022-07-11,,Active
4085,914,1,2022-07-11,,Active
4086,914,5,2022-07-11,,Active
4087,915,5,2023-08-31,,Active
4088,915,2,2023-08-31,,Active
4089,915,1,2023-08-31,,Active
4090,915,6,2023-08-31,,Active
4091,916,4,2023-08-19,,Active
4092,916,1,2023-08-19,,Active
4093,916,3,2023-08-19,,Active
4094,917,2,2025-05-09,,Active
4095,917,6,2025-05-09,,Active
4096,917,1,2025-05-09,,Active
4097,917,5,2025-05-09,,Active
4098,917,4,2025-05-09,,Active
4099,917,3,2025-05-09,,Active
4100,918,1,2022-06-30,,Active
4101,918,5,2022-06-30,,Active
4102,918,3,2022-06-30,,Active
4103,919,4,2023-09-12,,Active
4104,919,6,2023-09-12,,Active
4105,919,1,2023-09-12,,Active
4106,920,3,2024-07-13,2024-11-03,Inactive
4107,920,4,2024-07-13,2024-11-03,Inactive
4108,920,2,2024-07-13,2024-11-03,Inactive
4109,920,6,2024-07-13,2024-11-03,Inactive
4110,920,5,2024-07-13,2024-11-03,Inactive
4111,920,1,2024-07-13,2024-11-03,Inactive
4112,921,2,2023-05-08,,Active
4113,921,1,2023-05-08,,Active
4114,921,4,2023-05-08,,Active
4115,922,6,2023-03-01,2023-06-07,Inactive
4116,922,2,2023-03-01,2023-06-07,Inactive
4117,922,1,2023-03-01,2023-06-07,Inactive
4118,922,3,2023-03-01,2023-06-07,Inactive
4119,922,5,2023-03-01,2023-06-07,Inactive
4120,923,3,2024-05-11,2024-11-16,Inactive
4121,923,4,2024-05-11,2024-11-16,Inactive
4122,923,2,2024-05-11,2024-11-16,Inactive
4123,924,1,2024-07-30,,Active
4124,924,4,2024-07-30,,Active
4125,924,5,2024-07-30,,Active
4126,924,2,2024-07-30,,Active
4127,924,3,2024-07-30,,Active
4128,925,3,2021-12-18,,Active
4129,925,2,2021-12-18,,Active
4130,925,4,2021-12-18,,Active
4131,925,6,2021-12-18,,Active
4132,925,5,2021-12-18,,Active
4133,925,1,2021-12-18,,Active
4134,926,1,2022-02-03,2025-07-05,Inactive
4135,926,2,2022-02-03,2025-07-05,Inactive
4136,926,5,2022-02-03,2025-07-05,Inactive
4137,926,3,2022-02-03,2025-07-05,Inactive
4138,927,3,2021-06-16,,Active
4139,927,4,2021-06-16,,Active
4140,927,5,2021-06-16,,Active
4141,928,5,2022-12-25,,Active
4142,928,3,2022-12-25,,Active
4143,928,6,2022-12-25,,Active
4144,928,1,2022-12-25,,Active
4145,928,2,2022-12-25,,Active
4146,929,3,2021-10-26,2024-11-02,Inactive
4147,929,4,2021-10-26,2024-11-02,Inactive
4148,929,5,2021-10-26,2024-11-02,Inactive
4149,929,1,2021-10-26,2024-11-02,Inactive
4150,929,2,2021-10-26,2024-11-02,Inactive
4151,929,6,2021-10-26,2024-11-02,Inactive
4152,930,2,2021-07-05,2023-01-26,Inactive
4153,930,3,2021-07-05,2023-01-26,Inactive
4154,930,5,2021-07-05,2023-01-26,Inactive
4155,930,1,2021-07-05,2023-01-26,Inactive
4156,930,4,2021-07-05,2023-01-26,Inactive
4157,931,3,2021-05-25,2024-05-25,Inactive
4158,931,6,2021-05-25,2024-05-25,Inactive
4159,931,1,2021-05-25,2024-05-25,Inactive
4160,931,4,2021-05-25,2024-05-25,Inactive
4161,931,2,2021-05-25,2024-05-25,Inactive
4162,931,5,2021-05-25,2024-05-25,Inactive
4163,932,6,2022-05-15,,Active
4164,932,3,2022-05-15,,Active
4165,932,1,2022-05-15,,Active
4166,932,4,2022-05-15,,Active
4167,933,6,2024-10-24,,Active
4168,933,3,2024-10-24,,Active
4169,933,4,2024-10-24,,Active
4170,933,1,2024-10-24,,Active
4171,934,5,2023-10-13,,Active
4172,934,1,2023-10-13,,Active
4173,934,2,2023-10-13,,Active
4174,935,6,2021-12-01,,Active
4175,935,5,2021-12-01,,Active
4176,935,3,2021-12-01,,Active
4177,935,4,2021-12-01,,Active
4178,936,6,2025-03-13,,Active
4179,936,1,2025-03-13,,Active
4180,936,5,2025-03-13,,Active
4181,936,4,2025-03-13,,Active
4182,936,2,2025-03-13,,Active
4183,936,3,2025-03-13,,Active
4184,937,2,2021-11-26,2025-09-16,Inactive
4185,937,5,2021-11-26,2025-09-16,Inactive
4186,937,1,2021-11-26,2025-09-16,Inactive
4187,937,3,2021-11-26,2025-09-16,Inactive
4188,938,3,2023-11-21,,Active
4189,938,6,2023-11-21,,Active
4190,938,5,2023-11-21,,Active
4191,938,1,2023-11-21,,Active
4192,939,3,2025-11-28,,Active
4193,939,5,2025-11-28,,Active
4194,939,4,2025-11-28,,Active
4195,939,6,2025-11-28,,Active
4196,939,1,2025-11-28,,Active
4197,940,1,2025-07-06,,Active
4198,940,3,2025-07-06,,Active
4199,940,5,2025-07-06,,Active
4200,940,2,2025-07-06,,Active
4201,940,6,2025-07-06,,Active
4202,940,4,2025-07-06,,Active
4203,941,3,2025-07-26,,Active
4204,941,2,2025-07-26,,Active
4205,941,5,2025-07-26,,Active
4206,941,6,2025-07-26,,Active
4207,941,1,2025-07-26,,Active
4208,941,4,2025-07-26,,Active
4209,942,1,2025-06-09,,Active
4210,942,4,2025-06-09,,Active
4211,942,6,2025-06-09,,Active
4212,942,3,2025-06-09,,Active
4213,942,5,2025-06-09,,Active
4214,942,2,2025-06-09,,Active
4215,943,3,2025-01-28,2025-10-24,Inactive
4216,943,1,2025-01-28,2025-10-24,Inactive
4217,943,4,2025-01-28,2025-10-24,Inactive
4218,943,6,2025-01-28,2025-10-24,Inactive
4219,943,5,2025-01-28,2025-10-24,Inactive
4220,943,2,2025-01-28,2025-10-24,Inactive
4221,944,3,2023-07-25,,Active
4222,944,5,2023-07-25,,Active
4223,944,4,2023-07-25,,Active
4224,944,1,2023-07-25,,Active
4225,944,2,2023-07-25,,Active
4226,945,4,2022-09-28,,Active
4227,945,3,2022-09-28,,Active
4228,945,5,2022-09-28,,Active
4229,945,6,2022-09-28,,Active
4230,946,4,2022-03-27,2023-09-04,Inactive
4231,946,1,2022-03-27,2023-09-04,Inactive
4232,946,3,2022-03-27,2023-09-04,Inactive
4233,947,2,2023-07-10,,Active
4234,947,1,2023-07-10,,Active
4235,947,5,2023-07-10,,Active
4236,947,4,2023-07-10,,Active
4237,948,3,2023-01-15,,Active
4238,948,6,2023-01-15,,Active
4239,948,1,2023-01-15,,Active
4240,948,2,2023-01-15,,Active
4241,948,5,2023-01-15,,Active
4242,948,4,2023-01-15,,Active
4243,949,6,2024-09-29,2025-07-02,Inactive
4244,949,3,2024-09-29,2025-07-02,Inactive
4245,949,4,2024-09-29,2025-07-02,Inactive
4246,949,2,2024-09-29,2025-07-02,Inactive
4247,950,4,2023-02-14,,Active
4248,950,2,2023-02-14,,Active
4249,950,1,2023-02-14,,Active
4250,950,5,2023-02-14,,Active
4251,950,6,2023-02-14,,Active
4252,950,3,2023-02-14,,Active
4253,951,3,2025-02-24,2025-11-06,Inactive
4254,951,6,2025-02-24,2025-11-06,Inactive
4255,951,4,2025-02-24,2025-11-06,Inactive
4256,951,2,2025-02-24,2025-11-06,Inactive
4257,951,1,2025-02-24,2025-11-06,Inactive
4258,951,5,2025-02-24,2025-11-06,Inactive
4259,952,3,2022-07-04,2024-08-05,Inactive
4260,952,2,2022-07-04,2024-08-05,Inactive
4261,952,6,2022-07-04,2024-08-05,Inactive
4262,952,5,2022-07-04,2024-08-05,Inactive
4263,952,1,2022-07-04,2024-08-05,Inactive
4264,952,4,2022-07-04,2024-08-05,Inactive
4265,953,6,2021-09-09,,Active
4266,953,5,2021-09-09,,Active
4267,953,1,2021-09-09,,Active
4268,953,2,2021-09-09,,Active
4269,953,3,2021-09-09,,Active
4270,954,1,2023-11-09,,Active
4271,954,4,2023-11-09,,Active
4272,954,3,2023-11-09,,Active
4273,955,4,2023-09-08,,Active
4274,955,6,2023-09-08,,Active
4275,955,2,2023-09-08,,Active
4276,956,2,2024-10-20,,Active
4277,956,3,2024-10-20,,Active
4278,956,1,2024-10-20,,Active
4279,956,4,2024-10-20,,Active
4280,956,6,2024-10-20,,Active
4281,957,5,2021-02-28,,Active
4282,957,3,2021-02-28,,Active
4283,957,2,2021-02-28,,Active
4284,957,1,2021-02-28,,Active
4285,958,1,2025-07-28,,Active
4286,958,4,2025-07-28,,Active
4287,958,5,2025-07-28,,Active
4288,958,3,2025-07-28,,Active
4289,959,1,2024-06-03,,Active
4290,959,2,2024-06-03,,Active
4291,959,3,2024-06-03,,Active
4292,960,2,2022-05-27,2025-02-02,Inactive
4293,960,3,2022-05-27,2025-02-02,Inactive
4294,960,6,2022-05-27,2025-02-02,Inactive
4295,961,5,2023-06-03,2024-05-21,Inactive
4296,961,3,2023-06-03,2024-05-21,Inactive
4297,961,2,2023-06-03,2024-05-21,Inactive
4298,962,3,2022-10-23,,Active
4299,962,6,2022-10-23,,Active
4300,962,5,2022-10-23,,Active
4301,963,1,2023-03-16,2023-06-05,Inactive
4302,963,6,2023-03-16,2023-06-05,Inactive
4303,963,3,2023-03-16,2023-06-05,Inactive
4304,963,5,2023-03-16,2023-06-05,Inactive
4305,963,4,2023-03-16,2023-06-05,Inactive
4306,963,2,2023-03-16,2023-06-05,Inactive
4307,964,3,2025-06-09,,Active
4308,964,4,2025-06-09,,Active
4309,964,1,2025-06-09,,Active
4310,965,1,2023-02-02,2025-11-23,Inactive
4311,965,5,2023-02-02,2025-11-23,Inactive
4312,965,4,2023-02-02,2025-11-23,Inactive
4313,965,3,2023-02-02,2025-11-23,Inactive
4314,966,4,2023-06-12,2024-03-11,Inactive
4315,966,6,2023-06-12,2024-03-11,Inactive
4316,966,2,2023-06-12,2024-03-11,Inactive
4317,966,3,2023-06-12,2024-03-11,Inactive
4318,966,5,2023-06-12,2024-03-11,Inactive
4319,967,1,2023-02-21,,Active
4320,967,5,2023-02-21,,Active
4321,967,4,2023-02-21,,Active
4322,967,3,2023-02-21,,Active
4323,967,2,2023-02-21,,Active
4324,968,1,2023-04-25,,Active
4325,968,4,2023-04-25,,Active
4326,968,6,2023-04-25,,Active
4327,968,5,2023-04-25,,Active
4328,968,2,2023-04-25,,Active
4329,968,3,2023-04-25,,Active
4330,969,4,2024-11-17,,Active
4331,969,1,2024-11-17,,Active
4332,969,2,2024-11-17,,Active
4333,969,5,2024-11-17,,Active
4334,969,3,2024-11-17,,Active
4335,970,4,2023-05-27,,Active
4336,970,5,2023-05-27,,Active
4337,970,1,2023-05-27,,Active
4338,970,6,2023-05-27,,Active
4339,970,2,2023-05-27,,Active
4340,970,3,2023-05-27,,Active
4341,971,5,2023-01-21,,Active
4342,971,1,2023-01-21,,Active
4343,971,4,2023-01-21,,Active
4344,971,3,2023-01-21,,Active
4345,972,5,2022-03-15,,Active
4346,972,3,2022-03-15,,Active
4347,972,6,2022-03-15,,Active
4348,972,2,2022-03-15,,Active
4349,972,1,2022-03-15,,Active
4350,972,4,2022-03-15,,Active
4351,973,5,2021-09-21,,Active
4352,973,6,2021-09-21,,Active
4353,973,2,2021-09-21,,Active
4354,974,5,2022-02-12,,Active
4355,974,1,2022-02-12,,Active
4356,974,4,2022-02-12,,Active
4357,974,3,2022-02-12,,Active
4358,974,6,2022-02-12,,Active
4359,975,5,2022-10-25,,Active
4360,975,1,2022-10-25,,Active
4361,975,3,2022-10-25,,Active
4362,975,4,2022-10-25,,Active
4363,975,2,2022-10-25,,Active
4364,976,4,2025-05-02,,Active
4365,976,6,2025-05-02,,Active
4366,976,1,2025-05-02,,Active
4367,976,3,2025-05-02,,Active
4368,977,2,2023-07-14,,Active
4369,977,3,2023-07-14,,Active
4370,977,5,2023-07-14,,Active
4371,978,1,2025-09-08,,Active
4372,978,5,2025-09-08,,Active
4373,978,2,2025-09-08,,Active
4374,978,3,2025-09-08,,Active
4375,978,4,2025-09-08,,Active
4376,979,6,2022-02-14,,Active
4377,979,4,2022-02-14,,Active
4378,979,3,2022-02-14,,Active
4379,979,1,2022-02-14,,Active
4380,979,2,2022-02-14,,Active
4381,979,5,2022-02-14,,Active
4382,980,4,2021-12-23,,Active
4383,980,1,2021-12-23,,Active
4384,980,6,2021-12-23,,Active
4385,981,1,2023-07-10,,Active
4386,981,2,2023-07-10,,Active
4387,981,6,2023-07-10,,Active
4388,981,3,2023-07-10,,Active
4389,982,5,2021-01-04,,Active
4390,982,6,2021-01-04,,Active
4391,982,3,2021-01-04,,Active
4392,982,1,2021-01-04,,Active
4393,982,2,2021-01-04,,Active
4394,982,4,2021-01-04,,Active
4395,983,5,2025-05-23,2025-10-23,Inactive
4396,983,1,2025-05-23,2025-10-23,Inactive
4397,983,3,2025-05-23,2025-10-23,Inactive
4398,983,6,2025-05-23,2025-10-23,Inactive
4399,983,4,2025-05-23,2025-10-23,Inactive
4400,983,2,2025-05-23,2025-10-23,Inactive
4401,984,3,2024-04-02,,Active
4402,984,2,2024-04-02,,Active
4403,984,5,2024-04-02,,Active
4404,984,4,2024-04-02,,Active
4405,984,6,2024-04-02,,Active
4406,984,1,2024-04-02,,Active
4407,985,2,2023-11-26,2025-04-28,Inactive
4408,985,6,2023-11-26,2025-04-28,Inactive
4409,985,5,2023-11-26,2025-04-28,Inactive
4410,985,1,2023-11-26,2025-04-28,Inactive
4411,985,3,2023-11-26,2025-04-28,Inactive
4412,985,4,2023-11-26,2025-04-28,Inactive
4413,986,4,2023-02-10,,Active
4414,986,3,2023-02-10,,Active
4415,986,1,2023-02-10,,Active
4416,986,2,2023-02-10,,Active
4417,987,4,2023-05-22,2023-11-15,Inactive
4418,987,5,2023-05-22,2023-11-15,Inactive
4419,987,2,2023-05-22,2023-11-15,Inactive
4420,988,6,2023-03-04,2023-06-01,Inactive
4421,988,1,2023-03-04,2023-06-01,Inactive
4422,988,2,2023-03-04,2023-06-01,Inactive
4423,988,3,2023-03-04,2023-06-01,Inactive
4424,988,5,2023-03-04,2023-06-01,Inactive
4425,989,5,2024-10-18,,Active
4426,989,1,2024-10-18,,Active
4427,989,6,2024-10-18,,Active
4428,989,3,2024-10-18,,Active
4429,989,4,2024-10-18,,Active
4430,989,2,2024-10-18,,Active
4431,990,6,2022-07-24,,Active
4432,990,2,2022-07-24,,Active
4433,990,3,2022-07-24,,Active
4434,990,4,2022-07-24,,Active
4435,991,6,2024-07-10,2025-12-28,Inactive
4436,991,4,2024-07-10,2025-12-28,Inactive
4437,991,5,2024-07-10,2025-12-28,Inactive
4438,991,1,2024-07-10,2025-12-28,Inactive
4439,991,3,2024-07-10,2025-12-28,Inactive
4440,992,2,2024-05-13,,Active
4441,992,5,2024-05-13,,Active
4442,992,6,2024-05-13,,Active
4443,992,3,2024-05-13,,Active
4444,992,1,2024-05-13,,Active
4445,992,4,2024-05-13,,Active
4446,993,6,2021-06-07,,Active
4447,993,4,2021-06-07,,Active
4448,993,1,2021-06-07,,Active
4449,993,2,2021-06-07,,Active
4450,994,1,2023-11-02,,Active
4451,994,3,2023-11-02,,Active
4452,994,4,2023-11-02,,Active
4453,994,5,2023-11-02,,Active
4454,995,4,2021-12-17,,Active
4455,995,6,2021-12-17,,Active
4456,995,2,2021-12-17,,Active
4457,995,3,2021-12-17,,Active
4458,995,5,2021-12-17,,Active
4459,996,1,2024-04-25,,Active
4460,996,2,2024-04-25,,Active
4461,996,4,2024-04-25,,Active
4462,997,1,2022-01-03,,Active
4463,997,5,2022-01-03,,Active
4464,997,3,2022-01-03,,Active
4465,997,2,2022-01-03,,Active
4466,997,6,2022-01-03,,Active
4467,998,5,2022-03-10,,Active
4468,998,2,2022-03-10,,Active
4469,998,6,2022-03-10,,Active
4470,998,3,2022-03-10,,Active
4471,999,5,2025-01-20,,Active
4472,999,1,2025-01-20,,Active
4473,999,2,2025-01-20,,Active
4474,999,6,2025-01-20,,Active
4475,999,4,2025-01-20,,Active
4476,1000,6,2024-03-30,,Active
4477,1000,4,2024-03-30,,Active
4478,1000,3,2024-03-30,,Active
4479,1000,1,2024-03-30,,Active
4480,1001,1,2024-01-07,2024-10-20,Inactive
4481,1001,5,2024-01-07,2024-10-20,Inactive
4482,1001,2,2024-01-07,2024-10-20,Inactive
4483,1001,3,2024-01-07,2024-10-20,Inactive
4484,1002,4,2025-06-13,,Active
4485,1002,3,2025-06-13,,Active
4486,1002,5,2025-06-13,,Active
4487,1002,2,2025-06-13,,Active
4488,1002,6,2025-06-13,,Active
4489,1003,6,2022-10-29,,Active
4490,1003,2,2022-10-29,,Active
4491,1003,3,2022-10-29,,Active
4492,1003,5,2022-10-29,,Active
4493,1004,5,2021-08-22,,Active
4494,1004,1,2021-08-22,,Active
4495,1004,3,2021-08-22,,Active
4496,1004,4,2021-08-22,,Active
4497,1004,6,2021-08-22,,Active
4498,1004,2,2021-08-22,,Active
4499,1005,4,2025-03-28,,Active
4500,1005,3,2025-03-28,,Active
4501,1005,1,2025-03-28,,Active
4502,1005,5,2025-03-28,,Active
4503,1005,6,2025-03-28,,Active
4504,1006,1,2021-08-03,,Active
4505,1006,4,2021-08-03,,Active
4506,1006,6,2021-08-03,,Active
4507,1006,3,2021-08-03,,Active
4508,1006,5,2021-08-03,,Active
4509,1006,2,2021-08-03,,Active
4510,1007,1,2022-05-24,,Active
4511,1007,3,2022-05-24,,Active
4512,1007,2,2022-05-24,,Active
4513,1007,4,2022-05-24,,Active
4514,1008,2,2024-03-29,,Active
4515,1008,4,2024-03-29,,Active
4516,1008,1,2024-03-29,,Active
4517,1009,2,2025-10-06,2025-12-08,Inactive
4518,1009,4,2025-10-06,2025-12-08,Inactive
4519,1009,5,2025-10-06,2025-12-08,Inactive
4520,1009,3,2025-10-06,2025-12-08,Inactive
4521,1009,1,2025-10-06,2025-12-08,Inactive
4522,1009,6,2025-10-06,2025-12-08,Inactive
4523,1010,2,2023-12-12,,Active
4524,1010,4,2023-12-12,,Active
4525,1010,3,2023-12-12,,Active
4526,1010,5,2023-12-12,,Active
4527,1010,1,2023-12-12,,Active
4528,1011,5,2024-12-26,,Active
4529,1011,6,2024-12-26,,Active
4530,1011,4,2024-12-26,,Active
4531,1011,1,2024-12-26,,Active
4532,1011,3,2024-12-26,,Active
4533,1011,2,2024-12-26,,Active
4534,1012,4,2023-07-14,,Active
4535,1012,2,2023-07-14,,Active
4536,1012,6,2023-07-14,,Active
4537,1012,5,2023-07-14,,Active
4538,1013,5,2023-12-05,,Active
4539,1013,3,2023-12-05,,Active
4540,1013,1,2023-12-05,,Active
4541,1013,4,2023-12-05,,Active
4542,1013,2,2023-12-05,,Active
4543,1013,6,2023-12-05,,Active
4544,1014,6,2022-05-29,,Active
4545,1014,4,2022-05-29,,Active
4546,1014,5,2022-05-29,,Active
4547,1014,2,2022-05-29,,Active
4548,1014,3,2022-05-29,,Active
4549,1014,1,2022-05-29,,Active
4550,1015,5,2025-07-21,,Active
4551,1015,6,2025-07-21,,Active
4552,1015,1,2025-07-21,,Active
4553,1015,4,2025-07-21,,Active
4554,1016,3,2024-06-27,,Active
4555,1016,2,2024-06-27,,Active
4556,1016,5,2024-06-27,,Active
4557,1017,2,2023-09-15,2025-09-12,Inactive
4558,1017,3,2023-09-15,2025-09-12,Inactive
4559,1017,4,2023-09-15,2025-09-12,Inactive
4560,1017,5,2023-09-15,2025-09-12,Inactive
4561,1018,5,2025-01-01,,Active
4562,1018,1,2025-01-01,,Active
4563,1018,4,2025-01-01,,Active
4564,1018,6,2025-01-01,,Active
4565,1018,3,2025-01-01,,Active
4566,1018,2,2025-01-01,,Active
4567,1019,2,2022-04-27,,Active
4568,1019,6,2022-04-27,,Active
4569,1019,4,2022-04-27,,Active
4570,1019,3,2022-04-27,,Active
4571,1019,5,2022-04-27,,Active
4572,1020,1,2022-11-23,,Active
4573,1020,2,2022-11-23,,Active
4574,1020,3,2022-11-23,,Active
4575,1021,6,2024-04-14,,Active
4576,1021,3,2024-04-14,,Active
4577,1021,2,2024-04-14,,Active
4578,1021,5,2024-04-14,,Active
4579,1022,3,2023-02-02,,Active
4580,1022,5,2023-02-02,,Active
4581,1022,2,2023-02-02,,Active
4582,1022,4,2023-02-02,,Active
4583,1022,6,2023-02-02,,Active
4584,1023,2,2022-12-13,,Active
4585,1023,4,2022-12-13,,Active
4586,1023,1,2022-12-13,,Active
4587,1023,3,2022-12-13,,Active
4588,1023,6,2022-12-13,,Active
4589,1023,5,2022-12-13,,Active
4590,1024,2,2024-09-11,,Active
4591,1024,5,2024-09-11,,Active
4592,1024,1,2024-09-11,,Active
4593,1024,6,2024-09-11,,Active
4594,1024,3,2024-09-11,,Active
4595,1025,2,2022-07-19,,Active
4596,1025,6,2022-07-19,,Active
4597,1025,3,2022-07-19,,Active
4598,1026,1,2025-11-27,,Active
4599,1026,3,2025-11-27,,Active
4600,1026,6,2025-11-27,,Active
4601,1026,5,2025-11-27,,Active
4602,1026,4,2025-11-27,,Active
4603,1026,2,2025-11-27,,Active
4604,1027,4,2022-05-26,,Active
4605,1027,3,2022-05-26,,Active
4606,1027,2,2022-05-26,,Active
4607,1028,3,2021-06-09,,Active
4608,1028,2,2021-06-09,,Active
4609,1028,4,2021-06-09,,Active
4610,1029,1,2021-11-03,,Active
4611,1029,5,2021-11-03,,Active
4612,1029,3,2021-11-03,,Active
4613,1029,4,2021-11-03,,Active
4614,1030,2,2022-04-30,,Active
4615,1030,5,2022-04-30,,Active
4616,1030,4,2022-04-30,,Active
4617,1030,1,2022-04-30,,Active
4618,1030,3,2022-04-30,,Active
4619,1031,2,2024-01-29,2024-12-08,Inactive
4620,1031,6,2024-01-29,2024-12-08,Inactive
4621,1031,4,2024-01-29,2024-12-08,Inactive
4622,1031,1,2024-01-29,2024-12-08,Inactive
4623,1032,2,2022-12-31,,Active
4624,1032,1,2022-12-31,,Active
4625,1032,4,2022-12-31,,Active
4626,1032,5,2022-12-31,,Active
4627,1032,6,2022-12-31,,Active
4628,1032,3,2022-12-31,,Active
4629,1033,4,2022-02-01,,Active
4630,1033,5,2022-02-01,,Active
4631,1033,6,2022-02-01,,Active
4632,1033,1,2022-02-01,,Active
4633,1034,5,2024-04-19,,Active
4634,1034,1,2024-04-19,,Active
4635,1034,3,2024-04-19,,Active
4636,1034,2,2024-04-19,,Active
4637,1034,6,2024-04-19,,Active
4638,1035,4,2025-09-13,2025-11-26,Inactive
4639,1035,3,2025-09-13,2025-11-26,Inactive
4640,1035,5,2025-09-13,2025-11-26,Inactive
4641,1035,1,2025-09-13,2025-11-26,Inactive
4642,1035,2,2025-09-13,2025-11-26,Inactive
4643,1035,6,2025-09-13,2025-11-26,Inactive
4644,1036,3,2023-06-22,,Active
4645,1036,5,2023-06-22,,Active
4646,1036,2,2023-06-22,,Active
4647,1037,1,2023-06-20,,Active
4648,1037,6,2023-06-20,,Active
4649,1037,2,2023-06-20,,Active
4650,1037,3,2023-06-20,,Active
4651,1037,5,2023-06-20,,Active
4652,1037,4,2023-06-20,,Active
4653,1038,4,2025-01-21,,Active
4654,1038,6,2025-01-21,,Active
4655,1038,3,2025-01-21,,Active
4656,1038,5,2025-01-21,,Active
4657,1038,2,2025-01-21,,Active
4658,1039,4,2024-01-27,,Active
4659,1039,3,2024-01-27,,Active
4660,1039,2,2024-01-27,,Active
4661,1040,5,2021-01-22,,Active
4662,1040,6,2021-01-22,,Active
4663,1040,4,2021-01-22,,Active
4664,1040,1,2021-01-22,,Active
4665,1040,3,2021-01-22,,Active
4666,1041,4,2022-08-12,,Active
4667,1041,5,2022-08-12,,Active
4668,1041,1,2022-08-12,,Active
4669,1041,3,2022-08-12,,Active
4670,1041,6,2022-08-12,,Active
4671,1042,2,2023-10-04,,Active
4672,1042,3,2023-10-04,,Active
4673,1042,5,2023-10-04,,Active
4674,1042,1,2023-10-04,,Active
4675,1042,6,2023-10-04,,Active
4676,1043,3,2024-01-14,,Active
4677,1043,4,2024-01-14,,Active
4678,1043,2,2024-01-14,,Active
4679,1043,1,2024-01-14,,Active
4680,1044,5,2025-06-15,,Active
4681,1044,6,2025-06-15,,Active
4682,1044,3,2025-06-15,,Active
4683,1045,4,2025-05-30,,Active
4684,1045,1,2025-05-30,,Active
4685,1045,3,2025-05-30,,Active
4686,1045,5,2025-05-30,,Active
4687,1045,2,2025-05-30,,Active
4688,1046,3,2022-01-22,,Active
4689,1046,5,2022-01-22,,Active
4690,1046,1,2022-01-22,,Active
4691,1046,6,2022-01-22,,Active
4692,1046,4,2022-01-22,,Active
4693,1047,3,2024-09-25,2025-03-17,Inactive
4694,1047,5,2024-09-25,2025-03-17,Inactive
4695,1047,4,2024-09-25,2025-03-17,Inactive
4696,1047,1,2024-09-25,2025-03-17,Inactive
4697,1047,6,2024-09-25,2025-03-17,Inactive
4698,1047,2,2024-09-25,2025-03-17,Inactive
4699,1048,1,2022-02-01,,Active
4700,1048,3,2022-02-01,,Active
4701,1048,4,2022-02-01,,Active
4702,1048,2,2022-02-01,,Active
4703,1048,6,2022-02-01,,Active
4704,1048,5,2022-02-01,,Active
4705,1049,4,2024-06-03,,Active
4706,1049,2,2024-06-03,,Active
4707,1049,1,2024-06-03,,Active
4708,1049,3,2024-06-03,,Active
4709,1049,5,2024-06-03,,Active
4710,1049,6,2024-06-03,,Active
4711,1050,5,2022-02-06,,Active
4712,1050,6,2022-02-06,,Active
4713,1050,3,2022-02-06,,Active
4714,1050,2,2022-02-06,,Active
4715,1050,4,2022-02-06,,Active
4716,1051,1,2025-09-17,,Active
4717,1051,3,2025-09-17,,Active
4718,1051,2,2025-09-17,,Active
4719,1051,4,2025-09-17,,Active
4720,1051,6,2025-09-17,,Active
4721,1051,5,2025-09-17,,Active
4722,1052,4,2021-09-23,,Active
4723,1052,3,2021-09-23,,Active
4724,1052,1,2021-09-23,,Active
4725,1052,6,2021-09-23,,Active
4726,1053,4,2021-02-01,,Active
4727,1053,1,2021-02-01,,Active
4728,1053,3,2021-02-01,,Active
4729,1053,5,2021-02-01,,Active
4730,1053,2,2021-02-01,,Active
4731,1054,4,2024-03-20,,Active
4732,1054,3,2024-03-20,,Active
4733,1054,6,2024-03-20,,Active
4734,1055,4,2021-10-18,,Active
4735,1055,5,2021-10-18,,Active
4736,1055,2,2021-10-18,,Active
4737,1055,6,2021-10-18,,Active
4738,1055,3,2021-10-18,,Active
4739,1056,1,2024-02-25,2024-06-21,Inactive
4740,1056,3,2024-02-25,2024-06-21,Inactive
4741,1056,6,2024-02-25,2024-06-21,Inactive
4742,1057,3,2022-11-01,2023-07-28,Inactive
4743,1057,6,2022-11-01,2023-07-28,Inactive
4744,1057,4,2022-11-01,2023-07-28,Inactive
4745,1057,5,2022-11-01,2023-07-28,Inactive
4746,1057,1,2022-11-01,2023-07-28,Inactive
4747,1057,2,2022-11-01,2023-07-28,Inactive
4748,1058,1,2022-03-01,,Active
4749,1058,6,2022-03-01,,Active
4750,1058,2,2022-03-01,,Active
4751,1058,4,2022-03-01,,Active
4752,1058,3,2022-03-01,,Active
4753,1058,5,2022-03-01,,Active
4754,1059,1,2025-01-05,,Active
4755,1059,5,2025-01-05,,Active
4756,1059,6,2025-01-05,,Active
4757,1060,1,2024-09-30,,Active
4758,1060,3,2024-09-30,,Active
4759,1060,4,2024-09-30,,Active
4760,1060,5,2024-09-30,,Active
4761,1060,6,2024-09-30,,Active
4762,1060,2,2024-09-30,,Active
4763,1061,2,2022-11-17,2024-03-12,Inactive
4764,1061,3,2022-11-17,2024-03-12,Inactive
4765,1061,1,2022-11-17,2024-03-12,Inactive
4766,1061,6,2022-11-17,2024-03-12,Inactive
4767,1061,5,2022-11-17,2024-03-12,Inactive
4768,1061,4,2022-11-17,2024-03-12,Inactive
4769,1062,6,2021-11-10,,Active
4770,1062,5,2021-11-10,,Active
4771,1062,1,2021-11-10,,Active
4772,1062,4,2021-11-10,,Active
4773,1063,1,2022-03-19,,Active
4774,1063,4,2022-03-19,,Active
4775,1063,6,2022-03-19,,Active
4776,1063,2,2022-03-19,,Active
4777,1063,5,2022-03-19,,Active
4778,1064,2,2022-05-13,,Active
4779,1064,1,2022-05-13,,Active
4780,1064,6,2022-05-13,,Active
4781,1064,5,2022-05-13,,Active
4782,1064,4,2022-05-13,,Active
4783,1065,3,2022-11-15,,Active
4784,1065,2,2022-11-15,,Active
4785,1065,6,2022-11-15,,Active
4786,1065,5,2022-11-15,,Active
4787,1066,4,2025-02-11,,Active
4788,1066,2,2025-02-11,,Active
4789,1066,1,2025-02-11,,Active
4790,1066,5,2025-02-11,,Active
4791,1066,6,2025-02-11,,Active
4792,1066,3,2025-02-11,,Active
4793,1067,4,2021-09-05,,Active
4794,1067,1,2021-09-05,,Active
4795,1067,5,2021-09-05,,Active
4796,1067,2,2021-09-05,,Active
4797,1067,3,2021-09-05,,Active
4798,1068,6,2024-07-23,,Active
4799,1068,2,2024-07-23,,Active
4800,1068,5,2024-07-23,,Active
4801,1068,1,2024-07-23,,Active
4802,1068,3,2024-07-23,,Active
4803,1069,6,2023-12-28,2024-05-07,Inactive
4804,1069,4,2023-12-28,2024-05-07,Inactive
4805,1069,5,2023-12-28,2024-05-07,Inactive
4806,1069,1,2023-12-28,2024-05-07,Inactive
4807,1069,3,2023-12-28,2024-05-07,Inactive
4808,1069,2,2023-12-28,2024-05-07,Inactive
4809,1070,4,2022-06-18,,Active
4810,1070,6,2022-06-18,,Active
4811,1070,5,2022-06-18,,Active
4812,1070,3,2022-06-18,,Active
4813,1071,4,2023-03-24,2024-04-26,Inactive
4814,1071,5,2023-03-24,2024-04-26,Inactive
4815,1071,3,2023-03-24,2024-04-26,Inactive
4816,1071,6,2023-03-24,2024-04-26,Inactive
4817,1071,2,2023-03-24,2024-04-26,Inactive
4818,1072,5,2023-10-03,,Active
4819,1072,6,2023-10-03,,Active
4820,1072,1,2023-10-03,,Active
4821,1072,2,2023-10-03,,Active
4822,1072,4,2023-10-03,,Active
4823,1073,1,2021-12-27,,Active
4824,1073,3,2021-12-27,,Active
4825,1073,4,2021-12-27,,Active
4826,1074,5,2024-05-30,,Active
4827,1074,4,2024-05-30,,Active
4828,1074,3,2024-05-30,,Active
4829,1074,6,2024-05-30,,Active
4830,1075,2,2022-09-22,,Active
4831,1075,6,2022-09-22,,Active
4832,1075,3,2022-09-22,,Active
4833,1075,1,2022-09-22,,Active
4834,1075,4,2022-09-22,,Active
4835,1075,5,2022-09-22,,Active
4836,1076,1,2021-12-03,2023-03-19,Inactive
4837,1076,4,2021-12-03,2023-03-19,Inactive
4838,1076,3,2021-12-03,2023-03-19,Inactive
4839,1076,6,2021-12-03,2023-03-19,Inactive
4840,1076,2,2021-12-03,2023-03-19,Inactive
4841,1077,2,2023-05-09,,Active
4842,1077,5,2023-05-09,,Active
4843,1077,3,2023-05-09,,Active
4844,1078,6,2022-03-11,,Active
4845,1078,3,2022-03-11,,Active
4846,1078,1,2022-03-11,,Active
4847,1079,2,2022-04-30,,Active
4848,1079,1,2022-04-30,,Active
4849,1079,4,2022-04-30,,Active
4850,1079,5,2022-04-30,,Active
4851,1079,3,2022-04-30,,Active
4852,1079,6,2022-04-30,,Active
4853,1080,1,2023-04-07,,Active
4854,1080,4,2023-04-07,,Active
4855,1080,6,2023-04-07,,Active
4856,1080,5,2023-04-07,,Active
4857,1081,6,2021-08-21,2024-09-09,Inactive
4858,1081,4,2021-08-21,2024-09-09,Inactive
4859,1081,3,2021-08-21,2024-09-09,Inactive
4860,1081,1,2021-08-21,2024-09-09,Inactive
4861,1081,5,2021-08-21,2024-09-09,Inactive
4862,1082,3,2023-07-24,,Active
4863,1082,6,2023-07-24,,Active
4864,1082,2,2023-07-24,,Active
4865,1082,5,2023-07-24,,Active
4866,1083,3,2021-03-04,,Active
4867,1083,1,2021-03-04,,Active
4868,1083,6,2021-03-04,,Active
4869,1083,5,2021-03-04,,Active
4870,1083,2,2021-03-04,,Active
4871,1084,2,2023-05-21,2025-05-03,Inactive
4872,1084,5,2023-05-21,2025-05-03,Inactive
4873,1084,6,2023-05-21,2025-05-03,Inactive
4874,1084,3,2023-05-21,2025-05-03,Inactive
4875,1084,1,2023-05-21,2025-05-03,Inactive
4876,1084,4,2023-05-21,2025-05-03,Inactive
4877,1085,5,2025-05-09,2025-11-23,Inactive
4878,1085,1,2025-05-09,2025-11-23,Inactive
4879,1085,2,2025-05-09,2025-11-23,Inactive
4880,1086,3,2022-01-12,,Active
4881,1086,6,2022-01-12,,Active
4882,1086,1,2022-01-12,,Active
4883,1087,4,2023-05-02,,Active
4884,1087,6,2023-05-02,,Active
4885,1087,1,2023-05-02,,Active
4886,1087,3,2023-05-02,,Active
4887,1088,6,2023-08-15,2025-09-08,Inactive
4888,1088,2,2023-08-15,2025-09-08,Inactive
4889,1088,5,2023-08-15,2025-09-08,Inactive
4890,1088,4,2023-08-15,2025-09-08,Inactive
4891,1089,4,2024-12-04,2025-10-04,Inactive
4892,1089,5,2024-12-04,2025-10-04,Inactive
4893,1089,1,2024-12-04,2025-10-04,Inactive
4894,1090,2,2023-01-27,,Active
4895,1090,4,2023-01-27,,Active
4896,1090,1,2023-01-27,,Active
4897,1090,5,2023-01-27,,Active
4898,1090,6,2023-01-27,,Active
4899,1090,3,2023-01-27,,Active
4900,1091,4,2022-12-29,2024-08-13,Inactive
4901,1091,1,2022-12-29,2024-08-13,Inactive
4902,1091,5,2022-12-29,2024-08-13,Inactive
4903,1092,6,2025-08-22,,Active
4904,1092,5,2025-08-22,,Active
4905,1092,1,2025-08-22,,Active
4906,1092,2,2025-08-22,,Active
4907,1093,6,2024-06-08,2024-11-10,Inactive
4908,1093,4,2024-06-08,2024-11-10,Inactive
4909,1093,3,2024-06-08,2024-11-10,Inactive
4910,1093,1,2024-06-08,2024-11-10,Inactive
4911,1094,3,2024-07-23,,Active
4912,1094,6,2024-07-23,,Active
4913,1094,2,2024-07-23,,Active
4914,1094,1,2024-07-23,,Active
4915,1095,3,2025-10-28,,Active
4916,1095,5,2025-10-28,,Active
4917,1095,2,2025-10-28,,Active
4918,1095,1,2025-10-28,,Active
4919,1096,1,2021-04-05,,Active
4920,1096,6,2021-04-05,,Active
4921,1096,2,2021-04-05,,Active
4922,1097,4,2021-01-15,,Active
4923,1097,5,2021-01-15,,Active
4924,1097,1,2021-01-15,,Active
4925,1097,2,2021-01-15,,Active
4926,1098,3,2022-01-18,,Active
4927,1098,4,2022-01-18,,Active
4928,1098,1,2022-01-18,,Active
4929,1098,6,2022-01-18,,Active
4930,1098,5,2022-01-18,,Active
4931,1098,2,2022-01-18,,Active
4932,1099,2,2023-06-27,,Active
4933,1099,1,2023-06-27,,Active
4934,1099,4,2023-06-27,,Active
4935,1099,3,2023-06-27,,Active
4936,1099,5,2023-06-27,,Active
4937,1099,6,2023-06-27,,Active
4938,1100,5,2023-06-16,,Active
4939,1100,3,2023-06-16,,Active
4940,1100,1,2023-06-16,,Active
4941,1100,2,2023-06-16,,Active
4942,1100,6,2023-06-16,,Active
4943,1101,1,2021-02-07,,Active
4944,1101,2,2021-02-07,,Active
4945,1101,6,2021-02-07,,Active
4946,1102,6,2024-10-29,,Active
4947,1102,1,2024-10-29,,Active
4948,1102,4,2024-10-29,,Active
4949,1102,5,2024-10-29,,Active
4950,1102,2,2024-10-29,,Active
4951,1102,3,2024-10-29,,Active
4952,1103,5,2025-05-03,2025-12-25,Inactive
4953,1103,1,2025-05-03,2025-12-25,Inactive
4954,1103,2,2025-05-03,2025-12-25,Inactive
4955,1103,3,2025-05-03,2025-12-25,Inactive
4956,1103,6,2025-05-03,2025-12-25,Inactive
4957,1103,4,2025-05-03,2025-12-25,Inactive
4958,1104,1,2021-07-04,2023-11-24,Inactive
4959,1104,3,2021-07-04,2023-11-24,Inactive
4960,1104,2,2021-07-04,2023-11-24,Inactive
4961,1105,2,2023-10-08,,Active
4962,1105,4,2023-10-08,,Active
4963,1105,5,2023-10-08,,Active
4964,1105,3,2023-10-08,,Active
4965,1106,5,2022-06-15,,Active
4966,1106,2,2022-06-15,,Active
4967,1106,1,2022-06-15,,Active
4968,1106,4,2022-06-15,,Active
4969,1107,1,2022-04-15,,Active
4970,1107,3,2022-04-15,,Active
4971,1107,4,2022-04-15,,Active
4972,1107,6,2022-04-15,,Active
4973,1107,2,2022-04-15,,Active
4974,1107,5,2022-04-15,,Active
4975,1108,6,2022-10-20,2023-06-16,Inactive
4976,1108,3,2022-10-20,2023-06-16,Inactive
4977,1108,1,2022-10-20,2023-06-16,Inactive
4978,1109,2,2025-07-19,,Active
4979,1109,3,2025-07-19,,Active
4980,1109,1,2025-07-19,,Active
4981,1110,1,2021-09-28,2025-07-23,Inactive
4982,1110,6,2021-09-28,2025-07-23,Inactive
4983,1110,2,2021-09-28,2025-07-23,Inactive
4984,1110,5,2021-09-28,2025-07-23,Inactive
4985,1110,4,2021-09-28,2025-07-23,Inactive
4986,1110,3,2021-09-28,2025-07-23,Inactive
4987,1111,2,2025-07-18,,Active
4988,1111,4,2025-07-18,,Active
4989,1111,3,2025-07-18,,Active
4990,1111,6,2025-07-18,,Active
4991,1112,4,2025-03-26,,Active
4992,1112,3,2025-03-26,,Active
4993,1112,2,2025-03-26,,Active
4994,1113,5,2025-10-15,,Active
4995,1113,6,2025-10-15,,Active
4996,1113,3,2025-10-15,,Active
4997,1113,1,2025-10-15,,Active
4998,1113,2,2025-10-15,,Active
4999,1113,4,2025-10-15,,Active
5000,1114,6,2021-09-11,,Active
5001,1114,1,2021-09-11,,Active
5002,1114,4,2021-09-11,,Active
5003,1114,3,2021-09-11,,Active
5004,1115,4,2023-09-04,,Active
5005,1115,5,2023-09-04,,Active
5006,1115,6,2023-09-04,,Active
5007,1115,1,2023-09-04,,Active
5008,1115,2,2023-09-04,,Active
5009,1115,3,2023-09-04,,Active
5010,1116,2,2023-07-17,,Active
5011,1116,6,2023-07-17,,Active
5012,1116,1,2023-07-17,,Active
5013,1116,4,2023-07-17,,Active
5014,1116,5,2023-07-17,,Active
5015,1116,3,2023-07-17,,Active
5016,1117,5,2021-01-07,,Active
5017,1117,2,2021-01-07,,Active
5018,1117,4,2021-01-07,,Active
5019,1117,1,2021-01-07,,Active
5020,1117,6,2021-01-07,,Active
5021,1117,3,2021-01-07,,Active
5022,1118,5,2024-06-10,,Active
5023,1118,2,2024-06-10,,Active
5024,1118,1,2024-06-10,,Active
5025,1118,3,2024-06-10,,Active
5026,1119,1,2024-03-10,,Active
5027,1119,6,2024-03-10,,Active
5028,1119,4,2024-03-10,,Active
5029,1119,3,2024-03-10,,Active
5030,1119,2,2024-03-10,,Active
5031,1120,1,2025-08-08,,Active
5032,1120,3,2025-08-08,,Active
5033,1120,6,2025-08-08,,Active
5034,1120,4,2025-08-08,,Active
5035,1121,1,2021-04-29,,Active
5036,1121,3,2021-04-29,,Active
5037,1121,5,2021-04-29,,Active
5038,1121,6,2021-04-29,,Active
5039,1121,4,2021-04-29,,Active
5040,1121,2,2021-04-29,,Active
5041,1122,2,2025-07-03,,Active
5042,1122,1,2025-07-03,,Active
5043,1122,5,2025-07-03,,Active
5044,1122,3,2025-07-03,,Active
5045,1123,1,2024-05-31,,Active
5046,1123,3,2024-05-31,,Active
5047,1123,5,2024-05-31,,Active
5048,1124,5,2021-07-14,,Active
5049,1124,2,2021-07-14,,Active
5050,1124,1,2021-07-14,,Active
5051,1124,4,2021-07-14,,Active
5052,1125,2,2024-04-21,,Active
5053,1125,1,2024-04-21,,Active
5054,1125,5,2024-04-21,,Active
5055,1125,4,2024-04-21,,Active
5056,1125,6,2024-04-21,,Active
5057,1125,3,2024-04-21,,Active
5058,1126,2,2022-08-08,2025-04-10,Inactive
5059,1126,6,2022-08-08,2025-04-10,Inactive
5060,1126,5,2022-08-08,2025-04-10,Inactive
5061,1126,3,2022-08-08,2025-04-10,Inactive
5062,1126,1,2022-08-08,2025-04-10,Inactive
5063,1127,4,2025-09-21,,Active
5064,1127,2,2025-09-21,,Active
5065,1127,5,2025-09-21,,Active
5066,1127,1,2025-09-21,,Active
5067,1127,3,2025-09-21,,Active
5068,1128,4,2023-06-29,,Active
5069,1128,3,2023-06-29,,Active
5070,1128,2,2023-06-29,,Active
5071,1128,1,2023-06-29,,Active
5072,1129,5,2021-10-08,,Active
5073,1129,1,2021-10-08,,Active
5074,1129,6,2021-10-08,,Active
5075,1129,3,2021-10-08,,Active
5076,1130,2,2024-02-03,,Active
5077,1130,5,2024-02-03,,Active
5078,1130,1,2024-02-03,,Active
5079,1130,4,2024-02-03,,Active
5080,1130,6,2024-02-03,,Active
5081,1131,4,2025-05-21,,Active
5082,1131,5,2025-05-21,,Active
5083,1131,6,2025-05-21,,Active
5084,1131,1,2025-05-21,,Active
5085,1132,3,2024-09-19,,Active
5086,1132,5,2024-09-19,,Active
5087,1132,4,2024-09-19,,Active
5088,1132,1,2024-09-19,,Active
5089,1132,2,2024-09-19,,Active
5090,1133,3,2022-11-04,2024-04-24,Inactive
5091,1133,6,2022-11-04,2024-04-24,Inactive
5092,1133,5,2022-11-04,2024-04-24,Inactive
5093,1133,4,2022-11-04,2024-04-24,Inactive
5094,1133,2,2022-11-04,2024-04-24,Inactive
5095,1134,6,2023-07-06,,Active
5096,1134,1,2023-07-06,,Active
5097,1134,3,2023-07-06,,Active
5098,1135,5,2021-04-14,,Active
5099,1135,4,2021-04-14,,Active
5100,1135,6,2021-04-14,,Active
5101,1135,2,2021-04-14,,Active
5102,1136,2,2023-05-13,,Active
5103,1136,3,2023-05-13,,Active
5104,1136,6,2023-05-13,,Active
5105,1136,4,2023-05-13,,Active
5106,1136,5,2023-05-13,,Active
5107,1137,5,2025-11-15,,Active
5108,1137,1,2025-11-15,,Active
5109,1137,2,2025-11-15,,Active
5110,1137,6,2025-11-15,,Active
5111,1137,3,2025-11-15,,Active
5112,1137,4,2025-11-15,,Active
5113,1138,3,2025-11-15,,Active
5114,1138,1,2025-11-15,,Active
5115,1138,2,2025-11-15,,Active
5116,1138,5,2025-11-15,,Active
5117,1138,6,2025-11-15,,Active
5118,1139,3,2021-08-02,,Active
5119,1139,2,2021-08-02,,Active
5120,1139,4,2021-08-02,,Active
5121,1140,4,2021-09-30,,Active
5122,1140,1,2021-09-30,,Active
5123,1140,2,2021-09-30,,Active
5124,1140,5,2021-09-30,,Active
5125,1141,6,2021-12-10,2025-06-16,Inactive
5126,1141,4,2021-12-10,2025-06-16,Inactive
5127,1141,2,2021-12-10,2025-06-16,Inactive
5128,1141,1,2021-12-10,2025-06-16,Inactive
5129,1141,5,2021-12-10,2025-06-16,Inactive
5130,1142,2,2023-05-24,,Active
5131,1142,5,2023-05-24,,Active
5132,1142,6,2023-05-24,,Active
5133,1142,4,2023-05-24,,Active
5134,1142,3,2023-05-24,,Active
5135,1143,4,2021-01-03,,Active
5136,1143,6,2021-01-03,,Active
5137,1143,3,2021-01-03,,Active
5138,1144,3,2023-11-29,,Active
5139,1144,6,2023-11-29,,Active
5140,1144,5,2023-11-29,,Active
5141,1145,6,2025-07-09,,Active
5142,1145,4,2025-07-09,,Active
5143,1145,3,2025-07-09,,Active
5144,1145,5,2025-07-09,,Active
5145,1145,2,2025-07-09,,Active
5146,1145,1,2025-07-09,,Active
5147,1146,2,2021-03-06,,Active
5148,1146,4,2021-03-06,,Active
5149,1146,5,2021-03-06,,Active
5150,1146,6,2021-03-06,,Active
5151,1147,6,2022-09-17,,Active
5152,1147,4,2022-09-17,,Active
5153,1147,1,2022-09-17,,Active
5154,1147,2,2022-09-17,,Active
5155,1147,5,2022-09-17,,Active
5156,1148,4,2024-01-25,,Active
5157,1148,3,2024-01-25,,Active
5158,1148,5,2024-01-25,,Active
5159,1148,1,2024-01-25,,Active
5160,1149,3,2024-07-09,,Active
5161,1149,1,2024-07-09,,Active
5162,1149,4,2024-07-09,,Active
5163,1149,6,2024-07-09,,Active
5164,1149,2,2024-07-09,,Active
5165,1150,3,2024-04-27,,Active
5166,1150,2,2024-04-27,,Active
5167,1150,1,2024-04-27,,Active
5168,1150,4,2024-04-27,,Active
5169,1151,1,2023-07-16,,Active
5170,1151,4,2023-07-16,,Active
5171,1151,5,2023-07-16,,Active
5172,1151,6,2023-07-16,,Active
5173,1152,6,2021-10-21,,Active
5174,1152,1,2021-10-21,,Active
5175,1152,2,2021-10-21,,Active
5176,1153,5,2022-01-09,,Active
5177,1153,3,2022-01-09,,Active
5178,1153,6,2022-01-09,,Active
5179,1154,2,2022-09-07,,Active
5180,1154,3,2022-09-07,,Active
5181,1154,4,2022-09-07,,Active
5182,1154,5,2022-09-07,,Active
5183,1154,1,2022-09-07,,Active
5184,1155,3,2022-03-19,,Active
5185,1155,1,2022-03-19,,Active
5186,1155,6,2022-03-19,,Active
5187,1155,4,2022-03-19,,Active
5188,1155,2,2022-03-19,,Active
5189,1156,6,2024-12-01,,Active
5190,1156,1,2024-12-01,,Active
5191,1156,5,2024-12-01,,Active
5192,1157,2,2021-09-05,,Active
5193,1157,1,2021-09-05,,Active
5194,1157,4,2021-09-05,,Active
5195,1158,5,2023-04-30,,Active
5196,1158,1,2023-04-30,,Active
5197,1158,3,2023-04-30,,Active
5198,1159,6,2025-02-28,,Active
5199,1159,2,2025-02-28,,Active
5200,1159,5,2025-02-28,,Active
5201,1159,4,2025-02-28,,Active
5202,1159,3,2025-02-28,,Active
5203,1160,4,2022-12-09,2025-07-31,Inactive
5204,1160,1,2022-12-09,2025-07-31,Inactive
5205,1160,2,2022-12-09,2025-07-31,Inactive
5206,1160,3,2022-12-09,2025-07-31,Inactive
5207,1160,6,2022-12-09,2025-07-31,Inactive
5208,1160,5,2022-12-09,2025-07-31,Inactive
5209,1161,3,2024-06-24,,Active
5210,1161,1,2024-06-24,,Active
5211,1161,2,2024-06-24,,Active
5212,1161,5,2024-06-24,,Active
5213,1162,2,2023-05-19,,Active
5214,1162,5,2023-05-19,,Active
5215,1162,3,2023-05-19,,Active
5216,1162,4,2023-05-19,,Active
5217,1162,6,2023-05-19,,Active
5218,1163,2,2021-07-30,,Active
5219,1163,6,2021-07-30,,Active
5220,1163,3,2021-07-30,,Active
5221,1163,5,2021-07-30,,Active
5222,1164,6,2022-09-18,2025-06-30,Inactive
5223,1164,3,2022-09-18,2025-06-30,Inactive
5224,1164,5,2022-09-18,2025-06-30,Inactive
5225,1164,1,2022-09-18,2025-06-30,Inactive
5226,1165,3,2025-02-12,,Active
5227,1165,1,2025-02-12,,Active
5228,1165,2,2025-02-12,,Active
5229,1165,4,2025-02-12,,Active
5230,1165,5,2025-02-12,,Active
5231,1165,6,2025-02-12,,Active
5232,1166,5,2022-01-28,,Active
5233,1166,6,2022-01-28,,Active
5234,1166,1,2022-01-28,,Active
5235,1166,2,2022-01-28,,Active
5236,1166,3,2022-01-28,,Active
5237,1166,4,2022-01-28,,Active
5238,1167,6,2023-11-03,,Active
5239,1167,3,2023-11-03,,Active
5240,1167,2,2023-11-03,,Active
5241,1167,4,2023-11-03,,Active
5242,1168,5,2023-03-22,,Active
5243,1168,3,2023-03-22,,Active
5244,1168,4,2023-03-22,,Active
5245,1168,1,2023-03-22,,Active
5246,1168,6,2023-03-22,,Active
5247,1168,2,2023-03-22,,Active
5248,1169,1,2021-02-25,,Active
5249,1169,6,2021-02-25,,Active
5250,1169,3,2021-02-25,,Active
5251,1169,5,2021-02-25,,Active
5252,1169,2,2021-02-25,,Active
5253,1169,4,2021-02-25,,Active
5254,1170,4,2022-11-30,,Active
5255,1170,5,2022-11-30,,Active
5256,1170,3,2022-11-30,,Active
5257,1170,2,2022-11-30,,Active
5258,1170,6,2022-11-30,,Active
5259,1170,1,2022-11-30,,Active
5260,1171,5,2022-06-20,,Active
5261,1171,4,2022-06-20,,Active
5262,1171,3,2022-06-20,,Active
5263,1172,5,2025-07-12,,Active
5264,1172,6,2025-07-12,,Active
5265,1172,3,2025-07-12,,Active
5266,1172,1,2025-07-12,,Active
5267,1172,4,2025-07-12,,Active
5268,1172,2,2025-07-12,,Active
5269,1173,3,2021-06-12,,Active
5270,1173,5,2021-06-12,,Active
5271,1173,6,2021-06-12,,Active
5272,1173,1,2021-06-12,,Active
5273,1173,4,2021-06-12,,Active
5274,1173,2,2021-06-12,,Active
5275,1174,2,2023-06-08,,Active
5276,1174,3,2023-06-08,,Active
5277,1174,4,2023-06-08,,Active
5278,1174,6,2023-06-08,,Active
5279,1174,5,2023-06-08,,Active
5280,1175,3,2021-02-22,,Active
5281,1175,2,2021-02-22,,Active
5282,1175,5,2021-02-22,,Active
5283,1175,1,2021-02-22,,Active
5284,1175,4,2021-02-22,,Active
5285,1176,3,2022-07-23,,Active
5286,1176,6,2022-07-23,,Active
5287,1176,4,2022-07-23,,Active
5288,1176,1,2022-07-23,,Active
5289,1176,5,2022-07-23,,Active
5290,1177,5,2022-12-10,,Active
5291,1177,2,2022-12-10,,Active
5292,1177,1,2022-12-10,,Active
5293,1177,4,2022-12-10,,Active
5294,1178,1,2025-08-09,,Active
5295,1178,4,2025-08-09,,Active
5296,1178,6,2025-08-09,,Active
5297,1179,1,2024-01-13,2024-10-12,Inactive
5298,1179,3,2024-01-13,2024-10-12,Inactive
5299,1179,2,2024-01-13,2024-10-12,Inactive
5300,1179,5,2024-01-13,2024-10-12,Inactive
5301,1179,6,2024-01-13,2024-10-12,Inactive
5302,1180,3,2021-11-21,,Active
5303,1180,4,2021-11-21,,Active
5304,1180,5,2021-11-21,,Active
5305,1180,2,2021-11-21,,Active
5306,1181,1,2025-10-15,,Active
5307,1181,3,2025-10-15,,Active
5308,1181,2,2025-10-15,,Active
5309,1181,6,2025-10-15,,Active
5310,1182,4,2022-01-29,,Active
5311,1182,2,2022-01-29,,Active
5312,1182,1,2022-01-29,,Active
5313,1182,5,2022-01-29,,Active
5314,1182,6,2022-01-29,,Active
5315,1183,5,2024-03-24,2025-04-03,Inactive
5316,1183,1,2024-03-24,2025-04-03,Inactive
5317,1183,6,2024-03-24,2025-04-03,Inactive
5318,1183,4,2024-03-24,2025-04-03,Inactive
5319,1184,6,2025-02-25,,Active
5320,1184,4,2025-02-25,,Active
5321,1184,2,2025-02-25,,Active
5322,1184,3,2025-02-25,,Active
5323,1185,1,2025-09-01,2025-11-30,Inactive
5324,1185,6,2025-09-01,2025-11-30,Inactive
5325,1185,3,2025-09-01,2025-11-30,Inactive
5326,1185,2,2025-09-01,2025-11-30,Inactive
5327,1185,5,2025-09-01,2025-11-30,Inactive
5328,1186,6,2022-10-14,,Active
5329,1186,2,2022-10-14,,Active
5330,1186,5,2022-10-14,,Active
5331,1186,1,2022-10-14,,Active
5332,1186,3,2022-10-14,,Active
5333,1186,4,2022-10-14,,Active
5334,1187,4,2023-05-03,2023-07-16,Inactive
5335,1187,5,2023-05-03,2023-07-16,Inactive
5336,1187,3,2023-05-03,2023-07-16,Inactive
5337,1187,1,2023-05-03,2023-07-16,Inactive
5338,1187,2,2023-05-03,2023-07-16,Inactive
5339,1187,6,2023-05-03,2023-07-16,Inactive
5340,1188,4,2025-07-12,,Active
5341,1188,1,2025-07-12,,Active
5342,1188,2,2025-07-12,,Active
5343,1188,3,2025-07-12,,Active
5344,1189,3,2021-02-19,2024-05-23,Inactive
5345,1189,2,2021-02-19,2024-05-23,Inactive
5346,1189,1,2021-02-19,2024-05-23,Inactive
5347,1189,5,2021-02-19,2024-05-23,Inactive
5348,1189,6,2021-02-19,2024-05-23,Inactive
5349,1190,3,2023-07-18,,Active
5350,1190,6,2023-07-18,,Active
5351,1190,1,2023-07-18,,Active
5352,1190,4,2023-07-18,,Active
5353,1191,2,2022-05-11,,Active
5354,1191,5,2022-05-11,,Active
5355,1191,6,2022-05-11,,Active
5356,1191,4,2022-05-11,,Active
5357,1191,3,2022-05-11,,Active
5358,1191,1,2022-05-11,,Active
5359,1192,1,2023-08-18,,Active
5360,1192,6,2023-08-18,,Active
5361,1192,2,2023-08-18,,Active
5362,1193,3,2022-06-27,,Active
5363,1193,6,2022-06-27,,Active
5364,1193,2,2022-06-27,,Active
5365,1193,1,2022-06-27,,Active
5366,1193,5,2022-06-27,,Active
5367,1193,4,2022-06-27,,Active
5368,1194,5,2022-08-05,,Active
5369,1194,6,2022-08-05,,Active
5370,1194,2,2022-08-05,,Active
5371,1195,1,2022-09-08,2025-01-16,Inactive
5372,1195,4,2022-09-08,2025-01-16,Inactive
5373,1195,2,2022-09-08,2025-01-16,Inactive
5374,1196,3,2023-08-26,,Active
5375,1196,6,2023-08-26,,Active
5376,1196,5,2023-08-26,,Active
5377,1196,4,2023-08-26,,Active
5378,1196,1,2023-08-26,,Active
5379,1197,4,2025-06-15,,Active
5380,1197,6,2025-06-15,,Active
5381,1197,2,2025-06-15,,Active
5382,1198,4,2021-01-22,,Active
5383,1198,1,2021-01-22,,Active
5384,1198,3,2021-01-22,,Active
5385,1198,2,2021-01-22,,Active
5386,1198,5,2021-01-22,,Active
5387,1198,6,2021-01-22,,Active
5388,1199,6,2021-02-10,,Active
5389,1199,3,2021-02-10,,Active
5390,1199,1,2021-02-10,,Active
5391,1199,2,2021-02-10,,Active
5392,1200,1,2022-10-12,,Active
5393,1200,3,2022-10-12,,Active
5394,1200,6,2022-10-12,,Active
5395,1200,5,2022-10-12,,Active
5396,1200,2,2022-10-12,,Active
5397,1200,4,2022-10-12,,Active
