survey_response_id,employee_id,survey_year,question_id,score,survey_date
1,9,2021,1,2,2021-11-30
2,9,2021,2,3,2021-11-30
3,9,2021,3,2,2021-11-30
4,9,2021,4,3,2021-11-30
5,9,2021,5,5,2021-11-30
6,16,2021,1,1,2021-11-30
7,16,2021,2,2,2021-11-30
8,16,2021,3,2,2021-11-30
9,16,2021,4,2,2021-11-30
10,16,2021,5,1,2021-11-30
11,20,2021,1,1,2021-11-30
12,20,2021,2,3,2021-11-30
13,20,2021,3,4,2021-11-30
14,20,2021,4,5,2021-11-30
15,20,2021,5,1,2021-11-30
16,26,2021,1,4,2021-11-30
17,26,2021,2,3,2021-11-30
18,26,2021,3,1,2021-11-30
19,26,2021,4,5,2021-11-30
20,26,2021,5,3,2021-11-30
21,29,2021,1,4,2021-11-30
22,29,2021,2,5,2021-11-30
23,29,2021,3,4,2021-11-30
24,29,2021,4,2,2021-11-30
25,29,2021,5,5,2021-11-30
26,30,2021,1,2,2021-11-30
27,30,2021,2,4,2021-11-30
28,30,2021,3,3,2021-11-30
29,30,2021,4,4,2021-11-30
30,30,2021,5,3,2021-11-30
31,45,2021,1,5,2021-11-30
32,45,2021,2,1,2021-11-30
33,45,2021,3,4,2021-11-30
34,45,2021,4,4,2021-11-30
35,45,2021,5,4,2021-11-30
36,46,2021,1,3,2021-11-30
37,46,2021,2,2,2021-11-30
38,46,2021,3,1,2021-11-30
39,46,2021,4,2,2021-11-30
40,46,2021,5,1,2021-11-30
41,47,2021,1,2,2021-11-30
42,47,2021,2,2,2021-11-30
43,47,2021,3,5,2021-11-30
44,47,2021,4,3,2021-11-30
45,47,2021,5,4,2021-11-30
46,58,2021,1,2,2021-11-30
47,58,2021,2,2,2021-11-30
48,58,2021,3,5,2021-11-30
49,58,2021,4,5,2021-11-30
50,58,2021,5,4,2021-11-30
51,62,2021,1,4,2021-11-30
52,62,2021,2,4,2021-11-30
53,62,2021,3,2,2021-11-30
54,62,2021,4,2,2021-11-30
55,62,2021,5,5,2021-11-30
56,79,2021,1,3,2021-11-30
57,79,2021,2,2,2021-11-30
58,79,2021,3,3,2021-11-30
59,79,2021,4,1,2021-11-30
60,79,2021,5,1,2021-11-30
61,87,2021,1,1,2021-11-30
62,87,2021,2,4,2021-11-30
63,87,2021,3,3,2021-11-30
64,87,2021,4,5,2021-11-30
65,87,2021,5,4,2021-11-30
66,88,2021,1,3,2021-11-30
67,88,2021,2,4,2021-11-30
68,88,2021,3,2,2021-11-30
69,88,2021,4,5,2021-11-30
70,88,2021,5,4,2021-11-30
71,91,2021,1,3,2021-11-30
72,91,2021,2,1,2021-11-30
73,91,2021,3,4,2021-11-30
74,91,2021,4,1,2021-11-30
75,91,2021,5,4,2021-11-30
76,93,2021,1,2,2021-11-30
77,93,2021,2,3,2021-11-30
78,93,2021,3,2,2021-11-30
79,93,2021,4,5,2021-11-30
80,93,2021,5,1,2021-11-30
81,103,2021,1,3,2021-11-30
82,103,2021,2,2,2021-11-30
83,103,2021,3,1,2021-11-30
84,103,2021,4,2,2021-11-30
85,103,2021,5,2,2021-11-30
86,105,2021,1,5,2021-11-30
87,105,2021,2,3,2021-11-30
88,105,2021,3,2,2021-11-30
89,105,2021,4,5,2021-11-30
90,105,2021,5,2,2021-11-30
91,110,2021,1,5,2021-11-30
92,110,2021,2,3,2021-11-30
93,110,2021,3,2,2021-11-30
94,110,2021,4,2,2021-11-30
95,110,2021,5,5,2021-11-30
96,111,2021,1,2,2021-11-30
97,111,2021,2,5,2021-11-30
98,111,2021,3,4,2021-11-30
99,111,2021,4,2,2021-11-30
100,111,2021,5,1,2021-11-30
101,131,2021,1,1,2021-11-30
102,131,2021,2,3,2021-11-30
103,131,2021,3,5,2021-11-30
104,131,2021,4,2,2021-11-30
105,131,2021,5,1,2021-11-30
106,138,2021,1,2,2021-11-30
107,138,2021,2,1,2021-11-30
108,138,2021,3,5,2021-11-30
109,138,2021,4,4,2021-11-30
110,138,2021,5,3,2021-11-30
111,146,2021,1,4,2021-11-30
112,146,2021,2,5,2021-11-30
113,146,2021,3,5,2021-11-30
114,146,2021,4,3,2021-11-30
115,146,2021,5,1,2021-11-30
116,164,2021,1,2,2021-11-30
117,164,2021,2,1,2021-11-30
118,164,2021,3,5,2021-11-30
119,164,2021,4,1,2021-11-30
120,164,2021,5,5,2021-11-30
121,165,2021,1,3,2021-11-30
122,165,2021,2,4,2021-11-30
123,165,2021,3,5,2021-11-30
124,165,2021,4,1,2021-11-30
125,165,2021,5,3,2021-11-30
126,169,2021,1,5,2021-11-30
127,169,2021,2,5,2021-11-30
128,169,2021,3,5,2021-11-30
129,169,2021,4,2,2021-11-30
130,169,2021,5,2,2021-11-30
131,172,2021,1,1,2021-11-30
132,172,2021,2,4,2021-11-30
133,172,2021,3,4,2021-11-30
134,172,2021,4,2,2021-11-30
135,172,2021,5,4,2021-11-30
136,176,2021,1,1,2021-11-30
137,176,2021,2,1,2021-11-30
138,176,2021,3,4,2021-11-30
139,176,2021,4,1,2021-11-30
140,176,2021,5,5,2021-11-30
141,180,2021,1,2,2021-11-30
142,180,2021,2,1,2021-11-30
143,180,2021,3,4,2021-11-30
144,180,2021,4,5,2021-11-30
145,180,2021,5,1,2021-11-30
146,182,2021,1,2,2021-11-30
147,182,2021,2,3,2021-11-30
148,182,2021,3,4,2021-11-30
149,182,2021,4,3,2021-11-30
150,182,2021,5,2,2021-11-30
151,188,2021,1,5,2021-11-30
152,188,2021,2,1,2021-11-30
153,188,2021,3,2,2021-11-30
154,188,2021,4,4,2021-11-30
155,188,2021,5,4,2021-11-30
156,200,2021,1,1,2021-11-30
157,200,2021,2,3,2021-11-30
158,200,2021,3,2,2021-11-30
159,200,2021,4,2,2021-11-30
160,200,2021,5,1,2021-11-30
161,205,2021,1,5,2021-11-30
162,205,2021,2,1,2021-11-30
163,205,2021,3,4,2021-11-30
164,205,2021,4,2,2021-11-30
165,205,2021,5,4,2021-11-30
166,234,2021,1,5,2021-11-30
167,234,2021,2,2,2021-11-30
168,234,2021,3,3,2021-11-30
169,234,2021,4,1,2021-11-30
170,234,2021,5,4,2021-11-30
171,237,2021,1,1,2021-11-30
172,237,2021,2,4,2021-11-30
173,237,2021,3,2,2021-11-30
174,237,2021,4,2,2021-11-30
175,237,2021,5,3,2021-11-30
176,256,2021,1,1,2021-11-30
177,256,2021,2,5,2021-11-30
178,256,2021,3,4,2021-11-30
179,256,2021,4,1,2021-11-30
180,256,2021,5,5,2021-11-30
181,262,2021,1,3,2021-11-30
182,262,2021,2,3,2021-11-30
183,262,2021,3,5,2021-11-30
184,262,2021,4,1,2021-11-30
185,262,2021,5,2,2021-11-30
186,269,2021,1,3,2021-11-30
187,269,2021,2,1,2021-11-30
188,269,2021,3,1,2021-11-30
189,269,2021,4,3,2021-11-30
190,269,2021,5,2,2021-11-30
191,295,2021,1,4,2021-11-30
192,295,2021,2,3,2021-11-30
193,295,2021,3,4,2021-11-30
194,295,2021,4,2,2021-11-30
195,295,2021,5,5,2021-11-30
196,296,2021,1,2,2021-11-30
197,296,2021,2,4,2021-11-30
198,296,2021,3,3,2021-11-30
199,296,2021,4,3,2021-11-30
200,296,2021,5,1,2021-11-30
201,297,2021,1,1,2021-11-30
202,297,2021,2,1,2021-11-30
203,297,2021,3,3,2021-11-30
204,297,2021,4,4,2021-11-30
205,297,2021,5,3,2021-11-30
206,298,2021,1,1,2021-11-30
207,298,2021,2,1,2021-11-30
208,298,2021,3,3,2021-11-30
209,298,2021,4,4,2021-11-30
210,298,2021,5,3,2021-11-30
211,299,2021,1,5,2021-11-30
212,299,2021,2,4,2021-11-30
213,299,2021,3,4,2021-11-30
214,299,2021,4,2,2021-11-30
215,299,2021,5,3,2021-11-30
216,313,2021,1,3,2021-11-30
217,313,2021,2,2,2021-11-30
218,313,2021,3,1,2021-11-30
219,313,2021,4,3,2021-11-30
220,313,2021,5,4,2021-11-30
221,315,2021,1,2,2021-11-30
222,315,2021,2,1,2021-11-30
223,315,2021,3,2,2021-11-30
224,315,2021,4,4,2021-11-30
225,315,2021,5,3,2021-11-30
226,326,2021,1,4,2021-11-30
227,326,2021,2,1,2021-11-30
228,326,2021,3,5,2021-11-30
229,326,2021,4,5,2021-11-30
230,326,2021,5,1,2021-11-30
231,337,2021,1,1,2021-11-30
232,337,2021,2,2,2021-11-30
233,337,2021,3,3,2021-11-30
234,337,2021,4,1,2021-11-30
235,337,2021,5,4,2021-11-30
236,344,2021,1,4,2021-11-30
237,344,2021,2,1,2021-11-30
238,344,2021,3,2,2021-11-30
239,344,2021,4,2,2021-11-30
240,344,2021,5,2,2021-11-30
241,346,2021,1,5,2021-11-30
242,346,2021,2,5,2021-11-30
243,346,2021,3,3,2021-11-30
244,346,2021,4,2,2021-11-30
245,346,2021,5,1,2021-11-30
246,349,2021,1,3,2021-11-30
247,349,2021,2,3,2021-11-30
248,349,2021,3,5,2021-11-30
249,349,2021,4,5,2021-11-30
250,349,2021,5,1,2021-11-30
251,356,2021,1,1,2021-11-30
252,356,2021,2,1,2021-11-30
253,356,2021,3,5,2021-11-30
254,356,2021,4,3,2021-11-30
255,356,2021,5,4,2021-11-30
256,357,2021,1,2,2021-11-30
257,357,2021,2,3,2021-11-30
258,357,2021,3,1,2021-11-30
259,357,2021,4,1,2021-11-30
260,357,2021,5,4,2021-11-30
261,358,2021,1,3,2021-11-30
262,358,2021,2,5,2021-11-30
263,358,2021,3,4,2021-11-30
264,358,2021,4,5,2021-11-30
265,358,2021,5,1,2021-11-30
266,361,2021,1,3,2021-11-30
267,361,2021,2,2,2021-11-30
268,361,2021,3,5,2021-11-30
269,361,2021,4,1,2021-11-30
270,361,2021,5,2,2021-11-30
271,375,2021,1,3,2021-11-30
272,375,2021,2,2,2021-11-30
273,375,2021,3,5,2021-11-30
274,375,2021,4,1,2021-11-30
275,375,2021,5,1,2021-11-30
276,376,2021,1,3,2021-11-30
277,376,2021,2,4,2021-11-30
278,376,2021,3,2,2021-11-30
279,376,2021,4,5,2021-11-30
280,376,2021,5,4,2021-11-30
281,387,2021,1,3,2021-11-30
282,387,2021,2,3,2021-11-30
283,387,2021,3,4,2021-11-30
284,387,2021,4,5,2021-11-30
285,387,2021,5,5,2021-11-30
286,390,2021,1,2,2021-11-30
287,390,2021,2,5,2021-11-30
288,390,2021,3,3,2021-11-30
289,390,2021,4,4,2021-11-30
290,390,2021,5,2,2021-11-30
291,398,2021,1,2,2021-11-30
292,398,2021,2,4,2021-11-30
293,398,2021,3,4,2021-11-30
294,398,2021,4,2,2021-11-30
295,398,2021,5,5,2021-11-30
296,405,2021,1,5,2021-11-30
297,405,2021,2,4,2021-11-30
298,405,2021,3,5,2021-11-30
299,405,2021,4,3,2021-11-30
300,405,2021,5,4,2021-11-30
301,416,2021,1,4,2021-11-30
302,416,2021,2,2,2021-11-30
303,416,2021,3,4,2021-11-30
304,416,2021,4,4,2021-11-30
305,416,2021,5,5,2021-11-30
306,427,2021,1,4,2021-11-30
307,427,2021,2,3,2021-11-30
308,427,2021,3,3,2021-11-30
309,427,2021,4,2,2021-11-30
310,427,2021,5,2,2021-11-30
311,431,2021,1,1,2021-11-30
312,431,2021,2,5,2021-11-30
313,431,2021,3,3,2021-11-30
314,431,2021,4,4,2021-11-30
315,431,2021,5,5,2021-11-30
316,452,2021,1,1,2021-11-30
317,452,2021,2,5,2021-11-30
318,452,2021,3,1,2021-11-30
319,452,2021,4,5,2021-11-30
320,452,2021,5,2,2021-11-30
321,453,2021,1,3,2021-11-30
322,453,2021,2,1,2021-11-30
323,453,2021,3,5,2021-11-30
324,453,2021,4,5,2021-11-30
325,453,2021,5,4,2021-11-30
326,470,2021,1,1,2021-11-30
327,470,2021,2,4,2021-11-30
328,470,2021,3,3,2021-11-30
329,470,2021,4,2,2021-11-30
330,470,2021,5,3,2021-11-30
331,473,2021,1,4,2021-11-30
332,473,2021,2,4,2021-11-30
333,473,2021,3,2,2021-11-30
334,473,2021,4,4,2021-11-30
335,473,2021,5,1,2021-11-30
336,474,2021,1,1,2021-11-30
337,474,2021,2,3,2021-11-30
338,474,2021,3,1,2021-11-30
339,474,2021,4,4,2021-11-30
340,474,2021,5,1,2021-11-30
341,476,2021,1,2,2021-11-30
342,476,2021,2,2,2021-11-30
343,476,2021,3,2,2021-11-30
344,476,2021,4,1,2021-11-30
345,476,2021,5,2,2021-11-30
346,482,2021,1,5,2021-11-30
347,482,2021,2,1,2021-11-30
348,482,2021,3,3,2021-11-30
349,482,2021,4,1,2021-11-30
350,482,2021,5,5,2021-11-30
351,484,2021,1,4,2021-11-30
352,484,2021,2,5,2021-11-30
353,484,2021,3,3,2021-11-30
354,484,2021,4,4,2021-11-30
355,484,2021,5,3,2021-11-30
356,489,2021,1,1,2021-11-30
357,489,2021,2,3,2021-11-30
358,489,2021,3,2,2021-11-30
359,489,2021,4,4,2021-11-30
360,489,2021,5,1,2021-11-30
361,499,2021,1,1,2021-11-30
362,499,2021,2,1,2021-11-30
363,499,2021,3,3,2021-11-30
364,499,2021,4,1,2021-11-30
365,499,2021,5,5,2021-11-30
366,500,2021,1,3,2021-11-30
367,500,2021,2,2,2021-11-30
368,500,2021,3,1,2021-11-30
369,500,2021,4,4,2021-11-30
370,500,2021,5,2,2021-11-30
371,522,2021,1,1,2021-11-30
372,522,2021,2,4,2021-11-30
373,522,2021,3,2,2021-11-30
374,522,2021,4,3,2021-11-30
375,522,2021,5,3,2021-11-30
376,524,2021,1,4,2021-11-30
377,524,2021,2,2,2021-11-30
378,524,2021,3,3,2021-11-30
379,524,2021,4,5,2021-11-30
380,524,2021,5,3,2021-11-30
381,531,2021,1,3,2021-11-30
382,531,2021,2,4,2021-11-30
383,531,2021,3,2,2021-11-30
384,531,2021,4,4,2021-11-30
385,531,2021,5,3,2021-11-30
386,534,2021,1,1,2021-11-30
387,534,2021,2,5,2021-11-30
388,534,2021,3,4,2021-11-30
389,534,2021,4,2,2021-11-30
390,534,2021,5,3,2021-11-30
391,537,2021,1,2,2021-11-30
392,537,2021,2,4,2021-11-30
393,537,2021,3,2,2021-11-30
394,537,2021,4,1,2021-11-30
395,537,2021,5,4,2021-11-30
396,540,2021,1,3,2021-11-30
397,540,2021,2,4,2021-11-30
398,540,2021,3,5,2021-11-30
399,540,2021,4,1,2021-11-30
400,540,2021,5,2,2021-11-30
401,566,2021,1,2,2021-11-30
402,566,2021,2,1,2021-11-30
403,566,2021,3,2,2021-11-30
404,566,2021,4,1,2021-11-30
405,566,2021,5,2,2021-11-30
406,590,2021,1,4,2021-11-30
407,590,2021,2,2,2021-11-30
408,590,2021,3,5,2021-11-30
409,590,2021,4,4,2021-11-30
410,590,2021,5,3,2021-11-30
411,615,2021,1,2,2021-11-30
412,615,2021,2,3,2021-11-30
413,615,2021,3,4,2021-11-30
414,615,2021,4,5,2021-11-30
415,615,2021,5,1,2021-11-30
416,626,2021,1,5,2021-11-30
417,626,2021,2,4,2021-11-30
418,626,2021,3,2,2021-11-30
419,626,2021,4,4,2021-11-30
420,626,2021,5,5,2021-11-30
421,628,2021,1,5,2021-11-30
422,628,2021,2,1,2021-11-30
423,628,2021,3,1,2021-11-30
424,628,2021,4,5,2021-11-30
425,628,2021,5,2,2021-11-30
426,644,2021,1,2,2021-11-30
427,644,2021,2,1,2021-11-30
428,644,2021,3,5,2021-11-30
429,644,2021,4,3,2021-11-30
430,644,2021,5,3,2021-11-30
431,645,2021,1,3,2021-11-30
432,645,2021,2,3,2021-11-30
433,645,2021,3,4,2021-11-30
434,645,2021,4,2,2021-11-30
435,645,2021,5,4,2021-11-30
436,689,2021,1,3,2021-11-30
437,689,2021,2,1,2021-11-30
438,689,2021,3,2,2021-11-30
439,689,2021,4,1,2021-11-30
440,689,2021,5,2,2021-11-30
441,692,2021,1,1,2021-11-30
442,692,2021,2,5,2021-11-30
443,692,2021,3,5,2021-11-30
444,692,2021,4,4,2021-11-30
445,692,2021,5,1,2021-11-30
446,693,2021,1,3,2021-11-30
447,693,2021,2,4,2021-11-30
448,693,2021,3,4,2021-11-30
449,693,2021,4,1,2021-11-30
450,693,2021,5,3,2021-11-30
451,695,2021,1,3,2021-11-30
452,695,2021,2,2,2021-11-30
453,695,2021,3,2,2021-11-30
454,695,2021,4,5,2021-11-30
455,695,2021,5,3,2021-11-30
456,696,2021,1,4,2021-11-30
457,696,2021,2,5,2021-11-30
458,696,2021,3,5,2021-11-30
459,696,2021,4,3,2021-11-30
460,696,2021,5,2,2021-11-30
461,727,2021,1,3,2021-11-30
462,727,2021,2,4,2021-11-30
463,727,2021,3,4,2021-11-30
464,727,2021,4,3,2021-11-30
465,727,2021,5,1,2021-11-30
466,730,2021,1,1,2021-11-30
467,730,2021,2,1,2021-11-30
468,730,2021,3,5,2021-11-30
469,730,2021,4,3,2021-11-30
470,730,2021,5,3,2021-11-30
471,737,2021,1,1,2021-11-30
472,737,2021,2,5,2021-11-30
473,737,2021,3,2,2021-11-30
474,737,2021,4,3,2021-11-30
475,737,2021,5,3,2021-11-30
476,741,2021,1,1,2021-11-30
477,741,2021,2,4,2021-11-30
478,741,2021,3,5,2021-11-30
479,741,2021,4,1,2021-11-30
480,741,2021,5,3,2021-11-30
481,744,2021,1,3,2021-11-30
482,744,2021,2,4,2021-11-30
483,744,2021,3,1,2021-11-30
484,744,2021,4,1,2021-11-30
485,744,2021,5,4,2021-11-30
486,755,2021,1,2,2021-11-30
487,755,2021,2,4,2021-11-30
488,755,2021,3,2,2021-11-30
489,755,2021,4,2,2021-11-30
490,755,2021,5,4,2021-11-30
491,765,2021,1,3,2021-11-30
492,765,2021,2,1,2021-11-30
493,765,2021,3,3,2021-11-30
494,765,2021,4,4,2021-11-30
495,765,2021,5,3,2021-11-30
496,778,2021,1,3,2021-11-30
497,778,2021,2,1,2021-11-30
498,778,2021,3,5,2021-11-30
499,778,2021,4,1,2021-11-30
500,778,2021,5,5,2021-11-30
501,786,2021,1,5,2021-11-30
502,786,2021,2,5,2021-11-30
503,786,2021,3,3,2021-11-30
504,786,2021,4,3,2021-11-30
505,786,2021,5,2,2021-11-30
506,794,2021,1,1,2021-11-30
507,794,2021,2,3,2021-11-30
508,794,2021,3,4,2021-11-30
509,794,2021,4,2,2021-11-30
510,794,2021,5,2,2021-11-30
511,795,2021,1,4,2021-11-30
512,795,2021,2,1,2021-11-30
513,795,2021,3,5,2021-11-30
514,795,2021,4,4,2021-11-30
515,795,2021,5,3,2021-11-30
516,801,2021,1,1,2021-11-30
517,801,2021,2,3,2021-11-30
518,801,2021,3,3,2021-11-30
519,801,2021,4,5,2021-11-30
520,801,2021,5,5,2021-11-30
521,803,2021,1,2,2021-11-30
522,803,2021,2,1,2021-11-30
523,803,2021,3,5,2021-11-30
524,803,2021,4,4,2021-11-30
525,803,2021,5,1,2021-11-30
526,805,2021,1,4,2021-11-30
527,805,2021,2,5,2021-11-30
528,805,2021,3,5,2021-11-30
529,805,2021,4,5,2021-11-30
530,805,2021,5,4,2021-11-30
531,806,2021,1,1,2021-11-30
532,806,2021,2,1,2021-11-30
533,806,2021,3,5,2021-11-30
534,806,2021,4,2,2021-11-30
535,806,2021,5,5,2021-11-30
536,814,2021,1,4,2021-11-30
537,814,2021,2,3,2021-11-30
538,814,2021,3,4,2021-11-30
539,814,2021,4,5,2021-11-30
540,814,2021,5,2,2021-11-30
541,824,2021,1,2,2021-11-30
542,824,2021,2,4,2021-11-30
543,824,2021,3,1,2021-11-30
544,824,2021,4,4,2021-11-30
545,824,2021,5,3,2021-11-30
546,832,2021,1,1,2021-11-30
547,832,2021,2,2,2021-11-30
548,832,2021,3,1,2021-11-30
549,832,2021,4,5,2021-11-30
550,832,2021,5,5,2021-11-30
551,836,2021,1,4,2021-11-30
552,836,2021,2,1,2021-11-30
553,836,2021,3,2,2021-11-30
554,836,2021,4,4,2021-11-30
555,836,2021,5,3,2021-11-30
556,845,2021,1,2,2021-11-30
557,845,2021,2,5,2021-11-30
558,845,2021,3,1,2021-11-30
559,845,2021,4,1,2021-11-30
560,845,2021,5,2,2021-11-30
561,847,2021,1,2,2021-11-30
562,847,2021,2,5,2021-11-30
563,847,2021,3,5,2021-11-30
564,847,2021,4,5,2021-11-30
565,847,2021,5,4,2021-11-30
566,853,2021,1,3,2021-11-30
567,853,2021,2,5,2021-11-30
568,853,2021,3,3,2021-11-30
569,853,2021,4,1,2021-11-30
570,853,2021,5,4,2021-11-30
571,856,2021,1,5,2021-11-30
572,856,2021,2,2,2021-11-30
573,856,2021,3,3,2021-11-30
574,856,2021,4,3,2021-11-30
575,856,2021,5,3,2021-11-30
576,868,2021,1,2,2021-11-30
577,868,2021,2,1,2021-11-30
578,868,2021,3,4,2021-11-30
579,868,2021,4,1,2021-11-30
580,868,2021,5,4,2021-11-30
581,891,2021,1,1,2021-11-30
582,891,2021,2,5,2021-11-30
583,891,2021,3,2,2021-11-30
584,891,2021,4,3,2021-11-30
585,891,2021,5,1,2021-11-30
586,898,2021,1,5,2021-11-30
587,898,2021,2,1,2021-11-30
588,898,2021,3,5,2021-11-30
589,898,2021,4,4,2021-11-30
590,898,2021,5,5,2021-11-30
591,899,2021,1,2,2021-11-30
592,899,2021,2,4,2021-11-30
593,899,2021,3,3,2021-11-30
594,899,2021,4,4,2021-11-30
595,899,2021,5,5,2021-11-30
596,906,2021,1,1,2021-11-30
597,906,2021,2,4,2021-11-30
598,906,2021,3,2,2021-11-30
599,906,2021,4,4,2021-11-30
600,906,2021,5,1,2021-11-30
601,929,2021,1,5,2021-11-30
602,929,2021,2,2,2021-11-30
603,929,2021,3,1,2021-11-30
604,929,2021,4,4,2021-11-30
605,929,2021,5,5,2021-11-30
606,930,2021,1,1,2021-11-30
607,930,2021,2,4,2021-11-30
608,930,2021,3,1,2021-11-30
609,930,2021,4,3,2021-11-30
610,930,2021,5,3,2021-11-30
611,931,2021,1,4,2021-11-30
612,931,2021,2,5,2021-11-30
613,931,2021,3,5,2021-11-30
614,931,2021,4,1,2021-11-30
615,931,2021,5,4,2021-11-30
616,937,2021,1,5,2021-11-30
617,937,2021,2,4,2021-11-30
618,937,2021,3,2,2021-11-30
619,937,2021,4,3,2021-11-30
620,937,2021,5,4,2021-11-30
621,953,2021,1,2,2021-11-30
622,953,2021,2,4,2021-11-30
623,953,2021,3,2,2021-11-30
624,953,2021,4,3,2021-11-30
625,953,2021,5,2,2021-11-30
626,957,2021,1,4,2021-11-30
627,957,2021,2,5,2021-11-30
628,957,2021,3,4,2021-11-30
629,957,2021,4,2,2021-11-30
630,957,2021,5,2,2021-11-30
631,973,2021,1,5,2021-11-30
632,973,2021,2,5,2021-11-30
633,973,2021,3,5,2021-11-30
634,973,2021,4,3,2021-11-30
635,973,2021,5,3,2021-11-30
636,980,2021,1,5,2021-11-30
637,980,2021,2,4,2021-11-30
638,980,2021,3,4,2021-11-30
639,980,2021,4,2,2021-11-30
640,980,2021,5,1,2021-11-30
641,982,2021,1,3,2021-11-30
642,982,2021,2,5,2021-11-30
643,982,2021,3,3,2021-11-30
644,982,2021,4,4,2021-11-30
645,982,2021,5,4,2021-11-30
646,995,2021,1,2,2021-11-30
647,995,2021,2,5,2021-11-30
648,995,2021,3,1,2021-11-30
649,995,2021,4,3,2021-11-30
650,995,2021,5,5,2021-11-30
651,1004,2021,1,4,2021-11-30
652,1004,2021,2,1,2021-11-30
653,1004,2021,3,3,2021-11-30
654,1004,2021,4,1,2021-11-30
655,1004,2021,5,5,2021-11-30
656,1006,2021,1,4,2021-11-30
657,1006,2021,2,4,2021-11-30
658,1006,2021,3,5,2021-11-30
659,1006,2021,4,1,2021-11-30
660,1006,2021,5,4,2021-11-30
661,1028,2021,1,5,2021-11-30
662,1028,2021,2,3,2021-11-30
663,1028,2021,3,3,2021-11-30
664,1028,2021,4,3,2021-11-30
665,1028,2021,5,2,2021-11-30
666,1040,2021,1,4,2021-11-30
667,1040,2021,2,2,2021-11-30
668,1040,2021,3,5,2021-11-30
669,1040,2021,4,5,2021-11-30
670,1040,2021,5,2,2021-11-30
671,1053,2021,1,5,2021-11-30
672,1053,2021,2,3,2021-11-30
673,1053,2021,3,4,2021-11-30
674,1053,2021,4,1,2021-11-30
675,1053,2021,5,2,2021-11-30
676,1055,2021,1,5,2021-11-30
677,1055,2021,2,2,2021-11-30
678,1055,2021,3,3,2021-11-30
679,1055,2021,4,5,2021-11-30
680,1055,2021,5,1,2021-11-30
681,1062,2021,1,5,2021-11-30
682,1062,2021,2,1,2021-11-30
683,1062,2021,3,3,2021-11-30
684,1062,2021,4,3,2021-11-30
685,1062,2021,5,5,2021-11-30
686,1067,2021,1,4,2021-11-30
687,1067,2021,2,1,2021-11-30
688,1067,2021,3,2,2021-11-30
689,1067,2021,4,5,2021-11-30
690,1067,2021,5,4,2021-11-30
691,1073,2021,1,4,2021-11-30
692,1073,2021,2,2,2021-11-30
693,1073,2021,3,5,2021-11-30
694,1073,2021,4,2,2021-11-30
695,1073,2021,5,1,2021-11-30
696,1081,2021,1,3,2021-11-30
697,1081,2021,2,3,2021-11-30
698,1081,2021,3,1,2021-11-30
699,1081,2021,4,4,2021-11-30
700,1081,2021,5,3,2021-11-30
701,1083,2021,1,2,2021-11-30
702,1083,2021,2,5,2021-11-30
703,1083,2021,3,4,2021-11-30
704,1083,2021,4,2,2021-11-30
705,1083,2021,5,1,2021-11-30
706,1096,2021,1,3,2021-11-30
707,1096,2021,2,2,2021-11-30
708,1096,2021,3,4,2021-11-30
709,1096,2021,4,1,2021-11-30
710,1096,2021,5,5,2021-11-30
711,1097,2021,1,2,2021-11-30
712,1097,2021,2,2,2021-11-30
713,1097,2021,3,3,2021-11-30
714,1097,2021,4,2,2021-11-30
715,1097,2021,5,5,2021-11-30
716,1110,2021,1,4,2021-11-30
717,1110,2021,2,2,2021-11-30
718,1110,2021,3,5,2021-11-30
719,1110,2021,4,3,2021-11-30
720,1110,2021,5,3,2021-11-30
721,1114,2021,1,1,2021-11-30
722,1114,2021,2,2,2021-11-30
723,1114,2021,3,4,2021-11-30
724,1114,2021,4,4,2021-11-30
725,1114,2021,5,4,2021-11-30
726,1124,2021,1,1,2021-11-30
727,1124,2021,2,2,2021-11-30
728,1124,2021,3,5,2021-11-30
729,1124,2021,4,5,2021-11-30
730,1124,2021,5,3,2021-11-30
731,1135,2021,1,1,2021-11-30
732,1135,2021,2,5,2021-11-30
733,1135,2021,3,3,2021-11-30
734,1135,2021,4,1,2021-11-30
735,1135,2021,5,4,2021-11-30
736,1139,2021,1,3,2021-11-30
737,1139,2021,2,4,2021-11-30
738,1139,2021,3,5,2021-11-30
739,1139,2021,4,4,2021-11-30
740,1139,2021,5,4,2021-11-30
741,1140,2021,1,4,2021-11-30
742,1140,2021,2,4,2021-11-30
743,1140,2021,3,3,2021-11-30
744,1140,2021,4,5,2021-11-30
745,1140,2021,5,3,2021-11-30
746,1141,2021,1,3,2021-11-30
747,1141,2021,2,2,2021-11-30
748,1141,2021,3,3,2021-11-30
749,1141,2021,4,3,2021-11-30
750,1141,2021,5,4,2021-11-30
751,1143,2021,1,3,2021-11-30
752,1143,2021,2,5,2021-11-30
753,1143,2021,3,5,2021-11-30
754,1143,2021,4,2,2021-11-30
755,1143,2021,5,4,2021-11-30
756,1146,2021,1,3,2021-11-30
757,1146,2021,2,5,2021-11-30
758,1146,2021,3,2,2021-11-30
759,1146,2021,4,2,2021-11-30
760,1146,2021,5,5,2021-11-30
761,1157,2021,1,1,2021-11-30
762,1157,2021,2,2,2021-11-30
763,1157,2021,3,1,2021-11-30
764,1157,2021,4,5,2021-11-30
765,1157,2021,5,4,2021-11-30
766,1173,2021,1,1,2021-11-30
767,1173,2021,2,1,2021-11-30
768,1173,2021,3,1,2021-11-30
769,1173,2021,4,2,2021-11-30
770,1173,2021,5,2,2021-11-30
771,1180,2021,1,1,2021-11-30
772,1180,2021,2,5,2021-11-30
773,1180,2021,3,2,2021-11-30
774,1180,2021,4,4,2021-11-30
775,1180,2021,5,3,2021-11-30
776,1189,2021,1,5,2021-11-30
777,1189,2021,2,2,2021-11-30
778,1189,2021,3,4,2021-11-30
779,1189,2021,4,2,2021-11-30
780,1189,2021,5,3,2021-11-30
781,1198,2021,1,4,2021-11-30
782,1198,2021,2,2,2021-11-30
783,1198,2021,3,5,2021-11-30
784,1198,2021,4,1,2021-11-30
785,1198,2021,5,1,2021-11-30
786,6,2022,1,3,2022-11-30
787,6,2022,2,1,2022-11-30
788,6,2022,3,3,2022-11-30
789,6,2022,4,2,2022-11-30
790,6,2022,5,5,2022-11-30
791,9,2022,1,3,2022-11-30
792,9,2022,2,3,2022-11-30
793,9,2022,3,1,2022-11-30
794,9,2022,4,3,2022-11-30
795,9,2022,5,2,2022-11-30
796,17,2022,1,5,2022-11-30
797,17,2022,2,1,2022-11-30
798,17,2022,3,5,2022-11-30
799,17,2022,4,5,2022-11-30
800,17,2022,5,2,2022-11-30
801,25,2022,1,2,2022-11-30
802,25,2022,2,5,2022-11-30
803,25,2022,3,3,2022-11-30
804,25,2022,4,2,2022-11-30
805,25,2022,5,5,2022-11-30
806,26,2022,1,5,2022-11-30
807,26,2022,2,5,2022-11-30
808,26,2022,3,5,2022-11-30
809,26,2022,4,3,2022-11-30
810,26,2022,5,5,2022-11-30
811,29,2022,1,1,2022-11-30
812,29,2022,2,4,2022-11-30
813,29,2022,3,5,2022-11-30
814,29,2022,4,3,2022-11-30
815,29,2022,5,5,2022-11-30
816,30,2022,1,5,2022-11-30
817,30,2022,2,5,2022-11-30
818,30,2022,3,3,2022-11-30
819,30,2022,4,1,2022-11-30
820,30,2022,5,3,2022-11-30
821,35,2022,1,5,2022-11-30
822,35,2022,2,2,2022-11-30
823,35,2022,3,3,2022-11-30
824,35,2022,4,3,2022-11-30
825,35,2022,5,2,2022-11-30
826,43,2022,1,4,2022-11-30
827,43,2022,2,1,2022-11-30
828,43,2022,3,2,2022-11-30
829,43,2022,4,2,2022-11-30
830,43,2022,5,5,2022-11-30
831,45,2022,1,2,2022-11-30
832,45,2022,2,1,2022-11-30
833,45,2022,3,1,2022-11-30
834,45,2022,4,2,2022-11-30
835,45,2022,5,1,2022-11-30
836,47,2022,1,5,2022-11-30
837,47,2022,2,3,2022-11-30
838,47,2022,3,5,2022-11-30
839,47,2022,4,4,2022-11-30
840,47,2022,5,2,2022-11-30
841,55,2022,1,5,2022-11-30
842,55,2022,2,1,2022-11-30
843,55,2022,3,5,2022-11-30
844,55,2022,4,4,2022-11-30
845,55,2022,5,4,2022-11-30
846,58,2022,1,2,2022-11-30
847,58,2022,2,3,2022-11-30
848,58,2022,3,2,2022-11-30
849,58,2022,4,5,2022-11-30
850,58,2022,5,4,2022-11-30
851,59,2022,1,3,2022-11-30
852,59,2022,2,1,2022-11-30
853,59,2022,3,2,2022-11-30
854,59,2022,4,3,2022-11-30
855,59,2022,5,5,2022-11-30
856,62,2022,1,5,2022-11-30
857,62,2022,2,3,2022-11-30
858,62,2022,3,5,2022-11-30
859,62,2022,4,3,2022-11-30
860,62,2022,5,5,2022-11-30
861,70,2022,1,4,2022-11-30
862,70,2022,2,5,2022-11-30
863,70,2022,3,5,2022-11-30
864,70,2022,4,1,2022-11-30
865,70,2022,5,5,2022-11-30
866,71,2022,1,1,2022-11-30
867,71,2022,2,4,2022-11-30
868,71,2022,3,4,2022-11-30
869,71,2022,4,4,2022-11-30
870,71,2022,5,5,2022-11-30
871,72,2022,1,5,2022-11-30
872,72,2022,2,4,2022-11-30
873,72,2022,3,3,2022-11-30
874,72,2022,4,3,2022-11-30
875,72,2022,5,4,2022-11-30
876,74,2022,1,2,2022-11-30
877,74,2022,2,3,2022-11-30
878,74,2022,3,5,2022-11-30
879,74,2022,4,2,2022-11-30
880,74,2022,5,4,2022-11-30
881,76,2022,1,3,2022-11-30
882,76,2022,2,1,2022-11-30
883,76,2022,3,4,2022-11-30
884,76,2022,4,2,2022-11-30
885,76,2022,5,1,2022-11-30
886,79,2022,1,3,2022-11-30
887,79,2022,2,5,2022-11-30
888,79,2022,3,1,2022-11-30
889,79,2022,4,3,2022-11-30
890,79,2022,5,1,2022-11-30
891,84,2022,1,3,2022-11-30
892,84,2022,2,4,2022-11-30
893,84,2022,3,5,2022-11-30
894,84,2022,4,4,2022-11-30
895,84,2022,5,5,2022-11-30
896,85,2022,1,5,2022-11-30
897,85,2022,2,5,2022-11-30
898,85,2022,3,4,2022-11-30
899,85,2022,4,1,2022-11-30
900,85,2022,5,5,2022-11-30
901,88,2022,1,3,2022-11-30
902,88,2022,2,3,2022-11-30
903,88,2022,3,5,2022-11-30
904,88,2022,4,1,2022-11-30
905,88,2022,5,5,2022-11-30
906,89,2022,1,2,2022-11-30
907,89,2022,2,5,2022-11-30
908,89,2022,3,1,2022-11-30
909,89,2022,4,2,2022-11-30
910,89,2022,5,2,2022-11-30
911,93,2022,1,2,2022-11-30
912,93,2022,2,3,2022-11-30
913,93,2022,3,2,2022-11-30
914,93,2022,4,1,2022-11-30
915,93,2022,5,4,2022-11-30
916,105,2022,1,4,2022-11-30
917,105,2022,2,1,2022-11-30
918,105,2022,3,2,2022-11-30
919,105,2022,4,5,2022-11-30
920,105,2022,5,3,2022-11-30
921,109,2022,1,4,2022-11-30
922,109,2022,2,4,2022-11-30
923,109,2022,3,1,2022-11-30
924,109,2022,4,1,2022-11-30
925,109,2022,5,2,2022-11-30
926,110,2022,1,5,2022-11-30
927,110,2022,2,1,2022-11-30
928,110,2022,3,4,2022-11-30
929,110,2022,4,3,2022-11-30
930,110,2022,5,3,2022-11-30
931,111,2022,1,4,2022-11-30
932,111,2022,2,4,2022-11-30
933,111,2022,3,5,2022-11-30
934,111,2022,4,3,2022-11-30
935,111,2022,5,1,2022-11-30
936,113,2022,1,2,2022-11-30
937,113,2022,2,4,2022-11-30
938,113,2022,3,3,2022-11-30
939,113,2022,4,1,2022-11-30
940,113,2022,5,1,2022-11-30
941,131,2022,1,5,2022-11-30
942,131,2022,2,4,2022-11-30
943,131,2022,3,2,2022-11-30
944,131,2022,4,2,2022-11-30
945,131,2022,5,5,2022-11-30
946,133,2022,1,5,2022-11-30
947,133,2022,2,1,2022-11-30
948,133,2022,3,2,2022-11-30
949,133,2022,4,1,2022-11-30
950,133,2022,5,4,2022-11-30
951,138,2022,1,4,2022-11-30
952,138,2022,2,3,2022-11-30
953,138,2022,3,5,2022-11-30
954,138,2022,4,3,2022-11-30
955,138,2022,5,2,2022-11-30
956,141,2022,1,3,2022-11-30
957,141,2022,2,5,2022-11-30
958,141,2022,3,4,2022-11-30
959,141,2022,4,2,2022-11-30
960,141,2022,5,3,2022-11-30
961,146,2022,1,3,2022-11-30
962,146,2022,2,3,2022-11-30
963,146,2022,3,2,2022-11-30
964,146,2022,4,1,2022-11-30
965,146,2022,5,3,2022-11-30
966,150,2022,1,5,2022-11-30
967,150,2022,2,4,2022-11-30
968,150,2022,3,3,2022-11-30
969,150,2022,4,2,2022-11-30
970,150,2022,5,4,2022-11-30
971,151,2022,1,2,2022-11-30
972,151,2022,2,4,2022-11-30
973,151,2022,3,5,2022-11-30
974,151,2022,4,3,2022-11-30
975,151,2022,5,5,2022-11-30
976,159,2022,1,1,2022-11-30
977,159,2022,2,1,2022-11-30
978,159,2022,3,5,2022-11-30
979,159,2022,4,4,2022-11-30
980,159,2022,5,3,2022-11-30
981,162,2022,1,3,2022-11-30
982,162,2022,2,5,2022-11-30
983,162,2022,3,4,2022-11-30
984,162,2022,4,1,2022-11-30
985,162,2022,5,5,2022-11-30
986,164,2022,1,3,2022-11-30
987,164,2022,2,1,2022-11-30
988,164,2022,3,5,2022-11-30
989,164,2022,4,1,2022-11-30
990,164,2022,5,1,2022-11-30
991,167,2022,1,3,2022-11-30
992,167,2022,2,1,2022-11-30
993,167,2022,3,2,2022-11-30
994,167,2022,4,2,2022-11-30
995,167,2022,5,4,2022-11-30
996,173,2022,1,1,2022-11-30
997,173,2022,2,2,2022-11-30
998,173,2022,3,1,2022-11-30
999,173,2022,4,2,2022-11-30
1000,173,2022,5,3,2022-11-30
1001,176,2022,1,2,2022-11-30
1002,176,2022,2,2,2022-11-30
1003,176,2022,3,4,2022-11-30
1004,176,2022,4,5,2022-11-30
1005,176,2022,5,3,2022-11-30
1006,182,2022,1,5,2022-11-30
1007,182,2022,2,2,2022-11-30
1008,182,2022,3,5,2022-11-30
1009,182,2022,4,4,2022-11-30
1010,182,2022,5,2,2022-11-30
1011,183,2022,1,3,2022-11-30
1012,183,2022,2,4,2022-11-30
1013,183,2022,3,3,2022-11-30
1014,183,2022,4,5,2022-11-30
1015,183,2022,5,4,2022-11-30
1016,184,2022,1,3,2022-11-30
1017,184,2022,2,4,2022-11-30
1018,184,2022,3,2,2022-11-30
1019,184,2022,4,5,2022-11-30
1020,184,2022,5,4,2022-11-30
1021,191,2022,1,1,2022-11-30
1022,191,2022,2,3,2022-11-30
1023,191,2022,3,4,2022-11-30
1024,191,2022,4,4,2022-11-30
1025,191,2022,5,1,2022-11-30
1026,193,2022,1,4,2022-11-30
1027,193,2022,2,3,2022-11-30
1028,193,2022,3,5,2022-11-30
1029,193,2022,4,5,2022-11-30
1030,193,2022,5,5,2022-11-30
1031,194,2022,1,2,2022-11-30
1032,194,2022,2,5,2022-11-30
1033,194,2022,3,2,2022-11-30
1034,194,2022,4,5,2022-11-30
1035,194,2022,5,4,2022-11-30
1036,196,2022,1,1,2022-11-30
1037,196,2022,2,3,2022-11-30
1038,196,2022,3,1,2022-11-30
1039,196,2022,4,5,2022-11-30
1040,196,2022,5,4,2022-11-30
1041,197,2022,1,2,2022-11-30
1042,197,2022,2,4,2022-11-30
1043,197,2022,3,1,2022-11-30
1044,197,2022,4,5,2022-11-30
1045,197,2022,5,4,2022-11-30
1046,198,2022,1,5,2022-11-30
1047,198,2022,2,5,2022-11-30
1048,198,2022,3,1,2022-11-30
1049,198,2022,4,3,2022-11-30
1050,198,2022,5,1,2022-11-30
1051,200,2022,1,1,2022-11-30
1052,200,2022,2,2,2022-11-30
1053,200,2022,3,3,2022-11-30
1054,200,2022,4,2,2022-11-30
1055,200,2022,5,4,2022-11-30
1056,204,2022,1,1,2022-11-30
1057,204,2022,2,1,2022-11-30
1058,204,2022,3,5,2022-11-30
1059,204,2022,4,2,2022-11-30
1060,204,2022,5,3,2022-11-30
1061,208,2022,1,5,2022-11-30
1062,208,2022,2,5,2022-11-30
1063,208,2022,3,4,2022-11-30
1064,208,2022,4,1,2022-11-30
1065,208,2022,5,3,2022-11-30
1066,210,2022,1,4,2022-11-30
1067,210,2022,2,1,2022-11-30
1068,210,2022,3,1,2022-11-30
1069,210,2022,4,3,2022-11-30
1070,210,2022,5,5,2022-11-30
1071,214,2022,1,3,2022-11-30
1072,214,2022,2,1,2022-11-30
1073,214,2022,3,2,2022-11-30
1074,214,2022,4,2,2022-11-30
1075,214,2022,5,4,2022-11-30
1076,216,2022,1,3,2022-11-30
1077,216,2022,2,2,2022-11-30
1078,216,2022,3,4,2022-11-30
1079,216,2022,4,4,2022-11-30
1080,216,2022,5,5,2022-11-30
1081,220,2022,1,1,2022-11-30
1082,220,2022,2,1,2022-11-30
1083,220,2022,3,4,2022-11-30
1084,220,2022,4,3,2022-11-30
1085,220,2022,5,5,2022-11-30
1086,225,2022,1,1,2022-11-30
1087,225,2022,2,1,2022-11-30
1088,225,2022,3,3,2022-11-30
1089,225,2022,4,1,2022-11-30
1090,225,2022,5,1,2022-11-30
1091,233,2022,1,3,2022-11-30
1092,233,2022,2,2,2022-11-30
1093,233,2022,3,2,2022-11-30
1094,233,2022,4,4,2022-11-30
1095,233,2022,5,5,2022-11-30
1096,234,2022,1,3,2022-11-30
1097,234,2022,2,2,2022-11-30
1098,234,2022,3,3,2022-11-30
1099,234,2022,4,1,2022-11-30
1100,234,2022,5,1,2022-11-30
1101,235,2022,1,1,2022-11-30
1102,235,2022,2,4,2022-11-30
1103,235,2022,3,4,2022-11-30
1104,235,2022,4,4,2022-11-30
1105,235,2022,5,2,2022-11-30
1106,238,2022,1,5,2022-11-30
1107,238,2022,2,5,2022-11-30
1108,238,2022,3,4,2022-11-30
1109,238,2022,4,4,2022-11-30
1110,238,2022,5,5,2022-11-30
1111,242,2022,1,3,2022-11-30
1112,242,2022,2,3,2022-11-30
1113,242,2022,3,5,2022-11-30
1114,242,2022,4,4,2022-11-30
1115,242,2022,5,5,2022-11-30
1116,245,2022,1,3,2022-11-30
1117,245,2022,2,1,2022-11-30
1118,245,2022,3,5,2022-11-30
1119,245,2022,4,4,2022-11-30
1120,245,2022,5,2,2022-11-30
1121,246,2022,1,2,2022-11-30
1122,246,2022,2,2,2022-11-30
1123,246,2022,3,2,2022-11-30
1124,246,2022,4,1,2022-11-30
1125,246,2022,5,4,2022-11-30
1126,248,2022,1,5,2022-11-30
1127,248,2022,2,5,2022-11-30
1128,248,2022,3,3,2022-11-30
1129,248,2022,4,2,2022-11-30
1130,248,2022,5,3,2022-11-30
1131,256,2022,1,4,2022-11-30
1132,256,2022,2,1,2022-11-30
1133,256,2022,3,2,2022-11-30
1134,256,2022,4,5,2022-11-30
1135,256,2022,5,2,2022-11-30
1136,262,2022,1,1,2022-11-30
1137,262,2022,2,2,2022-11-30
1138,262,2022,3,1,2022-11-30
1139,262,2022,4,3,2022-11-30
1140,262,2022,5,4,2022-11-30
1141,264,2022,1,2,2022-11-30
1142,264,2022,2,2,2022-11-30
1143,264,2022,3,3,2022-11-30
1144,264,2022,4,1,2022-11-30
1145,264,2022,5,3,2022-11-30
1146,269,2022,1,4,2022-11-30
1147,269,2022,2,1,2022-11-30
1148,269,2022,3,1,2022-11-30
1149,269,2022,4,2,2022-11-30
1150,269,2022,5,1,2022-11-30
1151,270,2022,1,1,2022-11-30
1152,270,2022,2,1,2022-11-30
1153,270,2022,3,2,2022-11-30
1154,270,2022,4,2,2022-11-30
1155,270,2022,5,2,2022-11-30
1156,276,2022,1,1,2022-11-30
1157,276,2022,2,1,2022-11-30
1158,276,2022,3,1,2022-11-30
1159,276,2022,4,4,2022-11-30
1160,276,2022,5,4,2022-11-30
1161,281,2022,1,4,2022-11-30
1162,281,2022,2,4,2022-11-30
1163,281,2022,3,1,2022-11-30
1164,281,2022,4,4,2022-11-30
1165,281,2022,5,5,2022-11-30
1166,284,2022,1,2,2022-11-30
1167,284,2022,2,2,2022-11-30
1168,284,2022,3,3,2022-11-30
1169,284,2022,4,3,2022-11-30
1170,284,2022,5,5,2022-11-30
1171,285,2022,1,4,2022-11-30
1172,285,2022,2,2,2022-11-30
1173,285,2022,3,1,2022-11-30
1174,285,2022,4,3,2022-11-30
1175,285,2022,5,5,2022-11-30
1176,286,2022,1,3,2022-11-30
1177,286,2022,2,3,2022-11-30
1178,286,2022,3,1,2022-11-30
1179,286,2022,4,3,2022-11-30
1180,286,2022,5,2,2022-11-30
1181,288,2022,1,5,2022-11-30
1182,288,2022,2,4,2022-11-30
1183,288,2022,3,2,2022-11-30
1184,288,2022,4,3,2022-11-30
1185,288,2022,5,4,2022-11-30
1186,293,2022,1,2,2022-11-30
1187,293,2022,2,3,2022-11-30
1188,293,2022,3,4,2022-11-30
1189,293,2022,4,1,2022-11-30
1190,293,2022,5,5,2022-11-30
1191,294,2022,1,3,2022-11-30
1192,294,2022,2,1,2022-11-30
1193,294,2022,3,5,2022-11-30
1194,294,2022,4,3,2022-11-30
1195,294,2022,5,4,2022-11-30
1196,295,2022,1,3,2022-11-30
1197,295,2022,2,4,2022-11-30
1198,295,2022,3,1,2022-11-30
1199,295,2022,4,2,2022-11-30
1200,295,2022,5,3,2022-11-30
1201,296,2022,1,1,2022-11-30
1202,296,2022,2,3,2022-11-30
1203,296,2022,3,2,2022-11-30
1204,296,2022,4,2,2022-11-30
1205,296,2022,5,4,2022-11-30
1206,298,2022,1,4,2022-11-30
1207,298,2022,2,2,2022-11-30
1208,298,2022,3,2,2022-11-30
1209,298,2022,4,5,2022-11-30
1210,298,2022,5,2,2022-11-30
1211,306,2022,1,1,2022-11-30
1212,306,2022,2,3,2022-11-30
1213,306,2022,3,5,2022-11-30
1214,306,2022,4,2,2022-11-30
1215,306,2022,5,2,2022-11-30
1216,313,2022,1,3,2022-11-30
1217,313,2022,2,3,2022-11-30
1218,313,2022,3,1,2022-11-30
1219,313,2022,4,5,2022-11-30
1220,313,2022,5,3,2022-11-30
1221,315,2022,1,4,2022-11-30
1222,315,2022,2,4,2022-11-30
1223,315,2022,3,1,2022-11-30
1224,315,2022,4,3,2022-11-30
1225,315,2022,5,2,2022-11-30
1226,320,2022,1,1,2022-11-30
1227,320,2022,2,2,2022-11-30
1228,320,2022,3,5,2022-11-30
1229,320,2022,4,5,2022-11-30
1230,320,2022,5,3,2022-11-30
1231,324,2022,1,2,2022-11-30
1232,324,2022,2,5,2022-11-30
1233,324,2022,3,3,2022-11-30
1234,324,2022,4,2,2022-11-30
1235,324,2022,5,3,2022-11-30
1236,325,2022,1,3,2022-11-30
1237,325,2022,2,2,2022-11-30
1238,325,2022,3,4,2022-11-30
1239,325,2022,4,2,2022-11-30
1240,325,2022,5,5,2022-11-30
1241,326,2022,1,1,2022-11-30
1242,326,2022,2,5,2022-11-30
1243,326,2022,3,5,2022-11-30
1244,326,2022,4,5,2022-11-30
1245,326,2022,5,3,2022-11-30
1246,327,2022,1,2,2022-11-30
1247,327,2022,2,3,2022-11-30
1248,327,2022,3,2,2022-11-30
1249,327,2022,4,2,2022-11-30
1250,327,2022,5,2,2022-11-30
1251,336,2022,1,4,2022-11-30
1252,336,2022,2,2,2022-11-30
1253,336,2022,3,3,2022-11-30
1254,336,2022,4,5,2022-11-30
1255,336,2022,5,3,2022-11-30
1256,337,2022,1,2,2022-11-30
1257,337,2022,2,3,2022-11-30
1258,337,2022,3,3,2022-11-30
1259,337,2022,4,2,2022-11-30
1260,337,2022,5,2,2022-11-30
1261,343,2022,1,4,2022-11-30
1262,343,2022,2,2,2022-11-30
1263,343,2022,3,2,2022-11-30
1264,343,2022,4,3,2022-11-30
1265,343,2022,5,3,2022-11-30
1266,344,2022,1,2,2022-11-30
1267,344,2022,2,1,2022-11-30
1268,344,2022,3,2,2022-11-30
1269,344,2022,4,5,2022-11-30
1270,344,2022,5,1,2022-11-30
1271,345,2022,1,4,2022-11-30
1272,345,2022,2,4,2022-11-30
1273,345,2022,3,4,2022-11-30
1274,345,2022,4,3,2022-11-30
1275,345,2022,5,2,2022-11-30
1276,348,2022,1,5,2022-11-30
1277,348,2022,2,3,2022-11-30
1278,348,2022,3,5,2022-11-30
1279,348,2022,4,2,2022-11-30
1280,348,2022,5,3,2022-11-30
1281,349,2022,1,3,2022-11-30
1282,349,2022,2,3,2022-11-30
1283,349,2022,3,3,2022-11-30
1284,349,2022,4,3,2022-11-30
1285,349,2022,5,2,2022-11-30
1286,350,2022,1,4,2022-11-30
1287,350,2022,2,3,2022-11-30
1288,350,2022,3,5,2022-11-30
1289,350,2022,4,2,2022-11-30
1290,350,2022,5,4,2022-11-30
1291,355,2022,1,3,2022-11-30
1292,355,2022,2,3,2022-11-30
1293,355,2022,3,5,2022-11-30
1294,355,2022,4,5,2022-11-30
1295,355,2022,5,4,2022-11-30
1296,357,2022,1,1,2022-11-30
1297,357,2022,2,4,2022-11-30
1298,357,2022,3,2,2022-11-30
1299,357,2022,4,5,2022-11-30
1300,357,2022,5,4,2022-11-30
1301,358,2022,1,1,2022-11-30
1302,358,2022,2,2,2022-11-30
1303,358,2022,3,4,2022-11-30
1304,358,2022,4,1,2022-11-30
1305,358,2022,5,2,2022-11-30
1306,359,2022,1,1,2022-11-30
1307,359,2022,2,1,2022-11-30
1308,359,2022,3,5,2022-11-30
1309,359,2022,4,2,2022-11-30
1310,359,2022,5,4,2022-11-30
1311,363,2022,1,5,2022-11-30
1312,363,2022,2,5,2022-11-30
1313,363,2022,3,3,2022-11-30
1314,363,2022,4,4,2022-11-30
1315,363,2022,5,3,2022-11-30
1316,368,2022,1,1,2022-11-30
1317,368,2022,2,1,2022-11-30
1318,368,2022,3,5,2022-11-30
1319,368,2022,4,1,2022-11-30
1320,368,2022,5,3,2022-11-30
1321,375,2022,1,1,2022-11-30
1322,375,2022,2,2,2022-11-30
1323,375,2022,3,3,2022-11-30
1324,375,2022,4,4,2022-11-30
1325,375,2022,5,1,2022-11-30
1326,376,2022,1,1,2022-11-30
1327,376,2022,2,1,2022-11-30
1328,376,2022,3,3,2022-11-30
1329,376,2022,4,3,2022-11-30
1330,376,2022,5,2,2022-11-30
1331,377,2022,1,5,2022-11-30
1332,377,2022,2,3,2022-11-30
1333,377,2022,3,4,2022-11-30
1334,377,2022,4,4,2022-11-30
1335,377,2022,5,4,2022-11-30
1336,383,2022,1,1,2022-11-30
1337,383,2022,2,3,2022-11-30
1338,383,2022,3,3,2022-11-30
1339,383,2022,4,4,2022-11-30
1340,383,2022,5,5,2022-11-30
1341,385,2022,1,5,2022-11-30
1342,385,2022,2,5,2022-11-30
1343,385,2022,3,1,2022-11-30
1344,385,2022,4,4,2022-11-30
1345,385,2022,5,4,2022-11-30
1346,388,2022,1,1,2022-11-30
1347,388,2022,2,2,2022-11-30
1348,388,2022,3,5,2022-11-30
1349,388,2022,4,1,2022-11-30
1350,388,2022,5,3,2022-11-30
1351,389,2022,1,1,2022-11-30
1352,389,2022,2,1,2022-11-30
1353,389,2022,3,3,2022-11-30
1354,389,2022,4,5,2022-11-30
1355,389,2022,5,4,2022-11-30
1356,390,2022,1,5,2022-11-30
1357,390,2022,2,4,2022-11-30
1358,390,2022,3,3,2022-11-30
1359,390,2022,4,5,2022-11-30
1360,390,2022,5,4,2022-11-30
1361,392,2022,1,1,2022-11-30
1362,392,2022,2,5,2022-11-30
1363,392,2022,3,4,2022-11-30
1364,392,2022,4,3,2022-11-30
1365,392,2022,5,3,2022-11-30
1366,396,2022,1,1,2022-11-30
1367,396,2022,2,4,2022-11-30
1368,396,2022,3,1,2022-11-30
1369,396,2022,4,5,2022-11-30
1370,396,2022,5,4,2022-11-30
1371,399,2022,1,3,2022-11-30
1372,399,2022,2,2,2022-11-30
1373,399,2022,3,1,2022-11-30
1374,399,2022,4,4,2022-11-30
1375,399,2022,5,3,2022-11-30
1376,403,2022,1,3,2022-11-30
1377,403,2022,2,5,2022-11-30
1378,403,2022,3,3,2022-11-30
1379,403,2022,4,2,2022-11-30
1380,403,2022,5,1,2022-11-30
1381,409,2022,1,1,2022-11-30
1382,409,2022,2,4,2022-11-30
1383,409,2022,3,1,2022-11-30
1384,409,2022,4,1,2022-11-30
1385,409,2022,5,5,2022-11-30
1386,410,2022,1,3,2022-11-30
1387,410,2022,2,3,2022-11-30
1388,410,2022,3,1,2022-11-30
1389,410,2022,4,2,2022-11-30
1390,410,2022,5,1,2022-11-30
1391,415,2022,1,3,2022-11-30
1392,415,2022,2,2,2022-11-30
1393,415,2022,3,3,2022-11-30
1394,415,2022,4,2,2022-11-30
1395,415,2022,5,4,2022-11-30
1396,417,2022,1,2,2022-11-30
1397,417,2022,2,3,2022-11-30
1398,417,2022,3,5,2022-11-30
1399,417,2022,4,3,2022-11-30
1400,417,2022,5,5,2022-11-30
1401,418,2022,1,1,2022-11-30
1402,418,2022,2,1,2022-11-30
1403,418,2022,3,5,2022-11-30
1404,418,2022,4,4,2022-11-30
1405,418,2022,5,4,2022-11-30
1406,421,2022,1,1,2022-11-30
1407,421,2022,2,5,2022-11-30
1408,421,2022,3,4,2022-11-30
1409,421,2022,4,1,2022-11-30
1410,421,2022,5,3,2022-11-30
1411,425,2022,1,5,2022-11-30
1412,425,2022,2,2,2022-11-30
1413,425,2022,3,2,2022-11-30
1414,425,2022,4,5,2022-11-30
1415,425,2022,5,4,2022-11-30
1416,427,2022,1,2,2022-11-30
1417,427,2022,2,4,2022-11-30
1418,427,2022,3,4,2022-11-30
1419,427,2022,4,3,2022-11-30
1420,427,2022,5,4,2022-11-30
1421,431,2022,1,1,2022-11-30
1422,431,2022,2,4,2022-11-30
1423,431,2022,3,2,2022-11-30
1424,431,2022,4,2,2022-11-30
1425,431,2022,5,3,2022-11-30
1426,440,2022,1,5,2022-11-30
1427,440,2022,2,3,2022-11-30
1428,440,2022,3,2,2022-11-30
1429,440,2022,4,2,2022-11-30
1430,440,2022,5,1,2022-11-30
1431,441,2022,1,3,2022-11-30
1432,441,2022,2,2,2022-11-30
1433,441,2022,3,2,2022-11-30
1434,441,2022,4,5,2022-11-30
1435,441,2022,5,5,2022-11-30
1436,445,2022,1,5,2022-11-30
1437,445,2022,2,3,2022-11-30
1438,445,2022,3,2,2022-11-30
1439,445,2022,4,2,2022-11-30
1440,445,2022,5,1,2022-11-30
1441,452,2022,1,3,2022-11-30
1442,452,2022,2,2,2022-11-30
1443,452,2022,3,2,2022-11-30
1444,452,2022,4,3,2022-11-30
1445,452,2022,5,5,2022-11-30
1446,453,2022,1,2,2022-11-30
1447,453,2022,2,1,2022-11-30
1448,453,2022,3,5,2022-11-30
1449,453,2022,4,1,2022-11-30
1450,453,2022,5,3,2022-11-30
1451,455,2022,1,4,2022-11-30
1452,455,2022,2,3,2022-11-30
1453,455,2022,3,5,2022-11-30
1454,455,2022,4,2,2022-11-30
1455,455,2022,5,1,2022-11-30
1456,458,2022,1,4,2022-11-30
1457,458,2022,2,3,2022-11-30
1458,458,2022,3,2,2022-11-30
1459,458,2022,4,5,2022-11-30
1460,458,2022,5,5,2022-11-30
1461,466,2022,1,5,2022-11-30
1462,466,2022,2,4,2022-11-30
1463,466,2022,3,2,2022-11-30
1464,466,2022,4,4,2022-11-30
1465,466,2022,5,3,2022-11-30
1466,469,2022,1,3,2022-11-30
1467,469,2022,2,3,2022-11-30
1468,469,2022,3,2,2022-11-30
1469,469,2022,4,3,2022-11-30
1470,469,2022,5,2,2022-11-30
1471,471,2022,1,2,2022-11-30
1472,471,2022,2,3,2022-11-30
1473,471,2022,3,3,2022-11-30
1474,471,2022,4,4,2022-11-30
1475,471,2022,5,4,2022-11-30
1476,473,2022,1,3,2022-11-30
1477,473,2022,2,1,2022-11-30
1478,473,2022,3,1,2022-11-30
1479,473,2022,4,3,2022-11-30
1480,473,2022,5,4,2022-11-30
1481,474,2022,1,1,2022-11-30
1482,474,2022,2,2,2022-11-30
1483,474,2022,3,4,2022-11-30
1484,474,2022,4,2,2022-11-30
1485,474,2022,5,3,2022-11-30
1486,476,2022,1,5,2022-11-30
1487,476,2022,2,1,2022-11-30
1488,476,2022,3,5,2022-11-30
1489,476,2022,4,1,2022-11-30
1490,476,2022,5,5,2022-11-30
1491,479,2022,1,4,2022-11-30
1492,479,2022,2,2,2022-11-30
1493,479,2022,3,2,2022-11-30
1494,479,2022,4,2,2022-11-30
1495,479,2022,5,4,2022-11-30
1496,488,2022,1,4,2022-11-30
1497,488,2022,2,3,2022-11-30
1498,488,2022,3,3,2022-11-30
1499,488,2022,4,3,2022-11-30
1500,488,2022,5,3,2022-11-30
1501,489,2022,1,1,2022-11-30
1502,489,2022,2,1,2022-11-30
1503,489,2022,3,1,2022-11-30
1504,489,2022,4,5,2022-11-30
1505,489,2022,5,1,2022-11-30
1506,490,2022,1,5,2022-11-30
1507,490,2022,2,3,2022-11-30
1508,490,2022,3,4,2022-11-30
1509,490,2022,4,4,2022-11-30
1510,490,2022,5,2,2022-11-30
1511,491,2022,1,5,2022-11-30
1512,491,2022,2,5,2022-11-30
1513,491,2022,3,4,2022-11-30
1514,491,2022,4,4,2022-11-30
1515,491,2022,5,2,2022-11-30
1516,492,2022,1,4,2022-11-30
1517,492,2022,2,5,2022-11-30
1518,492,2022,3,4,2022-11-30
1519,492,2022,4,5,2022-11-30
1520,492,2022,5,2,2022-11-30
1521,493,2022,1,2,2022-11-30
1522,493,2022,2,5,2022-11-30
1523,493,2022,3,4,2022-11-30
1524,493,2022,4,1,2022-11-30
1525,493,2022,5,3,2022-11-30
1526,500,2022,1,4,2022-11-30
1527,500,2022,2,4,2022-11-30
1528,500,2022,3,5,2022-11-30
1529,500,2022,4,2,2022-11-30
1530,500,2022,5,1,2022-11-30
1531,521,2022,1,5,2022-11-30
1532,521,2022,2,2,2022-11-30
1533,521,2022,3,3,2022-11-30
1534,521,2022,4,5,2022-11-30
1535,521,2022,5,1,2022-11-30
1536,524,2022,1,5,2022-11-30
1537,524,2022,2,4,2022-11-30
1538,524,2022,3,1,2022-11-30
1539,524,2022,4,5,2022-11-30
1540,524,2022,5,5,2022-11-30
1541,532,2022,1,1,2022-11-30
1542,532,2022,2,3,2022-11-30
1543,532,2022,3,1,2022-11-30
1544,532,2022,4,5,2022-11-30
1545,532,2022,5,4,2022-11-30
1546,535,2022,1,2,2022-11-30
1547,535,2022,2,5,2022-11-30
1548,535,2022,3,5,2022-11-30
1549,535,2022,4,4,2022-11-30
1550,535,2022,5,4,2022-11-30
1551,538,2022,1,4,2022-11-30
1552,538,2022,2,5,2022-11-30
1553,538,2022,3,2,2022-11-30
1554,538,2022,4,3,2022-11-30
1555,538,2022,5,1,2022-11-30
1556,549,2022,1,4,2022-11-30
1557,549,2022,2,2,2022-11-30
1558,549,2022,3,1,2022-11-30
1559,549,2022,4,2,2022-11-30
1560,549,2022,5,2,2022-11-30
1561,550,2022,1,4,2022-11-30
1562,550,2022,2,2,2022-11-30
1563,550,2022,3,2,2022-11-30
1564,550,2022,4,5,2022-11-30
1565,550,2022,5,1,2022-11-30
1566,553,2022,1,5,2022-11-30
1567,553,2022,2,2,2022-11-30
1568,553,2022,3,3,2022-11-30
1569,553,2022,4,5,2022-11-30
1570,553,2022,5,1,2022-11-30
1571,554,2022,1,5,2022-11-30
1572,554,2022,2,3,2022-11-30
1573,554,2022,3,3,2022-11-30
1574,554,2022,4,4,2022-11-30
1575,554,2022,5,1,2022-11-30
1576,558,2022,1,5,2022-11-30
1577,558,2022,2,4,2022-11-30
1578,558,2022,3,2,2022-11-30
1579,558,2022,4,3,2022-11-30
1580,558,2022,5,5,2022-11-30
1581,566,2022,1,4,2022-11-30
1582,566,2022,2,5,2022-11-30
1583,566,2022,3,3,2022-11-30
1584,566,2022,4,3,2022-11-30
1585,566,2022,5,1,2022-11-30
1586,568,2022,1,4,2022-11-30
1587,568,2022,2,3,2022-11-30
1588,568,2022,3,2,2022-11-30
1589,568,2022,4,3,2022-11-30
1590,568,2022,5,3,2022-11-30
1591,569,2022,1,4,2022-11-30
1592,569,2022,2,5,2022-11-30
1593,569,2022,3,3,2022-11-30
1594,569,2022,4,5,2022-11-30
1595,569,2022,5,1,2022-11-30
1596,575,2022,1,3,2022-11-30
1597,575,2022,2,1,2022-11-30
1598,575,2022,3,4,2022-11-30
1599,575,2022,4,3,2022-11-30
1600,575,2022,5,4,2022-11-30
1601,577,2022,1,1,2022-11-30
1602,577,2022,2,4,2022-11-30
1603,577,2022,3,1,2022-11-30
1604,577,2022,4,3,2022-11-30
1605,577,2022,5,5,2022-11-30
1606,582,2022,1,5,2022-11-30
1607,582,2022,2,3,2022-11-30
1608,582,2022,3,1,2022-11-30
1609,582,2022,4,5,2022-11-30
1610,582,2022,5,3,2022-11-30
1611,583,2022,1,5,2022-11-30
1612,583,2022,2,1,2022-11-30
1613,583,2022,3,5,2022-11-30
1614,583,2022,4,2,2022-11-30
1615,583,2022,5,5,2022-11-30
1616,584,2022,1,2,2022-11-30
1617,584,2022,2,3,2022-11-30
1618,584,2022,3,5,2022-11-30
1619,584,2022,4,2,2022-11-30
1620,584,2022,5,1,2022-11-30
1621,586,2022,1,3,2022-11-30
1622,586,2022,2,3,2022-11-30
1623,586,2022,3,2,2022-11-30
1624,586,2022,4,5,2022-11-30
1625,586,2022,5,3,2022-11-30
1626,590,2022,1,2,2022-11-30
1627,590,2022,2,2,2022-11-30
1628,590,2022,3,5,2022-11-30
1629,590,2022,4,4,2022-11-30
1630,590,2022,5,5,2022-11-30
1631,596,2022,1,1,2022-11-30
1632,596,2022,2,5,2022-11-30
1633,596,2022,3,3,2022-11-30
1634,596,2022,4,3,2022-11-30
1635,596,2022,5,1,2022-11-30
1636,599,2022,1,4,2022-11-30
1637,599,2022,2,3,2022-11-30
1638,599,2022,3,4,2022-11-30
1639,599,2022,4,2,2022-11-30
1640,599,2022,5,5,2022-11-30
1641,608,2022,1,4,2022-11-30
1642,608,2022,2,1,2022-11-30
1643,608,2022,3,5,2022-11-30
1644,608,2022,4,4,2022-11-30
1645,608,2022,5,4,2022-11-30
1646,609,2022,1,1,2022-11-30
1647,609,2022,2,5,2022-11-30
1648,609,2022,3,2,2022-11-30
1649,609,2022,4,3,2022-11-30
1650,609,2022,5,3,2022-11-30
1651,615,2022,1,3,2022-11-30
1652,615,2022,2,1,2022-11-30
1653,615,2022,3,1,2022-11-30
1654,615,2022,4,1,2022-11-30
1655,615,2022,5,2,2022-11-30
1656,617,2022,1,5,2022-11-30
1657,617,2022,2,3,2022-11-30
1658,617,2022,3,3,2022-11-30
1659,617,2022,4,3,2022-11-30
1660,617,2022,5,1,2022-11-30
1661,619,2022,1,2,2022-11-30
1662,619,2022,2,3,2022-11-30
1663,619,2022,3,5,2022-11-30
1664,619,2022,4,3,2022-11-30
1665,619,2022,5,4,2022-11-30
1666,623,2022,1,3,2022-11-30
1667,623,2022,2,5,2022-11-30
1668,623,2022,3,2,2022-11-30
1669,623,2022,4,2,2022-11-30
1670,623,2022,5,5,2022-11-30
1671,624,2022,1,1,2022-11-30
1672,624,2022,2,5,2022-11-30
1673,624,2022,3,2,2022-11-30
1674,624,2022,4,1,2022-11-30
1675,624,2022,5,2,2022-11-30
1676,626,2022,1,2,2022-11-30
1677,626,2022,2,4,2022-11-30
1678,626,2022,3,1,2022-11-30
1679,626,2022,4,3,2022-11-30
1680,626,2022,5,1,2022-11-30
1681,629,2022,1,4,2022-11-30
1682,629,2022,2,5,2022-11-30
1683,629,2022,3,2,2022-11-30
1684,629,2022,4,5,2022-11-30
1685,629,2022,5,2,2022-11-30
1686,645,2022,1,1,2022-11-30
1687,645,2022,2,2,2022-11-30
1688,645,2022,3,1,2022-11-30
1689,645,2022,4,1,2022-11-30
1690,645,2022,5,2,2022-11-30
1691,646,2022,1,3,2022-11-30
1692,646,2022,2,3,2022-11-30
1693,646,2022,3,2,2022-11-30
1694,646,2022,4,2,2022-11-30
1695,646,2022,5,5,2022-11-30
1696,654,2022,1,5,2022-11-30
1697,654,2022,2,4,2022-11-30
1698,654,2022,3,4,2022-11-30
1699,654,2022,4,3,2022-11-30
1700,654,2022,5,4,2022-11-30
1701,657,2022,1,1,2022-11-30
1702,657,2022,2,4,2022-11-30
1703,657,2022,3,1,2022-11-30
1704,657,2022,4,2,2022-11-30
1705,657,2022,5,5,2022-11-30
1706,659,2022,1,2,2022-11-30
1707,659,2022,2,3,2022-11-30
1708,659,2022,3,4,2022-11-30
1709,659,2022,4,3,2022-11-30
1710,659,2022,5,5,2022-11-30
1711,662,2022,1,3,2022-11-30
1712,662,2022,2,5,2022-11-30
1713,662,2022,3,3,2022-11-30
1714,662,2022,4,5,2022-11-30
1715,662,2022,5,2,2022-11-30
1716,670,2022,1,4,2022-11-30
1717,670,2022,2,5,2022-11-30
1718,670,2022,3,4,2022-11-30
1719,670,2022,4,2,2022-11-30
1720,670,2022,5,1,2022-11-30
1721,674,2022,1,4,2022-11-30
1722,674,2022,2,4,2022-11-30
1723,674,2022,3,1,2022-11-30
1724,674,2022,4,1,2022-11-30
1725,674,2022,5,4,2022-11-30
1726,678,2022,1,4,2022-11-30
1727,678,2022,2,2,2022-11-30
1728,678,2022,3,5,2022-11-30
1729,678,2022,4,2,2022-11-30
1730,678,2022,5,4,2022-11-30
1731,683,2022,1,5,2022-11-30
1732,683,2022,2,3,2022-11-30
1733,683,2022,3,4,2022-11-30
1734,683,2022,4,3,2022-11-30
1735,683,2022,5,2,2022-11-30
1736,689,2022,1,2,2022-11-30
1737,689,2022,2,2,2022-11-30
1738,689,2022,3,4,2022-11-30
1739,689,2022,4,3,2022-11-30
1740,689,2022,5,4,2022-11-30
1741,690,2022,1,4,2022-11-30
1742,690,2022,2,5,2022-11-30
1743,690,2022,3,2,2022-11-30
1744,690,2022,4,1,2022-11-30
1745,690,2022,5,1,2022-11-30
1746,692,2022,1,2,2022-11-30
1747,692,2022,2,5,2022-11-30
1748,692,2022,3,5,2022-11-30
1749,692,2022,4,4,2022-11-30
1750,692,2022,5,4,2022-11-30
1751,693,2022,1,4,2022-11-30
1752,693,2022,2,5,2022-11-30
1753,693,2022,3,2,2022-11-30
1754,693,2022,4,2,2022-11-30
1755,693,2022,5,5,2022-11-30
1756,695,2022,1,4,2022-11-30
1757,695,2022,2,1,2022-11-30
1758,695,2022,3,2,2022-11-30
1759,695,2022,4,1,2022-11-30
1760,695,2022,5,2,2022-11-30
1761,697,2022,1,3,2022-11-30
1762,697,2022,2,3,2022-11-30
1763,697,2022,3,1,2022-11-30
1764,697,2022,4,1,2022-11-30
1765,697,2022,5,4,2022-11-30
1766,703,2022,1,4,2022-11-30
1767,703,2022,2,1,2022-11-30
1768,703,2022,3,1,2022-11-30
1769,703,2022,4,5,2022-11-30
1770,703,2022,5,5,2022-11-30
1771,714,2022,1,4,2022-11-30
1772,714,2022,2,3,2022-11-30
1773,714,2022,3,1,2022-11-30
1774,714,2022,4,1,2022-11-30
1775,714,2022,5,4,2022-11-30
1776,716,2022,1,1,2022-11-30
1777,716,2022,2,4,2022-11-30
1778,716,2022,3,3,2022-11-30
1779,716,2022,4,3,2022-11-30
1780,716,2022,5,3,2022-11-30
1781,717,2022,1,4,2022-11-30
1782,717,2022,2,3,2022-11-30
1783,717,2022,3,4,2022-11-30
1784,717,2022,4,1,2022-11-30
1785,717,2022,5,4,2022-11-30
1786,727,2022,1,5,2022-11-30
1787,727,2022,2,3,2022-11-30
1788,727,2022,3,5,2022-11-30
1789,727,2022,4,1,2022-11-30
1790,727,2022,5,5,2022-11-30
1791,730,2022,1,4,2022-11-30
1792,730,2022,2,2,2022-11-30
1793,730,2022,3,1,2022-11-30
1794,730,2022,4,2,2022-11-30
1795,730,2022,5,1,2022-11-30
1796,732,2022,1,2,2022-11-30
1797,732,2022,2,3,2022-11-30
1798,732,2022,3,1,2022-11-30
1799,732,2022,4,3,2022-11-30
1800,732,2022,5,4,2022-11-30
1801,737,2022,1,2,2022-11-30
1802,737,2022,2,4,2022-11-30
1803,737,2022,3,1,2022-11-30
1804,737,2022,4,1,2022-11-30
1805,737,2022,5,5,2022-11-30
1806,741,2022,1,3,2022-11-30
1807,741,2022,2,5,2022-11-30
1808,741,2022,3,3,2022-11-30
1809,741,2022,4,2,2022-11-30
1810,741,2022,5,3,2022-11-30
1811,742,2022,1,5,2022-11-30
1812,742,2022,2,1,2022-11-30
1813,742,2022,3,2,2022-11-30
1814,742,2022,4,4,2022-11-30
1815,742,2022,5,3,2022-11-30
1816,744,2022,1,2,2022-11-30
1817,744,2022,2,2,2022-11-30
1818,744,2022,3,4,2022-11-30
1819,744,2022,4,2,2022-11-30
1820,744,2022,5,1,2022-11-30
1821,752,2022,1,1,2022-11-30
1822,752,2022,2,2,2022-11-30
1823,752,2022,3,3,2022-11-30
1824,752,2022,4,3,2022-11-30
1825,752,2022,5,1,2022-11-30
1826,755,2022,1,4,2022-11-30
1827,755,2022,2,5,2022-11-30
1828,755,2022,3,3,2022-11-30
1829,755,2022,4,5,2022-11-30
1830,755,2022,5,4,2022-11-30
1831,757,2022,1,2,2022-11-30
1832,757,2022,2,5,2022-11-30
1833,757,2022,3,5,2022-11-30
1834,757,2022,4,5,2022-11-30
1835,757,2022,5,5,2022-11-30
1836,758,2022,1,2,2022-11-30
1837,758,2022,2,1,2022-11-30
1838,758,2022,3,3,2022-11-30
1839,758,2022,4,3,2022-11-30
1840,758,2022,5,2,2022-11-30
1841,762,2022,1,2,2022-11-30
1842,762,2022,2,5,2022-11-30
1843,762,2022,3,4,2022-11-30
1844,762,2022,4,1,2022-11-30
1845,762,2022,5,5,2022-11-30
1846,764,2022,1,5,2022-11-30
1847,764,2022,2,3,2022-11-30
1848,764,2022,3,4,2022-11-30
1849,764,2022,4,1,2022-11-30
1850,764,2022,5,5,2022-11-30
1851,766,2022,1,5,2022-11-30
1852,766,2022,2,5,2022-11-30
1853,766,2022,3,2,2022-11-30
1854,766,2022,4,1,2022-11-30
1855,766,2022,5,2,2022-11-30
1856,770,2022,1,2,2022-11-30
1857,770,2022,2,3,2022-11-30
1858,770,2022,3,4,2022-11-30
1859,770,2022,4,5,2022-11-30
1860,770,2022,5,2,2022-11-30
1861,774,2022,1,3,2022-11-30
1862,774,2022,2,4,2022-11-30
1863,774,2022,3,3,2022-11-30
1864,774,2022,4,3,2022-11-30
1865,774,2022,5,1,2022-11-30
1866,775,2022,1,4,2022-11-30
1867,775,2022,2,3,2022-11-30
1868,775,2022,3,5,2022-11-30
1869,775,2022,4,2,2022-11-30
1870,775,2022,5,3,2022-11-30
1871,776,2022,1,4,2022-11-30
1872,776,2022,2,4,2022-11-30
1873,776,2022,3,4,2022-11-30
1874,776,2022,4,2,2022-11-30
1875,776,2022,5,1,2022-11-30
1876,778,2022,1,5,2022-11-30
1877,778,2022,2,3,2022-11-30
1878,778,2022,3,2,2022-11-30
1879,778,2022,4,1,2022-11-30
1880,778,2022,5,2,2022-11-30
1881,786,2022,1,3,2022-11-30
1882,786,2022,2,1,2022-11-30
1883,786,2022,3,4,2022-11-30
1884,786,2022,4,5,2022-11-30
1885,786,2022,5,2,2022-11-30
1886,790,2022,1,4,2022-11-30
1887,790,2022,2,5,2022-11-30
1888,790,2022,3,5,2022-11-30
1889,790,2022,4,2,2022-11-30
1890,790,2022,5,2,2022-11-30
1891,794,2022,1,2,2022-11-30
1892,794,2022,2,3,2022-11-30
1893,794,2022,3,3,2022-11-30
1894,794,2022,4,2,2022-11-30
1895,794,2022,5,2,2022-11-30
1896,795,2022,1,3,2022-11-30
1897,795,2022,2,1,2022-11-30
1898,795,2022,3,1,2022-11-30
1899,795,2022,4,2,2022-11-30
1900,795,2022,5,4,2022-11-30
1901,801,2022,1,3,2022-11-30
1902,801,2022,2,1,2022-11-30
1903,801,2022,3,3,2022-11-30
1904,801,2022,4,4,2022-11-30
1905,801,2022,5,5,2022-11-30
1906,803,2022,1,4,2022-11-30
1907,803,2022,2,1,2022-11-30
1908,803,2022,3,5,2022-11-30
1909,803,2022,4,4,2022-11-30
1910,803,2022,5,1,2022-11-30
1911,805,2022,1,4,2022-11-30
1912,805,2022,2,2,2022-11-30
1913,805,2022,3,1,2022-11-30
1914,805,2022,4,5,2022-11-30
1915,805,2022,5,3,2022-11-30
1916,806,2022,1,1,2022-11-30
1917,806,2022,2,2,2022-11-30
1918,806,2022,3,5,2022-11-30
1919,806,2022,4,3,2022-11-30
1920,806,2022,5,5,2022-11-30
1921,812,2022,1,4,2022-11-30
1922,812,2022,2,3,2022-11-30
1923,812,2022,3,5,2022-11-30
1924,812,2022,4,5,2022-11-30
1925,812,2022,5,1,2022-11-30
1926,814,2022,1,4,2022-11-30
1927,814,2022,2,4,2022-11-30
1928,814,2022,3,5,2022-11-30
1929,814,2022,4,3,2022-11-30
1930,814,2022,5,3,2022-11-30
1931,815,2022,1,5,2022-11-30
1932,815,2022,2,5,2022-11-30
1933,815,2022,3,4,2022-11-30
1934,815,2022,4,5,2022-11-30
1935,815,2022,5,1,2022-11-30
1936,817,2022,1,5,2022-11-30
1937,817,2022,2,3,2022-11-30
1938,817,2022,3,3,2022-11-30
1939,817,2022,4,3,2022-11-30
1940,817,2022,5,3,2022-11-30
1941,824,2022,1,4,2022-11-30
1942,824,2022,2,1,2022-11-30
1943,824,2022,3,1,2022-11-30
1944,824,2022,4,5,2022-11-30
1945,824,2022,5,3,2022-11-30
1946,825,2022,1,1,2022-11-30
1947,825,2022,2,5,2022-11-30
1948,825,2022,3,4,2022-11-30
1949,825,2022,4,2,2022-11-30
1950,825,2022,5,2,2022-11-30
1951,832,2022,1,2,2022-11-30
1952,832,2022,2,2,2022-11-30
1953,832,2022,3,3,2022-11-30
1954,832,2022,4,2,2022-11-30
1955,832,2022,5,3,2022-11-30
1956,836,2022,1,3,2022-11-30
1957,836,2022,2,3,2022-11-30
1958,836,2022,3,1,2022-11-30
1959,836,2022,4,4,2022-11-30
1960,836,2022,5,1,2022-11-30
1961,838,2022,1,1,2022-11-30
1962,838,2022,2,3,2022-11-30
1963,838,2022,3,3,2022-11-30
1964,838,2022,4,2,2022-11-30
1965,838,2022,5,3,2022-11-30
1966,839,2022,1,2,2022-11-30
1967,839,2022,2,4,2022-11-30
1968,839,2022,3,3,2022-11-30
1969,839,2022,4,1,2022-11-30
1970,839,2022,5,2,2022-11-30
1971,840,2022,1,2,2022-11-30
1972,840,2022,2,1,2022-11-30
1973,840,2022,3,2,2022-11-30
1974,840,2022,4,3,2022-11-30
1975,840,2022,5,3,2022-11-30
1976,847,2022,1,3,2022-11-30
1977,847,2022,2,1,2022-11-30
1978,847,2022,3,4,2022-11-30
1979,847,2022,4,5,2022-11-30
1980,847,2022,5,2,2022-11-30
1981,850,2022,1,3,2022-11-30
1982,850,2022,2,4,2022-11-30
1983,850,2022,3,2,2022-11-30
1984,850,2022,4,1,2022-11-30
1985,850,2022,5,4,2022-11-30
1986,853,2022,1,4,2022-11-30
1987,853,2022,2,3,2022-11-30
1988,853,2022,3,2,2022-11-30
1989,853,2022,4,5,2022-11-30
1990,853,2022,5,2,2022-11-30
1991,859,2022,1,4,2022-11-30
1992,859,2022,2,1,2022-11-30
1993,859,2022,3,1,2022-11-30
1994,859,2022,4,4,2022-11-30
1995,859,2022,5,3,2022-11-30
1996,860,2022,1,5,2022-11-30
1997,860,2022,2,1,2022-11-30
1998,860,2022,3,5,2022-11-30
1999,860,2022,4,2,2022-11-30
2000,860,2022,5,2,2022-11-30
2001,864,2022,1,3,2022-11-30
2002,864,2022,2,3,2022-11-30
2003,864,2022,3,3,2022-11-30
2004,864,2022,4,4,2022-11-30
2005,864,2022,5,2,2022-11-30
2006,868,2022,1,4,2022-11-30
2007,868,2022,2,2,2022-11-30
2008,868,2022,3,4,2022-11-30
2009,868,2022,4,2,2022-11-30
2010,868,2022,5,3,2022-11-30
2011,874,2022,1,3,2022-11-30
2012,874,2022,2,2,2022-11-30
2013,874,2022,3,2,2022-11-30
2014,874,2022,4,4,2022-11-30
2015,874,2022,5,1,2022-11-30
2016,876,2022,1,2,2022-11-30
2017,876,2022,2,2,2022-11-30
2018,876,2022,3,2,2022-11-30
2019,876,2022,4,3,2022-11-30
2020,876,2022,5,5,2022-11-30
2021,886,2022,1,5,2022-11-30
2022,886,2022,2,3,2022-11-30
2023,886,2022,3,3,2022-11-30
2024,886,2022,4,2,2022-11-30
2025,886,2022,5,1,2022-11-30
2026,891,2022,1,4,2022-11-30
2027,891,2022,2,1,2022-11-30
2028,891,2022,3,5,2022-11-30
2029,891,2022,4,3,2022-11-30
2030,891,2022,5,4,2022-11-30
2031,897,2022,1,5,2022-11-30
2032,897,2022,2,1,2022-11-30
2033,897,2022,3,4,2022-11-30
2034,897,2022,4,2,2022-11-30
2035,897,2022,5,4,2022-11-30
2036,898,2022,1,3,2022-11-30
2037,898,2022,2,5,2022-11-30
2038,898,2022,3,5,2022-11-30
2039,898,2022,4,1,2022-11-30
2040,898,2022,5,3,2022-11-30
2041,906,2022,1,4,2022-11-30
2042,906,2022,2,5,2022-11-30
2043,906,2022,3,3,2022-11-30
2044,906,2022,4,5,2022-11-30
2045,906,2022,5,1,2022-11-30
2046,914,2022,1,2,2022-11-30
2047,914,2022,2,4,2022-11-30
2048,914,2022,3,3,2022-11-30
2049,914,2022,4,5,2022-11-30
2050,914,2022,5,2,2022-11-30
2051,925,2022,1,1,2022-11-30
2052,925,2022,2,3,2022-11-30
2053,925,2022,3,1,2022-11-30
2054,925,2022,4,3,2022-11-30
2055,925,2022,5,5,2022-11-30
2056,926,2022,1,1,2022-11-30
2057,926,2022,2,3,2022-11-30
2058,926,2022,3,2,2022-11-30
2059,926,2022,4,4,2022-11-30
2060,926,2022,5,5,2022-11-30
2061,927,2022,1,5,2022-11-30
2062,927,2022,2,2,2022-11-30
2063,927,2022,3,4,2022-11-30
2064,927,2022,4,3,2022-11-30
2065,927,2022,5,3,2022-11-30
2066,928,2022,1,3,2022-11-30
2067,928,2022,2,4,2022-11-30
2068,928,2022,3,1,2022-11-30
2069,928,2022,4,1,2022-11-30
2070,928,2022,5,5,2022-11-30
2071,930,2022,1,3,2022-11-30
2072,930,2022,2,3,2022-11-30
2073,930,2022,3,4,2022-11-30
2074,930,2022,4,3,2022-11-30
2075,930,2022,5,2,2022-11-30
2076,931,2022,1,2,2022-11-30
2077,931,2022,2,4,2022-11-30
2078,931,2022,3,5,2022-11-30
2079,931,2022,4,2,2022-11-30
2080,931,2022,5,3,2022-11-30
2081,932,2022,1,5,2022-11-30
2082,932,2022,2,5,2022-11-30
2083,932,2022,3,5,2022-11-30
2084,932,2022,4,5,2022-11-30
2085,932,2022,5,4,2022-11-30
2086,935,2022,1,2,2022-11-30
2087,935,2022,2,5,2022-11-30
2088,935,2022,3,4,2022-11-30
2089,935,2022,4,4,2022-11-30
2090,935,2022,5,2,2022-11-30
2091,937,2022,1,4,2022-11-30
2092,937,2022,2,5,2022-11-30
2093,937,2022,3,4,2022-11-30
2094,937,2022,4,1,2022-11-30
2095,937,2022,5,2,2022-11-30
2096,945,2022,1,1,2022-11-30
2097,945,2022,2,2,2022-11-30
2098,945,2022,3,2,2022-11-30
2099,945,2022,4,5,2022-11-30
2100,945,2022,5,3,2022-11-30
2101,946,2022,1,1,2022-11-30
2102,946,2022,2,1,2022-11-30
2103,946,2022,3,4,2022-11-30
2104,946,2022,4,2,2022-11-30
2105,946,2022,5,5,2022-11-30
2106,952,2022,1,4,2022-11-30
2107,952,2022,2,2,2022-11-30
2108,952,2022,3,2,2022-11-30
2109,952,2022,4,4,2022-11-30
2110,952,2022,5,3,2022-11-30
2111,953,2022,1,1,2022-11-30
2112,953,2022,2,5,2022-11-30
2113,953,2022,3,5,2022-11-30
2114,953,2022,4,3,2022-11-30
2115,953,2022,5,1,2022-11-30
2116,960,2022,1,4,2022-11-30
2117,960,2022,2,1,2022-11-30
2118,960,2022,3,1,2022-11-30
2119,960,2022,4,4,2022-11-30
2120,960,2022,5,2,2022-11-30
2121,962,2022,1,1,2022-11-30
2122,962,2022,2,3,2022-11-30
2123,962,2022,3,5,2022-11-30
2124,962,2022,4,4,2022-11-30
2125,962,2022,5,4,2022-11-30
2126,973,2022,1,4,2022-11-30
2127,973,2022,2,5,2022-11-30
2128,973,2022,3,5,2022-11-30
2129,973,2022,4,5,2022-11-30
2130,973,2022,5,4,2022-11-30
2131,974,2022,1,1,2022-11-30
2132,974,2022,2,4,2022-11-30
2133,974,2022,3,4,2022-11-30
2134,974,2022,4,5,2022-11-30
2135,974,2022,5,5,2022-11-30
2136,975,2022,1,5,2022-11-30
2137,975,2022,2,1,2022-11-30
2138,975,2022,3,5,2022-11-30
2139,975,2022,4,3,2022-11-30
2140,975,2022,5,4,2022-11-30
2141,980,2022,1,1,2022-11-30
2142,980,2022,2,1,2022-11-30
2143,980,2022,3,1,2022-11-30
2144,980,2022,4,5,2022-11-30
2145,980,2022,5,2,2022-11-30
2146,993,2022,1,3,2022-11-30
2147,993,2022,2,1,2022-11-30
2148,993,2022,3,2,2022-11-30
2149,993,2022,4,3,2022-11-30
2150,993,2022,5,5,2022-11-30
2151,998,2022,1,5,2022-11-30
2152,998,2022,2,1,2022-11-30
2153,998,2022,3,2,2022-11-30
2154,998,2022,4,2,2022-11-30
2155,998,2022,5,3,2022-11-30
2156,1003,2022,1,4,2022-11-30
2157,1003,2022,2,5,2022-11-30
2158,1003,2022,3,4,2022-11-30
2159,1003,2022,4,3,2022-11-30
2160,1003,2022,5,4,2022-11-30
2161,1004,2022,1,3,2022-11-30
2162,1004,2022,2,2,2022-11-30
2163,1004,2022,3,3,2022-11-30
2164,1004,2022,4,5,2022-11-30
2165,1004,2022,5,4,2022-11-30
2166,1007,2022,1,1,2022-11-30
2167,1007,2022,2,4,2022-11-30
2168,1007,2022,3,4,2022-11-30
2169,1007,2022,4,1,2022-11-30
2170,1007,2022,5,2,2022-11-30
2171,1014,2022,1,4,2022-11-30
2172,1014,2022,2,3,2022-11-30
2173,1014,2022,3,4,2022-11-30
2174,1014,2022,4,5,2022-11-30
2175,1014,2022,5,3,2022-11-30
2176,1019,2022,1,1,2022-11-30
2177,1019,2022,2,1,2022-11-30
2178,1019,2022,3,4,2022-11-30
2179,1019,2022,4,1,2022-11-30
2180,1019,2022,5,1,2022-11-30
2181,1028,2022,1,5,2022-11-30
2182,1028,2022,2,3,2022-11-30
2183,1028,2022,3,4,2022-11-30
2184,1028,2022,4,4,2022-11-30
2185,1028,2022,5,3,2022-11-30
2186,1029,2022,1,5,2022-11-30
2187,1029,2022,2,5,2022-11-30
2188,1029,2022,3,1,2022-11-30
2189,1029,2022,4,1,2022-11-30
2190,1029,2022,5,4,2022-11-30
2191,1030,2022,1,4,2022-11-30
2192,1030,2022,2,4,2022-11-30
2193,1030,2022,3,5,2022-11-30
2194,1030,2022,4,1,2022-11-30
2195,1030,2022,5,2,2022-11-30
2196,1032,2022,1,1,2022-11-30
2197,1032,2022,2,2,2022-11-30
2198,1032,2022,3,1,2022-11-30
2199,1032,2022,4,1,2022-11-30
2200,1032,2022,5,2,2022-11-30
2201,1040,2022,1,1,2022-11-30
2202,1040,2022,2,3,2022-11-30
2203,1040,2022,3,5,2022-11-30
2204,1040,2022,4,2,2022-11-30
2205,1040,2022,5,2,2022-11-30
2206,1041,2022,1,5,2022-11-30
2207,1041,2022,2,2,2022-11-30
2208,1041,2022,3,1,2022-11-30
2209,1041,2022,4,4,2022-11-30
2210,1041,2022,5,2,2022-11-30
2211,1046,2022,1,3,2022-11-30
2212,1046,2022,2,4,2022-11-30
2213,1046,2022,3,3,2022-11-30
2214,1046,2022,4,4,2022-11-30
2215,1046,2022,5,4,2022-11-30
2216,1048,2022,1,3,2022-11-30
2217,1048,2022,2,3,2022-11-30
2218,1048,2022,3,5,2022-11-30
2219,1048,2022,4,2,2022-11-30
2220,1048,2022,5,1,2022-11-30
2221,1050,2022,1,3,2022-11-30
2222,1050,2022,2,4,2022-11-30
2223,1050,2022,3,4,2022-11-30
2224,1050,2022,4,3,2022-11-30
2225,1050,2022,5,5,2022-11-30
2226,1053,2022,1,2,2022-11-30
2227,1053,2022,2,2,2022-11-30
2228,1053,2022,3,1,2022-11-30
2229,1053,2022,4,4,2022-11-30
2230,1053,2022,5,5,2022-11-30
2231,1055,2022,1,1,2022-11-30
2232,1055,2022,2,5,2022-11-30
2233,1055,2022,3,4,2022-11-30
2234,1055,2022,4,2,2022-11-30
2235,1055,2022,5,5,2022-11-30
2236,1058,2022,1,3,2022-11-30
2237,1058,2022,2,1,2022-11-30
2238,1058,2022,3,1,2022-11-30
2239,1058,2022,4,3,2022-11-30
2240,1058,2022,5,2,2022-11-30
2241,1061,2022,1,4,2022-11-30
2242,1061,2022,2,4,2022-11-30
2243,1061,2022,3,2,2022-11-30
2244,1061,2022,4,5,2022-11-30
2245,1061,2022,5,4,2022-11-30
2246,1062,2022,1,4,2022-11-30
2247,1062,2022,2,4,2022-11-30
2248,1062,2022,3,1,2022-11-30
2249,1062,2022,4,5,2022-11-30
2250,1062,2022,5,5,2022-11-30
2251,1063,2022,1,3,2022-11-30
2252,1063,2022,2,3,2022-11-30
2253,1063,2022,3,4,2022-11-30
2254,1063,2022,4,2,2022-11-30
2255,1063,2022,5,4,2022-11-30
2256,1064,2022,1,2,2022-11-30
2257,1064,2022,2,5,2022-11-30
2258,1064,2022,3,2,2022-11-30
2259,1064,2022,4,1,2022-11-30
2260,1064,2022,5,2,2022-11-30
2261,1065,2022,1,4,2022-11-30
2262,1065,2022,2,4,2022-11-30
2263,1065,2022,3,2,2022-11-30
2264,1065,2022,4,3,2022-11-30
2265,1065,2022,5,2,2022-11-30
2266,1067,2022,1,3,2022-11-30
2267,1067,2022,2,2,2022-11-30
2268,1067,2022,3,3,2022-11-30
2269,1067,2022,4,3,2022-11-30
2270,1067,2022,5,2,2022-11-30
2271,1070,2022,1,4,2022-11-30
2272,1070,2022,2,5,2022-11-30
2273,1070,2022,3,1,2022-11-30
2274,1070,2022,4,4,2022-11-30
2275,1070,2022,5,3,2022-11-30
2276,1073,2022,1,4,2022-11-30
2277,1073,2022,2,4,2022-11-30
2278,1073,2022,3,3,2022-11-30
2279,1073,2022,4,4,2022-11-30
2280,1073,2022,5,4,2022-11-30
2281,1075,2022,1,4,2022-11-30
2282,1075,2022,2,2,2022-11-30
2283,1075,2022,3,4,2022-11-30
2284,1075,2022,4,2,2022-11-30
2285,1075,2022,5,5,2022-11-30
2286,1076,2022,1,1,2022-11-30
2287,1076,2022,2,4,2022-11-30
2288,1076,2022,3,2,2022-11-30
2289,1076,2022,4,2,2022-11-30
2290,1076,2022,5,4,2022-11-30
2291,1078,2022,1,4,2022-11-30
2292,1078,2022,2,4,2022-11-30
2293,1078,2022,3,2,2022-11-30
2294,1078,2022,4,5,2022-11-30
2295,1078,2022,5,3,2022-11-30
2296,1079,2022,1,2,2022-11-30
2297,1079,2022,2,1,2022-11-30
2298,1079,2022,3,1,2022-11-30
2299,1079,2022,4,2,2022-11-30
2300,1079,2022,5,2,2022-11-30
2301,1081,2022,1,4,2022-11-30
2302,1081,2022,2,1,2022-11-30
2303,1081,2022,3,5,2022-11-30
2304,1081,2022,4,5,2022-11-30
2305,1081,2022,5,1,2022-11-30
2306,1083,2022,1,1,2022-11-30
2307,1083,2022,2,5,2022-11-30
2308,1083,2022,3,3,2022-11-30
2309,1083,2022,4,3,2022-11-30
2310,1083,2022,5,1,2022-11-30
2311,1086,2022,1,2,2022-11-30
2312,1086,2022,2,5,2022-11-30
2313,1086,2022,3,3,2022-11-30
2314,1086,2022,4,4,2022-11-30
2315,1086,2022,5,4,2022-11-30
2316,1091,2022,1,1,2022-11-30
2317,1091,2022,2,4,2022-11-30
2318,1091,2022,3,4,2022-11-30
2319,1091,2022,4,1,2022-11-30
2320,1091,2022,5,4,2022-11-30
2321,1096,2022,1,5,2022-11-30
2322,1096,2022,2,2,2022-11-30
2323,1096,2022,3,4,2022-11-30
2324,1096,2022,4,4,2022-11-30
2325,1096,2022,5,2,2022-11-30
2326,1097,2022,1,1,2022-11-30
2327,1097,2022,2,5,2022-11-30
2328,1097,2022,3,4,2022-11-30
2329,1097,2022,4,3,2022-11-30
2330,1097,2022,5,2,2022-11-30
2331,1098,2022,1,2,2022-11-30
2332,1098,2022,2,3,2022-11-30
2333,1098,2022,3,4,2022-11-30
2334,1098,2022,4,4,2022-11-30
2335,1098,2022,5,3,2022-11-30
2336,1101,2022,1,4,2022-11-30
2337,1101,2022,2,5,2022-11-30
2338,1101,2022,3,5,2022-11-30
2339,1101,2022,4,1,2022-11-30
2340,1101,2022,5,5,2022-11-30
2341,1104,2022,1,5,2022-11-30
2342,1104,2022,2,5,2022-11-30
2343,1104,2022,3,2,2022-11-30
2344,1104,2022,4,5,2022-11-30
2345,1104,2022,5,4,2022-11-30
2346,1106,2022,1,5,2022-11-30
2347,1106,2022,2,3,2022-11-30
2348,1106,2022,3,2,2022-11-30
2349,1106,2022,4,4,2022-11-30
2350,1106,2022,5,1,2022-11-30
2351,1107,2022,1,1,2022-11-30
2352,1107,2022,2,2,2022-11-30
2353,1107,2022,3,5,2022-11-30
2354,1107,2022,4,2,2022-11-30
2355,1107,2022,5,5,2022-11-30
2356,1114,2022,1,4,2022-11-30
2357,1114,2022,2,5,2022-11-30
2358,1114,2022,3,1,2022-11-30
2359,1114,2022,4,2,2022-11-30
2360,1114,2022,5,4,2022-11-30
2361,1121,2022,1,3,2022-11-30
2362,1121,2022,2,5,2022-11-30
2363,1121,2022,3,2,2022-11-30
2364,1121,2022,4,1,2022-11-30
2365,1121,2022,5,4,2022-11-30
2366,1126,2022,1,1,2022-11-30
2367,1126,2022,2,3,2022-11-30
2368,1126,2022,3,4,2022-11-30
2369,1126,2022,4,1,2022-11-30
2370,1126,2022,5,2,2022-11-30
2371,1129,2022,1,2,2022-11-30
2372,1129,2022,2,4,2022-11-30
2373,1129,2022,3,3,2022-11-30
2374,1129,2022,4,4,2022-11-30
2375,1129,2022,5,3,2022-11-30
2376,1133,2022,1,5,2022-11-30
2377,1133,2022,2,2,2022-11-30
2378,1133,2022,3,1,2022-11-30
2379,1133,2022,4,1,2022-11-30
2380,1133,2022,5,5,2022-11-30
2381,1139,2022,1,4,2022-11-30
2382,1139,2022,2,2,2022-11-30
2383,1139,2022,3,3,2022-11-30
2384,1139,2022,4,4,2022-11-30
2385,1139,2022,5,5,2022-11-30
2386,1140,2022,1,4,2022-11-30
2387,1140,2022,2,2,2022-11-30
2388,1140,2022,3,1,2022-11-30
2389,1140,2022,4,5,2022-11-30
2390,1140,2022,5,2,2022-11-30
2391,1141,2022,1,1,2022-11-30
2392,1141,2022,2,1,2022-11-30
2393,1141,2022,3,3,2022-11-30
2394,1141,2022,4,5,2022-11-30
2395,1141,2022,5,4,2022-11-30
2396,1143,2022,1,5,2022-11-30
2397,1143,2022,2,4,2022-11-30
2398,1143,2022,3,5,2022-11-30
2399,1143,2022,4,4,2022-11-30
2400,1143,2022,5,4,2022-11-30
2401,1147,2022,1,4,2022-11-30
2402,1147,2022,2,5,2022-11-30
2403,1147,2022,3,3,2022-11-30
2404,1147,2022,4,4,2022-11-30
2405,1147,2022,5,3,2022-11-30
2406,1152,2022,1,3,2022-11-30
2407,1152,2022,2,2,2022-11-30
2408,1152,2022,3,2,2022-11-30
2409,1152,2022,4,1,2022-11-30
2410,1152,2022,5,2,2022-11-30
2411,1153,2022,1,5,2022-11-30
2412,1153,2022,2,4,2022-11-30
2413,1153,2022,3,3,2022-11-30
2414,1153,2022,4,3,2022-11-30
2415,1153,2022,5,4,2022-11-30
2416,1157,2022,1,3,2022-11-30
2417,1157,2022,2,2,2022-11-30
2418,1157,2022,3,3,2022-11-30
2419,1157,2022,4,1,2022-11-30
2420,1157,2022,5,1,2022-11-30
2421,1160,2022,1,3,2022-11-30
2422,1160,2022,2,2,2022-11-30
2423,1160,2022,3,4,2022-11-30
2424,1160,2022,4,5,2022-11-30
2425,1160,2022,5,5,2022-11-30
2426,1163,2022,1,3,2022-11-30
2427,1163,2022,2,2,2022-11-30
2428,1163,2022,3,1,2022-11-30
2429,1163,2022,4,2,2022-11-30
2430,1163,2022,5,4,2022-11-30
2431,1164,2022,1,4,2022-11-30
2432,1164,2022,2,5,2022-11-30
2433,1164,2022,3,5,2022-11-30
2434,1164,2022,4,5,2022-11-30
2435,1164,2022,5,2,2022-11-30
2436,1166,2022,1,5,2022-11-30
2437,1166,2022,2,4,2022-11-30
2438,1166,2022,3,2,2022-11-30
2439,1166,2022,4,1,2022-11-30
2440,1166,2022,5,5,2022-11-30
2441,1170,2022,1,5,2022-11-30
2442,1170,2022,2,3,2022-11-30
2443,1170,2022,3,2,2022-11-30
2444,1170,2022,4,1,2022-11-30
2445,1170,2022,5,1,2022-11-30
2446,1171,2022,1,1,2022-11-30
2447,1171,2022,2,1,2022-11-30
2448,1171,2022,3,5,2022-11-30
2449,1171,2022,4,2,2022-11-30
2450,1171,2022,5,2,2022-11-30
2451,1173,2022,1,1,2022-11-30
2452,1173,2022,2,3,2022-11-30
2453,1173,2022,3,5,2022-11-30
2454,1173,2022,4,3,2022-11-30
2455,1173,2022,5,5,2022-11-30
2456,1175,2022,1,5,2022-11-30
2457,1175,2022,2,1,2022-11-30
2458,1175,2022,3,2,2022-11-30
2459,1175,2022,4,5,2022-11-30
2460,1175,2022,5,4,2022-11-30
2461,1176,2022,1,1,2022-11-30
2462,1176,2022,2,2,2022-11-30
2463,1176,2022,3,5,2022-11-30
2464,1176,2022,4,3,2022-11-30
2465,1176,2022,5,3,2022-11-30
2466,1177,2022,1,4,2022-11-30
2467,1177,2022,2,2,2022-11-30
2468,1177,2022,3,3,2022-11-30
2469,1177,2022,4,2,2022-11-30
2470,1177,2022,5,5,2022-11-30
2471,1180,2022,1,5,2022-11-30
2472,1180,2022,2,4,2022-11-30
2473,1180,2022,3,2,2022-11-30
2474,1180,2022,4,5,2022-11-30
2475,1180,2022,5,1,2022-11-30
2476,1182,2022,1,2,2022-11-30
2477,1182,2022,2,1,2022-11-30
2478,1182,2022,3,1,2022-11-30
2479,1182,2022,4,3,2022-11-30
2480,1182,2022,5,1,2022-11-30
2481,1186,2022,1,2,2022-11-30
2482,1186,2022,2,4,2022-11-30
2483,1186,2022,3,4,2022-11-30
2484,1186,2022,4,5,2022-11-30
2485,1186,2022,5,1,2022-11-30
2486,1189,2022,1,1,2022-11-30
2487,1189,2022,2,2,2022-11-30
2488,1189,2022,3,3,2022-11-30
2489,1189,2022,4,1,2022-11-30
2490,1189,2022,5,4,2022-11-30
2491,1191,2022,1,1,2022-11-30
2492,1191,2022,2,4,2022-11-30
2493,1191,2022,3,4,2022-11-30
2494,1191,2022,4,1,2022-11-30
2495,1191,2022,5,4,2022-11-30
2496,1193,2022,1,5,2022-11-30
2497,1193,2022,2,1,2022-11-30
2498,1193,2022,3,3,2022-11-30
2499,1193,2022,4,2,2022-11-30
2500,1193,2022,5,1,2022-11-30
2501,1195,2022,1,4,2022-11-30
2502,1195,2022,2,1,2022-11-30
2503,1195,2022,3,5,2022-11-30
2504,1195,2022,4,2,2022-11-30
2505,1195,2022,5,5,2022-11-30
2506,1198,2022,1,2,2022-11-30
2507,1198,2022,2,2,2022-11-30
2508,1198,2022,3,3,2022-11-30
2509,1198,2022,4,5,2022-11-30
2510,1198,2022,5,1,2022-11-30
2511,1199,2022,1,3,2022-11-30
2512,1199,2022,2,3,2022-11-30
2513,1199,2022,3,4,2022-11-30
2514,1199,2022,4,1,2022-11-30
2515,1199,2022,5,2,2022-11-30
2516,2,2023,1,2,2023-11-30
2517,2,2023,2,2,2023-11-30
2518,2,2023,3,3,2023-11-30
2519,2,2023,4,1,2023-11-30
2520,2,2023,5,2,2023-11-30
2521,6,2023,1,2,2023-11-30
2522,6,2023,2,2,2023-11-30
2523,6,2023,3,2,2023-11-30
2524,6,2023,4,3,2023-11-30
2525,6,2023,5,1,2023-11-30
2526,9,2023,1,5,2023-11-30
2527,9,2023,2,1,2023-11-30
2528,9,2023,3,4,2023-11-30
2529,9,2023,4,3,2023-11-30
2530,9,2023,5,2,2023-11-30
2531,15,2023,1,5,2023-11-30
2532,15,2023,2,1,2023-11-30
2533,15,2023,3,4,2023-11-30
2534,15,2023,4,3,2023-11-30
2535,15,2023,5,4,2023-11-30
2536,16,2023,1,3,2023-11-30
2537,16,2023,2,1,2023-11-30
2538,16,2023,3,4,2023-11-30
2539,16,2023,4,4,2023-11-30
2540,16,2023,5,2,2023-11-30
2541,17,2023,1,4,2023-11-30
2542,17,2023,2,3,2023-11-30
2543,17,2023,3,5,2023-11-30
2544,17,2023,4,1,2023-11-30
2545,17,2023,5,1,2023-11-30
2546,18,2023,1,5,2023-11-30
2547,18,2023,2,2,2023-11-30
2548,18,2023,3,5,2023-11-30
2549,18,2023,4,3,2023-11-30
2550,18,2023,5,5,2023-11-30
2551,25,2023,1,3,2023-11-30
2552,25,2023,2,3,2023-11-30
2553,25,2023,3,5,2023-11-30
2554,25,2023,4,3,2023-11-30
2555,25,2023,5,3,2023-11-30
2556,26,2023,1,1,2023-11-30
2557,26,2023,2,2,2023-11-30
2558,26,2023,3,1,2023-11-30
2559,26,2023,4,2,2023-11-30
2560,26,2023,5,2,2023-11-30
2561,27,2023,1,2,2023-11-30
2562,27,2023,2,2,2023-11-30
2563,27,2023,3,5,2023-11-30
2564,27,2023,4,4,2023-11-30
2565,27,2023,5,2,2023-11-30
2566,29,2023,1,1,2023-11-30
2567,29,2023,2,4,2023-11-30
2568,29,2023,3,3,2023-11-30
2569,29,2023,4,1,2023-11-30
2570,29,2023,5,4,2023-11-30
2571,35,2023,1,2,2023-11-30
2572,35,2023,2,1,2023-11-30
2573,35,2023,3,4,2023-11-30
2574,35,2023,4,4,2023-11-30
2575,35,2023,5,4,2023-11-30
2576,40,2023,1,2,2023-11-30
2577,40,2023,2,4,2023-11-30
2578,40,2023,3,4,2023-11-30
2579,40,2023,4,5,2023-11-30
2580,40,2023,5,2,2023-11-30
2581,45,2023,1,5,2023-11-30
2582,45,2023,2,1,2023-11-30
2583,45,2023,3,3,2023-11-30
2584,45,2023,4,1,2023-11-30
2585,45,2023,5,3,2023-11-30
2586,49,2023,1,5,2023-11-30
2587,49,2023,2,1,2023-11-30
2588,49,2023,3,5,2023-11-30
2589,49,2023,4,3,2023-11-30
2590,49,2023,5,4,2023-11-30
2591,51,2023,1,2,2023-11-30
2592,51,2023,2,5,2023-11-30
2593,51,2023,3,3,2023-11-30
2594,51,2023,4,2,2023-11-30
2595,51,2023,5,3,2023-11-30
2596,53,2023,1,3,2023-11-30
2597,53,2023,2,3,2023-11-30
2598,53,2023,3,2,2023-11-30
2599,53,2023,4,5,2023-11-30
2600,53,2023,5,4,2023-11-30
2601,55,2023,1,5,2023-11-30
2602,55,2023,2,3,2023-11-30
2603,55,2023,3,1,2023-11-30
2604,55,2023,4,2,2023-11-30
2605,55,2023,5,3,2023-11-30
2606,58,2023,1,3,2023-11-30
2607,58,2023,2,4,2023-11-30
2608,58,2023,3,1,2023-11-30
2609,58,2023,4,5,2023-11-30
2610,58,2023,5,2,2023-11-30
2611,59,2023,1,1,2023-11-30
2612,59,2023,2,4,2023-11-30
2613,59,2023,3,1,2023-11-30
2614,59,2023,4,5,2023-11-30
2615,59,2023,5,2,2023-11-30
2616,60,2023,1,3,2023-11-30
2617,60,2023,2,3,2023-11-30
2618,60,2023,3,3,2023-11-30
2619,60,2023,4,4,2023-11-30
2620,60,2023,5,4,2023-11-30
2621,62,2023,1,3,2023-11-30
2622,62,2023,2,5,2023-11-30
2623,62,2023,3,5,2023-11-30
2624,62,2023,4,2,2023-11-30
2625,62,2023,5,3,2023-11-30
2626,63,2023,1,3,2023-11-30
2627,63,2023,2,1,2023-11-30
2628,63,2023,3,1,2023-11-30
2629,63,2023,4,4,2023-11-30
2630,63,2023,5,3,2023-11-30
2631,67,2023,1,2,2023-11-30
2632,67,2023,2,4,2023-11-30
2633,67,2023,3,4,2023-11-30
2634,67,2023,4,4,2023-11-30
2635,67,2023,5,5,2023-11-30
2636,70,2023,1,3,2023-11-30
2637,70,2023,2,5,2023-11-30
2638,70,2023,3,4,2023-11-30
2639,70,2023,4,1,2023-11-30
2640,70,2023,5,5,2023-11-30
2641,71,2023,1,2,2023-11-30
2642,71,2023,2,3,2023-11-30
2643,71,2023,3,1,2023-11-30
2644,71,2023,4,1,2023-11-30
2645,71,2023,5,2,2023-11-30
2646,72,2023,1,2,2023-11-30
2647,72,2023,2,5,2023-11-30
2648,72,2023,3,4,2023-11-30
2649,72,2023,4,3,2023-11-30
2650,72,2023,5,2,2023-11-30
2651,73,2023,1,5,2023-11-30
2652,73,2023,2,3,2023-11-30
2653,73,2023,3,5,2023-11-30
2654,73,2023,4,5,2023-11-30
2655,73,2023,5,4,2023-11-30
2656,76,2023,1,1,2023-11-30
2657,76,2023,2,1,2023-11-30
2658,76,2023,3,4,2023-11-30
2659,76,2023,4,3,2023-11-30
2660,76,2023,5,2,2023-11-30
2661,78,2023,1,2,2023-11-30
2662,78,2023,2,4,2023-11-30
2663,78,2023,3,5,2023-11-30
2664,78,2023,4,5,2023-11-30
2665,78,2023,5,5,2023-11-30
2666,79,2023,1,4,2023-11-30
2667,79,2023,2,2,2023-11-30
2668,79,2023,3,5,2023-11-30
2669,79,2023,4,1,2023-11-30
2670,79,2023,5,2,2023-11-30
2671,80,2023,1,1,2023-11-30
2672,80,2023,2,1,2023-11-30
2673,80,2023,3,4,2023-11-30
2674,80,2023,4,4,2023-11-30
2675,80,2023,5,2,2023-11-30
2676,82,2023,1,1,2023-11-30
2677,82,2023,2,5,2023-11-30
2678,82,2023,3,2,2023-11-30
2679,82,2023,4,1,2023-11-30
2680,82,2023,5,1,2023-11-30
2681,85,2023,1,2,2023-11-30
2682,85,2023,2,3,2023-11-30
2683,85,2023,3,2,2023-11-30
2684,85,2023,4,1,2023-11-30
2685,85,2023,5,3,2023-11-30
2686,88,2023,1,3,2023-11-30
2687,88,2023,2,1,2023-11-30
2688,88,2023,3,5,2023-11-30
2689,88,2023,4,4,2023-11-30
2690,88,2023,5,4,2023-11-30
2691,90,2023,1,4,2023-11-30
2692,90,2023,2,5,2023-11-30
2693,90,2023,3,4,2023-11-30
2694,90,2023,4,5,2023-11-30
2695,90,2023,5,2,2023-11-30
2696,94,2023,1,2,2023-11-30
2697,94,2023,2,3,2023-11-30
2698,94,2023,3,3,2023-11-30
2699,94,2023,4,5,2023-11-30
2700,94,2023,5,3,2023-11-30
2701,96,2023,1,3,2023-11-30
2702,96,2023,2,1,2023-11-30
2703,96,2023,3,5,2023-11-30
2704,96,2023,4,2,2023-11-30
2705,96,2023,5,3,2023-11-30
2706,100,2023,1,3,2023-11-30
2707,100,2023,2,5,2023-11-30
2708,100,2023,3,4,2023-11-30
2709,100,2023,4,2,2023-11-30
2710,100,2023,5,5,2023-11-30
2711,103,2023,1,5,2023-11-30
2712,103,2023,2,3,2023-11-30
2713,103,2023,3,5,2023-11-30
2714,103,2023,4,4,2023-11-30
2715,103,2023,5,2,2023-11-30
2716,105,2023,1,4,2023-11-30
2717,105,2023,2,4,2023-11-30
2718,105,2023,3,2,2023-11-30
2719,105,2023,4,4,2023-11-30
2720,105,2023,5,4,2023-11-30
2721,108,2023,1,1,2023-11-30
2722,108,2023,2,3,2023-11-30
2723,108,2023,3,5,2023-11-30
2724,108,2023,4,3,2023-11-30
2725,108,2023,5,3,2023-11-30
2726,110,2023,1,4,2023-11-30
2727,110,2023,2,1,2023-11-30
2728,110,2023,3,2,2023-11-30
2729,110,2023,4,1,2023-11-30
2730,110,2023,5,5,2023-11-30
2731,113,2023,1,5,2023-11-30
2732,113,2023,2,3,2023-11-30
2733,113,2023,3,1,2023-11-30
2734,113,2023,4,2,2023-11-30
2735,113,2023,5,2,2023-11-30
2736,123,2023,1,1,2023-11-30
2737,123,2023,2,3,2023-11-30
2738,123,2023,3,2,2023-11-30
2739,123,2023,4,3,2023-11-30
2740,123,2023,5,2,2023-11-30
2741,125,2023,1,4,2023-11-30
2742,125,2023,2,3,2023-11-30
2743,125,2023,3,3,2023-11-30
2744,125,2023,4,1,2023-11-30
2745,125,2023,5,5,2023-11-30
2746,126,2023,1,4,2023-11-30
2747,126,2023,2,1,2023-11-30
2748,126,2023,3,5,2023-11-30
2749,126,2023,4,1,2023-11-30
2750,126,2023,5,3,2023-11-30
2751,131,2023,1,5,2023-11-30
2752,131,2023,2,1,2023-11-30
2753,131,2023,3,4,2023-11-30
2754,131,2023,4,3,2023-11-30
2755,131,2023,5,2,2023-11-30
2756,132,2023,1,2,2023-11-30
2757,132,2023,2,2,2023-11-30
2758,132,2023,3,3,2023-11-30
2759,132,2023,4,4,2023-11-30
2760,132,2023,5,2,2023-11-30
2761,133,2023,1,2,2023-11-30
2762,133,2023,2,3,2023-11-30
2763,133,2023,3,1,2023-11-30
2764,133,2023,4,5,2023-11-30
2765,133,2023,5,1,2023-11-30
2766,135,2023,1,1,2023-11-30
2767,135,2023,2,4,2023-11-30
2768,135,2023,3,3,2023-11-30
2769,135,2023,4,5,2023-11-30
2770,135,2023,5,3,2023-11-30
2771,139,2023,1,5,2023-11-30
2772,139,2023,2,2,2023-11-30
2773,139,2023,3,4,2023-11-30
2774,139,2023,4,5,2023-11-30
2775,139,2023,5,3,2023-11-30
2776,141,2023,1,1,2023-11-30
2777,141,2023,2,5,2023-11-30
2778,141,2023,3,4,2023-11-30
2779,141,2023,4,2,2023-11-30
2780,141,2023,5,2,2023-11-30
2781,143,2023,1,3,2023-11-30
2782,143,2023,2,2,2023-11-30
2783,143,2023,3,2,2023-11-30
2784,143,2023,4,3,2023-11-30
2785,143,2023,5,5,2023-11-30
2786,146,2023,1,3,2023-11-30
2787,146,2023,2,4,2023-11-30
2788,146,2023,3,3,2023-11-30
2789,146,2023,4,4,2023-11-30
2790,146,2023,5,4,2023-11-30
2791,147,2023,1,4,2023-11-30
2792,147,2023,2,4,2023-11-30
2793,147,2023,3,5,2023-11-30
2794,147,2023,4,3,2023-11-30
2795,147,2023,5,4,2023-11-30
2796,149,2023,1,5,2023-11-30
2797,149,2023,2,3,2023-11-30
2798,149,2023,3,2,2023-11-30
2799,149,2023,4,1,2023-11-30
2800,149,2023,5,4,2023-11-30
2801,150,2023,1,2,2023-11-30
2802,150,2023,2,1,2023-11-30
2803,150,2023,3,4,2023-11-30
2804,150,2023,4,3,2023-11-30
2805,150,2023,5,1,2023-11-30
2806,151,2023,1,3,2023-11-30
2807,151,2023,2,2,2023-11-30
2808,151,2023,3,3,2023-11-30
2809,151,2023,4,2,2023-11-30
2810,151,2023,5,4,2023-11-30
2811,156,2023,1,3,2023-11-30
2812,156,2023,2,4,2023-11-30
2813,156,2023,3,4,2023-11-30
2814,156,2023,4,5,2023-11-30
2815,156,2023,5,3,2023-11-30
2816,157,2023,1,2,2023-11-30
2817,157,2023,2,3,2023-11-30
2818,157,2023,3,2,2023-11-30
2819,157,2023,4,3,2023-11-30
2820,157,2023,5,1,2023-11-30
2821,159,2023,1,3,2023-11-30
2822,159,2023,2,1,2023-11-30
2823,159,2023,3,4,2023-11-30
2824,159,2023,4,4,2023-11-30
2825,159,2023,5,5,2023-11-30
2826,162,2023,1,4,2023-11-30
2827,162,2023,2,3,2023-11-30
2828,162,2023,3,1,2023-11-30
2829,162,2023,4,3,2023-11-30
2830,162,2023,5,5,2023-11-30
2831,164,2023,1,2,2023-11-30
2832,164,2023,2,2,2023-11-30
2833,164,2023,3,2,2023-11-30
2834,164,2023,4,3,2023-11-30
2835,164,2023,5,4,2023-11-30
2836,165,2023,1,2,2023-11-30
2837,165,2023,2,2,2023-11-30
2838,165,2023,3,2,2023-11-30
2839,165,2023,4,2,2023-11-30
2840,165,2023,5,5,2023-11-30
2841,166,2023,1,5,2023-11-30
2842,166,2023,2,2,2023-11-30
2843,166,2023,3,1,2023-11-30
2844,166,2023,4,2,2023-11-30
2845,166,2023,5,2,2023-11-30
2846,167,2023,1,5,2023-11-30
2847,167,2023,2,2,2023-11-30
2848,167,2023,3,4,2023-11-30
2849,167,2023,4,3,2023-11-30
2850,167,2023,5,2,2023-11-30
2851,170,2023,1,2,2023-11-30
2852,170,2023,2,4,2023-11-30
2853,170,2023,3,1,2023-11-30
2854,170,2023,4,5,2023-11-30
2855,170,2023,5,1,2023-11-30
2856,174,2023,1,2,2023-11-30
2857,174,2023,2,5,2023-11-30
2858,174,2023,3,4,2023-11-30
2859,174,2023,4,1,2023-11-30
2860,174,2023,5,4,2023-11-30
2861,177,2023,1,5,2023-11-30
2862,177,2023,2,5,2023-11-30
2863,177,2023,3,5,2023-11-30
2864,177,2023,4,3,2023-11-30
2865,177,2023,5,5,2023-11-30
2866,179,2023,1,5,2023-11-30
2867,179,2023,2,1,2023-11-30
2868,179,2023,3,2,2023-11-30
2869,179,2023,4,2,2023-11-30
2870,179,2023,5,4,2023-11-30
2871,180,2023,1,2,2023-11-30
2872,180,2023,2,2,2023-11-30
2873,180,2023,3,2,2023-11-30
2874,180,2023,4,4,2023-11-30
2875,180,2023,5,3,2023-11-30
2876,182,2023,1,2,2023-11-30
2877,182,2023,2,4,2023-11-30
2878,182,2023,3,1,2023-11-30
2879,182,2023,4,3,2023-11-30
2880,182,2023,5,2,2023-11-30
2881,184,2023,1,3,2023-11-30
2882,184,2023,2,1,2023-11-30
2883,184,2023,3,2,2023-11-30
2884,184,2023,4,2,2023-11-30
2885,184,2023,5,5,2023-11-30
2886,187,2023,1,1,2023-11-30
2887,187,2023,2,2,2023-11-30
2888,187,2023,3,3,2023-11-30
2889,187,2023,4,3,2023-11-30
2890,187,2023,5,5,2023-11-30
2891,188,2023,1,2,2023-11-30
2892,188,2023,2,3,2023-11-30
2893,188,2023,3,3,2023-11-30
2894,188,2023,4,5,2023-11-30
2895,188,2023,5,4,2023-11-30
2896,193,2023,1,2,2023-11-30
2897,193,2023,2,2,2023-11-30
2898,193,2023,3,5,2023-11-30
2899,193,2023,4,3,2023-11-30
2900,193,2023,5,2,2023-11-30
2901,194,2023,1,4,2023-11-30
2902,194,2023,2,2,2023-11-30
2903,194,2023,3,1,2023-11-30
2904,194,2023,4,5,2023-11-30
2905,194,2023,5,3,2023-11-30
2906,198,2023,1,3,2023-11-30
2907,198,2023,2,3,2023-11-30
2908,198,2023,3,2,2023-11-30
2909,198,2023,4,2,2023-11-30
2910,198,2023,5,5,2023-11-30
2911,201,2023,1,2,2023-11-30
2912,201,2023,2,4,2023-11-30
2913,201,2023,3,2,2023-11-30
2914,201,2023,4,4,2023-11-30
2915,201,2023,5,1,2023-11-30
2916,204,2023,1,1,2023-11-30
2917,204,2023,2,3,2023-11-30
2918,204,2023,3,2,2023-11-30
2919,204,2023,4,2,2023-11-30
2920,204,2023,5,5,2023-11-30
2921,205,2023,1,5,2023-11-30
2922,205,2023,2,2,2023-11-30
2923,205,2023,3,3,2023-11-30
2924,205,2023,4,2,2023-11-30
2925,205,2023,5,3,2023-11-30
2926,208,2023,1,1,2023-11-30
2927,208,2023,2,2,2023-11-30
2928,208,2023,3,1,2023-11-30
2929,208,2023,4,3,2023-11-30
2930,208,2023,5,4,2023-11-30
2931,211,2023,1,5,2023-11-30
2932,211,2023,2,3,2023-11-30
2933,211,2023,3,5,2023-11-30
2934,211,2023,4,3,2023-11-30
2935,211,2023,5,1,2023-11-30
2936,214,2023,1,5,2023-11-30
2937,214,2023,2,5,2023-11-30
2938,214,2023,3,2,2023-11-30
2939,214,2023,4,3,2023-11-30
2940,214,2023,5,5,2023-11-30
2941,216,2023,1,1,2023-11-30
2942,216,2023,2,5,2023-11-30
2943,216,2023,3,5,2023-11-30
2944,216,2023,4,2,2023-11-30
2945,216,2023,5,5,2023-11-30
2946,217,2023,1,1,2023-11-30
2947,217,2023,2,3,2023-11-30
2948,217,2023,3,4,2023-11-30
2949,217,2023,4,4,2023-11-30
2950,217,2023,5,4,2023-11-30
2951,218,2023,1,4,2023-11-30
2952,218,2023,2,1,2023-11-30
2953,218,2023,3,4,2023-11-30
2954,218,2023,4,1,2023-11-30
2955,218,2023,5,1,2023-11-30
2956,220,2023,1,4,2023-11-30
2957,220,2023,2,2,2023-11-30
2958,220,2023,3,2,2023-11-30
2959,220,2023,4,4,2023-11-30
2960,220,2023,5,4,2023-11-30
2961,225,2023,1,3,2023-11-30
2962,225,2023,2,1,2023-11-30
2963,225,2023,3,3,2023-11-30
2964,225,2023,4,3,2023-11-30
2965,225,2023,5,2,2023-11-30
2966,226,2023,1,5,2023-11-30
2967,226,2023,2,3,2023-11-30
2968,226,2023,3,1,2023-11-30
2969,226,2023,4,5,2023-11-30
2970,226,2023,5,5,2023-11-30
2971,227,2023,1,4,2023-11-30
2972,227,2023,2,5,2023-11-30
2973,227,2023,3,2,2023-11-30
2974,227,2023,4,1,2023-11-30
2975,227,2023,5,5,2023-11-30
2976,233,2023,1,3,2023-11-30
2977,233,2023,2,3,2023-11-30
2978,233,2023,3,5,2023-11-30
2979,233,2023,4,3,2023-11-30
2980,233,2023,5,4,2023-11-30
2981,235,2023,1,4,2023-11-30
2982,235,2023,2,2,2023-11-30
2983,235,2023,3,2,2023-11-30
2984,235,2023,4,3,2023-11-30
2985,235,2023,5,5,2023-11-30
2986,237,2023,1,1,2023-11-30
2987,237,2023,2,4,2023-11-30
2988,237,2023,3,5,2023-11-30
2989,237,2023,4,5,2023-11-30
2990,237,2023,5,1,2023-11-30
2991,238,2023,1,2,2023-11-30
2992,238,2023,2,1,2023-11-30
2993,238,2023,3,1,2023-11-30
2994,238,2023,4,1,2023-11-30
2995,238,2023,5,2,2023-11-30
2996,239,2023,1,4,2023-11-30
2997,239,2023,2,4,2023-11-30
2998,239,2023,3,3,2023-11-30
2999,239,2023,4,4,2023-11-30
3000,239,2023,5,4,2023-11-30
3001,242,2023,1,2,2023-11-30
3002,242,2023,2,3,2023-11-30
3003,242,2023,3,4,2023-11-30
3004,242,2023,4,1,2023-11-30
3005,242,2023,5,1,2023-11-30
3006,245,2023,1,5,2023-11-30
3007,245,2023,2,5,2023-11-30
3008,245,2023,3,1,2023-11-30
3009,245,2023,4,2,2023-11-30
3010,245,2023,5,3,2023-11-30
3011,246,2023,1,2,2023-11-30
3012,246,2023,2,5,2023-11-30
3013,246,2023,3,2,2023-11-30
3014,246,2023,4,3,2023-11-30
3015,246,2023,5,1,2023-11-30
3016,248,2023,1,5,2023-11-30
3017,248,2023,2,1,2023-11-30
3018,248,2023,3,3,2023-11-30
3019,248,2023,4,5,2023-11-30
3020,248,2023,5,2,2023-11-30
3021,249,2023,1,3,2023-11-30
3022,249,2023,2,4,2023-11-30
3023,249,2023,3,4,2023-11-30
3024,249,2023,4,4,2023-11-30
3025,249,2023,5,2,2023-11-30
3026,256,2023,1,4,2023-11-30
3027,256,2023,2,5,2023-11-30
3028,256,2023,3,1,2023-11-30
3029,256,2023,4,3,2023-11-30
3030,256,2023,5,2,2023-11-30
3031,259,2023,1,5,2023-11-30
3032,259,2023,2,4,2023-11-30
3033,259,2023,3,2,2023-11-30
3034,259,2023,4,3,2023-11-30
3035,259,2023,5,2,2023-11-30
3036,261,2023,1,4,2023-11-30
3037,261,2023,2,3,2023-11-30
3038,261,2023,3,5,2023-11-30
3039,261,2023,4,2,2023-11-30
3040,261,2023,5,3,2023-11-30
3041,262,2023,1,5,2023-11-30
3042,262,2023,2,4,2023-11-30
3043,262,2023,3,2,2023-11-30
3044,262,2023,4,1,2023-11-30
3045,262,2023,5,4,2023-11-30
3046,264,2023,1,3,2023-11-30
3047,264,2023,2,4,2023-11-30
3048,264,2023,3,5,2023-11-30
3049,264,2023,4,2,2023-11-30
3050,264,2023,5,5,2023-11-30
3051,266,2023,1,3,2023-11-30
3052,266,2023,2,1,2023-11-30
3053,266,2023,3,2,2023-11-30
3054,266,2023,4,3,2023-11-30
3055,266,2023,5,3,2023-11-30
3056,267,2023,1,5,2023-11-30
3057,267,2023,2,3,2023-11-30
3058,267,2023,3,5,2023-11-30
3059,267,2023,4,1,2023-11-30
3060,267,2023,5,1,2023-11-30
3061,269,2023,1,3,2023-11-30
3062,269,2023,2,5,2023-11-30
3063,269,2023,3,4,2023-11-30
3064,269,2023,4,3,2023-11-30
3065,269,2023,5,3,2023-11-30
3066,270,2023,1,5,2023-11-30
3067,270,2023,2,4,2023-11-30
3068,270,2023,3,4,2023-11-30
3069,270,2023,4,4,2023-11-30
3070,270,2023,5,5,2023-11-30
3071,271,2023,1,3,2023-11-30
3072,271,2023,2,5,2023-11-30
3073,271,2023,3,1,2023-11-30
3074,271,2023,4,4,2023-11-30
3075,271,2023,5,1,2023-11-30
3076,272,2023,1,2,2023-11-30
3077,272,2023,2,1,2023-11-30
3078,272,2023,3,4,2023-11-30
3079,272,2023,4,1,2023-11-30
3080,272,2023,5,4,2023-11-30
3081,278,2023,1,1,2023-11-30
3082,278,2023,2,5,2023-11-30
3083,278,2023,3,5,2023-11-30
3084,278,2023,4,3,2023-11-30
3085,278,2023,5,2,2023-11-30
3086,279,2023,1,1,2023-11-30
3087,279,2023,2,2,2023-11-30
3088,279,2023,3,1,2023-11-30
3089,279,2023,4,5,2023-11-30
3090,279,2023,5,5,2023-11-30
3091,282,2023,1,5,2023-11-30
3092,282,2023,2,1,2023-11-30
3093,282,2023,3,1,2023-11-30
3094,282,2023,4,1,2023-11-30
3095,282,2023,5,4,2023-11-30
3096,284,2023,1,2,2023-11-30
3097,284,2023,2,5,2023-11-30
3098,284,2023,3,3,2023-11-30
3099,284,2023,4,4,2023-11-30
3100,284,2023,5,3,2023-11-30
3101,285,2023,1,4,2023-11-30
3102,285,2023,2,1,2023-11-30
3103,285,2023,3,4,2023-11-30
3104,285,2023,4,4,2023-11-30
3105,285,2023,5,4,2023-11-30
3106,288,2023,1,2,2023-11-30
3107,288,2023,2,2,2023-11-30
3108,288,2023,3,3,2023-11-30
3109,288,2023,4,2,2023-11-30
3110,288,2023,5,4,2023-11-30
3111,290,2023,1,5,2023-11-30
3112,290,2023,2,1,2023-11-30
3113,290,2023,3,1,2023-11-30
3114,290,2023,4,5,2023-11-30
3115,290,2023,5,1,2023-11-30
3116,298,2023,1,4,2023-11-30
3117,298,2023,2,5,2023-11-30
3118,298,2023,3,5,2023-11-30
3119,298,2023,4,2,2023-11-30
3120,298,2023,5,3,2023-11-30
3121,299,2023,1,2,2023-11-30
3122,299,2023,2,4,2023-11-30
3123,299,2023,3,2,2023-11-30
3124,299,2023,4,3,2023-11-30
3125,299,2023,5,1,2023-11-30
3126,300,2023,1,4,2023-11-30
3127,300,2023,2,4,2023-11-30
3128,300,2023,3,5,2023-11-30
3129,300,2023,4,1,2023-11-30
3130,300,2023,5,4,2023-11-30
3131,303,2023,1,2,2023-11-30
3132,303,2023,2,2,2023-11-30
3133,303,2023,3,3,2023-11-30
3134,303,2023,4,4,2023-11-30
3135,303,2023,5,2,2023-11-30
3136,304,2023,1,1,2023-11-30
3137,304,2023,2,5,2023-11-30
3138,304,2023,3,4,2023-11-30
3139,304,2023,4,4,2023-11-30
3140,304,2023,5,2,2023-11-30
3141,307,2023,1,4,2023-11-30
3142,307,2023,2,4,2023-11-30
3143,307,2023,3,4,2023-11-30
3144,307,2023,4,2,2023-11-30
3145,307,2023,5,1,2023-11-30
3146,309,2023,1,2,2023-11-30
3147,309,2023,2,1,2023-11-30
3148,309,2023,3,5,2023-11-30
3149,309,2023,4,2,2023-11-30
3150,309,2023,5,5,2023-11-30
3151,311,2023,1,1,2023-11-30
3152,311,2023,2,3,2023-11-30
3153,311,2023,3,3,2023-11-30
3154,311,2023,4,1,2023-11-30
3155,311,2023,5,3,2023-11-30
3156,313,2023,1,3,2023-11-30
3157,313,2023,2,2,2023-11-30
3158,313,2023,3,2,2023-11-30
3159,313,2023,4,4,2023-11-30
3160,313,2023,5,2,2023-11-30
3161,315,2023,1,2,2023-11-30
3162,315,2023,2,2,2023-11-30
3163,315,2023,3,1,2023-11-30
3164,315,2023,4,5,2023-11-30
3165,315,2023,5,4,2023-11-30
3166,316,2023,1,3,2023-11-30
3167,316,2023,2,3,2023-11-30
3168,316,2023,3,1,2023-11-30
3169,316,2023,4,5,2023-11-30
3170,316,2023,5,3,2023-11-30
3171,317,2023,1,1,2023-11-30
3172,317,2023,2,5,2023-11-30
3173,317,2023,3,5,2023-11-30
3174,317,2023,4,2,2023-11-30
3175,317,2023,5,5,2023-11-30
3176,318,2023,1,5,2023-11-30
3177,318,2023,2,3,2023-11-30
3178,318,2023,3,1,2023-11-30
3179,318,2023,4,4,2023-11-30
3180,318,2023,5,4,2023-11-30
3181,321,2023,1,5,2023-11-30
3182,321,2023,2,2,2023-11-30
3183,321,2023,3,1,2023-11-30
3184,321,2023,4,4,2023-11-30
3185,321,2023,5,2,2023-11-30
3186,324,2023,1,3,2023-11-30
3187,324,2023,2,3,2023-11-30
3188,324,2023,3,5,2023-11-30
3189,324,2023,4,5,2023-11-30
3190,324,2023,5,4,2023-11-30
3191,326,2023,1,2,2023-11-30
3192,326,2023,2,1,2023-11-30
3193,326,2023,3,2,2023-11-30
3194,326,2023,4,2,2023-11-30
3195,326,2023,5,2,2023-11-30
3196,327,2023,1,3,2023-11-30
3197,327,2023,2,5,2023-11-30
3198,327,2023,3,4,2023-11-30
3199,327,2023,4,2,2023-11-30
3200,327,2023,5,2,2023-11-30
3201,334,2023,1,3,2023-11-30
3202,334,2023,2,3,2023-11-30
3203,334,2023,3,5,2023-11-30
3204,334,2023,4,4,2023-11-30
3205,334,2023,5,2,2023-11-30
3206,335,2023,1,5,2023-11-30
3207,335,2023,2,4,2023-11-30
3208,335,2023,3,5,2023-11-30
3209,335,2023,4,4,2023-11-30
3210,335,2023,5,5,2023-11-30
3211,336,2023,1,2,2023-11-30
3212,336,2023,2,1,2023-11-30
3213,336,2023,3,1,2023-11-30
3214,336,2023,4,2,2023-11-30
3215,336,2023,5,2,2023-11-30
3216,337,2023,1,2,2023-11-30
3217,337,2023,2,5,2023-11-30
3218,337,2023,3,5,2023-11-30
3219,337,2023,4,4,2023-11-30
3220,337,2023,5,3,2023-11-30
3221,338,2023,1,4,2023-11-30
3222,338,2023,2,1,2023-11-30
3223,338,2023,3,2,2023-11-30
3224,338,2023,4,1,2023-11-30
3225,338,2023,5,3,2023-11-30
3226,341,2023,1,5,2023-11-30
3227,341,2023,2,4,2023-11-30
3228,341,2023,3,2,2023-11-30
3229,341,2023,4,2,2023-11-30
3230,341,2023,5,2,2023-11-30
3231,343,2023,1,2,2023-11-30
3232,343,2023,2,3,2023-11-30
3233,343,2023,3,2,2023-11-30
3234,343,2023,4,4,2023-11-30
3235,343,2023,5,2,2023-11-30
3236,344,2023,1,5,2023-11-30
3237,344,2023,2,2,2023-11-30
3238,344,2023,3,1,2023-11-30
3239,344,2023,4,3,2023-11-30
3240,344,2023,5,2,2023-11-30
3241,345,2023,1,2,2023-11-30
3242,345,2023,2,4,2023-11-30
3243,345,2023,3,4,2023-11-30
3244,345,2023,4,2,2023-11-30
3245,345,2023,5,4,2023-11-30
3246,347,2023,1,4,2023-11-30
3247,347,2023,2,1,2023-11-30
3248,347,2023,3,3,2023-11-30
3249,347,2023,4,1,2023-11-30
3250,347,2023,5,3,2023-11-30
3251,348,2023,1,5,2023-11-30
3252,348,2023,2,3,2023-11-30
3253,348,2023,3,1,2023-11-30
3254,348,2023,4,1,2023-11-30
3255,348,2023,5,4,2023-11-30
3256,349,2023,1,3,2023-11-30
3257,349,2023,2,5,2023-11-30
3258,349,2023,3,1,2023-11-30
3259,349,2023,4,4,2023-11-30
3260,349,2023,5,5,2023-11-30
3261,350,2023,1,3,2023-11-30
3262,350,2023,2,3,2023-11-30
3263,350,2023,3,2,2023-11-30
3264,350,2023,4,2,2023-11-30
3265,350,2023,5,1,2023-11-30
3266,356,2023,1,5,2023-11-30
3267,356,2023,2,5,2023-11-30
3268,356,2023,3,4,2023-11-30
3269,356,2023,4,4,2023-11-30
3270,356,2023,5,5,2023-11-30
3271,357,2023,1,1,2023-11-30
3272,357,2023,2,1,2023-11-30
3273,357,2023,3,5,2023-11-30
3274,357,2023,4,5,2023-11-30
3275,357,2023,5,1,2023-11-30
3276,361,2023,1,2,2023-11-30
3277,361,2023,2,3,2023-11-30
3278,361,2023,3,5,2023-11-30
3279,361,2023,4,2,2023-11-30
3280,361,2023,5,2,2023-11-30
3281,363,2023,1,2,2023-11-30
3282,363,2023,2,1,2023-11-30
3283,363,2023,3,1,2023-11-30
3284,363,2023,4,1,2023-11-30
3285,363,2023,5,2,2023-11-30
3286,383,2023,1,1,2023-11-30
3287,383,2023,2,1,2023-11-30
3288,383,2023,3,2,2023-11-30
3289,383,2023,4,2,2023-11-30
3290,383,2023,5,1,2023-11-30
3291,387,2023,1,5,2023-11-30
3292,387,2023,2,5,2023-11-30
3293,387,2023,3,3,2023-11-30
3294,387,2023,4,2,2023-11-30
3295,387,2023,5,3,2023-11-30
3296,389,2023,1,1,2023-11-30
3297,389,2023,2,2,2023-11-30
3298,389,2023,3,2,2023-11-30
3299,389,2023,4,4,2023-11-30
3300,389,2023,5,4,2023-11-30
3301,392,2023,1,5,2023-11-30
3302,392,2023,2,2,2023-11-30
3303,392,2023,3,3,2023-11-30
3304,392,2023,4,5,2023-11-30
3305,392,2023,5,1,2023-11-30
3306,395,2023,1,1,2023-11-30
3307,395,2023,2,2,2023-11-30
3308,395,2023,3,3,2023-11-30
3309,395,2023,4,1,2023-11-30
3310,395,2023,5,3,2023-11-30
3311,399,2023,1,2,2023-11-30
3312,399,2023,2,4,2023-11-30
3313,399,2023,3,2,2023-11-30
3314,399,2023,4,4,2023-11-30
3315,399,2023,5,4,2023-11-30
3316,400,2023,1,2,2023-11-30
3317,400,2023,2,2,2023-11-30
3318,400,2023,3,4,2023-11-30
3319,400,2023,4,4,2023-11-30
3320,400,2023,5,2,2023-11-30
3321,402,2023,1,5,2023-11-30
3322,402,2023,2,4,2023-11-30
3323,402,2023,3,2,2023-11-30
3324,402,2023,4,4,2023-11-30
3325,402,2023,5,5,2023-11-30
3326,403,2023,1,1,2023-11-30
3327,403,2023,2,3,2023-11-30
3328,403,2023,3,2,2023-11-30
3329,403,2023,4,2,2023-11-30
3330,403,2023,5,2,2023-11-30
3331,411,2023,1,3,2023-11-30
3332,411,2023,2,2,2023-11-30
3333,411,2023,3,5,2023-11-30
3334,411,2023,4,2,2023-11-30
3335,411,2023,5,4,2023-11-30
3336,415,2023,1,3,2023-11-30
3337,415,2023,2,4,2023-11-30
3338,415,2023,3,4,2023-11-30
3339,415,2023,4,3,2023-11-30
3340,415,2023,5,1,2023-11-30
3341,416,2023,1,3,2023-11-30
3342,416,2023,2,1,2023-11-30
3343,416,2023,3,2,2023-11-30
3344,416,2023,4,5,2023-11-30
3345,416,2023,5,2,2023-11-30
3346,417,2023,1,5,2023-11-30
3347,417,2023,2,4,2023-11-30
3348,417,2023,3,5,2023-11-30
3349,417,2023,4,5,2023-11-30
3350,417,2023,5,1,2023-11-30
3351,418,2023,1,1,2023-11-30
3352,418,2023,2,1,2023-11-30
3353,418,2023,3,4,2023-11-30
3354,418,2023,4,4,2023-11-30
3355,418,2023,5,4,2023-11-30
3356,419,2023,1,1,2023-11-30
3357,419,2023,2,1,2023-11-30
3358,419,2023,3,5,2023-11-30
3359,419,2023,4,1,2023-11-30
3360,419,2023,5,3,2023-11-30
3361,421,2023,1,2,2023-11-30
3362,421,2023,2,2,2023-11-30
3363,421,2023,3,4,2023-11-30
3364,421,2023,4,2,2023-11-30
3365,421,2023,5,2,2023-11-30
3366,422,2023,1,1,2023-11-30
3367,422,2023,2,1,2023-11-30
3368,422,2023,3,4,2023-11-30
3369,422,2023,4,3,2023-11-30
3370,422,2023,5,1,2023-11-30
3371,426,2023,1,5,2023-11-30
3372,426,2023,2,3,2023-11-30
3373,426,2023,3,5,2023-11-30
3374,426,2023,4,4,2023-11-30
3375,426,2023,5,1,2023-11-30
3376,427,2023,1,2,2023-11-30
3377,427,2023,2,3,2023-11-30
3378,427,2023,3,1,2023-11-30
3379,427,2023,4,4,2023-11-30
3380,427,2023,5,2,2023-11-30
3381,431,2023,1,4,2023-11-30
3382,431,2023,2,1,2023-11-30
3383,431,2023,3,4,2023-11-30
3384,431,2023,4,3,2023-11-30
3385,431,2023,5,4,2023-11-30
3386,441,2023,1,5,2023-11-30
3387,441,2023,2,5,2023-11-30
3388,441,2023,3,3,2023-11-30
3389,441,2023,4,3,2023-11-30
3390,441,2023,5,3,2023-11-30
3391,449,2023,1,2,2023-11-30
3392,449,2023,2,1,2023-11-30
3393,449,2023,3,3,2023-11-30
3394,449,2023,4,5,2023-11-30
3395,449,2023,5,4,2023-11-30
3396,450,2023,1,1,2023-11-30
3397,450,2023,2,5,2023-11-30
3398,450,2023,3,3,2023-11-30
3399,450,2023,4,3,2023-11-30
3400,450,2023,5,2,2023-11-30
3401,451,2023,1,3,2023-11-30
3402,451,2023,2,1,2023-11-30
3403,451,2023,3,2,2023-11-30
3404,451,2023,4,2,2023-11-30
3405,451,2023,5,3,2023-11-30
3406,453,2023,1,1,2023-11-30
3407,453,2023,2,3,2023-11-30
3408,453,2023,3,3,2023-11-30
3409,453,2023,4,3,2023-11-30
3410,453,2023,5,2,2023-11-30
3411,455,2023,1,4,2023-11-30
3412,455,2023,2,5,2023-11-30
3413,455,2023,3,4,2023-11-30
3414,455,2023,4,4,2023-11-30
3415,455,2023,5,4,2023-11-30
3416,456,2023,1,2,2023-11-30
3417,456,2023,2,3,2023-11-30
3418,456,2023,3,3,2023-11-30
3419,456,2023,4,5,2023-11-30
3420,456,2023,5,1,2023-11-30
3421,460,2023,1,5,2023-11-30
3422,460,2023,2,5,2023-11-30
3423,460,2023,3,3,2023-11-30
3424,460,2023,4,2,2023-11-30
3425,460,2023,5,2,2023-11-30
3426,465,2023,1,5,2023-11-30
3427,465,2023,2,3,2023-11-30
3428,465,2023,3,4,2023-11-30
3429,465,2023,4,2,2023-11-30
3430,465,2023,5,5,2023-11-30
3431,466,2023,1,1,2023-11-30
3432,466,2023,2,2,2023-11-30
3433,466,2023,3,4,2023-11-30
3434,466,2023,4,4,2023-11-30
3435,466,2023,5,1,2023-11-30
3436,469,2023,1,5,2023-11-30
3437,469,2023,2,4,2023-11-30
3438,469,2023,3,1,2023-11-30
3439,469,2023,4,5,2023-11-30
3440,469,2023,5,4,2023-11-30
3441,473,2023,1,5,2023-11-30
3442,473,2023,2,3,2023-11-30
3443,473,2023,3,4,2023-11-30
3444,473,2023,4,3,2023-11-30
3445,473,2023,5,3,2023-11-30
3446,474,2023,1,1,2023-11-30
3447,474,2023,2,1,2023-11-30
3448,474,2023,3,1,2023-11-30
3449,474,2023,4,5,2023-11-30
3450,474,2023,5,5,2023-11-30
3451,476,2023,1,3,2023-11-30
3452,476,2023,2,4,2023-11-30
3453,476,2023,3,5,2023-11-30
3454,476,2023,4,2,2023-11-30
3455,476,2023,5,5,2023-11-30
3456,481,2023,1,2,2023-11-30
3457,481,2023,2,3,2023-11-30
3458,481,2023,3,3,2023-11-30
3459,481,2023,4,4,2023-11-30
3460,481,2023,5,2,2023-11-30
3461,484,2023,1,1,2023-11-30
3462,484,2023,2,2,2023-11-30
3463,484,2023,3,4,2023-11-30
3464,484,2023,4,4,2023-11-30
3465,484,2023,5,3,2023-11-30
3466,485,2023,1,1,2023-11-30
3467,485,2023,2,4,2023-11-30
3468,485,2023,3,5,2023-11-30
3469,485,2023,4,2,2023-11-30
3470,485,2023,5,2,2023-11-30
3471,489,2023,1,2,2023-11-30
3472,489,2023,2,3,2023-11-30
3473,489,2023,3,1,2023-11-30
3474,489,2023,4,2,2023-11-30
3475,489,2023,5,1,2023-11-30
3476,490,2023,1,4,2023-11-30
3477,490,2023,2,3,2023-11-30
3478,490,2023,3,2,2023-11-30
3479,490,2023,4,5,2023-11-30
3480,490,2023,5,3,2023-11-30
3481,491,2023,1,3,2023-11-30
3482,491,2023,2,4,2023-11-30
3483,491,2023,3,5,2023-11-30
3484,491,2023,4,1,2023-11-30
3485,491,2023,5,3,2023-11-30
3486,492,2023,1,4,2023-11-30
3487,492,2023,2,5,2023-11-30
3488,492,2023,3,4,2023-11-30
3489,492,2023,4,5,2023-11-30
3490,492,2023,5,3,2023-11-30
3491,494,2023,1,5,2023-11-30
3492,494,2023,2,5,2023-11-30
3493,494,2023,3,2,2023-11-30
3494,494,2023,4,2,2023-11-30
3495,494,2023,5,4,2023-11-30
3496,496,2023,1,1,2023-11-30
3497,496,2023,2,5,2023-11-30
3498,496,2023,3,4,2023-11-30
3499,496,2023,4,2,2023-11-30
3500,496,2023,5,2,2023-11-30
3501,500,2023,1,4,2023-11-30
3502,500,2023,2,4,2023-11-30
3503,500,2023,3,5,2023-11-30
3504,500,2023,4,3,2023-11-30
3505,500,2023,5,5,2023-11-30
3506,504,2023,1,1,2023-11-30
3507,504,2023,2,5,2023-11-30
3508,504,2023,3,1,2023-11-30
3509,504,2023,4,3,2023-11-30
3510,504,2023,5,1,2023-11-30
3511,508,2023,1,3,2023-11-30
3512,508,2023,2,5,2023-11-30
3513,508,2023,3,4,2023-11-30
3514,508,2023,4,4,2023-11-30
3515,508,2023,5,5,2023-11-30
3516,512,2023,1,1,2023-11-30
3517,512,2023,2,2,2023-11-30
3518,512,2023,3,2,2023-11-30
3519,512,2023,4,2,2023-11-30
3520,512,2023,5,5,2023-11-30
3521,514,2023,1,5,2023-11-30
3522,514,2023,2,3,2023-11-30
3523,514,2023,3,3,2023-11-30
3524,514,2023,4,5,2023-11-30
3525,514,2023,5,3,2023-11-30
3526,516,2023,1,4,2023-11-30
3527,516,2023,2,1,2023-11-30
3528,516,2023,3,5,2023-11-30
3529,516,2023,4,1,2023-11-30
3530,516,2023,5,3,2023-11-30
3531,517,2023,1,3,2023-11-30
3532,517,2023,2,1,2023-11-30
3533,517,2023,3,3,2023-11-30
3534,517,2023,4,1,2023-11-30
3535,517,2023,5,2,2023-11-30
3536,518,2023,1,2,2023-11-30
3537,518,2023,2,3,2023-11-30
3538,518,2023,3,2,2023-11-30
3539,518,2023,4,4,2023-11-30
3540,518,2023,5,4,2023-11-30
3541,520,2023,1,5,2023-11-30
3542,520,2023,2,3,2023-11-30
3543,520,2023,3,1,2023-11-30
3544,520,2023,4,3,2023-11-30
3545,520,2023,5,1,2023-11-30
3546,522,2023,1,5,2023-11-30
3547,522,2023,2,5,2023-11-30
3548,522,2023,3,4,2023-11-30
3549,522,2023,4,2,2023-11-30
3550,522,2023,5,5,2023-11-30
3551,524,2023,1,4,2023-11-30
3552,524,2023,2,4,2023-11-30
3553,524,2023,3,1,2023-11-30
3554,524,2023,4,5,2023-11-30
3555,524,2023,5,3,2023-11-30
3556,525,2023,1,4,2023-11-30
3557,525,2023,2,1,2023-11-30
3558,525,2023,3,5,2023-11-30
3559,525,2023,4,1,2023-11-30
3560,525,2023,5,5,2023-11-30
3561,530,2023,1,5,2023-11-30
3562,530,2023,2,1,2023-11-30
3563,530,2023,3,4,2023-11-30
3564,530,2023,4,4,2023-11-30
3565,530,2023,5,5,2023-11-30
3566,532,2023,1,1,2023-11-30
3567,532,2023,2,1,2023-11-30
3568,532,2023,3,3,2023-11-30
3569,532,2023,4,3,2023-11-30
3570,532,2023,5,4,2023-11-30
3571,533,2023,1,1,2023-11-30
3572,533,2023,2,2,2023-11-30
3573,533,2023,3,5,2023-11-30
3574,533,2023,4,4,2023-11-30
3575,533,2023,5,2,2023-11-30
3576,534,2023,1,2,2023-11-30
3577,534,2023,2,1,2023-11-30
3578,534,2023,3,1,2023-11-30
3579,534,2023,4,2,2023-11-30
3580,534,2023,5,3,2023-11-30
3581,535,2023,1,3,2023-11-30
3582,535,2023,2,4,2023-11-30
3583,535,2023,3,3,2023-11-30
3584,535,2023,4,2,2023-11-30
3585,535,2023,5,1,2023-11-30
3586,537,2023,1,2,2023-11-30
3587,537,2023,2,3,2023-11-30
3588,537,2023,3,3,2023-11-30
3589,537,2023,4,5,2023-11-30
3590,537,2023,5,1,2023-11-30
3591,538,2023,1,5,2023-11-30
3592,538,2023,2,5,2023-11-30
3593,538,2023,3,5,2023-11-30
3594,538,2023,4,2,2023-11-30
3595,538,2023,5,4,2023-11-30
3596,539,2023,1,5,2023-11-30
3597,539,2023,2,2,2023-11-30
3598,539,2023,3,1,2023-11-30
3599,539,2023,4,2,2023-11-30
3600,539,2023,5,2,2023-11-30
3601,540,2023,1,4,2023-11-30
3602,540,2023,2,5,2023-11-30
3603,540,2023,3,2,2023-11-30
3604,540,2023,4,3,2023-11-30
3605,540,2023,5,2,2023-11-30
3606,541,2023,1,4,2023-11-30
3607,541,2023,2,1,2023-11-30
3608,541,2023,3,3,2023-11-30
3609,541,2023,4,2,2023-11-30
3610,541,2023,5,5,2023-11-30
3611,545,2023,1,4,2023-11-30
3612,545,2023,2,4,2023-11-30
3613,545,2023,3,1,2023-11-30
3614,545,2023,4,3,2023-11-30
3615,545,2023,5,5,2023-11-30
3616,546,2023,1,2,2023-11-30
3617,546,2023,2,2,2023-11-30
3618,546,2023,3,3,2023-11-30
3619,546,2023,4,2,2023-11-30
3620,546,2023,5,1,2023-11-30
3621,548,2023,1,2,2023-11-30
3622,548,2023,2,5,2023-11-30
3623,548,2023,3,3,2023-11-30
3624,548,2023,4,4,2023-11-30
3625,548,2023,5,2,2023-11-30
3626,554,2023,1,3,2023-11-30
3627,554,2023,2,1,2023-11-30
3628,554,2023,3,1,2023-11-30
3629,554,2023,4,1,2023-11-30
3630,554,2023,5,5,2023-11-30
3631,560,2023,1,1,2023-11-30
3632,560,2023,2,1,2023-11-30
3633,560,2023,3,3,2023-11-30
3634,560,2023,4,3,2023-11-30
3635,560,2023,5,1,2023-11-30
3636,563,2023,1,4,2023-11-30
3637,563,2023,2,3,2023-11-30
3638,563,2023,3,2,2023-11-30
3639,563,2023,4,3,2023-11-30
3640,563,2023,5,4,2023-11-30
3641,564,2023,1,5,2023-11-30
3642,564,2023,2,5,2023-11-30
3643,564,2023,3,3,2023-11-30
3644,564,2023,4,4,2023-11-30
3645,564,2023,5,3,2023-11-30
3646,568,2023,1,1,2023-11-30
3647,568,2023,2,2,2023-11-30
3648,568,2023,3,3,2023-11-30
3649,568,2023,4,1,2023-11-30
3650,568,2023,5,2,2023-11-30
3651,570,2023,1,2,2023-11-30
3652,570,2023,2,4,2023-11-30
3653,570,2023,3,4,2023-11-30
3654,570,2023,4,1,2023-11-30
3655,570,2023,5,1,2023-11-30
3656,571,2023,1,4,2023-11-30
3657,571,2023,2,4,2023-11-30
3658,571,2023,3,1,2023-11-30
3659,571,2023,4,5,2023-11-30
3660,571,2023,5,2,2023-11-30
3661,575,2023,1,5,2023-11-30
3662,575,2023,2,3,2023-11-30
3663,575,2023,3,2,2023-11-30
3664,575,2023,4,2,2023-11-30
3665,575,2023,5,1,2023-11-30
3666,576,2023,1,3,2023-11-30
3667,576,2023,2,4,2023-11-30
3668,576,2023,3,2,2023-11-30
3669,576,2023,4,5,2023-11-30
3670,576,2023,5,5,2023-11-30
3671,577,2023,1,5,2023-11-30
3672,577,2023,2,1,2023-11-30
3673,577,2023,3,5,2023-11-30
3674,577,2023,4,5,2023-11-30
3675,577,2023,5,5,2023-11-30
3676,579,2023,1,5,2023-11-30
3677,579,2023,2,1,2023-11-30
3678,579,2023,3,2,2023-11-30
3679,579,2023,4,4,2023-11-30
3680,579,2023,5,4,2023-11-30
3681,580,2023,1,3,2023-11-30
3682,580,2023,2,4,2023-11-30
3683,580,2023,3,2,2023-11-30
3684,580,2023,4,4,2023-11-30
3685,580,2023,5,1,2023-11-30
3686,582,2023,1,5,2023-11-30
3687,582,2023,2,2,2023-11-30
3688,582,2023,3,1,2023-11-30
3689,582,2023,4,3,2023-11-30
3690,582,2023,5,4,2023-11-30
3691,583,2023,1,1,2023-11-30
3692,583,2023,2,2,2023-11-30
3693,583,2023,3,4,2023-11-30
3694,583,2023,4,1,2023-11-30
3695,583,2023,5,1,2023-11-30
3696,584,2023,1,5,2023-11-30
3697,584,2023,2,3,2023-11-30
3698,584,2023,3,4,2023-11-30
3699,584,2023,4,2,2023-11-30
3700,584,2023,5,1,2023-11-30
3701,586,2023,1,2,2023-11-30
3702,586,2023,2,3,2023-11-30
3703,586,2023,3,5,2023-11-30
3704,586,2023,4,4,2023-11-30
3705,586,2023,5,5,2023-11-30
3706,590,2023,1,1,2023-11-30
3707,590,2023,2,1,2023-11-30
3708,590,2023,3,4,2023-11-30
3709,590,2023,4,4,2023-11-30
3710,590,2023,5,3,2023-11-30
3711,595,2023,1,2,2023-11-30
3712,595,2023,2,5,2023-11-30
3713,595,2023,3,4,2023-11-30
3714,595,2023,4,3,2023-11-30
3715,595,2023,5,5,2023-11-30
3716,596,2023,1,1,2023-11-30
3717,596,2023,2,2,2023-11-30
3718,596,2023,3,4,2023-11-30
3719,596,2023,4,1,2023-11-30
3720,596,2023,5,5,2023-11-30
3721,599,2023,1,3,2023-11-30
3722,599,2023,2,4,2023-11-30
3723,599,2023,3,2,2023-11-30
3724,599,2023,4,4,2023-11-30
3725,599,2023,5,2,2023-11-30
3726,603,2023,1,4,2023-11-30
3727,603,2023,2,3,2023-11-30
3728,603,2023,3,1,2023-11-30
3729,603,2023,4,3,2023-11-30
3730,603,2023,5,2,2023-11-30
3731,609,2023,1,1,2023-11-30
3732,609,2023,2,4,2023-11-30
3733,609,2023,3,5,2023-11-30
3734,609,2023,4,2,2023-11-30
3735,609,2023,5,1,2023-11-30
3736,614,2023,1,2,2023-11-30
3737,614,2023,2,1,2023-11-30
3738,614,2023,3,4,2023-11-30
3739,614,2023,4,3,2023-11-30
3740,614,2023,5,3,2023-11-30
3741,615,2023,1,2,2023-11-30
3742,615,2023,2,2,2023-11-30
3743,615,2023,3,5,2023-11-30
3744,615,2023,4,3,2023-11-30
3745,615,2023,5,1,2023-11-30
3746,617,2023,1,5,2023-11-30
3747,617,2023,2,5,2023-11-30
3748,617,2023,3,2,2023-11-30
3749,617,2023,4,4,2023-11-30
3750,617,2023,5,1,2023-11-30
3751,624,2023,1,1,2023-11-30
3752,624,2023,2,2,2023-11-30
3753,624,2023,3,2,2023-11-30
3754,624,2023,4,3,2023-11-30
3755,624,2023,5,4,2023-11-30
3756,625,2023,1,3,2023-11-30
3757,625,2023,2,5,2023-11-30
3758,625,2023,3,4,2023-11-30
3759,625,2023,4,2,2023-11-30
3760,625,2023,5,5,2023-11-30
3761,626,2023,1,4,2023-11-30
3762,626,2023,2,3,2023-11-30
3763,626,2023,3,3,2023-11-30
3764,626,2023,4,3,2023-11-30
3765,626,2023,5,2,2023-11-30
3766,627,2023,1,4,2023-11-30
3767,627,2023,2,5,2023-11-30
3768,627,2023,3,3,2023-11-30
3769,627,2023,4,1,2023-11-30
3770,627,2023,5,1,2023-11-30
3771,628,2023,1,2,2023-11-30
3772,628,2023,2,5,2023-11-30
3773,628,2023,3,5,2023-11-30
3774,628,2023,4,4,2023-11-30
3775,628,2023,5,3,2023-11-30
3776,629,2023,1,3,2023-11-30
3777,629,2023,2,4,2023-11-30
3778,629,2023,3,2,2023-11-30
3779,629,2023,4,5,2023-11-30
3780,629,2023,5,2,2023-11-30
3781,633,2023,1,3,2023-11-30
3782,633,2023,2,2,2023-11-30
3783,633,2023,3,1,2023-11-30
3784,633,2023,4,2,2023-11-30
3785,633,2023,5,4,2023-11-30
3786,640,2023,1,1,2023-11-30
3787,640,2023,2,5,2023-11-30
3788,640,2023,3,3,2023-11-30
3789,640,2023,4,3,2023-11-30
3790,640,2023,5,2,2023-11-30
3791,643,2023,1,5,2023-11-30
3792,643,2023,2,2,2023-11-30
3793,643,2023,3,1,2023-11-30
3794,643,2023,4,5,2023-11-30
3795,643,2023,5,1,2023-11-30
3796,644,2023,1,2,2023-11-30
3797,644,2023,2,4,2023-11-30
3798,644,2023,3,4,2023-11-30
3799,644,2023,4,2,2023-11-30
3800,644,2023,5,4,2023-11-30
3801,645,2023,1,5,2023-11-30
3802,645,2023,2,1,2023-11-30
3803,645,2023,3,1,2023-11-30
3804,645,2023,4,2,2023-11-30
3805,645,2023,5,2,2023-11-30
3806,646,2023,1,4,2023-11-30
3807,646,2023,2,3,2023-11-30
3808,646,2023,3,1,2023-11-30
3809,646,2023,4,5,2023-11-30
3810,646,2023,5,5,2023-11-30
3811,653,2023,1,5,2023-11-30
3812,653,2023,2,4,2023-11-30
3813,653,2023,3,1,2023-11-30
3814,653,2023,4,1,2023-11-30
3815,653,2023,5,4,2023-11-30
3816,654,2023,1,5,2023-11-30
3817,654,2023,2,2,2023-11-30
3818,654,2023,3,4,2023-11-30
3819,654,2023,4,3,2023-11-30
3820,654,2023,5,2,2023-11-30
3821,661,2023,1,2,2023-11-30
3822,661,2023,2,3,2023-11-30
3823,661,2023,3,1,2023-11-30
3824,661,2023,4,4,2023-11-30
3825,661,2023,5,3,2023-11-30
3826,662,2023,1,5,2023-11-30
3827,662,2023,2,4,2023-11-30
3828,662,2023,3,1,2023-11-30
3829,662,2023,4,4,2023-11-30
3830,662,2023,5,3,2023-11-30
3831,670,2023,1,4,2023-11-30
3832,670,2023,2,4,2023-11-30
3833,670,2023,3,4,2023-11-30
3834,670,2023,4,2,2023-11-30
3835,670,2023,5,4,2023-11-30
3836,672,2023,1,3,2023-11-30
3837,672,2023,2,3,2023-11-30
3838,672,2023,3,1,2023-11-30
3839,672,2023,4,3,2023-11-30
3840,672,2023,5,5,2023-11-30
3841,676,2023,1,5,2023-11-30
3842,676,2023,2,1,2023-11-30
3843,676,2023,3,1,2023-11-30
3844,676,2023,4,1,2023-11-30
3845,676,2023,5,5,2023-11-30
3846,677,2023,1,2,2023-11-30
3847,677,2023,2,3,2023-11-30
3848,677,2023,3,5,2023-11-30
3849,677,2023,4,5,2023-11-30
3850,677,2023,5,3,2023-11-30
3851,678,2023,1,4,2023-11-30
3852,678,2023,2,4,2023-11-30
3853,678,2023,3,5,2023-11-30
3854,678,2023,4,4,2023-11-30
3855,678,2023,5,1,2023-11-30
3856,679,2023,1,2,2023-11-30
3857,679,2023,2,2,2023-11-30
3858,679,2023,3,2,2023-11-30
3859,679,2023,4,1,2023-11-30
3860,679,2023,5,2,2023-11-30
3861,682,2023,1,5,2023-11-30
3862,682,2023,2,5,2023-11-30
3863,682,2023,3,4,2023-11-30
3864,682,2023,4,5,2023-11-30
3865,682,2023,5,4,2023-11-30
3866,683,2023,1,3,2023-11-30
3867,683,2023,2,4,2023-11-30
3868,683,2023,3,5,2023-11-30
3869,683,2023,4,5,2023-11-30
3870,683,2023,5,5,2023-11-30
3871,687,2023,1,1,2023-11-30
3872,687,2023,2,3,2023-11-30
3873,687,2023,3,3,2023-11-30
3874,687,2023,4,4,2023-11-30
3875,687,2023,5,2,2023-11-30
3876,689,2023,1,2,2023-11-30
3877,689,2023,2,5,2023-11-30
3878,689,2023,3,4,2023-11-30
3879,689,2023,4,3,2023-11-30
3880,689,2023,5,3,2023-11-30
3881,690,2023,1,2,2023-11-30
3882,690,2023,2,5,2023-11-30
3883,690,2023,3,2,2023-11-30
3884,690,2023,4,2,2023-11-30
3885,690,2023,5,2,2023-11-30
3886,695,2023,1,4,2023-11-30
3887,695,2023,2,4,2023-11-30
3888,695,2023,3,4,2023-11-30
3889,695,2023,4,5,2023-11-30
3890,695,2023,5,2,2023-11-30
3891,697,2023,1,1,2023-11-30
3892,697,2023,2,2,2023-11-30
3893,697,2023,3,3,2023-11-30
3894,697,2023,4,3,2023-11-30
3895,697,2023,5,4,2023-11-30
3896,702,2023,1,3,2023-11-30
3897,702,2023,2,3,2023-11-30
3898,702,2023,3,5,2023-11-30
3899,702,2023,4,5,2023-11-30
3900,702,2023,5,1,2023-11-30
3901,703,2023,1,5,2023-11-30
3902,703,2023,2,1,2023-11-30
3903,703,2023,3,1,2023-11-30
3904,703,2023,4,2,2023-11-30
3905,703,2023,5,4,2023-11-30
3906,706,2023,1,1,2023-11-30
3907,706,2023,2,4,2023-11-30
3908,706,2023,3,4,2023-11-30
3909,706,2023,4,1,2023-11-30
3910,706,2023,5,4,2023-11-30
3911,708,2023,1,3,2023-11-30
3912,708,2023,2,3,2023-11-30
3913,708,2023,3,1,2023-11-30
3914,708,2023,4,5,2023-11-30
3915,708,2023,5,2,2023-11-30
3916,713,2023,1,1,2023-11-30
3917,713,2023,2,4,2023-11-30
3918,713,2023,3,3,2023-11-30
3919,713,2023,4,3,2023-11-30
3920,713,2023,5,1,2023-11-30
3921,714,2023,1,2,2023-11-30
3922,714,2023,2,5,2023-11-30
3923,714,2023,3,3,2023-11-30
3924,714,2023,4,2,2023-11-30
3925,714,2023,5,4,2023-11-30
3926,716,2023,1,5,2023-11-30
3927,716,2023,2,2,2023-11-30
3928,716,2023,3,4,2023-11-30
3929,716,2023,4,4,2023-11-30
3930,716,2023,5,4,2023-11-30
3931,717,2023,1,2,2023-11-30
3932,717,2023,2,3,2023-11-30
3933,717,2023,3,5,2023-11-30
3934,717,2023,4,1,2023-11-30
3935,717,2023,5,3,2023-11-30
3936,719,2023,1,4,2023-11-30
3937,719,2023,2,4,2023-11-30
3938,719,2023,3,5,2023-11-30
3939,719,2023,4,3,2023-11-30
3940,719,2023,5,2,2023-11-30
3941,723,2023,1,2,2023-11-30
3942,723,2023,2,5,2023-11-30
3943,723,2023,3,4,2023-11-30
3944,723,2023,4,1,2023-11-30
3945,723,2023,5,5,2023-11-30
3946,729,2023,1,5,2023-11-30
3947,729,2023,2,3,2023-11-30
3948,729,2023,3,2,2023-11-30
3949,729,2023,4,3,2023-11-30
3950,729,2023,5,3,2023-11-30
3951,732,2023,1,3,2023-11-30
3952,732,2023,2,5,2023-11-30
3953,732,2023,3,5,2023-11-30
3954,732,2023,4,2,2023-11-30
3955,732,2023,5,2,2023-11-30
3956,733,2023,1,5,2023-11-30
3957,733,2023,2,5,2023-11-30
3958,733,2023,3,5,2023-11-30
3959,733,2023,4,4,2023-11-30
3960,733,2023,5,4,2023-11-30
3961,734,2023,1,4,2023-11-30
3962,734,2023,2,2,2023-11-30
3963,734,2023,3,2,2023-11-30
3964,734,2023,4,5,2023-11-30
3965,734,2023,5,2,2023-11-30
3966,736,2023,1,2,2023-11-30
3967,736,2023,2,1,2023-11-30
3968,736,2023,3,3,2023-11-30
3969,736,2023,4,3,2023-11-30
3970,736,2023,5,3,2023-11-30
3971,738,2023,1,1,2023-11-30
3972,738,2023,2,4,2023-11-30
3973,738,2023,3,2,2023-11-30
3974,738,2023,4,4,2023-11-30
3975,738,2023,5,5,2023-11-30
3976,739,2023,1,2,2023-11-30
3977,739,2023,2,5,2023-11-30
3978,739,2023,3,1,2023-11-30
3979,739,2023,4,1,2023-11-30
3980,739,2023,5,4,2023-11-30
3981,741,2023,1,1,2023-11-30
3982,741,2023,2,1,2023-11-30
3983,741,2023,3,3,2023-11-30
3984,741,2023,4,2,2023-11-30
3985,741,2023,5,2,2023-11-30
3986,744,2023,1,4,2023-11-30
3987,744,2023,2,1,2023-11-30
3988,744,2023,3,3,2023-11-30
3989,744,2023,4,2,2023-11-30
3990,744,2023,5,1,2023-11-30
3991,751,2023,1,4,2023-11-30
3992,751,2023,2,3,2023-11-30
3993,751,2023,3,2,2023-11-30
3994,751,2023,4,4,2023-11-30
3995,751,2023,5,4,2023-11-30
3996,755,2023,1,4,2023-11-30
3997,755,2023,2,5,2023-11-30
3998,755,2023,3,3,2023-11-30
3999,755,2023,4,3,2023-11-30
4000,755,2023,5,1,2023-11-30
4001,757,2023,1,1,2023-11-30
4002,757,2023,2,1,2023-11-30
4003,757,2023,3,5,2023-11-30
4004,757,2023,4,3,2023-11-30
4005,757,2023,5,4,2023-11-30
4006,762,2023,1,4,2023-11-30
4007,762,2023,2,4,2023-11-30
4008,762,2023,3,4,2023-11-30
4009,762,2023,4,4,2023-11-30
4010,762,2023,5,3,2023-11-30
4011,764,2023,1,4,2023-11-30
4012,764,2023,2,4,2023-11-30
4013,764,2023,3,4,2023-11-30
4014,764,2023,4,2,2023-11-30
4015,764,2023,5,1,2023-11-30
4016,766,2023,1,2,2023-11-30
4017,766,2023,2,5,2023-11-30
4018,766,2023,3,2,2023-11-30
4019,766,2023,4,1,2023-11-30
4020,766,2023,5,5,2023-11-30
4021,767,2023,1,2,2023-11-30
4022,767,2023,2,5,2023-11-30
4023,767,2023,3,2,2023-11-30
4024,767,2023,4,4,2023-11-30
4025,767,2023,5,2,2023-11-30
4026,774,2023,1,2,2023-11-30
4027,774,2023,2,1,2023-11-30
4028,774,2023,3,5,2023-11-30
4029,774,2023,4,2,2023-11-30
4030,774,2023,5,4,2023-11-30
4031,778,2023,1,2,2023-11-30
4032,778,2023,2,5,2023-11-30
4033,778,2023,3,5,2023-11-30
4034,778,2023,4,5,2023-11-30
4035,778,2023,5,5,2023-11-30
4036,791,2023,1,3,2023-11-30
4037,791,2023,2,5,2023-11-30
4038,791,2023,3,3,2023-11-30
4039,791,2023,4,4,2023-11-30
4040,791,2023,5,3,2023-11-30
4041,794,2023,1,5,2023-11-30
4042,794,2023,2,2,2023-11-30
4043,794,2023,3,4,2023-11-30
4044,794,2023,4,5,2023-11-30
4045,794,2023,5,2,2023-11-30
4046,795,2023,1,1,2023-11-30
4047,795,2023,2,1,2023-11-30
4048,795,2023,3,5,2023-11-30
4049,795,2023,4,5,2023-11-30
4050,795,2023,5,2,2023-11-30
4051,797,2023,1,4,2023-11-30
4052,797,2023,2,4,2023-11-30
4053,797,2023,3,2,2023-11-30
4054,797,2023,4,2,2023-11-30
4055,797,2023,5,2,2023-11-30
4056,798,2023,1,3,2023-11-30
4057,798,2023,2,2,2023-11-30
4058,798,2023,3,5,2023-11-30
4059,798,2023,4,4,2023-11-30
4060,798,2023,5,4,2023-11-30
4061,800,2023,1,1,2023-11-30
4062,800,2023,2,5,2023-11-30
4063,800,2023,3,1,2023-11-30
4064,800,2023,4,4,2023-11-30
4065,800,2023,5,3,2023-11-30
4066,801,2023,1,4,2023-11-30
4067,801,2023,2,1,2023-11-30
4068,801,2023,3,2,2023-11-30
4069,801,2023,4,3,2023-11-30
4070,801,2023,5,1,2023-11-30
4071,802,2023,1,5,2023-11-30
4072,802,2023,2,5,2023-11-30
4073,802,2023,3,2,2023-11-30
4074,802,2023,4,1,2023-11-30
4075,802,2023,5,5,2023-11-30
4076,804,2023,1,3,2023-11-30
4077,804,2023,2,4,2023-11-30
4078,804,2023,3,4,2023-11-30
4079,804,2023,4,4,2023-11-30
4080,804,2023,5,5,2023-11-30
4081,805,2023,1,1,2023-11-30
4082,805,2023,2,1,2023-11-30
4083,805,2023,3,3,2023-11-30
4084,805,2023,4,2,2023-11-30
4085,805,2023,5,2,2023-11-30
4086,806,2023,1,4,2023-11-30
4087,806,2023,2,3,2023-11-30
4088,806,2023,3,1,2023-11-30
4089,806,2023,4,3,2023-11-30
4090,806,2023,5,1,2023-11-30
4091,812,2023,1,2,2023-11-30
4092,812,2023,2,1,2023-11-30
4093,812,2023,3,4,2023-11-30
4094,812,2023,4,4,2023-11-30
4095,812,2023,5,1,2023-11-30
4096,814,2023,1,3,2023-11-30
4097,814,2023,2,4,2023-11-30
4098,814,2023,3,2,2023-11-30
4099,814,2023,4,4,2023-11-30
4100,814,2023,5,3,2023-11-30
4101,815,2023,1,4,2023-11-30
4102,815,2023,2,5,2023-11-30
4103,815,2023,3,3,2023-11-30
4104,815,2023,4,5,2023-11-30
4105,815,2023,5,5,2023-11-30
4106,817,2023,1,1,2023-11-30
4107,817,2023,2,1,2023-11-30
4108,817,2023,3,3,2023-11-30
4109,817,2023,4,3,2023-11-30
4110,817,2023,5,2,2023-11-30
4111,819,2023,1,3,2023-11-30
4112,819,2023,2,1,2023-11-30
4113,819,2023,3,3,2023-11-30
4114,819,2023,4,3,2023-11-30
4115,819,2023,5,3,2023-11-30
4116,820,2023,1,1,2023-11-30
4117,820,2023,2,2,2023-11-30
4118,820,2023,3,3,2023-11-30
4119,820,2023,4,3,2023-11-30
4120,820,2023,5,5,2023-11-30
4121,821,2023,1,3,2023-11-30
4122,821,2023,2,4,2023-11-30
4123,821,2023,3,5,2023-11-30
4124,821,2023,4,5,2023-11-30
4125,821,2023,5,2,2023-11-30
4126,822,2023,1,3,2023-11-30
4127,822,2023,2,2,2023-11-30
4128,822,2023,3,3,2023-11-30
4129,822,2023,4,5,2023-11-30
4130,822,2023,5,1,2023-11-30
4131,824,2023,1,5,2023-11-30
4132,824,2023,2,5,2023-11-30
4133,824,2023,3,4,2023-11-30
4134,824,2023,4,1,2023-11-30
4135,824,2023,5,2,2023-11-30
4136,825,2023,1,1,2023-11-30
4137,825,2023,2,1,2023-11-30
4138,825,2023,3,5,2023-11-30
4139,825,2023,4,3,2023-11-30
4140,825,2023,5,2,2023-11-30
4141,832,2023,1,3,2023-11-30
4142,832,2023,2,5,2023-11-30
4143,832,2023,3,5,2023-11-30
4144,832,2023,4,5,2023-11-30
4145,832,2023,5,2,2023-11-30
4146,833,2023,1,2,2023-11-30
4147,833,2023,2,5,2023-11-30
4148,833,2023,3,1,2023-11-30
4149,833,2023,4,1,2023-11-30
4150,833,2023,5,3,2023-11-30
4151,834,2023,1,1,2023-11-30
4152,834,2023,2,1,2023-11-30
4153,834,2023,3,5,2023-11-30
4154,834,2023,4,5,2023-11-30
4155,834,2023,5,1,2023-11-30
4156,836,2023,1,3,2023-11-30
4157,836,2023,2,5,2023-11-30
4158,836,2023,3,4,2023-11-30
4159,836,2023,4,3,2023-11-30
4160,836,2023,5,5,2023-11-30
4161,838,2023,1,4,2023-11-30
4162,838,2023,2,3,2023-11-30
4163,838,2023,3,5,2023-11-30
4164,838,2023,4,4,2023-11-30
4165,838,2023,5,2,2023-11-30
4166,840,2023,1,5,2023-11-30
4167,840,2023,2,4,2023-11-30
4168,840,2023,3,3,2023-11-30
4169,840,2023,4,2,2023-11-30
4170,840,2023,5,2,2023-11-30
4171,845,2023,1,5,2023-11-30
4172,845,2023,2,1,2023-11-30
4173,845,2023,3,2,2023-11-30
4174,845,2023,4,3,2023-11-30
4175,845,2023,5,5,2023-11-30
4176,848,2023,1,2,2023-11-30
4177,848,2023,2,2,2023-11-30
4178,848,2023,3,2,2023-11-30
4179,848,2023,4,5,2023-11-30
4180,848,2023,5,5,2023-11-30
4181,853,2023,1,4,2023-11-30
4182,853,2023,2,5,2023-11-30
4183,853,2023,3,2,2023-11-30
4184,853,2023,4,4,2023-11-30
4185,853,2023,5,3,2023-11-30
4186,859,2023,1,3,2023-11-30
4187,859,2023,2,3,2023-11-30
4188,859,2023,3,1,2023-11-30
4189,859,2023,4,1,2023-11-30
4190,859,2023,5,2,2023-11-30
4191,866,2023,1,3,2023-11-30
4192,866,2023,2,2,2023-11-30
4193,866,2023,3,5,2023-11-30
4194,866,2023,4,4,2023-11-30
4195,866,2023,5,5,2023-11-30
4196,867,2023,1,5,2023-11-30
4197,867,2023,2,5,2023-11-30
4198,867,2023,3,5,2023-11-30
4199,867,2023,4,1,2023-11-30
4200,867,2023,5,2,2023-11-30
4201,868,2023,1,5,2023-11-30
4202,868,2023,2,5,2023-11-30
4203,868,2023,3,1,2023-11-30
4204,868,2023,4,3,2023-11-30
4205,868,2023,5,4,2023-11-30
4206,869,2023,1,4,2023-11-30
4207,869,2023,2,2,2023-11-30
4208,869,2023,3,2,2023-11-30
4209,869,2023,4,3,2023-11-30
4210,869,2023,5,4,2023-11-30
4211,875,2023,1,5,2023-11-30
4212,875,2023,2,2,2023-11-30
4213,875,2023,3,5,2023-11-30
4214,875,2023,4,5,2023-11-30
4215,875,2023,5,5,2023-11-30
4216,876,2023,1,5,2023-11-30
4217,876,2023,2,4,2023-11-30
4218,876,2023,3,4,2023-11-30
4219,876,2023,4,4,2023-11-30
4220,876,2023,5,2,2023-11-30
4221,880,2023,1,1,2023-11-30
4222,880,2023,2,2,2023-11-30
4223,880,2023,3,4,2023-11-30
4224,880,2023,4,3,2023-11-30
4225,880,2023,5,5,2023-11-30
4226,883,2023,1,1,2023-11-30
4227,883,2023,2,5,2023-11-30
4228,883,2023,3,3,2023-11-30
4229,883,2023,4,3,2023-11-30
4230,883,2023,5,5,2023-11-30
4231,886,2023,1,1,2023-11-30
4232,886,2023,2,4,2023-11-30
4233,886,2023,3,3,2023-11-30
4234,886,2023,4,5,2023-11-30
4235,886,2023,5,1,2023-11-30
4236,895,2023,1,4,2023-11-30
4237,895,2023,2,1,2023-11-30
4238,895,2023,3,5,2023-11-30
4239,895,2023,4,1,2023-11-30
4240,895,2023,5,4,2023-11-30
4241,896,2023,1,4,2023-11-30
4242,896,2023,2,3,2023-11-30
4243,896,2023,3,2,2023-11-30
4244,896,2023,4,4,2023-11-30
4245,896,2023,5,2,2023-11-30
4246,897,2023,1,5,2023-11-30
4247,897,2023,2,3,2023-11-30
4248,897,2023,3,3,2023-11-30
4249,897,2023,4,4,2023-11-30
4250,897,2023,5,1,2023-11-30
4251,898,2023,1,5,2023-11-30
4252,898,2023,2,3,2023-11-30
4253,898,2023,3,3,2023-11-30
4254,898,2023,4,4,2023-11-30
4255,898,2023,5,3,2023-11-30
4256,902,2023,1,4,2023-11-30
4257,902,2023,2,5,2023-11-30
4258,902,2023,3,2,2023-11-30
4259,902,2023,4,3,2023-11-30
4260,902,2023,5,5,2023-11-30
4261,903,2023,1,2,2023-11-30
4262,903,2023,2,3,2023-11-30
4263,903,2023,3,2,2023-11-30
4264,903,2023,4,1,2023-11-30
4265,903,2023,5,3,2023-11-30
4266,904,2023,1,4,2023-11-30
4267,904,2023,2,5,2023-11-30
4268,904,2023,3,4,2023-11-30
4269,904,2023,4,1,2023-11-30
4270,904,2023,5,1,2023-11-30
4271,905,2023,1,4,2023-11-30
4272,905,2023,2,4,2023-11-30
4273,905,2023,3,2,2023-11-30
4274,905,2023,4,4,2023-11-30
4275,905,2023,5,4,2023-11-30
4276,906,2023,1,1,2023-11-30
4277,906,2023,2,1,2023-11-30
4278,906,2023,3,5,2023-11-30
4279,906,2023,4,2,2023-11-30
4280,906,2023,5,5,2023-11-30
4281,908,2023,1,2,2023-11-30
4282,908,2023,2,4,2023-11-30
4283,908,2023,3,2,2023-11-30
4284,908,2023,4,3,2023-11-30
4285,908,2023,5,5,2023-11-30
4286,911,2023,1,2,2023-11-30
4287,911,2023,2,3,2023-11-30
4288,911,2023,3,4,2023-11-30
4289,911,2023,4,1,2023-11-30
4290,911,2023,5,2,2023-11-30
4291,913,2023,1,3,2023-11-30
4292,913,2023,2,1,2023-11-30
4293,913,2023,3,3,2023-11-30
4294,913,2023,4,5,2023-11-30
4295,913,2023,5,5,2023-11-30
4296,914,2023,1,2,2023-11-30
4297,914,2023,2,4,2023-11-30
4298,914,2023,3,5,2023-11-30
4299,914,2023,4,3,2023-11-30
4300,914,2023,5,5,2023-11-30
4301,915,2023,1,1,2023-11-30
4302,915,2023,2,2,2023-11-30
4303,915,2023,3,5,2023-11-30
4304,915,2023,4,4,2023-11-30
4305,915,2023,5,2,2023-11-30
4306,919,2023,1,2,2023-11-30
4307,919,2023,2,3,2023-11-30
4308,919,2023,3,2,2023-11-30
4309,919,2023,4,2,2023-11-30
4310,919,2023,5,3,2023-11-30
4311,921,2023,1,1,2023-11-30
4312,921,2023,2,4,2023-11-30
4313,921,2023,3,4,2023-11-30
4314,921,2023,4,3,2023-11-30
4315,921,2023,5,3,2023-11-30
4316,925,2023,1,2,2023-11-30
4317,925,2023,2,1,2023-11-30
4318,925,2023,3,3,2023-11-30
4319,925,2023,4,5,2023-11-30
4320,925,2023,5,5,2023-11-30
4321,926,2023,1,5,2023-11-30
4322,926,2023,2,3,2023-11-30
4323,926,2023,3,1,2023-11-30
4324,926,2023,4,1,2023-11-30
4325,926,2023,5,3,2023-11-30
4326,927,2023,1,1,2023-11-30
4327,927,2023,2,5,2023-11-30
4328,927,2023,3,4,2023-11-30
4329,927,2023,4,5,2023-11-30
4330,927,2023,5,5,2023-11-30
4331,929,2023,1,5,2023-11-30
4332,929,2023,2,3,2023-11-30
4333,929,2023,3,4,2023-11-30
4334,929,2023,4,4,2023-11-30
4335,929,2023,5,2,2023-11-30
4336,932,2023,1,4,2023-11-30
4337,932,2023,2,2,2023-11-30
4338,932,2023,3,5,2023-11-30
4339,932,2023,4,5,2023-11-30
4340,932,2023,5,1,2023-11-30
4341,937,2023,1,3,2023-11-30
4342,937,2023,2,1,2023-11-30
4343,937,2023,3,4,2023-11-30
4344,937,2023,4,5,2023-11-30
4345,937,2023,5,5,2023-11-30
4346,938,2023,1,1,2023-11-30
4347,938,2023,2,4,2023-11-30
4348,938,2023,3,5,2023-11-30
4349,938,2023,4,1,2023-11-30
4350,938,2023,5,2,2023-11-30
4351,947,2023,1,1,2023-11-30
4352,947,2023,2,3,2023-11-30
4353,947,2023,3,5,2023-11-30
4354,947,2023,4,4,2023-11-30
4355,947,2023,5,5,2023-11-30
4356,948,2023,1,5,2023-11-30
4357,948,2023,2,4,2023-11-30
4358,948,2023,3,5,2023-11-30
4359,948,2023,4,2,2023-11-30
4360,948,2023,5,1,2023-11-30
4361,950,2023,1,4,2023-11-30
4362,950,2023,2,1,2023-11-30
4363,950,2023,3,2,2023-11-30
4364,950,2023,4,1,2023-11-30
4365,950,2023,5,1,2023-11-30
4366,952,2023,1,4,2023-11-30
4367,952,2023,2,1,2023-11-30
4368,952,2023,3,4,2023-11-30
4369,952,2023,4,5,2023-11-30
4370,952,2023,5,3,2023-11-30
4371,953,2023,1,4,2023-11-30
4372,953,2023,2,4,2023-11-30
4373,953,2023,3,1,2023-11-30
4374,953,2023,4,3,2023-11-30
4375,953,2023,5,2,2023-11-30
4376,954,2023,1,1,2023-11-30
4377,954,2023,2,4,2023-11-30
4378,954,2023,3,1,2023-11-30
4379,954,2023,4,5,2023-11-30
4380,954,2023,5,3,2023-11-30
4381,955,2023,1,4,2023-11-30
4382,955,2023,2,5,2023-11-30
4383,955,2023,3,1,2023-11-30
4384,955,2023,4,1,2023-11-30
4385,955,2023,5,3,2023-11-30
4386,957,2023,1,1,2023-11-30
4387,957,2023,2,4,2023-11-30
4388,957,2023,3,2,2023-11-30
4389,957,2023,4,4,2023-11-30
4390,957,2023,5,4,2023-11-30
4391,960,2023,1,2,2023-11-30
4392,960,2023,2,3,2023-11-30
4393,960,2023,3,4,2023-11-30
4394,960,2023,4,5,2023-11-30
4395,960,2023,5,4,2023-11-30
4396,961,2023,1,4,2023-11-30
4397,961,2023,2,4,2023-11-30
4398,961,2023,3,4,2023-11-30
4399,961,2023,4,5,2023-11-30
4400,961,2023,5,3,2023-11-30
4401,962,2023,1,2,2023-11-30
4402,962,2023,2,3,2023-11-30
4403,962,2023,3,1,2023-11-30
4404,962,2023,4,3,2023-11-30
4405,962,2023,5,1,2023-11-30
4406,965,2023,1,2,2023-11-30
4407,965,2023,2,2,2023-11-30
4408,965,2023,3,1,2023-11-30
4409,965,2023,4,3,2023-11-30
4410,965,2023,5,4,2023-11-30
4411,966,2023,1,1,2023-11-30
4412,966,2023,2,2,2023-11-30
4413,966,2023,3,5,2023-11-30
4414,966,2023,4,3,2023-11-30
4415,966,2023,5,2,2023-11-30
4416,967,2023,1,5,2023-11-30
4417,967,2023,2,5,2023-11-30
4418,967,2023,3,5,2023-11-30
4419,967,2023,4,4,2023-11-30
4420,967,2023,5,5,2023-11-30
4421,968,2023,1,5,2023-11-30
4422,968,2023,2,1,2023-11-30
4423,968,2023,3,2,2023-11-30
4424,968,2023,4,5,2023-11-30
4425,968,2023,5,5,2023-11-30
4426,970,2023,1,2,2023-11-30
4427,970,2023,2,2,2023-11-30
4428,970,2023,3,3,2023-11-30
4429,970,2023,4,4,2023-11-30
4430,970,2023,5,5,2023-11-30
4431,972,2023,1,5,2023-11-30
4432,972,2023,2,4,2023-11-30
4433,972,2023,3,3,2023-11-30
4434,972,2023,4,5,2023-11-30
4435,972,2023,5,1,2023-11-30
4436,974,2023,1,1,2023-11-30
4437,974,2023,2,4,2023-11-30
4438,974,2023,3,4,2023-11-30
4439,974,2023,4,5,2023-11-30
4440,974,2023,5,2,2023-11-30
4441,975,2023,1,3,2023-11-30
4442,975,2023,2,1,2023-11-30
4443,975,2023,3,1,2023-11-30
4444,975,2023,4,5,2023-11-30
4445,975,2023,5,4,2023-11-30
4446,977,2023,1,4,2023-11-30
4447,977,2023,2,3,2023-11-30
4448,977,2023,3,2,2023-11-30
4449,977,2023,4,1,2023-11-30
4450,977,2023,5,4,2023-11-30
4451,979,2023,1,4,2023-11-30
4452,979,2023,2,5,2023-11-30
4453,979,2023,3,1,2023-11-30
4454,979,2023,4,4,2023-11-30
4455,979,2023,5,3,2023-11-30
4456,980,2023,1,2,2023-11-30
4457,980,2023,2,1,2023-11-30
4458,980,2023,3,2,2023-11-30
4459,980,2023,4,4,2023-11-30
4460,980,2023,5,2,2023-11-30
4461,981,2023,1,4,2023-11-30
4462,981,2023,2,2,2023-11-30
4463,981,2023,3,1,2023-11-30
4464,981,2023,4,2,2023-11-30
4465,981,2023,5,2,2023-11-30
4466,982,2023,1,4,2023-11-30
4467,982,2023,2,4,2023-11-30
4468,982,2023,3,3,2023-11-30
4469,982,2023,4,4,2023-11-30
4470,982,2023,5,1,2023-11-30
4471,985,2023,1,1,2023-11-30
4472,985,2023,2,3,2023-11-30
4473,985,2023,3,2,2023-11-30
4474,985,2023,4,2,2023-11-30
4475,985,2023,5,5,2023-11-30
4476,990,2023,1,1,2023-11-30
4477,990,2023,2,2,2023-11-30
4478,990,2023,3,5,2023-11-30
4479,990,2023,4,3,2023-11-30
4480,990,2023,5,2,2023-11-30
4481,993,2023,1,2,2023-11-30
4482,993,2023,2,3,2023-11-30
4483,993,2023,3,5,2023-11-30
4484,993,2023,4,3,2023-11-30
4485,993,2023,5,4,2023-11-30
4486,994,2023,1,1,2023-11-30
4487,994,2023,2,4,2023-11-30
4488,994,2023,3,3,2023-11-30
4489,994,2023,4,2,2023-11-30
4490,994,2023,5,1,2023-11-30
4491,995,2023,1,5,2023-11-30
4492,995,2023,2,1,2023-11-30
4493,995,2023,3,3,2023-11-30
4494,995,2023,4,4,2023-11-30
4495,995,2023,5,1,2023-11-30
4496,997,2023,1,4,2023-11-30
4497,997,2023,2,2,2023-11-30
4498,997,2023,3,5,2023-11-30
4499,997,2023,4,3,2023-11-30
4500,997,2023,5,5,2023-11-30
4501,998,2023,1,3,2023-11-30
4502,998,2023,2,3,2023-11-30
4503,998,2023,3,3,2023-11-30
4504,998,2023,4,1,2023-11-30
4505,998,2023,5,5,2023-11-30
4506,1004,2023,1,2,2023-11-30
4507,1004,2023,2,5,2023-11-30
4508,1004,2023,3,4,2023-11-30
4509,1004,2023,4,2,2023-11-30
4510,1004,2023,5,3,2023-11-30
4511,1006,2023,1,4,2023-11-30
4512,1006,2023,2,1,2023-11-30
4513,1006,2023,3,4,2023-11-30
4514,1006,2023,4,2,2023-11-30
4515,1006,2023,5,4,2023-11-30
4516,1007,2023,1,1,2023-11-30
4517,1007,2023,2,4,2023-11-30
4518,1007,2023,3,5,2023-11-30
4519,1007,2023,4,5,2023-11-30
4520,1007,2023,5,5,2023-11-30
4521,1012,2023,1,5,2023-11-30
4522,1012,2023,2,3,2023-11-30
4523,1012,2023,3,2,2023-11-30
4524,1012,2023,4,4,2023-11-30
4525,1012,2023,5,4,2023-11-30
4526,1014,2023,1,1,2023-11-30
4527,1014,2023,2,1,2023-11-30
4528,1014,2023,3,2,2023-11-30
4529,1014,2023,4,3,2023-11-30
4530,1014,2023,5,1,2023-11-30
4531,1019,2023,1,1,2023-11-30
4532,1019,2023,2,1,2023-11-30
4533,1019,2023,3,5,2023-11-30
4534,1019,2023,4,1,2023-11-30
4535,1019,2023,5,1,2023-11-30
4536,1020,2023,1,2,2023-11-30
4537,1020,2023,2,2,2023-11-30
4538,1020,2023,3,2,2023-11-30
4539,1020,2023,4,4,2023-11-30
4540,1020,2023,5,1,2023-11-30
4541,1022,2023,1,5,2023-11-30
4542,1022,2023,2,2,2023-11-30
4543,1022,2023,3,1,2023-11-30
4544,1022,2023,4,3,2023-11-30
4545,1022,2023,5,4,2023-11-30
4546,1023,2023,1,3,2023-11-30
4547,1023,2023,2,5,2023-11-30
4548,1023,2023,3,5,2023-11-30
4549,1023,2023,4,5,2023-11-30
4550,1023,2023,5,1,2023-11-30
4551,1025,2023,1,2,2023-11-30
4552,1025,2023,2,5,2023-11-30
4553,1025,2023,3,5,2023-11-30
4554,1025,2023,4,4,2023-11-30
4555,1025,2023,5,2,2023-11-30
4556,1027,2023,1,4,2023-11-30
4557,1027,2023,2,1,2023-11-30
4558,1027,2023,3,3,2023-11-30
4559,1027,2023,4,2,2023-11-30
4560,1027,2023,5,3,2023-11-30
4561,1029,2023,1,4,2023-11-30
4562,1029,2023,2,1,2023-11-30
4563,1029,2023,3,3,2023-11-30
4564,1029,2023,4,5,2023-11-30
4565,1029,2023,5,4,2023-11-30
4566,1032,2023,1,3,2023-11-30
4567,1032,2023,2,3,2023-11-30
4568,1032,2023,3,2,2023-11-30
4569,1032,2023,4,5,2023-11-30
4570,1032,2023,5,2,2023-11-30
4571,1036,2023,1,3,2023-11-30
4572,1036,2023,2,4,2023-11-30
4573,1036,2023,3,3,2023-11-30
4574,1036,2023,4,3,2023-11-30
4575,1036,2023,5,2,2023-11-30
4576,1041,2023,1,1,2023-11-30
4577,1041,2023,2,5,2023-11-30
4578,1041,2023,3,3,2023-11-30
4579,1041,2023,4,2,2023-11-30
4580,1041,2023,5,2,2023-11-30
4581,1042,2023,1,1,2023-11-30
4582,1042,2023,2,5,2023-11-30
4583,1042,2023,3,2,2023-11-30
4584,1042,2023,4,5,2023-11-30
4585,1042,2023,5,2,2023-11-30
4586,1046,2023,1,2,2023-11-30
4587,1046,2023,2,2,2023-11-30
4588,1046,2023,3,1,2023-11-30
4589,1046,2023,4,3,2023-11-30
4590,1046,2023,5,4,2023-11-30
4591,1048,2023,1,3,2023-11-30
4592,1048,2023,2,5,2023-11-30
4593,1048,2023,3,3,2023-11-30
4594,1048,2023,4,3,2023-11-30
4595,1048,2023,5,3,2023-11-30
4596,1050,2023,1,3,2023-11-30
4597,1050,2023,2,1,2023-11-30
4598,1050,2023,3,2,2023-11-30
4599,1050,2023,4,5,2023-11-30
4600,1050,2023,5,4,2023-11-30
4601,1052,2023,1,2,2023-11-30
4602,1052,2023,2,2,2023-11-30
4603,1052,2023,3,4,2023-11-30
4604,1052,2023,4,4,2023-11-30
4605,1052,2023,5,1,2023-11-30
4606,1053,2023,1,1,2023-11-30
4607,1053,2023,2,2,2023-11-30
4608,1053,2023,3,3,2023-11-30
4609,1053,2023,4,4,2023-11-30
4610,1053,2023,5,4,2023-11-30
4611,1055,2023,1,1,2023-11-30
4612,1055,2023,2,1,2023-11-30
4613,1055,2023,3,1,2023-11-30
4614,1055,2023,4,3,2023-11-30
4615,1055,2023,5,4,2023-11-30
4616,1058,2023,1,2,2023-11-30
4617,1058,2023,2,5,2023-11-30
4618,1058,2023,3,3,2023-11-30
4619,1058,2023,4,5,2023-11-30
4620,1058,2023,5,4,2023-11-30
4621,1061,2023,1,4,2023-11-30
4622,1061,2023,2,1,2023-11-30
4623,1061,2023,3,3,2023-11-30
4624,1061,2023,4,3,2023-11-30
4625,1061,2023,5,1,2023-11-30
4626,1064,2023,1,3,2023-11-30
4627,1064,2023,2,2,2023-11-30
4628,1064,2023,3,3,2023-11-30
4629,1064,2023,4,1,2023-11-30
4630,1064,2023,5,1,2023-11-30
4631,1067,2023,1,2,2023-11-30
4632,1067,2023,2,2,2023-11-30
4633,1067,2023,3,2,2023-11-30
4634,1067,2023,4,1,2023-11-30
4635,1067,2023,5,4,2023-11-30
4636,1069,2023,1,4,2023-11-30
4637,1069,2023,2,1,2023-11-30
4638,1069,2023,3,2,2023-11-30
4639,1069,2023,4,2,2023-11-30
4640,1069,2023,5,1,2023-11-30
4641,1070,2023,1,1,2023-11-30
4642,1070,2023,2,5,2023-11-30
4643,1070,2023,3,2,2023-11-30
4644,1070,2023,4,1,2023-11-30
4645,1070,2023,5,5,2023-11-30
4646,1071,2023,1,1,2023-11-30
4647,1071,2023,2,3,2023-11-30
4648,1071,2023,3,2,2023-11-30
4649,1071,2023,4,4,2023-11-30
4650,1071,2023,5,5,2023-11-30
4651,1072,2023,1,4,2023-11-30
4652,1072,2023,2,4,2023-11-30
4653,1072,2023,3,2,2023-11-30
4654,1072,2023,4,1,2023-11-30
4655,1072,2023,5,4,2023-11-30
4656,1073,2023,1,1,2023-11-30
4657,1073,2023,2,3,2023-11-30
4658,1073,2023,3,1,2023-11-30
4659,1073,2023,4,4,2023-11-30
4660,1073,2023,5,1,2023-11-30
4661,1078,2023,1,2,2023-11-30
4662,1078,2023,2,4,2023-11-30
4663,1078,2023,3,3,2023-11-30
4664,1078,2023,4,2,2023-11-30
4665,1078,2023,5,5,2023-11-30
4666,1079,2023,1,1,2023-11-30
4667,1079,2023,2,2,2023-11-30
4668,1079,2023,3,4,2023-11-30
4669,1079,2023,4,4,2023-11-30
4670,1079,2023,5,4,2023-11-30
4671,1081,2023,1,5,2023-11-30
4672,1081,2023,2,4,2023-11-30
4673,1081,2023,3,5,2023-11-30
4674,1081,2023,4,4,2023-11-30
4675,1081,2023,5,3,2023-11-30
4676,1082,2023,1,4,2023-11-30
4677,1082,2023,2,4,2023-11-30
4678,1082,2023,3,5,2023-11-30
4679,1082,2023,4,3,2023-11-30
4680,1082,2023,5,5,2023-11-30
4681,1083,2023,1,4,2023-11-30
4682,1083,2023,2,5,2023-11-30
4683,1083,2023,3,1,2023-11-30
4684,1083,2023,4,2,2023-11-30
4685,1083,2023,5,1,2023-11-30
4686,1086,2023,1,3,2023-11-30
4687,1086,2023,2,1,2023-11-30
4688,1086,2023,3,2,2023-11-30
4689,1086,2023,4,4,2023-11-30
4690,1086,2023,5,2,2023-11-30
4691,1087,2023,1,4,2023-11-30
4692,1087,2023,2,1,2023-11-30
4693,1087,2023,3,2,2023-11-30
4694,1087,2023,4,4,2023-11-30
4695,1087,2023,5,5,2023-11-30
4696,1088,2023,1,4,2023-11-30
4697,1088,2023,2,2,2023-11-30
4698,1088,2023,3,5,2023-11-30
4699,1088,2023,4,4,2023-11-30
4700,1088,2023,5,1,2023-11-30
4701,1091,2023,1,2,2023-11-30
4702,1091,2023,2,2,2023-11-30
4703,1091,2023,3,2,2023-11-30
4704,1091,2023,4,4,2023-11-30
4705,1091,2023,5,5,2023-11-30
4706,1096,2023,1,3,2023-11-30
4707,1096,2023,2,3,2023-11-30
4708,1096,2023,3,4,2023-11-30
4709,1096,2023,4,5,2023-11-30
4710,1096,2023,5,3,2023-11-30
4711,1098,2023,1,4,2023-11-30
4712,1098,2023,2,2,2023-11-30
4713,1098,2023,3,5,2023-11-30
4714,1098,2023,4,4,2023-11-30
4715,1098,2023,5,5,2023-11-30
4716,1099,2023,1,2,2023-11-30
4717,1099,2023,2,3,2023-11-30
4718,1099,2023,3,5,2023-11-30
4719,1099,2023,4,3,2023-11-30
4720,1099,2023,5,3,2023-11-30
4721,1100,2023,1,1,2023-11-30
4722,1100,2023,2,2,2023-11-30
4723,1100,2023,3,4,2023-11-30
4724,1100,2023,4,4,2023-11-30
4725,1100,2023,5,3,2023-11-30
4726,1105,2023,1,1,2023-11-30
4727,1105,2023,2,3,2023-11-30
4728,1105,2023,3,4,2023-11-30
4729,1105,2023,4,3,2023-11-30
4730,1105,2023,5,2,2023-11-30
4731,1106,2023,1,5,2023-11-30
4732,1106,2023,2,5,2023-11-30
4733,1106,2023,3,5,2023-11-30
4734,1106,2023,4,1,2023-11-30
4735,1106,2023,5,3,2023-11-30
4736,1107,2023,1,3,2023-11-30
4737,1107,2023,2,5,2023-11-30
4738,1107,2023,3,3,2023-11-30
4739,1107,2023,4,4,2023-11-30
4740,1107,2023,5,2,2023-11-30
4741,1110,2023,1,5,2023-11-30
4742,1110,2023,2,2,2023-11-30
4743,1110,2023,3,3,2023-11-30
4744,1110,2023,4,3,2023-11-30
4745,1110,2023,5,2,2023-11-30
4746,1114,2023,1,1,2023-11-30
4747,1114,2023,2,3,2023-11-30
4748,1114,2023,3,1,2023-11-30
4749,1114,2023,4,4,2023-11-30
4750,1114,2023,5,2,2023-11-30
4751,1115,2023,1,3,2023-11-30
4752,1115,2023,2,2,2023-11-30
4753,1115,2023,3,4,2023-11-30
4754,1115,2023,4,5,2023-11-30
4755,1115,2023,5,5,2023-11-30
4756,1116,2023,1,5,2023-11-30
4757,1116,2023,2,2,2023-11-30
4758,1116,2023,3,3,2023-11-30
4759,1116,2023,4,5,2023-11-30
4760,1116,2023,5,4,2023-11-30
4761,1117,2023,1,2,2023-11-30
4762,1117,2023,2,4,2023-11-30
4763,1117,2023,3,2,2023-11-30
4764,1117,2023,4,5,2023-11-30
4765,1117,2023,5,4,2023-11-30
4766,1121,2023,1,3,2023-11-30
4767,1121,2023,2,2,2023-11-30
4768,1121,2023,3,4,2023-11-30
4769,1121,2023,4,1,2023-11-30
4770,1121,2023,5,5,2023-11-30
4771,1124,2023,1,1,2023-11-30
4772,1124,2023,2,5,2023-11-30
4773,1124,2023,3,1,2023-11-30
4774,1124,2023,4,3,2023-11-30
4775,1124,2023,5,3,2023-11-30
4776,1126,2023,1,2,2023-11-30
4777,1126,2023,2,1,2023-11-30
4778,1126,2023,3,5,2023-11-30
4779,1126,2023,4,1,2023-11-30
4780,1126,2023,5,1,2023-11-30
4781,1128,2023,1,4,2023-11-30
4782,1128,2023,2,2,2023-11-30
4783,1128,2023,3,3,2023-11-30
4784,1128,2023,4,5,2023-11-30
4785,1128,2023,5,1,2023-11-30
4786,1129,2023,1,2,2023-11-30
4787,1129,2023,2,1,2023-11-30
4788,1129,2023,3,5,2023-11-30
4789,1129,2023,4,5,2023-11-30
4790,1129,2023,5,4,2023-11-30
4791,1133,2023,1,4,2023-11-30
4792,1133,2023,2,4,2023-11-30
4793,1133,2023,3,2,2023-11-30
4794,1133,2023,4,2,2023-11-30
4795,1133,2023,5,5,2023-11-30
4796,1135,2023,1,2,2023-11-30
4797,1135,2023,2,2,2023-11-30
4798,1135,2023,3,5,2023-11-30
4799,1135,2023,4,5,2023-11-30
4800,1135,2023,5,4,2023-11-30
4801,1136,2023,1,5,2023-11-30
4802,1136,2023,2,2,2023-11-30
4803,1136,2023,3,3,2023-11-30
4804,1136,2023,4,3,2023-11-30
4805,1136,2023,5,2,2023-11-30
4806,1139,2023,1,1,2023-11-30
4807,1139,2023,2,4,2023-11-30
4808,1139,2023,3,1,2023-11-30
4809,1139,2023,4,3,2023-11-30
4810,1139,2023,5,1,2023-11-30
4811,1140,2023,1,3,2023-11-30
4812,1140,2023,2,3,2023-11-30
4813,1140,2023,3,1,2023-11-30
4814,1140,2023,4,1,2023-11-30
4815,1140,2023,5,3,2023-11-30
4816,1141,2023,1,2,2023-11-30
4817,1141,2023,2,3,2023-11-30
4818,1141,2023,3,2,2023-11-30
4819,1141,2023,4,4,2023-11-30
4820,1141,2023,5,2,2023-11-30
4821,1142,2023,1,4,2023-11-30
4822,1142,2023,2,4,2023-11-30
4823,1142,2023,3,1,2023-11-30
4824,1142,2023,4,3,2023-11-30
4825,1142,2023,5,3,2023-11-30
4826,1144,2023,1,3,2023-11-30
4827,1144,2023,2,2,2023-11-30
4828,1144,2023,3,4,2023-11-30
4829,1144,2023,4,3,2023-11-30
4830,1144,2023,5,3,2023-11-30
4831,1147,2023,1,4,2023-11-30
4832,1147,2023,2,1,2023-11-30
4833,1147,2023,3,4,2023-11-30
4834,1147,2023,4,1,2023-11-30
4835,1147,2023,5,1,2023-11-30
4836,1151,2023,1,5,2023-11-30
4837,1151,2023,2,2,2023-11-30
4838,1151,2023,3,3,2023-11-30
4839,1151,2023,4,3,2023-11-30
4840,1151,2023,5,2,2023-11-30
4841,1153,2023,1,5,2023-11-30
4842,1153,2023,2,4,2023-11-30
4843,1153,2023,3,2,2023-11-30
4844,1153,2023,4,4,2023-11-30
4845,1153,2023,5,4,2023-11-30
4846,1154,2023,1,2,2023-11-30
4847,1154,2023,2,1,2023-11-30
4848,1154,2023,3,3,2023-11-30
4849,1154,2023,4,5,2023-11-30
4850,1154,2023,5,5,2023-11-30
4851,1155,2023,1,1,2023-11-30
4852,1155,2023,2,5,2023-11-30
4853,1155,2023,3,2,2023-11-30
4854,1155,2023,4,3,2023-11-30
4855,1155,2023,5,5,2023-11-30
4856,1157,2023,1,2,2023-11-30
4857,1157,2023,2,3,2023-11-30
4858,1157,2023,3,4,2023-11-30
4859,1157,2023,4,4,2023-11-30
4860,1157,2023,5,2,2023-11-30
4861,1158,2023,1,1,2023-11-30
4862,1158,2023,2,1,2023-11-30
4863,1158,2023,3,3,2023-11-30
4864,1158,2023,4,3,2023-11-30
4865,1158,2023,5,4,2023-11-30
4866,1160,2023,1,5,2023-11-30
4867,1160,2023,2,2,2023-11-30
4868,1160,2023,3,4,2023-11-30
4869,1160,2023,4,4,2023-11-30
4870,1160,2023,5,5,2023-11-30
4871,1162,2023,1,1,2023-11-30
4872,1162,2023,2,1,2023-11-30
4873,1162,2023,3,1,2023-11-30
4874,1162,2023,4,2,2023-11-30
4875,1162,2023,5,4,2023-11-30
4876,1163,2023,1,1,2023-11-30
4877,1163,2023,2,4,2023-11-30
4878,1163,2023,3,3,2023-11-30
4879,1163,2023,4,1,2023-11-30
4880,1163,2023,5,4,2023-11-30
4881,1166,2023,1,5,2023-11-30
4882,1166,2023,2,3,2023-11-30
4883,1166,2023,3,2,2023-11-30
4884,1166,2023,4,5,2023-11-30
4885,1166,2023,5,3,2023-11-30
4886,1167,2023,1,3,2023-11-30
4887,1167,2023,2,5,2023-11-30
4888,1167,2023,3,4,2023-11-30
4889,1167,2023,4,4,2023-11-30
4890,1167,2023,5,3,2023-11-30
4891,1168,2023,1,4,2023-11-30
4892,1168,2023,2,3,2023-11-30
4893,1168,2023,3,4,2023-11-30
4894,1168,2023,4,5,2023-11-30
4895,1168,2023,5,5,2023-11-30
4896,1169,2023,1,3,2023-11-30
4897,1169,2023,2,2,2023-11-30
4898,1169,2023,3,5,2023-11-30
4899,1169,2023,4,4,2023-11-30
4900,1169,2023,5,1,2023-11-30
4901,1170,2023,1,3,2023-11-30
4902,1170,2023,2,2,2023-11-30
4903,1170,2023,3,1,2023-11-30
4904,1170,2023,4,1,2023-11-30
4905,1170,2023,5,3,2023-11-30
4906,1171,2023,1,3,2023-11-30
4907,1171,2023,2,4,2023-11-30
4908,1171,2023,3,5,2023-11-30
4909,1171,2023,4,2,2023-11-30
4910,1171,2023,5,2,2023-11-30
4911,1173,2023,1,4,2023-11-30
4912,1173,2023,2,1,2023-11-30
4913,1173,2023,3,1,2023-11-30
4914,1173,2023,4,3,2023-11-30
4915,1173,2023,5,3,2023-11-30
4916,1174,2023,1,5,2023-11-30
4917,1174,2023,2,3,2023-11-30
4918,1174,2023,3,4,2023-11-30
4919,1174,2023,4,1,2023-11-30
4920,1174,2023,5,5,2023-11-30
4921,1175,2023,1,5,2023-11-30
4922,1175,2023,2,2,2023-11-30
4923,1175,2023,3,2,2023-11-30
4924,1175,2023,4,5,2023-11-30
4925,1175,2023,5,3,2023-11-30
4926,1176,2023,1,5,2023-11-30
4927,1176,2023,2,1,2023-11-30
4928,1176,2023,3,4,2023-11-30
4929,1176,2023,4,3,2023-11-30
4930,1176,2023,5,3,2023-11-30
4931,1177,2023,1,4,2023-11-30
4932,1177,2023,2,3,2023-11-30
4933,1177,2023,3,2,2023-11-30
4934,1177,2023,4,2,2023-11-30
4935,1177,2023,5,5,2023-11-30
4936,1180,2023,1,2,2023-11-30
4937,1180,2023,2,2,2023-11-30
4938,1180,2023,3,2,2023-11-30
4939,1180,2023,4,1,2023-11-30
4940,1180,2023,5,3,2023-11-30
4941,1182,2023,1,2,2023-11-30
4942,1182,2023,2,1,2023-11-30
4943,1182,2023,3,1,2023-11-30
4944,1182,2023,4,3,2023-11-30
4945,1182,2023,5,1,2023-11-30
4946,1186,2023,1,5,2023-11-30
4947,1186,2023,2,2,2023-11-30
4948,1186,2023,3,2,2023-11-30
4949,1186,2023,4,3,2023-11-30
4950,1186,2023,5,2,2023-11-30
4951,1189,2023,1,3,2023-11-30
4952,1189,2023,2,3,2023-11-30
4953,1189,2023,3,2,2023-11-30
4954,1189,2023,4,4,2023-11-30
4955,1189,2023,5,4,2023-11-30
4956,1190,2023,1,5,2023-11-30
4957,1190,2023,2,4,2023-11-30
4958,1190,2023,3,1,2023-11-30
4959,1190,2023,4,1,2023-11-30
4960,1190,2023,5,2,2023-11-30
4961,1191,2023,1,3,2023-11-30
4962,1191,2023,2,4,2023-11-30
4963,1191,2023,3,1,2023-11-30
4964,1191,2023,4,5,2023-11-30
4965,1191,2023,5,4,2023-11-30
4966,1192,2023,1,5,2023-11-30
4967,1192,2023,2,3,2023-11-30
4968,1192,2023,3,3,2023-11-30
4969,1192,2023,4,1,2023-11-30
4970,1192,2023,5,1,2023-11-30
4971,1193,2023,1,2,2023-11-30
4972,1193,2023,2,3,2023-11-30
4973,1193,2023,3,2,2023-11-30
4974,1193,2023,4,1,2023-11-30
4975,1193,2023,5,1,2023-11-30
4976,1194,2023,1,2,2023-11-30
4977,1194,2023,2,3,2023-11-30
4978,1194,2023,3,5,2023-11-30
4979,1194,2023,4,3,2023-11-30
4980,1194,2023,5,3,2023-11-30
4981,1195,2023,1,5,2023-11-30
4982,1195,2023,2,2,2023-11-30
4983,1195,2023,3,3,2023-11-30
4984,1195,2023,4,1,2023-11-30
4985,1195,2023,5,2,2023-11-30
4986,1198,2023,1,4,2023-11-30
4987,1198,2023,2,1,2023-11-30
4988,1198,2023,3,3,2023-11-30
4989,1198,2023,4,3,2023-11-30
4990,1198,2023,5,1,2023-11-30
4991,1200,2023,1,5,2023-11-30
4992,1200,2023,2,1,2023-11-30
4993,1200,2023,3,2,2023-11-30
4994,1200,2023,4,1,2023-11-30
4995,1200,2023,5,5,2023-11-30
4996,1,2024,1,1,2024-11-30
4997,1,2024,2,1,2024-11-30
4998,1,2024,3,4,2024-11-30
4999,1,2024,4,1,2024-11-30
5000,1,2024,5,3,2024-11-30
5001,2,2024,1,3,2024-11-30
5002,2,2024,2,1,2024-11-30
5003,2,2024,3,5,2024-11-30
5004,2,2024,4,3,2024-11-30
5005,2,2024,5,4,2024-11-30
5006,5,2024,1,4,2024-11-30
5007,5,2024,2,3,2024-11-30
5008,5,2024,3,2,2024-11-30
5009,5,2024,4,2,2024-11-30
5010,5,2024,5,1,2024-11-30
5011,14,2024,1,2,2024-11-30
5012,14,2024,2,2,2024-11-30
5013,14,2024,3,1,2024-11-30
5014,14,2024,4,3,2024-11-30
5015,14,2024,5,4,2024-11-30
5016,15,2024,1,3,2024-11-30
5017,15,2024,2,1,2024-11-30
5018,15,2024,3,3,2024-11-30
5019,15,2024,4,5,2024-11-30
5020,15,2024,5,4,2024-11-30
5021,16,2024,1,4,2024-11-30
5022,16,2024,2,5,2024-11-30
5023,16,2024,3,5,2024-11-30
5024,16,2024,4,3,2024-11-30
5025,16,2024,5,3,2024-11-30
5026,17,2024,1,4,2024-11-30
5027,17,2024,2,5,2024-11-30
5028,17,2024,3,2,2024-11-30
5029,17,2024,4,2,2024-11-30
5030,17,2024,5,3,2024-11-30
5031,19,2024,1,5,2024-11-30
5032,19,2024,2,2,2024-11-30
5033,19,2024,3,4,2024-11-30
5034,19,2024,4,2,2024-11-30
5035,19,2024,5,2,2024-11-30
5036,22,2024,1,1,2024-11-30
5037,22,2024,2,3,2024-11-30
5038,22,2024,3,4,2024-11-30
5039,22,2024,4,3,2024-11-30
5040,22,2024,5,1,2024-11-30
5041,25,2024,1,3,2024-11-30
5042,25,2024,2,2,2024-11-30
5043,25,2024,3,1,2024-11-30
5044,25,2024,4,3,2024-11-30
5045,25,2024,5,1,2024-11-30
5046,26,2024,1,1,2024-11-30
5047,26,2024,2,4,2024-11-30
5048,26,2024,3,1,2024-11-30
5049,26,2024,4,3,2024-11-30
5050,26,2024,5,5,2024-11-30
5051,27,2024,1,3,2024-11-30
5052,27,2024,2,3,2024-11-30
5053,27,2024,3,3,2024-11-30
5054,27,2024,4,2,2024-11-30
5055,27,2024,5,2,2024-11-30
5056,29,2024,1,3,2024-11-30
5057,29,2024,2,2,2024-11-30
5058,29,2024,3,1,2024-11-30
5059,29,2024,4,5,2024-11-30
5060,29,2024,5,3,2024-11-30
5061,34,2024,1,2,2024-11-30
5062,34,2024,2,1,2024-11-30
5063,34,2024,3,3,2024-11-30
5064,34,2024,4,4,2024-11-30
5065,34,2024,5,4,2024-11-30
5066,35,2024,1,3,2024-11-30
5067,35,2024,2,2,2024-11-30
5068,35,2024,3,3,2024-11-30
5069,35,2024,4,5,2024-11-30
5070,35,2024,5,2,2024-11-30
5071,36,2024,1,1,2024-11-30
5072,36,2024,2,1,2024-11-30
5073,36,2024,3,5,2024-11-30
5074,36,2024,4,5,2024-11-30
5075,36,2024,5,3,2024-11-30
5076,38,2024,1,4,2024-11-30
5077,38,2024,2,2,2024-11-30
5078,38,2024,3,1,2024-11-30
5079,38,2024,4,3,2024-11-30
5080,38,2024,5,5,2024-11-30
5081,40,2024,1,5,2024-11-30
5082,40,2024,2,4,2024-11-30
5083,40,2024,3,2,2024-11-30
5084,40,2024,4,5,2024-11-30
5085,40,2024,5,3,2024-11-30
5086,43,2024,1,2,2024-11-30
5087,43,2024,2,4,2024-11-30
5088,43,2024,3,5,2024-11-30
5089,43,2024,4,1,2024-11-30
5090,43,2024,5,2,2024-11-30
5091,45,2024,1,1,2024-11-30
5092,45,2024,2,3,2024-11-30
5093,45,2024,3,2,2024-11-30
5094,45,2024,4,5,2024-11-30
5095,45,2024,5,5,2024-11-30
5096,49,2024,1,3,2024-11-30
5097,49,2024,2,5,2024-11-30
5098,49,2024,3,3,2024-11-30
5099,49,2024,4,4,2024-11-30
5100,49,2024,5,1,2024-11-30
5101,52,2024,1,3,2024-11-30
5102,52,2024,2,2,2024-11-30
5103,52,2024,3,2,2024-11-30
5104,52,2024,4,3,2024-11-30
5105,52,2024,5,4,2024-11-30
5106,53,2024,1,1,2024-11-30
5107,53,2024,2,5,2024-11-30
5108,53,2024,3,2,2024-11-30
5109,53,2024,4,2,2024-11-30
5110,53,2024,5,2,2024-11-30
5111,54,2024,1,3,2024-11-30
5112,54,2024,2,2,2024-11-30
5113,54,2024,3,3,2024-11-30
5114,54,2024,4,2,2024-11-30
5115,54,2024,5,3,2024-11-30
5116,55,2024,1,1,2024-11-30
5117,55,2024,2,2,2024-11-30
5118,55,2024,3,2,2024-11-30
5119,55,2024,4,4,2024-11-30
5120,55,2024,5,3,2024-11-30
5121,59,2024,1,4,2024-11-30
5122,59,2024,2,1,2024-11-30
5123,59,2024,3,4,2024-11-30
5124,59,2024,4,3,2024-11-30
5125,59,2024,5,5,2024-11-30
5126,60,2024,1,1,2024-11-30
5127,60,2024,2,2,2024-11-30
5128,60,2024,3,4,2024-11-30
5129,60,2024,4,4,2024-11-30
5130,60,2024,5,1,2024-11-30
5131,62,2024,1,3,2024-11-30
5132,62,2024,2,1,2024-11-30
5133,62,2024,3,4,2024-11-30
5134,62,2024,4,5,2024-11-30
5135,62,2024,5,2,2024-11-30
5136,63,2024,1,5,2024-11-30
5137,63,2024,2,4,2024-11-30
5138,63,2024,3,4,2024-11-30
5139,63,2024,4,5,2024-11-30
5140,63,2024,5,3,2024-11-30
5141,64,2024,1,4,2024-11-30
5142,64,2024,2,4,2024-11-30
5143,64,2024,3,5,2024-11-30
5144,64,2024,4,4,2024-11-30
5145,64,2024,5,5,2024-11-30
5146,69,2024,1,5,2024-11-30
5147,69,2024,2,5,2024-11-30
5148,69,2024,3,2,2024-11-30
5149,69,2024,4,3,2024-11-30
5150,69,2024,5,5,2024-11-30
5151,70,2024,1,1,2024-11-30
5152,70,2024,2,5,2024-11-30
5153,70,2024,3,3,2024-11-30
5154,70,2024,4,2,2024-11-30
5155,70,2024,5,4,2024-11-30
5156,71,2024,1,5,2024-11-30
5157,71,2024,2,1,2024-11-30
5158,71,2024,3,4,2024-11-30
5159,71,2024,4,1,2024-11-30
5160,71,2024,5,1,2024-11-30
5161,72,2024,1,5,2024-11-30
5162,72,2024,2,5,2024-11-30
5163,72,2024,3,5,2024-11-30
5164,72,2024,4,3,2024-11-30
5165,72,2024,5,3,2024-11-30
5166,73,2024,1,5,2024-11-30
5167,73,2024,2,5,2024-11-30
5168,73,2024,3,1,2024-11-30
5169,73,2024,4,3,2024-11-30
5170,73,2024,5,5,2024-11-30
5171,75,2024,1,3,2024-11-30
5172,75,2024,2,3,2024-11-30
5173,75,2024,3,3,2024-11-30
5174,75,2024,4,3,2024-11-30
5175,75,2024,5,1,2024-11-30
5176,76,2024,1,1,2024-11-30
5177,76,2024,2,1,2024-11-30
5178,76,2024,3,5,2024-11-30
5179,76,2024,4,1,2024-11-30
5180,76,2024,5,3,2024-11-30
5181,77,2024,1,4,2024-11-30
5182,77,2024,2,1,2024-11-30
5183,77,2024,3,2,2024-11-30
5184,77,2024,4,5,2024-11-30
5185,77,2024,5,1,2024-11-30
5186,78,2024,1,4,2024-11-30
5187,78,2024,2,4,2024-11-30
5188,78,2024,3,1,2024-11-30
5189,78,2024,4,4,2024-11-30
5190,78,2024,5,2,2024-11-30
5191,80,2024,1,4,2024-11-30
5192,80,2024,2,2,2024-11-30
5193,80,2024,3,3,2024-11-30
5194,80,2024,4,3,2024-11-30
5195,80,2024,5,4,2024-11-30
5196,83,2024,1,3,2024-11-30
5197,83,2024,2,2,2024-11-30
5198,83,2024,3,3,2024-11-30
5199,83,2024,4,3,2024-11-30
5200,83,2024,5,2,2024-11-30
5201,85,2024,1,5,2024-11-30
5202,85,2024,2,3,2024-11-30
5203,85,2024,3,2,2024-11-30
5204,85,2024,4,1,2024-11-30
5205,85,2024,5,5,2024-11-30
5206,88,2024,1,3,2024-11-30
5207,88,2024,2,2,2024-11-30
5208,88,2024,3,1,2024-11-30
5209,88,2024,4,2,2024-11-30
5210,88,2024,5,1,2024-11-30
5211,89,2024,1,2,2024-11-30
5212,89,2024,2,1,2024-11-30
5213,89,2024,3,4,2024-11-30
5214,89,2024,4,5,2024-11-30
5215,89,2024,5,1,2024-11-30
5216,90,2024,1,5,2024-11-30
5217,90,2024,2,5,2024-11-30
5218,90,2024,3,5,2024-11-30
5219,90,2024,4,1,2024-11-30
5220,90,2024,5,4,2024-11-30
5221,91,2024,1,3,2024-11-30
5222,91,2024,2,4,2024-11-30
5223,91,2024,3,5,2024-11-30
5224,91,2024,4,5,2024-11-30
5225,91,2024,5,4,2024-11-30
5226,92,2024,1,1,2024-11-30
5227,92,2024,2,4,2024-11-30
5228,92,2024,3,5,2024-11-30
5229,92,2024,4,1,2024-11-30
5230,92,2024,5,1,2024-11-30
5231,94,2024,1,1,2024-11-30
5232,94,2024,2,2,2024-11-30
5233,94,2024,3,1,2024-11-30
5234,94,2024,4,1,2024-11-30
5235,94,2024,5,3,2024-11-30
5236,96,2024,1,5,2024-11-30
5237,96,2024,2,4,2024-11-30
5238,96,2024,3,2,2024-11-30
5239,96,2024,4,4,2024-11-30
5240,96,2024,5,1,2024-11-30
5241,97,2024,1,1,2024-11-30
5242,97,2024,2,2,2024-11-30
5243,97,2024,3,4,2024-11-30
5244,97,2024,4,5,2024-11-30
5245,97,2024,5,5,2024-11-30
5246,99,2024,1,5,2024-11-30
5247,99,2024,2,2,2024-11-30
5248,99,2024,3,4,2024-11-30
5249,99,2024,4,4,2024-11-30
5250,99,2024,5,5,2024-11-30
5251,100,2024,1,4,2024-11-30
5252,100,2024,2,5,2024-11-30
5253,100,2024,3,4,2024-11-30
5254,100,2024,4,4,2024-11-30
5255,100,2024,5,1,2024-11-30
5256,103,2024,1,3,2024-11-30
5257,103,2024,2,4,2024-11-30
5258,103,2024,3,3,2024-11-30
5259,103,2024,4,1,2024-11-30
5260,103,2024,5,4,2024-11-30
5261,105,2024,1,5,2024-11-30
5262,105,2024,2,2,2024-11-30
5263,105,2024,3,5,2024-11-30
5264,105,2024,4,4,2024-11-30
5265,105,2024,5,1,2024-11-30
5266,106,2024,1,4,2024-11-30
5267,106,2024,2,2,2024-11-30
5268,106,2024,3,2,2024-11-30
5269,106,2024,4,2,2024-11-30
5270,106,2024,5,1,2024-11-30
5271,113,2024,1,5,2024-11-30
5272,113,2024,2,3,2024-11-30
5273,113,2024,3,5,2024-11-30
5274,113,2024,4,5,2024-11-30
5275,113,2024,5,3,2024-11-30
5276,117,2024,1,4,2024-11-30
5277,117,2024,2,1,2024-11-30
5278,117,2024,3,2,2024-11-30
5279,117,2024,4,3,2024-11-30
5280,117,2024,5,5,2024-11-30
5281,121,2024,1,5,2024-11-30
5282,121,2024,2,4,2024-11-30
5283,121,2024,3,3,2024-11-30
5284,121,2024,4,3,2024-11-30
5285,121,2024,5,1,2024-11-30
5286,125,2024,1,3,2024-11-30
5287,125,2024,2,2,2024-11-30
5288,125,2024,3,5,2024-11-30
5289,125,2024,4,5,2024-11-30
5290,125,2024,5,1,2024-11-30
5291,127,2024,1,4,2024-11-30
5292,127,2024,2,5,2024-11-30
5293,127,2024,3,3,2024-11-30
5294,127,2024,4,1,2024-11-30
5295,127,2024,5,2,2024-11-30
5296,128,2024,1,3,2024-11-30
5297,128,2024,2,4,2024-11-30
5298,128,2024,3,1,2024-11-30
5299,128,2024,4,4,2024-11-30
5300,128,2024,5,3,2024-11-30
5301,129,2024,1,4,2024-11-30
5302,129,2024,2,3,2024-11-30
5303,129,2024,3,4,2024-11-30
5304,129,2024,4,2,2024-11-30
5305,129,2024,5,5,2024-11-30
5306,134,2024,1,3,2024-11-30
5307,134,2024,2,4,2024-11-30
5308,134,2024,3,4,2024-11-30
5309,134,2024,4,1,2024-11-30
5310,134,2024,5,5,2024-11-30
5311,135,2024,1,1,2024-11-30
5312,135,2024,2,5,2024-11-30
5313,135,2024,3,5,2024-11-30
5314,135,2024,4,3,2024-11-30
5315,135,2024,5,4,2024-11-30
5316,136,2024,1,4,2024-11-30
5317,136,2024,2,1,2024-11-30
5318,136,2024,3,5,2024-11-30
5319,136,2024,4,5,2024-11-30
5320,136,2024,5,1,2024-11-30
5321,138,2024,1,1,2024-11-30
5322,138,2024,2,5,2024-11-30
5323,138,2024,3,5,2024-11-30
5324,138,2024,4,1,2024-11-30
5325,138,2024,5,3,2024-11-30
5326,140,2024,1,3,2024-11-30
5327,140,2024,2,1,2024-11-30
5328,140,2024,3,3,2024-11-30
5329,140,2024,4,5,2024-11-30
5330,140,2024,5,4,2024-11-30
5331,141,2024,1,2,2024-11-30
5332,141,2024,2,2,2024-11-30
5333,141,2024,3,4,2024-11-30
5334,141,2024,4,4,2024-11-30
5335,141,2024,5,2,2024-11-30
5336,143,2024,1,1,2024-11-30
5337,143,2024,2,3,2024-11-30
5338,143,2024,3,5,2024-11-30
5339,143,2024,4,1,2024-11-30
5340,143,2024,5,5,2024-11-30
5341,149,2024,1,1,2024-11-30
5342,149,2024,2,5,2024-11-30
5343,149,2024,3,4,2024-11-30
5344,149,2024,4,1,2024-11-30
5345,149,2024,5,5,2024-11-30
5346,150,2024,1,4,2024-11-30
5347,150,2024,2,4,2024-11-30
5348,150,2024,3,3,2024-11-30
5349,150,2024,4,3,2024-11-30
5350,150,2024,5,5,2024-11-30
5351,151,2024,1,1,2024-11-30
5352,151,2024,2,3,2024-11-30
5353,151,2024,3,4,2024-11-30
5354,151,2024,4,1,2024-11-30
5355,151,2024,5,4,2024-11-30
5356,154,2024,1,4,2024-11-30
5357,154,2024,2,4,2024-11-30
5358,154,2024,3,5,2024-11-30
5359,154,2024,4,3,2024-11-30
5360,154,2024,5,3,2024-11-30
5361,157,2024,1,2,2024-11-30
5362,157,2024,2,3,2024-11-30
5363,157,2024,3,1,2024-11-30
5364,157,2024,4,2,2024-11-30
5365,157,2024,5,4,2024-11-30
5366,159,2024,1,1,2024-11-30
5367,159,2024,2,3,2024-11-30
5368,159,2024,3,3,2024-11-30
5369,159,2024,4,3,2024-11-30
5370,159,2024,5,3,2024-11-30
5371,162,2024,1,3,2024-11-30
5372,162,2024,2,3,2024-11-30
5373,162,2024,3,3,2024-11-30
5374,162,2024,4,1,2024-11-30
5375,162,2024,5,3,2024-11-30
5376,164,2024,1,4,2024-11-30
5377,164,2024,2,2,2024-11-30
5378,164,2024,3,4,2024-11-30
5379,164,2024,4,2,2024-11-30
5380,164,2024,5,2,2024-11-30
5381,165,2024,1,4,2024-11-30
5382,165,2024,2,1,2024-11-30
5383,165,2024,3,4,2024-11-30
5384,165,2024,4,1,2024-11-30
5385,165,2024,5,4,2024-11-30
5386,166,2024,1,3,2024-11-30
5387,166,2024,2,4,2024-11-30
5388,166,2024,3,2,2024-11-30
5389,166,2024,4,4,2024-11-30
5390,166,2024,5,2,2024-11-30
5391,167,2024,1,1,2024-11-30
5392,167,2024,2,1,2024-11-30
5393,167,2024,3,2,2024-11-30
5394,167,2024,4,3,2024-11-30
5395,167,2024,5,1,2024-11-30
5396,173,2024,1,4,2024-11-30
5397,173,2024,2,1,2024-11-30
5398,173,2024,3,3,2024-11-30
5399,173,2024,4,3,2024-11-30
5400,173,2024,5,4,2024-11-30
5401,174,2024,1,2,2024-11-30
5402,174,2024,2,4,2024-11-30
5403,174,2024,3,4,2024-11-30
5404,174,2024,4,2,2024-11-30
5405,174,2024,5,3,2024-11-30
5406,175,2024,1,2,2024-11-30
5407,175,2024,2,5,2024-11-30
5408,175,2024,3,2,2024-11-30
5409,175,2024,4,4,2024-11-30
5410,175,2024,5,5,2024-11-30
5411,177,2024,1,4,2024-11-30
5412,177,2024,2,5,2024-11-30
5413,177,2024,3,3,2024-11-30
5414,177,2024,4,3,2024-11-30
5415,177,2024,5,3,2024-11-30
5416,179,2024,1,5,2024-11-30
5417,179,2024,2,1,2024-11-30
5418,179,2024,3,1,2024-11-30
5419,179,2024,4,3,2024-11-30
5420,179,2024,5,3,2024-11-30
5421,182,2024,1,3,2024-11-30
5422,182,2024,2,5,2024-11-30
5423,182,2024,3,2,2024-11-30
5424,182,2024,4,2,2024-11-30
5425,182,2024,5,4,2024-11-30
5426,183,2024,1,4,2024-11-30
5427,183,2024,2,3,2024-11-30
5428,183,2024,3,3,2024-11-30
5429,183,2024,4,2,2024-11-30
5430,183,2024,5,2,2024-11-30
5431,184,2024,1,1,2024-11-30
5432,184,2024,2,4,2024-11-30
5433,184,2024,3,3,2024-11-30
5434,184,2024,4,5,2024-11-30
5435,184,2024,5,4,2024-11-30
5436,187,2024,1,5,2024-11-30
5437,187,2024,2,2,2024-11-30
5438,187,2024,3,3,2024-11-30
5439,187,2024,4,3,2024-11-30
5440,187,2024,5,2,2024-11-30
5441,188,2024,1,2,2024-11-30
5442,188,2024,2,1,2024-11-30
5443,188,2024,3,3,2024-11-30
5444,188,2024,4,2,2024-11-30
5445,188,2024,5,4,2024-11-30
5446,189,2024,1,5,2024-11-30
5447,189,2024,2,5,2024-11-30
5448,189,2024,3,4,2024-11-30
5449,189,2024,4,3,2024-11-30
5450,189,2024,5,4,2024-11-30
5451,194,2024,1,3,2024-11-30
5452,194,2024,2,5,2024-11-30
5453,194,2024,3,4,2024-11-30
5454,194,2024,4,5,2024-11-30
5455,194,2024,5,1,2024-11-30
5456,196,2024,1,3,2024-11-30
5457,196,2024,2,3,2024-11-30
5458,196,2024,3,3,2024-11-30
5459,196,2024,4,1,2024-11-30
5460,196,2024,5,4,2024-11-30
5461,197,2024,1,1,2024-11-30
5462,197,2024,2,1,2024-11-30
5463,197,2024,3,1,2024-11-30
5464,197,2024,4,1,2024-11-30
5465,197,2024,5,4,2024-11-30
5466,198,2024,1,3,2024-11-30
5467,198,2024,2,2,2024-11-30
5468,198,2024,3,4,2024-11-30
5469,198,2024,4,2,2024-11-30
5470,198,2024,5,2,2024-11-30
5471,199,2024,1,2,2024-11-30
5472,199,2024,2,3,2024-11-30
5473,199,2024,3,1,2024-11-30
5474,199,2024,4,4,2024-11-30
5475,199,2024,5,4,2024-11-30
5476,203,2024,1,5,2024-11-30
5477,203,2024,2,5,2024-11-30
5478,203,2024,3,2,2024-11-30
5479,203,2024,4,4,2024-11-30
5480,203,2024,5,5,2024-11-30
5481,205,2024,1,1,2024-11-30
5482,205,2024,2,1,2024-11-30
5483,205,2024,3,5,2024-11-30
5484,205,2024,4,1,2024-11-30
5485,205,2024,5,3,2024-11-30
5486,208,2024,1,1,2024-11-30
5487,208,2024,2,4,2024-11-30
5488,208,2024,3,1,2024-11-30
5489,208,2024,4,3,2024-11-30
5490,208,2024,5,2,2024-11-30
5491,209,2024,1,5,2024-11-30
5492,209,2024,2,3,2024-11-30
5493,209,2024,3,5,2024-11-30
5494,209,2024,4,5,2024-11-30
5495,209,2024,5,1,2024-11-30
5496,213,2024,1,2,2024-11-30
5497,213,2024,2,5,2024-11-30
5498,213,2024,3,2,2024-11-30
5499,213,2024,4,5,2024-11-30
5500,213,2024,5,5,2024-11-30
5501,216,2024,1,5,2024-11-30
5502,216,2024,2,5,2024-11-30
5503,216,2024,3,4,2024-11-30
5504,216,2024,4,3,2024-11-30
5505,216,2024,5,5,2024-11-30
5506,217,2024,1,5,2024-11-30
5507,217,2024,2,3,2024-11-30
5508,217,2024,3,3,2024-11-30
5509,217,2024,4,5,2024-11-30
5510,217,2024,5,2,2024-11-30
5511,218,2024,1,3,2024-11-30
5512,218,2024,2,2,2024-11-30
5513,218,2024,3,5,2024-11-30
5514,218,2024,4,3,2024-11-30
5515,218,2024,5,2,2024-11-30
5516,219,2024,1,4,2024-11-30
5517,219,2024,2,2,2024-11-30
5518,219,2024,3,1,2024-11-30
5519,219,2024,4,3,2024-11-30
5520,219,2024,5,5,2024-11-30
5521,221,2024,1,5,2024-11-30
5522,221,2024,2,5,2024-11-30
5523,221,2024,3,1,2024-11-30
5524,221,2024,4,1,2024-11-30
5525,221,2024,5,3,2024-11-30
5526,223,2024,1,2,2024-11-30
5527,223,2024,2,3,2024-11-30
5528,223,2024,3,1,2024-11-30
5529,223,2024,4,2,2024-11-30
5530,223,2024,5,3,2024-11-30
5531,224,2024,1,3,2024-11-30
5532,224,2024,2,4,2024-11-30
5533,224,2024,3,5,2024-11-30
5534,224,2024,4,4,2024-11-30
5535,224,2024,5,4,2024-11-30
5536,225,2024,1,5,2024-11-30
5537,225,2024,2,4,2024-11-30
5538,225,2024,3,3,2024-11-30
5539,225,2024,4,5,2024-11-30
5540,225,2024,5,5,2024-11-30
5541,226,2024,1,1,2024-11-30
5542,226,2024,2,1,2024-11-30
5543,226,2024,3,5,2024-11-30
5544,226,2024,4,5,2024-11-30
5545,226,2024,5,1,2024-11-30
5546,227,2024,1,2,2024-11-30
5547,227,2024,2,4,2024-11-30
5548,227,2024,3,4,2024-11-30
5549,227,2024,4,3,2024-11-30
5550,227,2024,5,2,2024-11-30
5551,230,2024,1,4,2024-11-30
5552,230,2024,2,1,2024-11-30
5553,230,2024,3,5,2024-11-30
5554,230,2024,4,4,2024-11-30
5555,230,2024,5,2,2024-11-30
5556,231,2024,1,4,2024-11-30
5557,231,2024,2,5,2024-11-30
5558,231,2024,3,1,2024-11-30
5559,231,2024,4,4,2024-11-30
5560,231,2024,5,5,2024-11-30
5561,233,2024,1,5,2024-11-30
5562,233,2024,2,3,2024-11-30
5563,233,2024,3,1,2024-11-30
5564,233,2024,4,2,2024-11-30
5565,233,2024,5,3,2024-11-30
5566,234,2024,1,3,2024-11-30
5567,234,2024,2,5,2024-11-30
5568,234,2024,3,4,2024-11-30
5569,234,2024,4,2,2024-11-30
5570,234,2024,5,3,2024-11-30
5571,237,2024,1,1,2024-11-30
5572,237,2024,2,1,2024-11-30
5573,237,2024,3,3,2024-11-30
5574,237,2024,4,5,2024-11-30
5575,237,2024,5,1,2024-11-30
5576,239,2024,1,1,2024-11-30
5577,239,2024,2,3,2024-11-30
5578,239,2024,3,5,2024-11-30
5579,239,2024,4,5,2024-11-30
5580,239,2024,5,3,2024-11-30
5581,242,2024,1,4,2024-11-30
5582,242,2024,2,4,2024-11-30
5583,242,2024,3,5,2024-11-30
5584,242,2024,4,2,2024-11-30
5585,242,2024,5,4,2024-11-30
5586,248,2024,1,1,2024-11-30
5587,248,2024,2,4,2024-11-30
5588,248,2024,3,3,2024-11-30
5589,248,2024,4,1,2024-11-30
5590,248,2024,5,2,2024-11-30
5591,249,2024,1,1,2024-11-30
5592,249,2024,2,3,2024-11-30
5593,249,2024,3,4,2024-11-30
5594,249,2024,4,2,2024-11-30
5595,249,2024,5,2,2024-11-30
5596,254,2024,1,2,2024-11-30
5597,254,2024,2,3,2024-11-30
5598,254,2024,3,1,2024-11-30
5599,254,2024,4,5,2024-11-30
5600,254,2024,5,5,2024-11-30
5601,256,2024,1,4,2024-11-30
5602,256,2024,2,2,2024-11-30
5603,256,2024,3,3,2024-11-30
5604,256,2024,4,5,2024-11-30
5605,256,2024,5,1,2024-11-30
5606,260,2024,1,5,2024-11-30
5607,260,2024,2,3,2024-11-30
5608,260,2024,3,2,2024-11-30
5609,260,2024,4,2,2024-11-30
5610,260,2024,5,3,2024-11-30
5611,261,2024,1,1,2024-11-30
5612,261,2024,2,2,2024-11-30
5613,261,2024,3,1,2024-11-30
5614,261,2024,4,2,2024-11-30
5615,261,2024,5,4,2024-11-30
5616,262,2024,1,5,2024-11-30
5617,262,2024,2,5,2024-11-30
5618,262,2024,3,2,2024-11-30
5619,262,2024,4,1,2024-11-30
5620,262,2024,5,4,2024-11-30
5621,263,2024,1,4,2024-11-30
5622,263,2024,2,2,2024-11-30
5623,263,2024,3,3,2024-11-30
5624,263,2024,4,2,2024-11-30
5625,263,2024,5,2,2024-11-30
5626,264,2024,1,1,2024-11-30
5627,264,2024,2,2,2024-11-30
5628,264,2024,3,1,2024-11-30
5629,264,2024,4,3,2024-11-30
5630,264,2024,5,1,2024-11-30
5631,266,2024,1,2,2024-11-30
5632,266,2024,2,4,2024-11-30
5633,266,2024,3,5,2024-11-30
5634,266,2024,4,5,2024-11-30
5635,266,2024,5,1,2024-11-30
5636,267,2024,1,2,2024-11-30
5637,267,2024,2,3,2024-11-30
5638,267,2024,3,4,2024-11-30
5639,267,2024,4,3,2024-11-30
5640,267,2024,5,4,2024-11-30
5641,269,2024,1,3,2024-11-30
5642,269,2024,2,3,2024-11-30
5643,269,2024,3,2,2024-11-30
5644,269,2024,4,2,2024-11-30
5645,269,2024,5,5,2024-11-30
5646,270,2024,1,1,2024-11-30
5647,270,2024,2,2,2024-11-30
5648,270,2024,3,4,2024-11-30
5649,270,2024,4,2,2024-11-30
5650,270,2024,5,4,2024-11-30
5651,271,2024,1,5,2024-11-30
5652,271,2024,2,1,2024-11-30
5653,271,2024,3,2,2024-11-30
5654,271,2024,4,2,2024-11-30
5655,271,2024,5,1,2024-11-30
5656,272,2024,1,5,2024-11-30
5657,272,2024,2,4,2024-11-30
5658,272,2024,3,1,2024-11-30
5659,272,2024,4,2,2024-11-30
5660,272,2024,5,3,2024-11-30
5661,276,2024,1,3,2024-11-30
5662,276,2024,2,2,2024-11-30
5663,276,2024,3,3,2024-11-30
5664,276,2024,4,1,2024-11-30
5665,276,2024,5,5,2024-11-30
5666,278,2024,1,2,2024-11-30
5667,278,2024,2,4,2024-11-30
5668,278,2024,3,5,2024-11-30
5669,278,2024,4,1,2024-11-30
5670,278,2024,5,2,2024-11-30
5671,281,2024,1,1,2024-11-30
5672,281,2024,2,3,2024-11-30
5673,281,2024,3,4,2024-11-30
5674,281,2024,4,1,2024-11-30
5675,281,2024,5,2,2024-11-30
5676,282,2024,1,5,2024-11-30
5677,282,2024,2,2,2024-11-30
5678,282,2024,3,4,2024-11-30
5679,282,2024,4,2,2024-11-30
5680,282,2024,5,4,2024-11-30
5681,283,2024,1,1,2024-11-30
5682,283,2024,2,5,2024-11-30
5683,283,2024,3,1,2024-11-30
5684,283,2024,4,1,2024-11-30
5685,283,2024,5,2,2024-11-30
5686,285,2024,1,3,2024-11-30
5687,285,2024,2,3,2024-11-30
5688,285,2024,3,1,2024-11-30
5689,285,2024,4,3,2024-11-30
5690,285,2024,5,4,2024-11-30
5691,290,2024,1,1,2024-11-30
5692,290,2024,2,5,2024-11-30
5693,290,2024,3,3,2024-11-30
5694,290,2024,4,2,2024-11-30
5695,290,2024,5,2,2024-11-30
5696,291,2024,1,5,2024-11-30
5697,291,2024,2,1,2024-11-30
5698,291,2024,3,1,2024-11-30
5699,291,2024,4,4,2024-11-30
5700,291,2024,5,4,2024-11-30
5701,293,2024,1,4,2024-11-30
5702,293,2024,2,3,2024-11-30
5703,293,2024,3,4,2024-11-30
5704,293,2024,4,4,2024-11-30
5705,293,2024,5,1,2024-11-30
5706,294,2024,1,3,2024-11-30
5707,294,2024,2,2,2024-11-30
5708,294,2024,3,1,2024-11-30
5709,294,2024,4,4,2024-11-30
5710,294,2024,5,1,2024-11-30
5711,296,2024,1,1,2024-11-30
5712,296,2024,2,1,2024-11-30
5713,296,2024,3,3,2024-11-30
5714,296,2024,4,4,2024-11-30
5715,296,2024,5,2,2024-11-30
5716,298,2024,1,1,2024-11-30
5717,298,2024,2,5,2024-11-30
5718,298,2024,3,1,2024-11-30
5719,298,2024,4,5,2024-11-30
5720,298,2024,5,5,2024-11-30
5721,299,2024,1,1,2024-11-30
5722,299,2024,2,4,2024-11-30
5723,299,2024,3,3,2024-11-30
5724,299,2024,4,3,2024-11-30
5725,299,2024,5,2,2024-11-30
5726,300,2024,1,5,2024-11-30
5727,300,2024,2,4,2024-11-30
5728,300,2024,3,2,2024-11-30
5729,300,2024,4,5,2024-11-30
5730,300,2024,5,3,2024-11-30
5731,301,2024,1,5,2024-11-30
5732,301,2024,2,1,2024-11-30
5733,301,2024,3,2,2024-11-30
5734,301,2024,4,1,2024-11-30
5735,301,2024,5,1,2024-11-30
5736,303,2024,1,3,2024-11-30
5737,303,2024,2,4,2024-11-30
5738,303,2024,3,1,2024-11-30
5739,303,2024,4,4,2024-11-30
5740,303,2024,5,2,2024-11-30
5741,307,2024,1,5,2024-11-30
5742,307,2024,2,3,2024-11-30
5743,307,2024,3,4,2024-11-30
5744,307,2024,4,2,2024-11-30
5745,307,2024,5,4,2024-11-30
5746,311,2024,1,4,2024-11-30
5747,311,2024,2,3,2024-11-30
5748,311,2024,3,3,2024-11-30
5749,311,2024,4,4,2024-11-30
5750,311,2024,5,2,2024-11-30
5751,312,2024,1,2,2024-11-30
5752,312,2024,2,4,2024-11-30
5753,312,2024,3,4,2024-11-30
5754,312,2024,4,3,2024-11-30
5755,312,2024,5,5,2024-11-30
5756,314,2024,1,1,2024-11-30
5757,314,2024,2,4,2024-11-30
5758,314,2024,3,4,2024-11-30
5759,314,2024,4,3,2024-11-30
5760,314,2024,5,4,2024-11-30
5761,315,2024,1,5,2024-11-30
5762,315,2024,2,3,2024-11-30
5763,315,2024,3,4,2024-11-30
5764,315,2024,4,3,2024-11-30
5765,315,2024,5,2,2024-11-30
5766,316,2024,1,1,2024-11-30
5767,316,2024,2,2,2024-11-30
5768,316,2024,3,4,2024-11-30
5769,316,2024,4,3,2024-11-30
5770,316,2024,5,2,2024-11-30
5771,317,2024,1,3,2024-11-30
5772,317,2024,2,4,2024-11-30
5773,317,2024,3,4,2024-11-30
5774,317,2024,4,2,2024-11-30
5775,317,2024,5,1,2024-11-30
5776,320,2024,1,3,2024-11-30
5777,320,2024,2,1,2024-11-30
5778,320,2024,3,1,2024-11-30
5779,320,2024,4,3,2024-11-30
5780,320,2024,5,5,2024-11-30
5781,323,2024,1,1,2024-11-30
5782,323,2024,2,1,2024-11-30
5783,323,2024,3,1,2024-11-30
5784,323,2024,4,4,2024-11-30
5785,323,2024,5,2,2024-11-30
5786,325,2024,1,1,2024-11-30
5787,325,2024,2,4,2024-11-30
5788,325,2024,3,2,2024-11-30
5789,325,2024,4,5,2024-11-30
5790,325,2024,5,3,2024-11-30
5791,326,2024,1,4,2024-11-30
5792,326,2024,2,5,2024-11-30
5793,326,2024,3,5,2024-11-30
5794,326,2024,4,3,2024-11-30
5795,326,2024,5,3,2024-11-30
5796,327,2024,1,5,2024-11-30
5797,327,2024,2,1,2024-11-30
5798,327,2024,3,4,2024-11-30
5799,327,2024,4,5,2024-11-30
5800,327,2024,5,1,2024-11-30
5801,328,2024,1,4,2024-11-30
5802,328,2024,2,3,2024-11-30
5803,328,2024,3,1,2024-11-30
5804,328,2024,4,1,2024-11-30
5805,328,2024,5,4,2024-11-30
5806,331,2024,1,5,2024-11-30
5807,331,2024,2,2,2024-11-30
5808,331,2024,3,5,2024-11-30
5809,331,2024,4,2,2024-11-30
5810,331,2024,5,5,2024-11-30
5811,333,2024,1,1,2024-11-30
5812,333,2024,2,5,2024-11-30
5813,333,2024,3,4,2024-11-30
5814,333,2024,4,4,2024-11-30
5815,333,2024,5,5,2024-11-30
5816,335,2024,1,2,2024-11-30
5817,335,2024,2,4,2024-11-30
5818,335,2024,3,2,2024-11-30
5819,335,2024,4,3,2024-11-30
5820,335,2024,5,4,2024-11-30
5821,343,2024,1,3,2024-11-30
5822,343,2024,2,4,2024-11-30
5823,343,2024,3,5,2024-11-30
5824,343,2024,4,1,2024-11-30
5825,343,2024,5,5,2024-11-30
5826,344,2024,1,4,2024-11-30
5827,344,2024,2,2,2024-11-30
5828,344,2024,3,4,2024-11-30
5829,344,2024,4,2,2024-11-30
5830,344,2024,5,3,2024-11-30
5831,345,2024,1,4,2024-11-30
5832,345,2024,2,2,2024-11-30
5833,345,2024,3,4,2024-11-30
5834,345,2024,4,4,2024-11-30
5835,345,2024,5,4,2024-11-30
5836,346,2024,1,5,2024-11-30
5837,346,2024,2,4,2024-11-30
5838,346,2024,3,2,2024-11-30
5839,346,2024,4,2,2024-11-30
5840,346,2024,5,1,2024-11-30
5841,348,2024,1,5,2024-11-30
5842,348,2024,2,5,2024-11-30
5843,348,2024,3,3,2024-11-30
5844,348,2024,4,1,2024-11-30
5845,348,2024,5,2,2024-11-30
5846,350,2024,1,5,2024-11-30
5847,350,2024,2,2,2024-11-30
5848,350,2024,3,1,2024-11-30
5849,350,2024,4,5,2024-11-30
5850,350,2024,5,1,2024-11-30
5851,352,2024,1,3,2024-11-30
5852,352,2024,2,2,2024-11-30
5853,352,2024,3,3,2024-11-30
5854,352,2024,4,2,2024-11-30
5855,352,2024,5,5,2024-11-30
5856,353,2024,1,4,2024-11-30
5857,353,2024,2,4,2024-11-30
5858,353,2024,3,5,2024-11-30
5859,353,2024,4,4,2024-11-30
5860,353,2024,5,1,2024-11-30
5861,354,2024,1,4,2024-11-30
5862,354,2024,2,3,2024-11-30
5863,354,2024,3,1,2024-11-30
5864,354,2024,4,5,2024-11-30
5865,354,2024,5,3,2024-11-30
5866,355,2024,1,3,2024-11-30
5867,355,2024,2,4,2024-11-30
5868,355,2024,3,3,2024-11-30
5869,355,2024,4,4,2024-11-30
5870,355,2024,5,3,2024-11-30
5871,356,2024,1,1,2024-11-30
5872,356,2024,2,5,2024-11-30
5873,356,2024,3,4,2024-11-30
5874,356,2024,4,5,2024-11-30
5875,356,2024,5,4,2024-11-30
5876,357,2024,1,5,2024-11-30
5877,357,2024,2,3,2024-11-30
5878,357,2024,3,4,2024-11-30
5879,357,2024,4,3,2024-11-30
5880,357,2024,5,1,2024-11-30
5881,358,2024,1,4,2024-11-30
5882,358,2024,2,5,2024-11-30
5883,358,2024,3,3,2024-11-30
5884,358,2024,4,3,2024-11-30
5885,358,2024,5,4,2024-11-30
5886,361,2024,1,4,2024-11-30
5887,361,2024,2,1,2024-11-30
5888,361,2024,3,5,2024-11-30
5889,361,2024,4,5,2024-11-30
5890,361,2024,5,1,2024-11-30
5891,363,2024,1,3,2024-11-30
5892,363,2024,2,3,2024-11-30
5893,363,2024,3,1,2024-11-30
5894,363,2024,4,2,2024-11-30
5895,363,2024,5,1,2024-11-30
5896,364,2024,1,2,2024-11-30
5897,364,2024,2,5,2024-11-30
5898,364,2024,3,3,2024-11-30
5899,364,2024,4,1,2024-11-30
5900,364,2024,5,2,2024-11-30
5901,366,2024,1,4,2024-11-30
5902,366,2024,2,4,2024-11-30
5903,366,2024,3,5,2024-11-30
5904,366,2024,4,3,2024-11-30
5905,366,2024,5,1,2024-11-30
5906,369,2024,1,4,2024-11-30
5907,369,2024,2,1,2024-11-30
5908,369,2024,3,2,2024-11-30
5909,369,2024,4,2,2024-11-30
5910,369,2024,5,3,2024-11-30
5911,377,2024,1,5,2024-11-30
5912,377,2024,2,5,2024-11-30
5913,377,2024,3,4,2024-11-30
5914,377,2024,4,2,2024-11-30
5915,377,2024,5,5,2024-11-30
5916,382,2024,1,2,2024-11-30
5917,382,2024,2,1,2024-11-30
5918,382,2024,3,1,2024-11-30
5919,382,2024,4,4,2024-11-30
5920,382,2024,5,2,2024-11-30
5921,386,2024,1,5,2024-11-30
5922,386,2024,2,2,2024-11-30
5923,386,2024,3,2,2024-11-30
5924,386,2024,4,3,2024-11-30
5925,386,2024,5,5,2024-11-30
5926,390,2024,1,3,2024-11-30
5927,390,2024,2,4,2024-11-30
5928,390,2024,3,4,2024-11-30
5929,390,2024,4,3,2024-11-30
5930,390,2024,5,5,2024-11-30
5931,392,2024,1,5,2024-11-30
5932,392,2024,2,4,2024-11-30
5933,392,2024,3,3,2024-11-30
5934,392,2024,4,4,2024-11-30
5935,392,2024,5,3,2024-11-30
5936,394,2024,1,2,2024-11-30
5937,394,2024,2,3,2024-11-30
5938,394,2024,3,3,2024-11-30
5939,394,2024,4,2,2024-11-30
5940,394,2024,5,2,2024-11-30
5941,395,2024,1,5,2024-11-30
5942,395,2024,2,5,2024-11-30
5943,395,2024,3,5,2024-11-30
5944,395,2024,4,1,2024-11-30
5945,395,2024,5,4,2024-11-30
5946,396,2024,1,5,2024-11-30
5947,396,2024,2,2,2024-11-30
5948,396,2024,3,4,2024-11-30
5949,396,2024,4,4,2024-11-30
5950,396,2024,5,3,2024-11-30
5951,397,2024,1,2,2024-11-30
5952,397,2024,2,4,2024-11-30
5953,397,2024,3,2,2024-11-30
5954,397,2024,4,2,2024-11-30
5955,397,2024,5,2,2024-11-30
5956,399,2024,1,1,2024-11-30
5957,399,2024,2,4,2024-11-30
5958,399,2024,3,1,2024-11-30
5959,399,2024,4,3,2024-11-30
5960,399,2024,5,3,2024-11-30
5961,401,2024,1,1,2024-11-30
5962,401,2024,2,1,2024-11-30
5963,401,2024,3,3,2024-11-30
5964,401,2024,4,1,2024-11-30
5965,401,2024,5,2,2024-11-30
5966,402,2024,1,5,2024-11-30
5967,402,2024,2,5,2024-11-30
5968,402,2024,3,4,2024-11-30
5969,402,2024,4,1,2024-11-30
5970,402,2024,5,5,2024-11-30
5971,403,2024,1,2,2024-11-30
5972,403,2024,2,2,2024-11-30
5973,403,2024,3,2,2024-11-30
5974,403,2024,4,5,2024-11-30
5975,403,2024,5,2,2024-11-30
5976,404,2024,1,4,2024-11-30
5977,404,2024,2,2,2024-11-30
5978,404,2024,3,5,2024-11-30
5979,404,2024,4,3,2024-11-30
5980,404,2024,5,2,2024-11-30
5981,407,2024,1,1,2024-11-30
5982,407,2024,2,3,2024-11-30
5983,407,2024,3,3,2024-11-30
5984,407,2024,4,2,2024-11-30
5985,407,2024,5,4,2024-11-30
5986,410,2024,1,2,2024-11-30
5987,410,2024,2,1,2024-11-30
5988,410,2024,3,1,2024-11-30
5989,410,2024,4,1,2024-11-30
5990,410,2024,5,5,2024-11-30
5991,411,2024,1,3,2024-11-30
5992,411,2024,2,5,2024-11-30
5993,411,2024,3,5,2024-11-30
5994,411,2024,4,3,2024-11-30
5995,411,2024,5,2,2024-11-30
5996,413,2024,1,2,2024-11-30
5997,413,2024,2,3,2024-11-30
5998,413,2024,3,1,2024-11-30
5999,413,2024,4,4,2024-11-30
6000,413,2024,5,1,2024-11-30
6001,414,2024,1,3,2024-11-30
6002,414,2024,2,3,2024-11-30
6003,414,2024,3,3,2024-11-30
6004,414,2024,4,1,2024-11-30
6005,414,2024,5,3,2024-11-30
6006,415,2024,1,3,2024-11-30
6007,415,2024,2,2,2024-11-30
6008,415,2024,3,2,2024-11-30
6009,415,2024,4,3,2024-11-30
6010,415,2024,5,2,2024-11-30
6011,416,2024,1,2,2024-11-30
6012,416,2024,2,5,2024-11-30
6013,416,2024,3,3,2024-11-30
6014,416,2024,4,1,2024-11-30
6015,416,2024,5,2,2024-11-30
6016,417,2024,1,2,2024-11-30
6017,417,2024,2,4,2024-11-30
6018,417,2024,3,5,2024-11-30
6019,417,2024,4,2,2024-11-30
6020,417,2024,5,4,2024-11-30
6021,419,2024,1,2,2024-11-30
6022,419,2024,2,1,2024-11-30
6023,419,2024,3,1,2024-11-30
6024,419,2024,4,5,2024-11-30
6025,419,2024,5,3,2024-11-30
6026,420,2024,1,2,2024-11-30
6027,420,2024,2,1,2024-11-30
6028,420,2024,3,1,2024-11-30
6029,420,2024,4,5,2024-11-30
6030,420,2024,5,3,2024-11-30
6031,421,2024,1,2,2024-11-30
6032,421,2024,2,5,2024-11-30
6033,421,2024,3,4,2024-11-30
6034,421,2024,4,1,2024-11-30
6035,421,2024,5,5,2024-11-30
6036,423,2024,1,1,2024-11-30
6037,423,2024,2,2,2024-11-30
6038,423,2024,3,5,2024-11-30
6039,423,2024,4,1,2024-11-30
6040,423,2024,5,2,2024-11-30
6041,426,2024,1,1,2024-11-30
6042,426,2024,2,2,2024-11-30
6043,426,2024,3,4,2024-11-30
6044,426,2024,4,4,2024-11-30
6045,426,2024,5,5,2024-11-30
6046,427,2024,1,3,2024-11-30
6047,427,2024,2,2,2024-11-30
6048,427,2024,3,5,2024-11-30
6049,427,2024,4,3,2024-11-30
6050,427,2024,5,2,2024-11-30
6051,428,2024,1,2,2024-11-30
6052,428,2024,2,2,2024-11-30
6053,428,2024,3,5,2024-11-30
6054,428,2024,4,3,2024-11-30
6055,428,2024,5,2,2024-11-30
6056,431,2024,1,3,2024-11-30
6057,431,2024,2,1,2024-11-30
6058,431,2024,3,3,2024-11-30
6059,431,2024,4,3,2024-11-30
6060,431,2024,5,2,2024-11-30
6061,432,2024,1,1,2024-11-30
6062,432,2024,2,3,2024-11-30
6063,432,2024,3,4,2024-11-30
6064,432,2024,4,2,2024-11-30
6065,432,2024,5,1,2024-11-30
6066,439,2024,1,1,2024-11-30
6067,439,2024,2,4,2024-11-30
6068,439,2024,3,3,2024-11-30
6069,439,2024,4,4,2024-11-30
6070,439,2024,5,5,2024-11-30
6071,441,2024,1,1,2024-11-30
6072,441,2024,2,2,2024-11-30
6073,441,2024,3,5,2024-11-30
6074,441,2024,4,1,2024-11-30
6075,441,2024,5,4,2024-11-30
6076,444,2024,1,3,2024-11-30
6077,444,2024,2,2,2024-11-30
6078,444,2024,3,5,2024-11-30
6079,444,2024,4,4,2024-11-30
6080,444,2024,5,1,2024-11-30
6081,446,2024,1,2,2024-11-30
6082,446,2024,2,1,2024-11-30
6083,446,2024,3,5,2024-11-30
6084,446,2024,4,1,2024-11-30
6085,446,2024,5,4,2024-11-30
6086,447,2024,1,4,2024-11-30
6087,447,2024,2,2,2024-11-30
6088,447,2024,3,5,2024-11-30
6089,447,2024,4,5,2024-11-30
6090,447,2024,5,2,2024-11-30
6091,448,2024,1,1,2024-11-30
6092,448,2024,2,4,2024-11-30
6093,448,2024,3,4,2024-11-30
6094,448,2024,4,1,2024-11-30
6095,448,2024,5,1,2024-11-30
6096,449,2024,1,1,2024-11-30
6097,449,2024,2,3,2024-11-30
6098,449,2024,3,2,2024-11-30
6099,449,2024,4,3,2024-11-30
6100,449,2024,5,5,2024-11-30
6101,453,2024,1,5,2024-11-30
6102,453,2024,2,5,2024-11-30
6103,453,2024,3,2,2024-11-30
6104,453,2024,4,4,2024-11-30
6105,453,2024,5,4,2024-11-30
6106,457,2024,1,4,2024-11-30
6107,457,2024,2,2,2024-11-30
6108,457,2024,3,3,2024-11-30
6109,457,2024,4,5,2024-11-30
6110,457,2024,5,4,2024-11-30
6111,458,2024,1,5,2024-11-30
6112,458,2024,2,5,2024-11-30
6113,458,2024,3,3,2024-11-30
6114,458,2024,4,4,2024-11-30
6115,458,2024,5,2,2024-11-30
6116,462,2024,1,2,2024-11-30
6117,462,2024,2,2,2024-11-30
6118,462,2024,3,4,2024-11-30
6119,462,2024,4,4,2024-11-30
6120,462,2024,5,3,2024-11-30
6121,463,2024,1,2,2024-11-30
6122,463,2024,2,2,2024-11-30
6123,463,2024,3,1,2024-11-30
6124,463,2024,4,4,2024-11-30
6125,463,2024,5,2,2024-11-30
6126,464,2024,1,3,2024-11-30
6127,464,2024,2,3,2024-11-30
6128,464,2024,3,1,2024-11-30
6129,464,2024,4,2,2024-11-30
6130,464,2024,5,4,2024-11-30
6131,466,2024,1,3,2024-11-30
6132,466,2024,2,5,2024-11-30
6133,466,2024,3,2,2024-11-30
6134,466,2024,4,2,2024-11-30
6135,466,2024,5,3,2024-11-30
6136,467,2024,1,5,2024-11-30
6137,467,2024,2,3,2024-11-30
6138,467,2024,3,5,2024-11-30
6139,467,2024,4,3,2024-11-30
6140,467,2024,5,2,2024-11-30
6141,469,2024,1,3,2024-11-30
6142,469,2024,2,2,2024-11-30
6143,469,2024,3,4,2024-11-30
6144,469,2024,4,5,2024-11-30
6145,469,2024,5,4,2024-11-30
6146,471,2024,1,3,2024-11-30
6147,471,2024,2,4,2024-11-30
6148,471,2024,3,5,2024-11-30
6149,471,2024,4,5,2024-11-30
6150,471,2024,5,3,2024-11-30
6151,473,2024,1,1,2024-11-30
6152,473,2024,2,5,2024-11-30
6153,473,2024,3,1,2024-11-30
6154,473,2024,4,5,2024-11-30
6155,473,2024,5,4,2024-11-30
6156,476,2024,1,4,2024-11-30
6157,476,2024,2,4,2024-11-30
6158,476,2024,3,2,2024-11-30
6159,476,2024,4,1,2024-11-30
6160,476,2024,5,4,2024-11-30
6161,480,2024,1,3,2024-11-30
6162,480,2024,2,4,2024-11-30
6163,480,2024,3,2,2024-11-30
6164,480,2024,4,4,2024-11-30
6165,480,2024,5,1,2024-11-30
6166,482,2024,1,3,2024-11-30
6167,482,2024,2,3,2024-11-30
6168,482,2024,3,1,2024-11-30
6169,482,2024,4,1,2024-11-30
6170,482,2024,5,1,2024-11-30
6171,483,2024,1,1,2024-11-30
6172,483,2024,2,5,2024-11-30
6173,483,2024,3,3,2024-11-30
6174,483,2024,4,1,2024-11-30
6175,483,2024,5,5,2024-11-30
6176,484,2024,1,5,2024-11-30
6177,484,2024,2,3,2024-11-30
6178,484,2024,3,3,2024-11-30
6179,484,2024,4,4,2024-11-30
6180,484,2024,5,2,2024-11-30
6181,485,2024,1,3,2024-11-30
6182,485,2024,2,5,2024-11-30
6183,485,2024,3,3,2024-11-30
6184,485,2024,4,3,2024-11-30
6185,485,2024,5,5,2024-11-30
6186,490,2024,1,4,2024-11-30
6187,490,2024,2,5,2024-11-30
6188,490,2024,3,2,2024-11-30
6189,490,2024,4,5,2024-11-30
6190,490,2024,5,3,2024-11-30
6191,492,2024,1,5,2024-11-30
6192,492,2024,2,2,2024-11-30
6193,492,2024,3,1,2024-11-30
6194,492,2024,4,3,2024-11-30
6195,492,2024,5,5,2024-11-30
6196,493,2024,1,5,2024-11-30
6197,493,2024,2,2,2024-11-30
6198,493,2024,3,4,2024-11-30
6199,493,2024,4,4,2024-11-30
6200,493,2024,5,4,2024-11-30
6201,495,2024,1,5,2024-11-30
6202,495,2024,2,5,2024-11-30
6203,495,2024,3,1,2024-11-30
6204,495,2024,4,1,2024-11-30
6205,495,2024,5,2,2024-11-30
6206,496,2024,1,2,2024-11-30
6207,496,2024,2,1,2024-11-30
6208,496,2024,3,1,2024-11-30
6209,496,2024,4,3,2024-11-30
6210,496,2024,5,2,2024-11-30
6211,497,2024,1,5,2024-11-30
6212,497,2024,2,4,2024-11-30
6213,497,2024,3,3,2024-11-30
6214,497,2024,4,3,2024-11-30
6215,497,2024,5,5,2024-11-30
6216,498,2024,1,2,2024-11-30
6217,498,2024,2,4,2024-11-30
6218,498,2024,3,2,2024-11-30
6219,498,2024,4,3,2024-11-30
6220,498,2024,5,1,2024-11-30
6221,501,2024,1,4,2024-11-30
6222,501,2024,2,1,2024-11-30
6223,501,2024,3,2,2024-11-30
6224,501,2024,4,3,2024-11-30
6225,501,2024,5,2,2024-11-30
6226,502,2024,1,1,2024-11-30
6227,502,2024,2,2,2024-11-30
6228,502,2024,3,1,2024-11-30
6229,502,2024,4,5,2024-11-30
6230,502,2024,5,5,2024-11-30
6231,505,2024,1,2,2024-11-30
6232,505,2024,2,3,2024-11-30
6233,505,2024,3,4,2024-11-30
6234,505,2024,4,5,2024-11-30
6235,505,2024,5,2,2024-11-30
6236,508,2024,1,3,2024-11-30
6237,508,2024,2,4,2024-11-30
6238,508,2024,3,1,2024-11-30
6239,508,2024,4,1,2024-11-30
6240,508,2024,5,3,2024-11-30
6241,510,2024,1,3,2024-11-30
6242,510,2024,2,4,2024-11-30
6243,510,2024,3,5,2024-11-30
6244,510,2024,4,5,2024-11-30
6245,510,2024,5,1,2024-11-30
6246,511,2024,1,4,2024-11-30
6247,511,2024,2,2,2024-11-30
6248,511,2024,3,5,2024-11-30
6249,511,2024,4,5,2024-11-30
6250,511,2024,5,2,2024-11-30
6251,512,2024,1,4,2024-11-30
6252,512,2024,2,1,2024-11-30
6253,512,2024,3,4,2024-11-30
6254,512,2024,4,3,2024-11-30
6255,512,2024,5,1,2024-11-30
6256,514,2024,1,2,2024-11-30
6257,514,2024,2,1,2024-11-30
6258,514,2024,3,3,2024-11-30
6259,514,2024,4,5,2024-11-30
6260,514,2024,5,4,2024-11-30
6261,516,2024,1,3,2024-11-30
6262,516,2024,2,4,2024-11-30
6263,516,2024,3,4,2024-11-30
6264,516,2024,4,4,2024-11-30
6265,516,2024,5,1,2024-11-30
6266,517,2024,1,2,2024-11-30
6267,517,2024,2,4,2024-11-30
6268,517,2024,3,1,2024-11-30
6269,517,2024,4,2,2024-11-30
6270,517,2024,5,2,2024-11-30
6271,520,2024,1,4,2024-11-30
6272,520,2024,2,4,2024-11-30
6273,520,2024,3,2,2024-11-30
6274,520,2024,4,2,2024-11-30
6275,520,2024,5,5,2024-11-30
6276,522,2024,1,4,2024-11-30
6277,522,2024,2,3,2024-11-30
6278,522,2024,3,1,2024-11-30
6279,522,2024,4,2,2024-11-30
6280,522,2024,5,5,2024-11-30
6281,524,2024,1,5,2024-11-30
6282,524,2024,2,4,2024-11-30
6283,524,2024,3,2,2024-11-30
6284,524,2024,4,5,2024-11-30
6285,524,2024,5,5,2024-11-30
6286,525,2024,1,5,2024-11-30
6287,525,2024,2,5,2024-11-30
6288,525,2024,3,4,2024-11-30
6289,525,2024,4,5,2024-11-30
6290,525,2024,5,4,2024-11-30
6291,527,2024,1,5,2024-11-30
6292,527,2024,2,3,2024-11-30
6293,527,2024,3,4,2024-11-30
6294,527,2024,4,5,2024-11-30
6295,527,2024,5,2,2024-11-30
6296,528,2024,1,2,2024-11-30
6297,528,2024,2,1,2024-11-30
6298,528,2024,3,3,2024-11-30
6299,528,2024,4,3,2024-11-30
6300,528,2024,5,1,2024-11-30
6301,534,2024,1,5,2024-11-30
6302,534,2024,2,5,2024-11-30
6303,534,2024,3,5,2024-11-30
6304,534,2024,4,4,2024-11-30
6305,534,2024,5,1,2024-11-30
6306,535,2024,1,4,2024-11-30
6307,535,2024,2,5,2024-11-30
6308,535,2024,3,2,2024-11-30
6309,535,2024,4,1,2024-11-30
6310,535,2024,5,2,2024-11-30
6311,537,2024,1,5,2024-11-30
6312,537,2024,2,5,2024-11-30
6313,537,2024,3,4,2024-11-30
6314,537,2024,4,3,2024-11-30
6315,537,2024,5,4,2024-11-30
6316,539,2024,1,5,2024-11-30
6317,539,2024,2,4,2024-11-30
6318,539,2024,3,3,2024-11-30
6319,539,2024,4,1,2024-11-30
6320,539,2024,5,3,2024-11-30
6321,545,2024,1,3,2024-11-30
6322,545,2024,2,1,2024-11-30
6323,545,2024,3,1,2024-11-30
6324,545,2024,4,5,2024-11-30
6325,545,2024,5,5,2024-11-30
6326,546,2024,1,4,2024-11-30
6327,546,2024,2,4,2024-11-30
6328,546,2024,3,5,2024-11-30
6329,546,2024,4,1,2024-11-30
6330,546,2024,5,5,2024-11-30
6331,548,2024,1,4,2024-11-30
6332,548,2024,2,4,2024-11-30
6333,548,2024,3,3,2024-11-30
6334,548,2024,4,1,2024-11-30
6335,548,2024,5,3,2024-11-30
6336,549,2024,1,1,2024-11-30
6337,549,2024,2,2,2024-11-30
6338,549,2024,3,3,2024-11-30
6339,549,2024,4,3,2024-11-30
6340,549,2024,5,2,2024-11-30
6341,554,2024,1,1,2024-11-30
6342,554,2024,2,2,2024-11-30
6343,554,2024,3,4,2024-11-30
6344,554,2024,4,5,2024-11-30
6345,554,2024,5,5,2024-11-30
6346,555,2024,1,1,2024-11-30
6347,555,2024,2,1,2024-11-30
6348,555,2024,3,5,2024-11-30
6349,555,2024,4,1,2024-11-30
6350,555,2024,5,1,2024-11-30
6351,556,2024,1,1,2024-11-30
6352,556,2024,2,3,2024-11-30
6353,556,2024,3,4,2024-11-30
6354,556,2024,4,4,2024-11-30
6355,556,2024,5,2,2024-11-30
6356,557,2024,1,5,2024-11-30
6357,557,2024,2,4,2024-11-30
6358,557,2024,3,3,2024-11-30
6359,557,2024,4,3,2024-11-30
6360,557,2024,5,5,2024-11-30
6361,558,2024,1,5,2024-11-30
6362,558,2024,2,1,2024-11-30
6363,558,2024,3,4,2024-11-30
6364,558,2024,4,4,2024-11-30
6365,558,2024,5,2,2024-11-30
6366,559,2024,1,3,2024-11-30
6367,559,2024,2,4,2024-11-30
6368,559,2024,3,1,2024-11-30
6369,559,2024,4,4,2024-11-30
6370,559,2024,5,5,2024-11-30
6371,562,2024,1,5,2024-11-30
6372,562,2024,2,3,2024-11-30
6373,562,2024,3,3,2024-11-30
6374,562,2024,4,2,2024-11-30
6375,562,2024,5,2,2024-11-30
6376,565,2024,1,3,2024-11-30
6377,565,2024,2,2,2024-11-30
6378,565,2024,3,3,2024-11-30
6379,565,2024,4,1,2024-11-30
6380,565,2024,5,4,2024-11-30
6381,566,2024,1,3,2024-11-30
6382,566,2024,2,3,2024-11-30
6383,566,2024,3,5,2024-11-30
6384,566,2024,4,5,2024-11-30
6385,566,2024,5,5,2024-11-30
6386,569,2024,1,4,2024-11-30
6387,569,2024,2,1,2024-11-30
6388,569,2024,3,2,2024-11-30
6389,569,2024,4,4,2024-11-30
6390,569,2024,5,3,2024-11-30
6391,571,2024,1,1,2024-11-30
6392,571,2024,2,4,2024-11-30
6393,571,2024,3,3,2024-11-30
6394,571,2024,4,2,2024-11-30
6395,571,2024,5,2,2024-11-30
6396,573,2024,1,5,2024-11-30
6397,573,2024,2,1,2024-11-30
6398,573,2024,3,3,2024-11-30
6399,573,2024,4,3,2024-11-30
6400,573,2024,5,2,2024-11-30
6401,575,2024,1,4,2024-11-30
6402,575,2024,2,4,2024-11-30
6403,575,2024,3,3,2024-11-30
6404,575,2024,4,1,2024-11-30
6405,575,2024,5,5,2024-11-30
6406,576,2024,1,1,2024-11-30
6407,576,2024,2,2,2024-11-30
6408,576,2024,3,4,2024-11-30
6409,576,2024,4,1,2024-11-30
6410,576,2024,5,5,2024-11-30
6411,577,2024,1,5,2024-11-30
6412,577,2024,2,2,2024-11-30
6413,577,2024,3,5,2024-11-30
6414,577,2024,4,1,2024-11-30
6415,577,2024,5,3,2024-11-30
6416,579,2024,1,2,2024-11-30
6417,579,2024,2,1,2024-11-30
6418,579,2024,3,4,2024-11-30
6419,579,2024,4,1,2024-11-30
6420,579,2024,5,4,2024-11-30
6421,580,2024,1,4,2024-11-30
6422,580,2024,2,5,2024-11-30
6423,580,2024,3,2,2024-11-30
6424,580,2024,4,5,2024-11-30
6425,580,2024,5,3,2024-11-30
6426,583,2024,1,5,2024-11-30
6427,583,2024,2,5,2024-11-30
6428,583,2024,3,1,2024-11-30
6429,583,2024,4,5,2024-11-30
6430,583,2024,5,5,2024-11-30
6431,584,2024,1,3,2024-11-30
6432,584,2024,2,2,2024-11-30
6433,584,2024,3,3,2024-11-30
6434,584,2024,4,5,2024-11-30
6435,584,2024,5,1,2024-11-30
6436,585,2024,1,4,2024-11-30
6437,585,2024,2,4,2024-11-30
6438,585,2024,3,2,2024-11-30
6439,585,2024,4,5,2024-11-30
6440,585,2024,5,3,2024-11-30
6441,586,2024,1,1,2024-11-30
6442,586,2024,2,3,2024-11-30
6443,586,2024,3,2,2024-11-30
6444,586,2024,4,4,2024-11-30
6445,586,2024,5,5,2024-11-30
6446,588,2024,1,5,2024-11-30
6447,588,2024,2,3,2024-11-30
6448,588,2024,3,4,2024-11-30
6449,588,2024,4,3,2024-11-30
6450,588,2024,5,1,2024-11-30
6451,589,2024,1,2,2024-11-30
6452,589,2024,2,5,2024-11-30
6453,589,2024,3,1,2024-11-30
6454,589,2024,4,1,2024-11-30
6455,589,2024,5,3,2024-11-30
6456,593,2024,1,2,2024-11-30
6457,593,2024,2,4,2024-11-30
6458,593,2024,3,4,2024-11-30
6459,593,2024,4,2,2024-11-30
6460,593,2024,5,4,2024-11-30
6461,595,2024,1,2,2024-11-30
6462,595,2024,2,3,2024-11-30
6463,595,2024,3,3,2024-11-30
6464,595,2024,4,1,2024-11-30
6465,595,2024,5,4,2024-11-30
6466,599,2024,1,3,2024-11-30
6467,599,2024,2,2,2024-11-30
6468,599,2024,3,2,2024-11-30
6469,599,2024,4,4,2024-11-30
6470,599,2024,5,1,2024-11-30
6471,600,2024,1,1,2024-11-30
6472,600,2024,2,5,2024-11-30
6473,600,2024,3,2,2024-11-30
6474,600,2024,4,4,2024-11-30
6475,600,2024,5,1,2024-11-30
6476,603,2024,1,3,2024-11-30
6477,603,2024,2,3,2024-11-30
6478,603,2024,3,3,2024-11-30
6479,603,2024,4,4,2024-11-30
6480,603,2024,5,2,2024-11-30
6481,604,2024,1,1,2024-11-30
6482,604,2024,2,5,2024-11-30
6483,604,2024,3,4,2024-11-30
6484,604,2024,4,2,2024-11-30
6485,604,2024,5,4,2024-11-30
6486,606,2024,1,5,2024-11-30
6487,606,2024,2,4,2024-11-30
6488,606,2024,3,2,2024-11-30
6489,606,2024,4,1,2024-11-30
6490,606,2024,5,3,2024-11-30
6491,607,2024,1,2,2024-11-30
6492,607,2024,2,3,2024-11-30
6493,607,2024,3,3,2024-11-30
6494,607,2024,4,3,2024-11-30
6495,607,2024,5,1,2024-11-30
6496,608,2024,1,2,2024-11-30
6497,608,2024,2,3,2024-11-30
6498,608,2024,3,5,2024-11-30
6499,608,2024,4,1,2024-11-30
6500,608,2024,5,1,2024-11-30
6501,612,2024,1,4,2024-11-30
6502,612,2024,2,4,2024-11-30
6503,612,2024,3,2,2024-11-30
6504,612,2024,4,1,2024-11-30
6505,612,2024,5,3,2024-11-30
6506,613,2024,1,5,2024-11-30
6507,613,2024,2,3,2024-11-30
6508,613,2024,3,5,2024-11-30
6509,613,2024,4,5,2024-11-30
6510,613,2024,5,1,2024-11-30
6511,614,2024,1,4,2024-11-30
6512,614,2024,2,2,2024-11-30
6513,614,2024,3,2,2024-11-30
6514,614,2024,4,4,2024-11-30
6515,614,2024,5,1,2024-11-30
6516,617,2024,1,4,2024-11-30
6517,617,2024,2,3,2024-11-30
6518,617,2024,3,1,2024-11-30
6519,617,2024,4,3,2024-11-30
6520,617,2024,5,3,2024-11-30
6521,620,2024,1,2,2024-11-30
6522,620,2024,2,5,2024-11-30
6523,620,2024,3,4,2024-11-30
6524,620,2024,4,5,2024-11-30
6525,620,2024,5,4,2024-11-30
6526,624,2024,1,1,2024-11-30
6527,624,2024,2,3,2024-11-30
6528,624,2024,3,1,2024-11-30
6529,624,2024,4,4,2024-11-30
6530,624,2024,5,3,2024-11-30
6531,625,2024,1,3,2024-11-30
6532,625,2024,2,5,2024-11-30
6533,625,2024,3,4,2024-11-30
6534,625,2024,4,2,2024-11-30
6535,625,2024,5,1,2024-11-30
6536,626,2024,1,1,2024-11-30
6537,626,2024,2,3,2024-11-30
6538,626,2024,3,5,2024-11-30
6539,626,2024,4,2,2024-11-30
6540,626,2024,5,1,2024-11-30
6541,628,2024,1,2,2024-11-30
6542,628,2024,2,2,2024-11-30
6543,628,2024,3,5,2024-11-30
6544,628,2024,4,5,2024-11-30
6545,628,2024,5,5,2024-11-30
6546,631,2024,1,2,2024-11-30
6547,631,2024,2,5,2024-11-30
6548,631,2024,3,4,2024-11-30
6549,631,2024,4,1,2024-11-30
6550,631,2024,5,4,2024-11-30
6551,632,2024,1,2,2024-11-30
6552,632,2024,2,4,2024-11-30
6553,632,2024,3,2,2024-11-30
6554,632,2024,4,2,2024-11-30
6555,632,2024,5,3,2024-11-30
6556,633,2024,1,4,2024-11-30
6557,633,2024,2,1,2024-11-30
6558,633,2024,3,2,2024-11-30
6559,633,2024,4,1,2024-11-30
6560,633,2024,5,1,2024-11-30
6561,637,2024,1,4,2024-11-30
6562,637,2024,2,2,2024-11-30
6563,637,2024,3,5,2024-11-30
6564,637,2024,4,4,2024-11-30
6565,637,2024,5,1,2024-11-30
6566,638,2024,1,3,2024-11-30
6567,638,2024,2,5,2024-11-30
6568,638,2024,3,5,2024-11-30
6569,638,2024,4,2,2024-11-30
6570,638,2024,5,4,2024-11-30
6571,643,2024,1,2,2024-11-30
6572,643,2024,2,1,2024-11-30
6573,643,2024,3,1,2024-11-30
6574,643,2024,4,1,2024-11-30
6575,643,2024,5,5,2024-11-30
6576,644,2024,1,5,2024-11-30
6577,644,2024,2,3,2024-11-30
6578,644,2024,3,5,2024-11-30
6579,644,2024,4,2,2024-11-30
6580,644,2024,5,2,2024-11-30
6581,645,2024,1,1,2024-11-30
6582,645,2024,2,4,2024-11-30
6583,645,2024,3,2,2024-11-30
6584,645,2024,4,5,2024-11-30
6585,645,2024,5,5,2024-11-30
6586,646,2024,1,1,2024-11-30
6587,646,2024,2,3,2024-11-30
6588,646,2024,3,5,2024-11-30
6589,646,2024,4,1,2024-11-30
6590,646,2024,5,5,2024-11-30
6591,648,2024,1,5,2024-11-30
6592,648,2024,2,1,2024-11-30
6593,648,2024,3,1,2024-11-30
6594,648,2024,4,2,2024-11-30
6595,648,2024,5,3,2024-11-30
6596,650,2024,1,4,2024-11-30
6597,650,2024,2,2,2024-11-30
6598,650,2024,3,5,2024-11-30
6599,650,2024,4,5,2024-11-30
6600,650,2024,5,1,2024-11-30
6601,651,2024,1,3,2024-11-30
6602,651,2024,2,3,2024-11-30
6603,651,2024,3,4,2024-11-30
6604,651,2024,4,3,2024-11-30
6605,651,2024,5,5,2024-11-30
6606,652,2024,1,1,2024-11-30
6607,652,2024,2,2,2024-11-30
6608,652,2024,3,4,2024-11-30
6609,652,2024,4,1,2024-11-30
6610,652,2024,5,5,2024-11-30
6611,653,2024,1,2,2024-11-30
6612,653,2024,2,5,2024-11-30
6613,653,2024,3,4,2024-11-30
6614,653,2024,4,4,2024-11-30
6615,653,2024,5,2,2024-11-30
6616,657,2024,1,2,2024-11-30
6617,657,2024,2,4,2024-11-30
6618,657,2024,3,1,2024-11-30
6619,657,2024,4,4,2024-11-30
6620,657,2024,5,4,2024-11-30
6621,658,2024,1,4,2024-11-30
6622,658,2024,2,5,2024-11-30
6623,658,2024,3,4,2024-11-30
6624,658,2024,4,5,2024-11-30
6625,658,2024,5,1,2024-11-30
6626,659,2024,1,3,2024-11-30
6627,659,2024,2,5,2024-11-30
6628,659,2024,3,3,2024-11-30
6629,659,2024,4,2,2024-11-30
6630,659,2024,5,2,2024-11-30
6631,662,2024,1,1,2024-11-30
6632,662,2024,2,4,2024-11-30
6633,662,2024,3,5,2024-11-30
6634,662,2024,4,1,2024-11-30
6635,662,2024,5,3,2024-11-30
6636,667,2024,1,1,2024-11-30
6637,667,2024,2,3,2024-11-30
6638,667,2024,3,1,2024-11-30
6639,667,2024,4,4,2024-11-30
6640,667,2024,5,1,2024-11-30
6641,669,2024,1,1,2024-11-30
6642,669,2024,2,1,2024-11-30
6643,669,2024,3,4,2024-11-30
6644,669,2024,4,2,2024-11-30
6645,669,2024,5,3,2024-11-30
6646,670,2024,1,2,2024-11-30
6647,670,2024,2,4,2024-11-30
6648,670,2024,3,3,2024-11-30
6649,670,2024,4,1,2024-11-30
6650,670,2024,5,4,2024-11-30
6651,672,2024,1,4,2024-11-30
6652,672,2024,2,2,2024-11-30
6653,672,2024,3,5,2024-11-30
6654,672,2024,4,4,2024-11-30
6655,672,2024,5,3,2024-11-30
6656,674,2024,1,5,2024-11-30
6657,674,2024,2,1,2024-11-30
6658,674,2024,3,5,2024-11-30
6659,674,2024,4,3,2024-11-30
6660,674,2024,5,3,2024-11-30
6661,682,2024,1,2,2024-11-30
6662,682,2024,2,3,2024-11-30
6663,682,2024,3,1,2024-11-30
6664,682,2024,4,5,2024-11-30
6665,682,2024,5,1,2024-11-30
6666,683,2024,1,2,2024-11-30
6667,683,2024,2,2,2024-11-30
6668,683,2024,3,2,2024-11-30
6669,683,2024,4,2,2024-11-30
6670,683,2024,5,3,2024-11-30
6671,688,2024,1,3,2024-11-30
6672,688,2024,2,5,2024-11-30
6673,688,2024,3,3,2024-11-30
6674,688,2024,4,1,2024-11-30
6675,688,2024,5,3,2024-11-30
6676,689,2024,1,2,2024-11-30
6677,689,2024,2,2,2024-11-30
6678,689,2024,3,1,2024-11-30
6679,689,2024,4,4,2024-11-30
6680,689,2024,5,3,2024-11-30
6681,691,2024,1,3,2024-11-30
6682,691,2024,2,5,2024-11-30
6683,691,2024,3,4,2024-11-30
6684,691,2024,4,1,2024-11-30
6685,691,2024,5,4,2024-11-30
6686,693,2024,1,4,2024-11-30
6687,693,2024,2,5,2024-11-30
6688,693,2024,3,5,2024-11-30
6689,693,2024,4,4,2024-11-30
6690,693,2024,5,5,2024-11-30
6691,695,2024,1,3,2024-11-30
6692,695,2024,2,1,2024-11-30
6693,695,2024,3,5,2024-11-30
6694,695,2024,4,1,2024-11-30
6695,695,2024,5,2,2024-11-30
6696,697,2024,1,1,2024-11-30
6697,697,2024,2,2,2024-11-30
6698,697,2024,3,5,2024-11-30
6699,697,2024,4,4,2024-11-30
6700,697,2024,5,5,2024-11-30
6701,699,2024,1,5,2024-11-30
6702,699,2024,2,3,2024-11-30
6703,699,2024,3,3,2024-11-30
6704,699,2024,4,5,2024-11-30
6705,699,2024,5,2,2024-11-30
6706,702,2024,1,4,2024-11-30
6707,702,2024,2,5,2024-11-30
6708,702,2024,3,1,2024-11-30
6709,702,2024,4,4,2024-11-30
6710,702,2024,5,2,2024-11-30
6711,703,2024,1,5,2024-11-30
6712,703,2024,2,1,2024-11-30
6713,703,2024,3,2,2024-11-30
6714,703,2024,4,3,2024-11-30
6715,703,2024,5,2,2024-11-30
6716,705,2024,1,1,2024-11-30
6717,705,2024,2,1,2024-11-30
6718,705,2024,3,4,2024-11-30
6719,705,2024,4,5,2024-11-30
6720,705,2024,5,3,2024-11-30
6721,706,2024,1,1,2024-11-30
6722,706,2024,2,5,2024-11-30
6723,706,2024,3,1,2024-11-30
6724,706,2024,4,1,2024-11-30
6725,706,2024,5,3,2024-11-30
6726,709,2024,1,3,2024-11-30
6727,709,2024,2,4,2024-11-30
6728,709,2024,3,1,2024-11-30
6729,709,2024,4,3,2024-11-30
6730,709,2024,5,4,2024-11-30
6731,713,2024,1,1,2024-11-30
6732,713,2024,2,4,2024-11-30
6733,713,2024,3,3,2024-11-30
6734,713,2024,4,1,2024-11-30
6735,713,2024,5,3,2024-11-30
6736,717,2024,1,1,2024-11-30
6737,717,2024,2,1,2024-11-30
6738,717,2024,3,5,2024-11-30
6739,717,2024,4,3,2024-11-30
6740,717,2024,5,1,2024-11-30
6741,718,2024,1,3,2024-11-30
6742,718,2024,2,1,2024-11-30
6743,718,2024,3,1,2024-11-30
6744,718,2024,4,4,2024-11-30
6745,718,2024,5,4,2024-11-30
6746,719,2024,1,3,2024-11-30
6747,719,2024,2,5,2024-11-30
6748,719,2024,3,5,2024-11-30
6749,719,2024,4,4,2024-11-30
6750,719,2024,5,1,2024-11-30
6751,721,2024,1,1,2024-11-30
6752,721,2024,2,4,2024-11-30
6753,721,2024,3,1,2024-11-30
6754,721,2024,4,3,2024-11-30
6755,721,2024,5,3,2024-11-30
6756,722,2024,1,4,2024-11-30
6757,722,2024,2,5,2024-11-30
6758,722,2024,3,3,2024-11-30
6759,722,2024,4,5,2024-11-30
6760,722,2024,5,4,2024-11-30
6761,723,2024,1,4,2024-11-30
6762,723,2024,2,1,2024-11-30
6763,723,2024,3,1,2024-11-30
6764,723,2024,4,3,2024-11-30
6765,723,2024,5,5,2024-11-30
6766,727,2024,1,4,2024-11-30
6767,727,2024,2,5,2024-11-30
6768,727,2024,3,1,2024-11-30
6769,727,2024,4,1,2024-11-30
6770,727,2024,5,4,2024-11-30
6771,729,2024,1,3,2024-11-30
6772,729,2024,2,3,2024-11-30
6773,729,2024,3,3,2024-11-30
6774,729,2024,4,1,2024-11-30
6775,729,2024,5,4,2024-11-30
6776,730,2024,1,3,2024-11-30
6777,730,2024,2,1,2024-11-30
6778,730,2024,3,1,2024-11-30
6779,730,2024,4,1,2024-11-30
6780,730,2024,5,2,2024-11-30
6781,731,2024,1,4,2024-11-30
6782,731,2024,2,5,2024-11-30
6783,731,2024,3,5,2024-11-30
6784,731,2024,4,5,2024-11-30
6785,731,2024,5,2,2024-11-30
6786,733,2024,1,3,2024-11-30
6787,733,2024,2,5,2024-11-30
6788,733,2024,3,3,2024-11-30
6789,733,2024,4,1,2024-11-30
6790,733,2024,5,3,2024-11-30
6791,734,2024,1,3,2024-11-30
6792,734,2024,2,2,2024-11-30
6793,734,2024,3,3,2024-11-30
6794,734,2024,4,3,2024-11-30
6795,734,2024,5,5,2024-11-30
6796,735,2024,1,3,2024-11-30
6797,735,2024,2,5,2024-11-30
6798,735,2024,3,5,2024-11-30
6799,735,2024,4,2,2024-11-30
6800,735,2024,5,5,2024-11-30
6801,739,2024,1,5,2024-11-30
6802,739,2024,2,4,2024-11-30
6803,739,2024,3,2,2024-11-30
6804,739,2024,4,4,2024-11-30
6805,739,2024,5,2,2024-11-30
6806,742,2024,1,1,2024-11-30
6807,742,2024,2,5,2024-11-30
6808,742,2024,3,4,2024-11-30
6809,742,2024,4,4,2024-11-30
6810,742,2024,5,2,2024-11-30
6811,743,2024,1,1,2024-11-30
6812,743,2024,2,4,2024-11-30
6813,743,2024,3,4,2024-11-30
6814,743,2024,4,3,2024-11-30
6815,743,2024,5,3,2024-11-30
6816,746,2024,1,4,2024-11-30
6817,746,2024,2,2,2024-11-30
6818,746,2024,3,1,2024-11-30
6819,746,2024,4,1,2024-11-30
6820,746,2024,5,1,2024-11-30
6821,750,2024,1,3,2024-11-30
6822,750,2024,2,1,2024-11-30
6823,750,2024,3,4,2024-11-30
6824,750,2024,4,1,2024-11-30
6825,750,2024,5,3,2024-11-30
6826,751,2024,1,2,2024-11-30
6827,751,2024,2,3,2024-11-30
6828,751,2024,3,2,2024-11-30
6829,751,2024,4,4,2024-11-30
6830,751,2024,5,1,2024-11-30
6831,754,2024,1,3,2024-11-30
6832,754,2024,2,4,2024-11-30
6833,754,2024,3,5,2024-11-30
6834,754,2024,4,3,2024-11-30
6835,754,2024,5,4,2024-11-30
6836,755,2024,1,4,2024-11-30
6837,755,2024,2,2,2024-11-30
6838,755,2024,3,1,2024-11-30
6839,755,2024,4,4,2024-11-30
6840,755,2024,5,4,2024-11-30
6841,756,2024,1,2,2024-11-30
6842,756,2024,2,1,2024-11-30
6843,756,2024,3,3,2024-11-30
6844,756,2024,4,2,2024-11-30
6845,756,2024,5,4,2024-11-30
6846,757,2024,1,5,2024-11-30
6847,757,2024,2,5,2024-11-30
6848,757,2024,3,2,2024-11-30
6849,757,2024,4,5,2024-11-30
6850,757,2024,5,4,2024-11-30
6851,758,2024,1,1,2024-11-30
6852,758,2024,2,4,2024-11-30
6853,758,2024,3,2,2024-11-30
6854,758,2024,4,5,2024-11-30
6855,758,2024,5,4,2024-11-30
6856,762,2024,1,1,2024-11-30
6857,762,2024,2,4,2024-11-30
6858,762,2024,3,4,2024-11-30
6859,762,2024,4,2,2024-11-30
6860,762,2024,5,1,2024-11-30
6861,763,2024,1,4,2024-11-30
6862,763,2024,2,2,2024-11-30
6863,763,2024,3,4,2024-11-30
6864,763,2024,4,2,2024-11-30
6865,763,2024,5,3,2024-11-30
6866,764,2024,1,2,2024-11-30
6867,764,2024,2,5,2024-11-30
6868,764,2024,3,2,2024-11-30
6869,764,2024,4,2,2024-11-30
6870,764,2024,5,4,2024-11-30
6871,767,2024,1,2,2024-11-30
6872,767,2024,2,1,2024-11-30
6873,767,2024,3,4,2024-11-30
6874,767,2024,4,5,2024-11-30
6875,767,2024,5,1,2024-11-30
6876,770,2024,1,1,2024-11-30
6877,770,2024,2,1,2024-11-30
6878,770,2024,3,4,2024-11-30
6879,770,2024,4,3,2024-11-30
6880,770,2024,5,5,2024-11-30
6881,773,2024,1,4,2024-11-30
6882,773,2024,2,4,2024-11-30
6883,773,2024,3,4,2024-11-30
6884,773,2024,4,3,2024-11-30
6885,773,2024,5,2,2024-11-30
6886,775,2024,1,5,2024-11-30
6887,775,2024,2,2,2024-11-30
6888,775,2024,3,5,2024-11-30
6889,775,2024,4,5,2024-11-30
6890,775,2024,5,5,2024-11-30
6891,778,2024,1,2,2024-11-30
6892,778,2024,2,3,2024-11-30
6893,778,2024,3,3,2024-11-30
6894,778,2024,4,3,2024-11-30
6895,778,2024,5,1,2024-11-30
6896,779,2024,1,4,2024-11-30
6897,779,2024,2,4,2024-11-30
6898,779,2024,3,2,2024-11-30
6899,779,2024,4,4,2024-11-30
6900,779,2024,5,4,2024-11-30
6901,783,2024,1,4,2024-11-30
6902,783,2024,2,2,2024-11-30
6903,783,2024,3,1,2024-11-30
6904,783,2024,4,4,2024-11-30
6905,783,2024,5,5,2024-11-30
6906,784,2024,1,2,2024-11-30
6907,784,2024,2,3,2024-11-30
6908,784,2024,3,5,2024-11-30
6909,784,2024,4,2,2024-11-30
6910,784,2024,5,4,2024-11-30
6911,789,2024,1,4,2024-11-30
6912,789,2024,2,3,2024-11-30
6913,789,2024,3,1,2024-11-30
6914,789,2024,4,2,2024-11-30
6915,789,2024,5,4,2024-11-30
6916,790,2024,1,3,2024-11-30
6917,790,2024,2,2,2024-11-30
6918,790,2024,3,5,2024-11-30
6919,790,2024,4,3,2024-11-30
6920,790,2024,5,5,2024-11-30
6921,791,2024,1,2,2024-11-30
6922,791,2024,2,2,2024-11-30
6923,791,2024,3,4,2024-11-30
6924,791,2024,4,3,2024-11-30
6925,791,2024,5,4,2024-11-30
6926,792,2024,1,4,2024-11-30
6927,792,2024,2,2,2024-11-30
6928,792,2024,3,3,2024-11-30
6929,792,2024,4,5,2024-11-30
6930,792,2024,5,5,2024-11-30
6931,795,2024,1,2,2024-11-30
6932,795,2024,2,4,2024-11-30
6933,795,2024,3,4,2024-11-30
6934,795,2024,4,1,2024-11-30
6935,795,2024,5,3,2024-11-30
6936,796,2024,1,2,2024-11-30
6937,796,2024,2,1,2024-11-30
6938,796,2024,3,5,2024-11-30
6939,796,2024,4,1,2024-11-30
6940,796,2024,5,4,2024-11-30
6941,800,2024,1,1,2024-11-30
6942,800,2024,2,2,2024-11-30
6943,800,2024,3,4,2024-11-30
6944,800,2024,4,4,2024-11-30
6945,800,2024,5,2,2024-11-30
6946,806,2024,1,2,2024-11-30
6947,806,2024,2,1,2024-11-30
6948,806,2024,3,1,2024-11-30
6949,806,2024,4,1,2024-11-30
6950,806,2024,5,4,2024-11-30
6951,808,2024,1,4,2024-11-30
6952,808,2024,2,1,2024-11-30
6953,808,2024,3,4,2024-11-30
6954,808,2024,4,4,2024-11-30
6955,808,2024,5,2,2024-11-30
6956,812,2024,1,1,2024-11-30
6957,812,2024,2,5,2024-11-30
6958,812,2024,3,1,2024-11-30
6959,812,2024,4,2,2024-11-30
6960,812,2024,5,1,2024-11-30
6961,814,2024,1,5,2024-11-30
6962,814,2024,2,5,2024-11-30
6963,814,2024,3,2,2024-11-30
6964,814,2024,4,5,2024-11-30
6965,814,2024,5,3,2024-11-30
6966,815,2024,1,3,2024-11-30
6967,815,2024,2,2,2024-11-30
6968,815,2024,3,4,2024-11-30
6969,815,2024,4,5,2024-11-30
6970,815,2024,5,4,2024-11-30
6971,817,2024,1,2,2024-11-30
6972,817,2024,2,3,2024-11-30
6973,817,2024,3,4,2024-11-30
6974,817,2024,4,3,2024-11-30
6975,817,2024,5,3,2024-11-30
6976,819,2024,1,2,2024-11-30
6977,819,2024,2,3,2024-11-30
6978,819,2024,3,1,2024-11-30
6979,819,2024,4,4,2024-11-30
6980,819,2024,5,5,2024-11-30
6981,820,2024,1,5,2024-11-30
6982,820,2024,2,5,2024-11-30
6983,820,2024,3,4,2024-11-30
6984,820,2024,4,1,2024-11-30
6985,820,2024,5,2,2024-11-30
6986,822,2024,1,1,2024-11-30
6987,822,2024,2,3,2024-11-30
6988,822,2024,3,5,2024-11-30
6989,822,2024,4,2,2024-11-30
6990,822,2024,5,2,2024-11-30
6991,823,2024,1,4,2024-11-30
6992,823,2024,2,2,2024-11-30
6993,823,2024,3,4,2024-11-30
6994,823,2024,4,5,2024-11-30
6995,823,2024,5,1,2024-11-30
6996,825,2024,1,5,2024-11-30
6997,825,2024,2,5,2024-11-30
6998,825,2024,3,1,2024-11-30
6999,825,2024,4,5,2024-11-30
7000,825,2024,5,5,2024-11-30
7001,827,2024,1,5,2024-11-30
7002,827,2024,2,5,2024-11-30
7003,827,2024,3,5,2024-11-30
7004,827,2024,4,5,2024-11-30
7005,827,2024,5,2,2024-11-30
7006,829,2024,1,1,2024-11-30
7007,829,2024,2,5,2024-11-30
7008,829,2024,3,4,2024-11-30
7009,829,2024,4,2,2024-11-30
7010,829,2024,5,1,2024-11-30
7011,833,2024,1,3,2024-11-30
7012,833,2024,2,4,2024-11-30
7013,833,2024,3,4,2024-11-30
7014,833,2024,4,3,2024-11-30
7015,833,2024,5,3,2024-11-30
7016,834,2024,1,3,2024-11-30
7017,834,2024,2,2,2024-11-30
7018,834,2024,3,2,2024-11-30
7019,834,2024,4,4,2024-11-30
7020,834,2024,5,4,2024-11-30
7021,835,2024,1,4,2024-11-30
7022,835,2024,2,5,2024-11-30
7023,835,2024,3,5,2024-11-30
7024,835,2024,4,2,2024-11-30
7025,835,2024,5,4,2024-11-30
7026,837,2024,1,1,2024-11-30
7027,837,2024,2,2,2024-11-30
7028,837,2024,3,3,2024-11-30
7029,837,2024,4,1,2024-11-30
7030,837,2024,5,4,2024-11-30
7031,838,2024,1,3,2024-11-30
7032,838,2024,2,2,2024-11-30
7033,838,2024,3,5,2024-11-30
7034,838,2024,4,3,2024-11-30
7035,838,2024,5,3,2024-11-30
7036,839,2024,1,3,2024-11-30
7037,839,2024,2,5,2024-11-30
7038,839,2024,3,4,2024-11-30
7039,839,2024,4,4,2024-11-30
7040,839,2024,5,1,2024-11-30
7041,842,2024,1,1,2024-11-30
7042,842,2024,2,3,2024-11-30
7043,842,2024,3,4,2024-11-30
7044,842,2024,4,5,2024-11-30
7045,842,2024,5,1,2024-11-30
7046,843,2024,1,2,2024-11-30
7047,843,2024,2,4,2024-11-30
7048,843,2024,3,4,2024-11-30
7049,843,2024,4,3,2024-11-30
7050,843,2024,5,3,2024-11-30
7051,844,2024,1,4,2024-11-30
7052,844,2024,2,3,2024-11-30
7053,844,2024,3,4,2024-11-30
7054,844,2024,4,2,2024-11-30
7055,844,2024,5,2,2024-11-30
7056,847,2024,1,1,2024-11-30
7057,847,2024,2,5,2024-11-30
7058,847,2024,3,2,2024-11-30
7059,847,2024,4,3,2024-11-30
7060,847,2024,5,3,2024-11-30
7061,849,2024,1,3,2024-11-30
7062,849,2024,2,5,2024-11-30
7063,849,2024,3,3,2024-11-30
7064,849,2024,4,1,2024-11-30
7065,849,2024,5,4,2024-11-30
7066,850,2024,1,4,2024-11-30
7067,850,2024,2,2,2024-11-30
7068,850,2024,3,5,2024-11-30
7069,850,2024,4,4,2024-11-30
7070,850,2024,5,1,2024-11-30
7071,851,2024,1,1,2024-11-30
7072,851,2024,2,2,2024-11-30
7073,851,2024,3,5,2024-11-30
7074,851,2024,4,1,2024-11-30
7075,851,2024,5,5,2024-11-30
7076,853,2024,1,3,2024-11-30
7077,853,2024,2,4,2024-11-30
7078,853,2024,3,4,2024-11-30
7079,853,2024,4,1,2024-11-30
7080,853,2024,5,5,2024-11-30
7081,855,2024,1,4,2024-11-30
7082,855,2024,2,5,2024-11-30
7083,855,2024,3,1,2024-11-30
7084,855,2024,4,3,2024-11-30
7085,855,2024,5,1,2024-11-30
7086,859,2024,1,1,2024-11-30
7087,859,2024,2,5,2024-11-30
7088,859,2024,3,2,2024-11-30
7089,859,2024,4,3,2024-11-30
7090,859,2024,5,3,2024-11-30
7091,866,2024,1,4,2024-11-30
7092,866,2024,2,1,2024-11-30
7093,866,2024,3,2,2024-11-30
7094,866,2024,4,5,2024-11-30
7095,866,2024,5,1,2024-11-30
7096,867,2024,1,5,2024-11-30
7097,867,2024,2,3,2024-11-30
7098,867,2024,3,4,2024-11-30
7099,867,2024,4,4,2024-11-30
7100,867,2024,5,2,2024-11-30
7101,869,2024,1,5,2024-11-30
7102,869,2024,2,5,2024-11-30
7103,869,2024,3,3,2024-11-30
7104,869,2024,4,3,2024-11-30
7105,869,2024,5,5,2024-11-30
7106,872,2024,1,4,2024-11-30
7107,872,2024,2,5,2024-11-30
7108,872,2024,3,5,2024-11-30
7109,872,2024,4,1,2024-11-30
7110,872,2024,5,5,2024-11-30
7111,873,2024,1,2,2024-11-30
7112,873,2024,2,3,2024-11-30
7113,873,2024,3,3,2024-11-30
7114,873,2024,4,1,2024-11-30
7115,873,2024,5,5,2024-11-30
7116,875,2024,1,2,2024-11-30
7117,875,2024,2,2,2024-11-30
7118,875,2024,3,1,2024-11-30
7119,875,2024,4,4,2024-11-30
7120,875,2024,5,1,2024-11-30
7121,876,2024,1,1,2024-11-30
7122,876,2024,2,1,2024-11-30
7123,876,2024,3,2,2024-11-30
7124,876,2024,4,3,2024-11-30
7125,876,2024,5,1,2024-11-30
7126,883,2024,1,4,2024-11-30
7127,883,2024,2,3,2024-11-30
7128,883,2024,3,5,2024-11-30
7129,883,2024,4,1,2024-11-30
7130,883,2024,5,2,2024-11-30
7131,884,2024,1,2,2024-11-30
7132,884,2024,2,5,2024-11-30
7133,884,2024,3,3,2024-11-30
7134,884,2024,4,5,2024-11-30
7135,884,2024,5,2,2024-11-30
7136,885,2024,1,4,2024-11-30
7137,885,2024,2,4,2024-11-30
7138,885,2024,3,2,2024-11-30
7139,885,2024,4,4,2024-11-30
7140,885,2024,5,1,2024-11-30
7141,891,2024,1,2,2024-11-30
7142,891,2024,2,2,2024-11-30
7143,891,2024,3,4,2024-11-30
7144,891,2024,4,5,2024-11-30
7145,891,2024,5,3,2024-11-30
7146,893,2024,1,3,2024-11-30
7147,893,2024,2,2,2024-11-30
7148,893,2024,3,3,2024-11-30
7149,893,2024,4,1,2024-11-30
7150,893,2024,5,5,2024-11-30
7151,896,2024,1,1,2024-11-30
7152,896,2024,2,3,2024-11-30
7153,896,2024,3,5,2024-11-30
7154,896,2024,4,3,2024-11-30
7155,896,2024,5,3,2024-11-30
7156,897,2024,1,5,2024-11-30
7157,897,2024,2,3,2024-11-30
7158,897,2024,3,1,2024-11-30
7159,897,2024,4,5,2024-11-30
7160,897,2024,5,3,2024-11-30
7161,900,2024,1,4,2024-11-30
7162,900,2024,2,4,2024-11-30
7163,900,2024,3,5,2024-11-30
7164,900,2024,4,1,2024-11-30
7165,900,2024,5,3,2024-11-30
7166,903,2024,1,4,2024-11-30
7167,903,2024,2,3,2024-11-30
7168,903,2024,3,4,2024-11-30
7169,903,2024,4,1,2024-11-30
7170,903,2024,5,3,2024-11-30
7171,905,2024,1,2,2024-11-30
7172,905,2024,2,3,2024-11-30
7173,905,2024,3,1,2024-11-30
7174,905,2024,4,5,2024-11-30
7175,905,2024,5,2,2024-11-30
7176,906,2024,1,1,2024-11-30
7177,906,2024,2,3,2024-11-30
7178,906,2024,3,2,2024-11-30
7179,906,2024,4,4,2024-11-30
7180,906,2024,5,5,2024-11-30
7181,908,2024,1,4,2024-11-30
7182,908,2024,2,4,2024-11-30
7183,908,2024,3,2,2024-11-30
7184,908,2024,4,4,2024-11-30
7185,908,2024,5,1,2024-11-30
7186,909,2024,1,5,2024-11-30
7187,909,2024,2,4,2024-11-30
7188,909,2024,3,5,2024-11-30
7189,909,2024,4,5,2024-11-30
7190,909,2024,5,4,2024-11-30
7191,911,2024,1,2,2024-11-30
7192,911,2024,2,2,2024-11-30
7193,911,2024,3,4,2024-11-30
7194,911,2024,4,1,2024-11-30
7195,911,2024,5,2,2024-11-30
7196,912,2024,1,1,2024-11-30
7197,912,2024,2,3,2024-11-30
7198,912,2024,3,1,2024-11-30
7199,912,2024,4,4,2024-11-30
7200,912,2024,5,4,2024-11-30
7201,914,2024,1,3,2024-11-30
7202,914,2024,2,4,2024-11-30
7203,914,2024,3,3,2024-11-30
7204,914,2024,4,5,2024-11-30
7205,914,2024,5,4,2024-11-30
7206,915,2024,1,1,2024-11-30
7207,915,2024,2,2,2024-11-30
7208,915,2024,3,4,2024-11-30
7209,915,2024,4,1,2024-11-30
7210,915,2024,5,1,2024-11-30
7211,918,2024,1,5,2024-11-30
7212,918,2024,2,4,2024-11-30
7213,918,2024,3,1,2024-11-30
7214,918,2024,4,1,2024-11-30
7215,918,2024,5,2,2024-11-30
7216,919,2024,1,2,2024-11-30
7217,919,2024,2,1,2024-11-30
7218,919,2024,3,2,2024-11-30
7219,919,2024,4,3,2024-11-30
7220,919,2024,5,5,2024-11-30
7221,921,2024,1,3,2024-11-30
7222,921,2024,2,4,2024-11-30
7223,921,2024,3,1,2024-11-30
7224,921,2024,4,2,2024-11-30
7225,921,2024,5,3,2024-11-30
7226,924,2024,1,4,2024-11-30
7227,924,2024,2,3,2024-11-30
7228,924,2024,3,1,2024-11-30
7229,924,2024,4,4,2024-11-30
7230,924,2024,5,5,2024-11-30
7231,925,2024,1,4,2024-11-30
7232,925,2024,2,1,2024-11-30
7233,925,2024,3,4,2024-11-30
7234,925,2024,4,3,2024-11-30
7235,925,2024,5,3,2024-11-30
7236,926,2024,1,5,2024-11-30
7237,926,2024,2,3,2024-11-30
7238,926,2024,3,2,2024-11-30
7239,926,2024,4,4,2024-11-30
7240,926,2024,5,4,2024-11-30
7241,927,2024,1,2,2024-11-30
7242,927,2024,2,3,2024-11-30
7243,927,2024,3,2,2024-11-30
7244,927,2024,4,2,2024-11-30
7245,927,2024,5,4,2024-11-30
7246,928,2024,1,3,2024-11-30
7247,928,2024,2,3,2024-11-30
7248,928,2024,3,2,2024-11-30
7249,928,2024,4,5,2024-11-30
7250,928,2024,5,4,2024-11-30
7251,932,2024,1,5,2024-11-30
7252,932,2024,2,1,2024-11-30
7253,932,2024,3,5,2024-11-30
7254,932,2024,4,5,2024-11-30
7255,932,2024,5,2,2024-11-30
7256,933,2024,1,2,2024-11-30
7257,933,2024,2,4,2024-11-30
7258,933,2024,3,2,2024-11-30
7259,933,2024,4,1,2024-11-30
7260,933,2024,5,5,2024-11-30
7261,934,2024,1,4,2024-11-30
7262,934,2024,2,4,2024-11-30
7263,934,2024,3,5,2024-11-30
7264,934,2024,4,2,2024-11-30
7265,934,2024,5,5,2024-11-30
7266,937,2024,1,4,2024-11-30
7267,937,2024,2,4,2024-11-30
7268,937,2024,3,2,2024-11-30
7269,937,2024,4,1,2024-11-30
7270,937,2024,5,5,2024-11-30
7271,938,2024,1,1,2024-11-30
7272,938,2024,2,4,2024-11-30
7273,938,2024,3,2,2024-11-30
7274,938,2024,4,3,2024-11-30
7275,938,2024,5,5,2024-11-30
7276,944,2024,1,4,2024-11-30
7277,944,2024,2,1,2024-11-30
7278,944,2024,3,1,2024-11-30
7279,944,2024,4,5,2024-11-30
7280,944,2024,5,3,2024-11-30
7281,945,2024,1,1,2024-11-30
7282,945,2024,2,4,2024-11-30
7283,945,2024,3,1,2024-11-30
7284,945,2024,4,3,2024-11-30
7285,945,2024,5,4,2024-11-30
7286,948,2024,1,4,2024-11-30
7287,948,2024,2,5,2024-11-30
7288,948,2024,3,4,2024-11-30
7289,948,2024,4,4,2024-11-30
7290,948,2024,5,1,2024-11-30
7291,949,2024,1,1,2024-11-30
7292,949,2024,2,3,2024-11-30
7293,949,2024,3,1,2024-11-30
7294,949,2024,4,1,2024-11-30
7295,949,2024,5,2,2024-11-30
7296,950,2024,1,3,2024-11-30
7297,950,2024,2,3,2024-11-30
7298,950,2024,3,5,2024-11-30
7299,950,2024,4,2,2024-11-30
7300,950,2024,5,3,2024-11-30
7301,953,2024,1,2,2024-11-30
7302,953,2024,2,5,2024-11-30
7303,953,2024,3,5,2024-11-30
7304,953,2024,4,5,2024-11-30
7305,953,2024,5,1,2024-11-30
7306,954,2024,1,2,2024-11-30
7307,954,2024,2,5,2024-11-30
7308,954,2024,3,2,2024-11-30
7309,954,2024,4,5,2024-11-30
7310,954,2024,5,2,2024-11-30
7311,955,2024,1,3,2024-11-30
7312,955,2024,2,2,2024-11-30
7313,955,2024,3,1,2024-11-30
7314,955,2024,4,3,2024-11-30
7315,955,2024,5,2,2024-11-30
7316,957,2024,1,3,2024-11-30
7317,957,2024,2,2,2024-11-30
7318,957,2024,3,2,2024-11-30
7319,957,2024,4,3,2024-11-30
7320,957,2024,5,2,2024-11-30
7321,959,2024,1,5,2024-11-30
7322,959,2024,2,2,2024-11-30
7323,959,2024,3,1,2024-11-30
7324,959,2024,4,2,2024-11-30
7325,959,2024,5,5,2024-11-30
7326,960,2024,1,5,2024-11-30
7327,960,2024,2,5,2024-11-30
7328,960,2024,3,1,2024-11-30
7329,960,2024,4,5,2024-11-30
7330,960,2024,5,1,2024-11-30
7331,965,2024,1,5,2024-11-30
7332,965,2024,2,4,2024-11-30
7333,965,2024,3,4,2024-11-30
7334,965,2024,4,2,2024-11-30
7335,965,2024,5,1,2024-11-30
7336,968,2024,1,5,2024-11-30
7337,968,2024,2,2,2024-11-30
7338,968,2024,3,1,2024-11-30
7339,968,2024,4,1,2024-11-30
7340,968,2024,5,2,2024-11-30
7341,970,2024,1,5,2024-11-30
7342,970,2024,2,1,2024-11-30
7343,970,2024,3,5,2024-11-30
7344,970,2024,4,5,2024-11-30
7345,970,2024,5,3,2024-11-30
7346,971,2024,1,1,2024-11-30
7347,971,2024,2,1,2024-11-30
7348,971,2024,3,3,2024-11-30
7349,971,2024,4,4,2024-11-30
7350,971,2024,5,2,2024-11-30
7351,972,2024,1,2,2024-11-30
7352,972,2024,2,1,2024-11-30
7353,972,2024,3,4,2024-11-30
7354,972,2024,4,4,2024-11-30
7355,972,2024,5,1,2024-11-30
7356,973,2024,1,3,2024-11-30
7357,973,2024,2,4,2024-11-30
7358,973,2024,3,2,2024-11-30
7359,973,2024,4,3,2024-11-30
7360,973,2024,5,2,2024-11-30
7361,974,2024,1,1,2024-11-30
7362,974,2024,2,1,2024-11-30
7363,974,2024,3,3,2024-11-30
7364,974,2024,4,2,2024-11-30
7365,974,2024,5,3,2024-11-30
7366,975,2024,1,1,2024-11-30
7367,975,2024,2,4,2024-11-30
7368,975,2024,3,1,2024-11-30
7369,975,2024,4,3,2024-11-30
7370,975,2024,5,2,2024-11-30
7371,977,2024,1,2,2024-11-30
7372,977,2024,2,2,2024-11-30
7373,977,2024,3,1,2024-11-30
7374,977,2024,4,3,2024-11-30
7375,977,2024,5,4,2024-11-30
7376,980,2024,1,3,2024-11-30
7377,980,2024,2,5,2024-11-30
7378,980,2024,3,4,2024-11-30
7379,980,2024,4,2,2024-11-30
7380,980,2024,5,5,2024-11-30
7381,981,2024,1,2,2024-11-30
7382,981,2024,2,3,2024-11-30
7383,981,2024,3,5,2024-11-30
7384,981,2024,4,2,2024-11-30
7385,981,2024,5,5,2024-11-30
7386,982,2024,1,2,2024-11-30
7387,982,2024,2,2,2024-11-30
7388,982,2024,3,4,2024-11-30
7389,982,2024,4,4,2024-11-30
7390,982,2024,5,3,2024-11-30
7391,984,2024,1,2,2024-11-30
7392,984,2024,2,5,2024-11-30
7393,984,2024,3,5,2024-11-30
7394,984,2024,4,3,2024-11-30
7395,984,2024,5,2,2024-11-30
7396,985,2024,1,4,2024-11-30
7397,985,2024,2,4,2024-11-30
7398,985,2024,3,3,2024-11-30
7399,985,2024,4,3,2024-11-30
7400,985,2024,5,2,2024-11-30
7401,986,2024,1,4,2024-11-30
7402,986,2024,2,3,2024-11-30
7403,986,2024,3,3,2024-11-30
7404,986,2024,4,4,2024-11-30
7405,986,2024,5,5,2024-11-30
7406,993,2024,1,3,2024-11-30
7407,993,2024,2,3,2024-11-30
7408,993,2024,3,2,2024-11-30
7409,993,2024,4,5,2024-11-30
7410,993,2024,5,3,2024-11-30
7411,994,2024,1,4,2024-11-30
7412,994,2024,2,4,2024-11-30
7413,994,2024,3,1,2024-11-30
7414,994,2024,4,3,2024-11-30
7415,994,2024,5,1,2024-11-30
7416,996,2024,1,4,2024-11-30
7417,996,2024,2,4,2024-11-30
7418,996,2024,3,1,2024-11-30
7419,996,2024,4,1,2024-11-30
7420,996,2024,5,3,2024-11-30
7421,997,2024,1,4,2024-11-30
7422,997,2024,2,2,2024-11-30
7423,997,2024,3,4,2024-11-30
7424,997,2024,4,3,2024-11-30
7425,997,2024,5,2,2024-11-30
7426,998,2024,1,3,2024-11-30
7427,998,2024,2,2,2024-11-30
7428,998,2024,3,3,2024-11-30
7429,998,2024,4,5,2024-11-30
7430,998,2024,5,2,2024-11-30
7431,1004,2024,1,4,2024-11-30
7432,1004,2024,2,3,2024-11-30
7433,1004,2024,3,5,2024-11-30
7434,1004,2024,4,1,2024-11-30
7435,1004,2024,5,5,2024-11-30
7436,1006,2024,1,5,2024-11-30
7437,1006,2024,2,5,2024-11-30
7438,1006,2024,3,5,2024-11-30
7439,1006,2024,4,4,2024-11-30
7440,1006,2024,5,3,2024-11-30
7441,1008,2024,1,3,2024-11-30
7442,1008,2024,2,5,2024-11-30
7443,1008,2024,3,4,2024-11-30
7444,1008,2024,4,1,2024-11-30
7445,1008,2024,5,2,2024-11-30
7446,1011,2024,1,5,2024-11-30
7447,1011,2024,2,1,2024-11-30
7448,1011,2024,3,1,2024-11-30
7449,1011,2024,4,4,2024-11-30
7450,1011,2024,5,4,2024-11-30
7451,1012,2024,1,4,2024-11-30
7452,1012,2024,2,5,2024-11-30
7453,1012,2024,3,1,2024-11-30
7454,1012,2024,4,4,2024-11-30
7455,1012,2024,5,1,2024-11-30
7456,1013,2024,1,3,2024-11-30
7457,1013,2024,2,2,2024-11-30
7458,1013,2024,3,4,2024-11-30
7459,1013,2024,4,4,2024-11-30
7460,1013,2024,5,2,2024-11-30
7461,1014,2024,1,5,2024-11-30
7462,1014,2024,2,5,2024-11-30
7463,1014,2024,3,2,2024-11-30
7464,1014,2024,4,3,2024-11-30
7465,1014,2024,5,5,2024-11-30
7466,1016,2024,1,3,2024-11-30
7467,1016,2024,2,3,2024-11-30
7468,1016,2024,3,5,2024-11-30
7469,1016,2024,4,4,2024-11-30
7470,1016,2024,5,1,2024-11-30
7471,1020,2024,1,3,2024-11-30
7472,1020,2024,2,3,2024-11-30
7473,1020,2024,3,4,2024-11-30
7474,1020,2024,4,2,2024-11-30
7475,1020,2024,5,4,2024-11-30
7476,1023,2024,1,3,2024-11-30
7477,1023,2024,2,1,2024-11-30
7478,1023,2024,3,5,2024-11-30
7479,1023,2024,4,3,2024-11-30
7480,1023,2024,5,2,2024-11-30
7481,1024,2024,1,3,2024-11-30
7482,1024,2024,2,3,2024-11-30
7483,1024,2024,3,4,2024-11-30
7484,1024,2024,4,5,2024-11-30
7485,1024,2024,5,5,2024-11-30
7486,1025,2024,1,4,2024-11-30
7487,1025,2024,2,2,2024-11-30
7488,1025,2024,3,4,2024-11-30
7489,1025,2024,4,4,2024-11-30
7490,1025,2024,5,5,2024-11-30
7491,1027,2024,1,3,2024-11-30
7492,1027,2024,2,4,2024-11-30
7493,1027,2024,3,2,2024-11-30
7494,1027,2024,4,1,2024-11-30
7495,1027,2024,5,5,2024-11-30
7496,1029,2024,1,1,2024-11-30
7497,1029,2024,2,2,2024-11-30
7498,1029,2024,3,4,2024-11-30
7499,1029,2024,4,2,2024-11-30
7500,1029,2024,5,5,2024-11-30
7501,1030,2024,1,4,2024-11-30
7502,1030,2024,2,1,2024-11-30
7503,1030,2024,3,3,2024-11-30
7504,1030,2024,4,3,2024-11-30
7505,1030,2024,5,2,2024-11-30
7506,1032,2024,1,4,2024-11-30
7507,1032,2024,2,5,2024-11-30
7508,1032,2024,3,3,2024-11-30
7509,1032,2024,4,4,2024-11-30
7510,1032,2024,5,5,2024-11-30
7511,1033,2024,1,5,2024-11-30
7512,1033,2024,2,3,2024-11-30
7513,1033,2024,3,1,2024-11-30
7514,1033,2024,4,3,2024-11-30
7515,1033,2024,5,1,2024-11-30
7516,1036,2024,1,4,2024-11-30
7517,1036,2024,2,5,2024-11-30
7518,1036,2024,3,1,2024-11-30
7519,1036,2024,4,3,2024-11-30
7520,1036,2024,5,1,2024-11-30
7521,1037,2024,1,3,2024-11-30
7522,1037,2024,2,1,2024-11-30
7523,1037,2024,3,2,2024-11-30
7524,1037,2024,4,5,2024-11-30
7525,1037,2024,5,3,2024-11-30
7526,1039,2024,1,5,2024-11-30
7527,1039,2024,2,3,2024-11-30
7528,1039,2024,3,3,2024-11-30
7529,1039,2024,4,1,2024-11-30
7530,1039,2024,5,5,2024-11-30
7531,1040,2024,1,4,2024-11-30
7532,1040,2024,2,5,2024-11-30
7533,1040,2024,3,2,2024-11-30
7534,1040,2024,4,5,2024-11-30
7535,1040,2024,5,2,2024-11-30
7536,1041,2024,1,2,2024-11-30
7537,1041,2024,2,1,2024-11-30
7538,1041,2024,3,3,2024-11-30
7539,1041,2024,4,4,2024-11-30
7540,1041,2024,5,2,2024-11-30
7541,1042,2024,1,5,2024-11-30
7542,1042,2024,2,5,2024-11-30
7543,1042,2024,3,4,2024-11-30
7544,1042,2024,4,3,2024-11-30
7545,1042,2024,5,2,2024-11-30
7546,1046,2024,1,3,2024-11-30
7547,1046,2024,2,3,2024-11-30
7548,1046,2024,3,2,2024-11-30
7549,1046,2024,4,5,2024-11-30
7550,1046,2024,5,5,2024-11-30
7551,1047,2024,1,2,2024-11-30
7552,1047,2024,2,3,2024-11-30
7553,1047,2024,3,2,2024-11-30
7554,1047,2024,4,1,2024-11-30
7555,1047,2024,5,2,2024-11-30
7556,1050,2024,1,5,2024-11-30
7557,1050,2024,2,4,2024-11-30
7558,1050,2024,3,4,2024-11-30
7559,1050,2024,4,1,2024-11-30
7560,1050,2024,5,2,2024-11-30
7561,1053,2024,1,3,2024-11-30
7562,1053,2024,2,3,2024-11-30
7563,1053,2024,3,1,2024-11-30
7564,1053,2024,4,3,2024-11-30
7565,1053,2024,5,3,2024-11-30
7566,1055,2024,1,2,2024-11-30
7567,1055,2024,2,1,2024-11-30
7568,1055,2024,3,4,2024-11-30
7569,1055,2024,4,4,2024-11-30
7570,1055,2024,5,2,2024-11-30
7571,1060,2024,1,4,2024-11-30
7572,1060,2024,2,1,2024-11-30
7573,1060,2024,3,3,2024-11-30
7574,1060,2024,4,2,2024-11-30
7575,1060,2024,5,4,2024-11-30
7576,1062,2024,1,2,2024-11-30
7577,1062,2024,2,5,2024-11-30
7578,1062,2024,3,5,2024-11-30
7579,1062,2024,4,1,2024-11-30
7580,1062,2024,5,5,2024-11-30
7581,1063,2024,1,4,2024-11-30
7582,1063,2024,2,1,2024-11-30
7583,1063,2024,3,2,2024-11-30
7584,1063,2024,4,4,2024-11-30
7585,1063,2024,5,4,2024-11-30
7586,1064,2024,1,4,2024-11-30
7587,1064,2024,2,3,2024-11-30
7588,1064,2024,3,3,2024-11-30
7589,1064,2024,4,1,2024-11-30
7590,1064,2024,5,2,2024-11-30
7591,1065,2024,1,2,2024-11-30
7592,1065,2024,2,4,2024-11-30
7593,1065,2024,3,2,2024-11-30
7594,1065,2024,4,1,2024-11-30
7595,1065,2024,5,2,2024-11-30
7596,1067,2024,1,5,2024-11-30
7597,1067,2024,2,5,2024-11-30
7598,1067,2024,3,2,2024-11-30
7599,1067,2024,4,3,2024-11-30
7600,1067,2024,5,5,2024-11-30
7601,1068,2024,1,1,2024-11-30
7602,1068,2024,2,5,2024-11-30
7603,1068,2024,3,5,2024-11-30
7604,1068,2024,4,1,2024-11-30
7605,1068,2024,5,1,2024-11-30
7606,1070,2024,1,3,2024-11-30
7607,1070,2024,2,4,2024-11-30
7608,1070,2024,3,1,2024-11-30
7609,1070,2024,4,4,2024-11-30
7610,1070,2024,5,5,2024-11-30
7611,1072,2024,1,3,2024-11-30
7612,1072,2024,2,2,2024-11-30
7613,1072,2024,3,2,2024-11-30
7614,1072,2024,4,1,2024-11-30
7615,1072,2024,5,3,2024-11-30
7616,1073,2024,1,3,2024-11-30
7617,1073,2024,2,4,2024-11-30
7618,1073,2024,3,3,2024-11-30
7619,1073,2024,4,5,2024-11-30
7620,1073,2024,5,1,2024-11-30
7621,1074,2024,1,5,2024-11-30
7622,1074,2024,2,5,2024-11-30
7623,1074,2024,3,1,2024-11-30
7624,1074,2024,4,1,2024-11-30
7625,1074,2024,5,5,2024-11-30
7626,1077,2024,1,5,2024-11-30
7627,1077,2024,2,1,2024-11-30
7628,1077,2024,3,5,2024-11-30
7629,1077,2024,4,5,2024-11-30
7630,1077,2024,5,1,2024-11-30
7631,1078,2024,1,5,2024-11-30
7632,1078,2024,2,2,2024-11-30
7633,1078,2024,3,2,2024-11-30
7634,1078,2024,4,3,2024-11-30
7635,1078,2024,5,3,2024-11-30
7636,1079,2024,1,2,2024-11-30
7637,1079,2024,2,4,2024-11-30
7638,1079,2024,3,2,2024-11-30
7639,1079,2024,4,1,2024-11-30
7640,1079,2024,5,3,2024-11-30
7641,1080,2024,1,3,2024-11-30
7642,1080,2024,2,3,2024-11-30
7643,1080,2024,3,4,2024-11-30
7644,1080,2024,4,5,2024-11-30
7645,1080,2024,5,2,2024-11-30
7646,1082,2024,1,3,2024-11-30
7647,1082,2024,2,4,2024-11-30
7648,1082,2024,3,2,2024-11-30
7649,1082,2024,4,5,2024-11-30
7650,1082,2024,5,4,2024-11-30
7651,1083,2024,1,5,2024-11-30
7652,1083,2024,2,1,2024-11-30
7653,1083,2024,3,1,2024-11-30
7654,1083,2024,4,2,2024-11-30
7655,1083,2024,5,5,2024-11-30
7656,1084,2024,1,3,2024-11-30
7657,1084,2024,2,3,2024-11-30
7658,1084,2024,3,5,2024-11-30
7659,1084,2024,4,5,2024-11-30
7660,1084,2024,5,2,2024-11-30
7661,1086,2024,1,1,2024-11-30
7662,1086,2024,2,5,2024-11-30
7663,1086,2024,3,5,2024-11-30
7664,1086,2024,4,1,2024-11-30
7665,1086,2024,5,3,2024-11-30
7666,1089,2024,1,3,2024-11-30
7667,1089,2024,2,5,2024-11-30
7668,1089,2024,3,1,2024-11-30
7669,1089,2024,4,3,2024-11-30
7670,1089,2024,5,1,2024-11-30
7671,1090,2024,1,2,2024-11-30
7672,1090,2024,2,1,2024-11-30
7673,1090,2024,3,5,2024-11-30
7674,1090,2024,4,2,2024-11-30
7675,1090,2024,5,1,2024-11-30
7676,1096,2024,1,2,2024-11-30
7677,1096,2024,2,4,2024-11-30
7678,1096,2024,3,1,2024-11-30
7679,1096,2024,4,4,2024-11-30
7680,1096,2024,5,1,2024-11-30
7681,1097,2024,1,4,2024-11-30
7682,1097,2024,2,1,2024-11-30
7683,1097,2024,3,4,2024-11-30
7684,1097,2024,4,5,2024-11-30
7685,1097,2024,5,2,2024-11-30
7686,1098,2024,1,4,2024-11-30
7687,1098,2024,2,2,2024-11-30
7688,1098,2024,3,3,2024-11-30
7689,1098,2024,4,4,2024-11-30
7690,1098,2024,5,4,2024-11-30
7691,1100,2024,1,1,2024-11-30
7692,1100,2024,2,1,2024-11-30
7693,1100,2024,3,2,2024-11-30
7694,1100,2024,4,1,2024-11-30
7695,1100,2024,5,1,2024-11-30
7696,1101,2024,1,4,2024-11-30
7697,1101,2024,2,4,2024-11-30
7698,1101,2024,3,2,2024-11-30
7699,1101,2024,4,3,2024-11-30
7700,1101,2024,5,2,2024-11-30
7701,1105,2024,1,3,2024-11-30
7702,1105,2024,2,1,2024-11-30
7703,1105,2024,3,5,2024-11-30
7704,1105,2024,4,5,2024-11-30
7705,1105,2024,5,5,2024-11-30
7706,1106,2024,1,5,2024-11-30
7707,1106,2024,2,3,2024-11-30
7708,1106,2024,3,2,2024-11-30
7709,1106,2024,4,1,2024-11-30
7710,1106,2024,5,2,2024-11-30
7711,1107,2024,1,3,2024-11-30
7712,1107,2024,2,1,2024-11-30
7713,1107,2024,3,3,2024-11-30
7714,1107,2024,4,2,2024-11-30
7715,1107,2024,5,2,2024-11-30
7716,1114,2024,1,1,2024-11-30
7717,1114,2024,2,2,2024-11-30
7718,1114,2024,3,5,2024-11-30
7719,1114,2024,4,3,2024-11-30
7720,1114,2024,5,5,2024-11-30
7721,1115,2024,1,5,2024-11-30
7722,1115,2024,2,4,2024-11-30
7723,1115,2024,3,1,2024-11-30
7724,1115,2024,4,3,2024-11-30
7725,1115,2024,5,3,2024-11-30
7726,1118,2024,1,2,2024-11-30
7727,1118,2024,2,4,2024-11-30
7728,1118,2024,3,4,2024-11-30
7729,1118,2024,4,1,2024-11-30
7730,1118,2024,5,2,2024-11-30
7731,1119,2024,1,2,2024-11-30
7732,1119,2024,2,1,2024-11-30
7733,1119,2024,3,2,2024-11-30
7734,1119,2024,4,5,2024-11-30
7735,1119,2024,5,2,2024-11-30
7736,1121,2024,1,5,2024-11-30
7737,1121,2024,2,4,2024-11-30
7738,1121,2024,3,2,2024-11-30
7739,1121,2024,4,5,2024-11-30
7740,1121,2024,5,2,2024-11-30
7741,1124,2024,1,3,2024-11-30
7742,1124,2024,2,5,2024-11-30
7743,1124,2024,3,5,2024-11-30
7744,1124,2024,4,4,2024-11-30
7745,1124,2024,5,2,2024-11-30
7746,1128,2024,1,4,2024-11-30
7747,1128,2024,2,1,2024-11-30
7748,1128,2024,3,1,2024-11-30
7749,1128,2024,4,3,2024-11-30
7750,1128,2024,5,2,2024-11-30
7751,1130,2024,1,5,2024-11-30
7752,1130,2024,2,2,2024-11-30
7753,1130,2024,3,2,2024-11-30
7754,1130,2024,4,2,2024-11-30
7755,1130,2024,5,2,2024-11-30
7756,1132,2024,1,1,2024-11-30
7757,1132,2024,2,3,2024-11-30
7758,1132,2024,3,4,2024-11-30
7759,1132,2024,4,4,2024-11-30
7760,1132,2024,5,3,2024-11-30
7761,1134,2024,1,3,2024-11-30
7762,1134,2024,2,2,2024-11-30
7763,1134,2024,3,4,2024-11-30
7764,1134,2024,4,5,2024-11-30
7765,1134,2024,5,1,2024-11-30
7766,1135,2024,1,1,2024-11-30
7767,1135,2024,2,3,2024-11-30
7768,1135,2024,3,4,2024-11-30
7769,1135,2024,4,5,2024-11-30
7770,1135,2024,5,1,2024-11-30
7771,1139,2024,1,5,2024-11-30
7772,1139,2024,2,4,2024-11-30
7773,1139,2024,3,3,2024-11-30
7774,1139,2024,4,4,2024-11-30
7775,1139,2024,5,2,2024-11-30
7776,1141,2024,1,3,2024-11-30
7777,1141,2024,2,2,2024-11-30
7778,1141,2024,3,5,2024-11-30
7779,1141,2024,4,1,2024-11-30
7780,1141,2024,5,4,2024-11-30
7781,1142,2024,1,3,2024-11-30
7782,1142,2024,2,5,2024-11-30
7783,1142,2024,3,5,2024-11-30
7784,1142,2024,4,1,2024-11-30
7785,1142,2024,5,1,2024-11-30
7786,1143,2024,1,4,2024-11-30
7787,1143,2024,2,4,2024-11-30
7788,1143,2024,3,2,2024-11-30
7789,1143,2024,4,1,2024-11-30
7790,1143,2024,5,2,2024-11-30
7791,1144,2024,1,2,2024-11-30
7792,1144,2024,2,4,2024-11-30
7793,1144,2024,3,3,2024-11-30
7794,1144,2024,4,3,2024-11-30
7795,1144,2024,5,1,2024-11-30
7796,1146,2024,1,2,2024-11-30
7797,1146,2024,2,1,2024-11-30
7798,1146,2024,3,1,2024-11-30
7799,1146,2024,4,5,2024-11-30
7800,1146,2024,5,5,2024-11-30
7801,1147,2024,1,4,2024-11-30
7802,1147,2024,2,2,2024-11-30
7803,1147,2024,3,5,2024-11-30
7804,1147,2024,4,5,2024-11-30
7805,1147,2024,5,1,2024-11-30
7806,1148,2024,1,1,2024-11-30
7807,1148,2024,2,2,2024-11-30
7808,1148,2024,3,5,2024-11-30
7809,1148,2024,4,3,2024-11-30
7810,1148,2024,5,2,2024-11-30
7811,1149,2024,1,2,2024-11-30
7812,1149,2024,2,3,2024-11-30
7813,1149,2024,3,2,2024-11-30
7814,1149,2024,4,1,2024-11-30
7815,1149,2024,5,3,2024-11-30
7816,1150,2024,1,4,2024-11-30
7817,1150,2024,2,3,2024-11-30
7818,1150,2024,3,2,2024-11-30
7819,1150,2024,4,5,2024-11-30
7820,1150,2024,5,1,2024-11-30
7821,1151,2024,1,1,2024-11-30
7822,1151,2024,2,2,2024-11-30
7823,1151,2024,3,2,2024-11-30
7824,1151,2024,4,4,2024-11-30
7825,1151,2024,5,5,2024-11-30
7826,1152,2024,1,4,2024-11-30
7827,1152,2024,2,1,2024-11-30
7828,1152,2024,3,1,2024-11-30
7829,1152,2024,4,1,2024-11-30
7830,1152,2024,5,5,2024-11-30
7831,1153,2024,1,5,2024-11-30
7832,1153,2024,2,1,2024-11-30
7833,1153,2024,3,4,2024-11-30
7834,1153,2024,4,5,2024-11-30
7835,1153,2024,5,1,2024-11-30
7836,1154,2024,1,1,2024-11-30
7837,1154,2024,2,3,2024-11-30
7838,1154,2024,3,2,2024-11-30
7839,1154,2024,4,5,2024-11-30
7840,1154,2024,5,4,2024-11-30
7841,1156,2024,1,1,2024-11-30
7842,1156,2024,2,4,2024-11-30
7843,1156,2024,3,2,2024-11-30
7844,1156,2024,4,3,2024-11-30
7845,1156,2024,5,5,2024-11-30
7846,1158,2024,1,5,2024-11-30
7847,1158,2024,2,3,2024-11-30
7848,1158,2024,3,1,2024-11-30
7849,1158,2024,4,2,2024-11-30
7850,1158,2024,5,1,2024-11-30
7851,1161,2024,1,3,2024-11-30
7852,1161,2024,2,4,2024-11-30
7853,1161,2024,3,5,2024-11-30
7854,1161,2024,4,1,2024-11-30
7855,1161,2024,5,5,2024-11-30
7856,1162,2024,1,1,2024-11-30
7857,1162,2024,2,1,2024-11-30
7858,1162,2024,3,1,2024-11-30
7859,1162,2024,4,5,2024-11-30
7860,1162,2024,5,2,2024-11-30
7861,1163,2024,1,1,2024-11-30
7862,1163,2024,2,1,2024-11-30
7863,1163,2024,3,4,2024-11-30
7864,1163,2024,4,2,2024-11-30
7865,1163,2024,5,5,2024-11-30
7866,1169,2024,1,3,2024-11-30
7867,1169,2024,2,5,2024-11-30
7868,1169,2024,3,5,2024-11-30
7869,1169,2024,4,5,2024-11-30
7870,1169,2024,5,1,2024-11-30
7871,1170,2024,1,2,2024-11-30
7872,1170,2024,2,5,2024-11-30
7873,1170,2024,3,1,2024-11-30
7874,1170,2024,4,4,2024-11-30
7875,1170,2024,5,3,2024-11-30
7876,1171,2024,1,2,2024-11-30
7877,1171,2024,2,2,2024-11-30
7878,1171,2024,3,2,2024-11-30
7879,1171,2024,4,2,2024-11-30
7880,1171,2024,5,5,2024-11-30
7881,1173,2024,1,3,2024-11-30
7882,1173,2024,2,4,2024-11-30
7883,1173,2024,3,4,2024-11-30
7884,1173,2024,4,1,2024-11-30
7885,1173,2024,5,3,2024-11-30
7886,1175,2024,1,1,2024-11-30
7887,1175,2024,2,3,2024-11-30
7888,1175,2024,3,5,2024-11-30
7889,1175,2024,4,3,2024-11-30
7890,1175,2024,5,1,2024-11-30
7891,1176,2024,1,4,2024-11-30
7892,1176,2024,2,2,2024-11-30
7893,1176,2024,3,3,2024-11-30
7894,1176,2024,4,5,2024-11-30
7895,1176,2024,5,2,2024-11-30
7896,1177,2024,1,5,2024-11-30
7897,1177,2024,2,2,2024-11-30
7898,1177,2024,3,1,2024-11-30
7899,1177,2024,4,5,2024-11-30
7900,1177,2024,5,4,2024-11-30
7901,1182,2024,1,4,2024-11-30
7902,1182,2024,2,3,2024-11-30
7903,1182,2024,3,4,2024-11-30
7904,1182,2024,4,2,2024-11-30
7905,1182,2024,5,1,2024-11-30
7906,1183,2024,1,4,2024-11-30
7907,1183,2024,2,1,2024-11-30
7908,1183,2024,3,1,2024-11-30
7909,1183,2024,4,2,2024-11-30
7910,1183,2024,5,5,2024-11-30
7911,1186,2024,1,5,2024-11-30
7912,1186,2024,2,3,2024-11-30
7913,1186,2024,3,1,2024-11-30
7914,1186,2024,4,2,2024-11-30
7915,1186,2024,5,1,2024-11-30
7916,1190,2024,1,4,2024-11-30
7917,1190,2024,2,2,2024-11-30
7918,1190,2024,3,4,2024-11-30
7919,1190,2024,4,3,2024-11-30
7920,1190,2024,5,2,2024-11-30
7921,1195,2024,1,4,2024-11-30
7922,1195,2024,2,3,2024-11-30
7923,1195,2024,3,2,2024-11-30
7924,1195,2024,4,2,2024-11-30
7925,1195,2024,5,4,2024-11-30
7926,1196,2024,1,1,2024-11-30
7927,1196,2024,2,2,2024-11-30
7928,1196,2024,3,1,2024-11-30
7929,1196,2024,4,2,2024-11-30
7930,1196,2024,5,5,2024-11-30
7931,1198,2024,1,4,2024-11-30
7932,1198,2024,2,5,2024-11-30
7933,1198,2024,3,1,2024-11-30
7934,1198,2024,4,2,2024-11-30
7935,1198,2024,5,4,2024-11-30
7936,1199,2024,1,2,2024-11-30
7937,1199,2024,2,3,2024-11-30
7938,1199,2024,3,1,2024-11-30
7939,1199,2024,4,5,2024-11-30
7940,1199,2024,5,4,2024-11-30
7941,1200,2024,1,1,2024-11-30
7942,1200,2024,2,2,2024-11-30
7943,1200,2024,3,2,2024-11-30
7944,1200,2024,4,5,2024-11-30
7945,1200,2024,5,3,2024-11-30
7946,1,2025,1,2,2025-11-30
7947,1,2025,2,2,2025-11-30
7948,1,2025,3,1,2025-11-30
7949,1,2025,4,4,2025-11-30
7950,1,2025,5,1,2025-11-30
7951,2,2025,1,4,2025-11-30
7952,2,2025,2,4,2025-11-30
7953,2,2025,3,5,2025-11-30
7954,2,2025,4,4,2025-11-30
7955,2,2025,5,5,2025-11-30
7956,3,2025,1,5,2025-11-30
7957,3,2025,2,2,2025-11-30
7958,3,2025,3,4,2025-11-30
7959,3,2025,4,2,2025-11-30
7960,3,2025,5,2,2025-11-30
7961,5,2025,1,1,2025-11-30
7962,5,2025,2,1,2025-11-30
7963,5,2025,3,3,2025-11-30
7964,5,2025,4,4,2025-11-30
7965,5,2025,5,5,2025-11-30
7966,6,2025,1,3,2025-11-30
7967,6,2025,2,1,2025-11-30
7968,6,2025,3,3,2025-11-30
7969,6,2025,4,2,2025-11-30
7970,6,2025,5,4,2025-11-30
7971,7,2025,1,5,2025-11-30
7972,7,2025,2,2,2025-11-30
7973,7,2025,3,4,2025-11-30
7974,7,2025,4,4,2025-11-30
7975,7,2025,5,4,2025-11-30
7976,10,2025,1,5,2025-11-30
7977,10,2025,2,5,2025-11-30
7978,10,2025,3,4,2025-11-30
7979,10,2025,4,2,2025-11-30
7980,10,2025,5,5,2025-11-30
7981,14,2025,1,3,2025-11-30
7982,14,2025,2,5,2025-11-30
7983,14,2025,3,3,2025-11-30
7984,14,2025,4,1,2025-11-30
7985,14,2025,5,3,2025-11-30
7986,15,2025,1,4,2025-11-30
7987,15,2025,2,4,2025-11-30
7988,15,2025,3,3,2025-11-30
7989,15,2025,4,5,2025-11-30
7990,15,2025,5,3,2025-11-30
7991,16,2025,1,4,2025-11-30
7992,16,2025,2,3,2025-11-30
7993,16,2025,3,4,2025-11-30
7994,16,2025,4,4,2025-11-30
7995,16,2025,5,5,2025-11-30
7996,17,2025,1,4,2025-11-30
7997,17,2025,2,4,2025-11-30
7998,17,2025,3,4,2025-11-30
7999,17,2025,4,5,2025-11-30
8000,17,2025,5,2,2025-11-30
8001,18,2025,1,2,2025-11-30
8002,18,2025,2,2,2025-11-30
8003,18,2025,3,3,2025-11-30
8004,18,2025,4,2,2025-11-30
8005,18,2025,5,2,2025-11-30
8006,23,2025,1,3,2025-11-30
8007,23,2025,2,2,2025-11-30
8008,23,2025,3,3,2025-11-30
8009,23,2025,4,2,2025-11-30
8010,23,2025,5,3,2025-11-30
8011,24,2025,1,2,2025-11-30
8012,24,2025,2,3,2025-11-30
8013,24,2025,3,1,2025-11-30
8014,24,2025,4,5,2025-11-30
8015,24,2025,5,1,2025-11-30
8016,26,2025,1,5,2025-11-30
8017,26,2025,2,5,2025-11-30
8018,26,2025,3,5,2025-11-30
8019,26,2025,4,4,2025-11-30
8020,26,2025,5,2,2025-11-30
8021,28,2025,1,3,2025-11-30
8022,28,2025,2,4,2025-11-30
8023,28,2025,3,5,2025-11-30
8024,28,2025,4,5,2025-11-30
8025,28,2025,5,3,2025-11-30
8026,31,2025,1,4,2025-11-30
8027,31,2025,2,5,2025-11-30
8028,31,2025,3,2,2025-11-30
8029,31,2025,4,5,2025-11-30
8030,31,2025,5,1,2025-11-30
8031,33,2025,1,3,2025-11-30
8032,33,2025,2,4,2025-11-30
8033,33,2025,3,2,2025-11-30
8034,33,2025,4,5,2025-11-30
8035,33,2025,5,4,2025-11-30
8036,35,2025,1,2,2025-11-30
8037,35,2025,2,5,2025-11-30
8038,35,2025,3,4,2025-11-30
8039,35,2025,4,3,2025-11-30
8040,35,2025,5,1,2025-11-30
8041,42,2025,1,2,2025-11-30
8042,42,2025,2,5,2025-11-30
8043,42,2025,3,1,2025-11-30
8044,42,2025,4,1,2025-11-30
8045,42,2025,5,1,2025-11-30
8046,43,2025,1,5,2025-11-30
8047,43,2025,2,2,2025-11-30
8048,43,2025,3,2,2025-11-30
8049,43,2025,4,1,2025-11-30
8050,43,2025,5,1,2025-11-30
8051,44,2025,1,3,2025-11-30
8052,44,2025,2,5,2025-11-30
8053,44,2025,3,5,2025-11-30
8054,44,2025,4,4,2025-11-30
8055,44,2025,5,4,2025-11-30
8056,45,2025,1,2,2025-11-30
8057,45,2025,2,2,2025-11-30
8058,45,2025,3,4,2025-11-30
8059,45,2025,4,4,2025-11-30
8060,45,2025,5,3,2025-11-30
8061,47,2025,1,5,2025-11-30
8062,47,2025,2,2,2025-11-30
8063,47,2025,3,3,2025-11-30
8064,47,2025,4,3,2025-11-30
8065,47,2025,5,2,2025-11-30
8066,49,2025,1,4,2025-11-30
8067,49,2025,2,4,2025-11-30
8068,49,2025,3,2,2025-11-30
8069,49,2025,4,4,2025-11-30
8070,49,2025,5,5,2025-11-30
8071,50,2025,1,5,2025-11-30
8072,50,2025,2,4,2025-11-30
8073,50,2025,3,5,2025-11-30
8074,50,2025,4,1,2025-11-30
8075,50,2025,5,3,2025-11-30
8076,51,2025,1,4,2025-11-30
8077,51,2025,2,2,2025-11-30
8078,51,2025,3,3,2025-11-30
8079,51,2025,4,1,2025-11-30
8080,51,2025,5,1,2025-11-30
8081,54,2025,1,5,2025-11-30
8082,54,2025,2,4,2025-11-30
8083,54,2025,3,2,2025-11-30
8084,54,2025,4,2,2025-11-30
8085,54,2025,5,2,2025-11-30
8086,55,2025,1,3,2025-11-30
8087,55,2025,2,4,2025-11-30
8088,55,2025,3,2,2025-11-30
8089,55,2025,4,5,2025-11-30
8090,55,2025,5,5,2025-11-30
8091,56,2025,1,1,2025-11-30
8092,56,2025,2,4,2025-11-30
8093,56,2025,3,4,2025-11-30
8094,56,2025,4,5,2025-11-30
8095,56,2025,5,4,2025-11-30
8096,60,2025,1,1,2025-11-30
8097,60,2025,2,4,2025-11-30
8098,60,2025,3,3,2025-11-30
8099,60,2025,4,4,2025-11-30
8100,60,2025,5,3,2025-11-30
8101,62,2025,1,1,2025-11-30
8102,62,2025,2,5,2025-11-30
8103,62,2025,3,3,2025-11-30
8104,62,2025,4,2,2025-11-30
8105,62,2025,5,1,2025-11-30
8106,65,2025,1,5,2025-11-30
8107,65,2025,2,4,2025-11-30
8108,65,2025,3,1,2025-11-30
8109,65,2025,4,5,2025-11-30
8110,65,2025,5,3,2025-11-30
8111,66,2025,1,2,2025-11-30
8112,66,2025,2,1,2025-11-30
8113,66,2025,3,3,2025-11-30
8114,66,2025,4,4,2025-11-30
8115,66,2025,5,2,2025-11-30
8116,67,2025,1,2,2025-11-30
8117,67,2025,2,4,2025-11-30
8118,67,2025,3,5,2025-11-30
8119,67,2025,4,1,2025-11-30
8120,67,2025,5,2,2025-11-30
8121,68,2025,1,3,2025-11-30
8122,68,2025,2,5,2025-11-30
8123,68,2025,3,5,2025-11-30
8124,68,2025,4,3,2025-11-30
8125,68,2025,5,5,2025-11-30
8126,69,2025,1,1,2025-11-30
8127,69,2025,2,5,2025-11-30
8128,69,2025,3,4,2025-11-30
8129,69,2025,4,2,2025-11-30
8130,69,2025,5,2,2025-11-30
8131,70,2025,1,2,2025-11-30
8132,70,2025,2,3,2025-11-30
8133,70,2025,3,3,2025-11-30
8134,70,2025,4,3,2025-11-30
8135,70,2025,5,3,2025-11-30
8136,71,2025,1,3,2025-11-30
8137,71,2025,2,5,2025-11-30
8138,71,2025,3,5,2025-11-30
8139,71,2025,4,3,2025-11-30
8140,71,2025,5,1,2025-11-30
8141,72,2025,1,5,2025-11-30
8142,72,2025,2,4,2025-11-30
8143,72,2025,3,3,2025-11-30
8144,72,2025,4,4,2025-11-30
8145,72,2025,5,3,2025-11-30
8146,73,2025,1,3,2025-11-30
8147,73,2025,2,1,2025-11-30
8148,73,2025,3,5,2025-11-30
8149,73,2025,4,3,2025-11-30
8150,73,2025,5,5,2025-11-30
8151,76,2025,1,4,2025-11-30
8152,76,2025,2,1,2025-11-30
8153,76,2025,3,5,2025-11-30
8154,76,2025,4,4,2025-11-30
8155,76,2025,5,2,2025-11-30
8156,77,2025,1,5,2025-11-30
8157,77,2025,2,2,2025-11-30
8158,77,2025,3,5,2025-11-30
8159,77,2025,4,3,2025-11-30
8160,77,2025,5,1,2025-11-30
8161,80,2025,1,2,2025-11-30
8162,80,2025,2,3,2025-11-30
8163,80,2025,3,3,2025-11-30
8164,80,2025,4,1,2025-11-30
8165,80,2025,5,5,2025-11-30
8166,82,2025,1,2,2025-11-30
8167,82,2025,2,3,2025-11-30
8168,82,2025,3,1,2025-11-30
8169,82,2025,4,1,2025-11-30
8170,82,2025,5,2,2025-11-30
8171,83,2025,1,5,2025-11-30
8172,83,2025,2,4,2025-11-30
8173,83,2025,3,2,2025-11-30
8174,83,2025,4,4,2025-11-30
8175,83,2025,5,4,2025-11-30
8176,84,2025,1,3,2025-11-30
8177,84,2025,2,1,2025-11-30
8178,84,2025,3,4,2025-11-30
8179,84,2025,4,4,2025-11-30
8180,84,2025,5,5,2025-11-30
8181,85,2025,1,4,2025-11-30
8182,85,2025,2,2,2025-11-30
8183,85,2025,3,1,2025-11-30
8184,85,2025,4,3,2025-11-30
8185,85,2025,5,3,2025-11-30
8186,86,2025,1,3,2025-11-30
8187,86,2025,2,4,2025-11-30
8188,86,2025,3,2,2025-11-30
8189,86,2025,4,5,2025-11-30
8190,86,2025,5,4,2025-11-30
8191,87,2025,1,4,2025-11-30
8192,87,2025,2,1,2025-11-30
8193,87,2025,3,3,2025-11-30
8194,87,2025,4,3,2025-11-30
8195,87,2025,5,1,2025-11-30
8196,90,2025,1,5,2025-11-30
8197,90,2025,2,1,2025-11-30
8198,90,2025,3,2,2025-11-30
8199,90,2025,4,3,2025-11-30
8200,90,2025,5,5,2025-11-30
8201,94,2025,1,4,2025-11-30
8202,94,2025,2,1,2025-11-30
8203,94,2025,3,3,2025-11-30
8204,94,2025,4,3,2025-11-30
8205,94,2025,5,4,2025-11-30
8206,96,2025,1,5,2025-11-30
8207,96,2025,2,1,2025-11-30
8208,96,2025,3,2,2025-11-30
8209,96,2025,4,3,2025-11-30
8210,96,2025,5,3,2025-11-30
8211,97,2025,1,1,2025-11-30
8212,97,2025,2,3,2025-11-30
8213,97,2025,3,5,2025-11-30
8214,97,2025,4,2,2025-11-30
8215,97,2025,5,4,2025-11-30
8216,101,2025,1,1,2025-11-30
8217,101,2025,2,3,2025-11-30
8218,101,2025,3,1,2025-11-30
8219,101,2025,4,3,2025-11-30
8220,101,2025,5,4,2025-11-30
8221,102,2025,1,4,2025-11-30
8222,102,2025,2,4,2025-11-30
8223,102,2025,3,2,2025-11-30
8224,102,2025,4,3,2025-11-30
8225,102,2025,5,4,2025-11-30
8226,103,2025,1,1,2025-11-30
8227,103,2025,2,1,2025-11-30
8228,103,2025,3,3,2025-11-30
8229,103,2025,4,1,2025-11-30
8230,103,2025,5,4,2025-11-30
8231,106,2025,1,4,2025-11-30
8232,106,2025,2,5,2025-11-30
8233,106,2025,3,2,2025-11-30
8234,106,2025,4,3,2025-11-30
8235,106,2025,5,4,2025-11-30
8236,107,2025,1,3,2025-11-30
8237,107,2025,2,1,2025-11-30
8238,107,2025,3,1,2025-11-30
8239,107,2025,4,3,2025-11-30
8240,107,2025,5,1,2025-11-30
8241,108,2025,1,2,2025-11-30
8242,108,2025,2,3,2025-11-30
8243,108,2025,3,1,2025-11-30
8244,108,2025,4,5,2025-11-30
8245,108,2025,5,4,2025-11-30
8246,110,2025,1,2,2025-11-30
8247,110,2025,2,5,2025-11-30
8248,110,2025,3,2,2025-11-30
8249,110,2025,4,5,2025-11-30
8250,110,2025,5,2,2025-11-30
8251,112,2025,1,2,2025-11-30
8252,112,2025,2,2,2025-11-30
8253,112,2025,3,3,2025-11-30
8254,112,2025,4,4,2025-11-30
8255,112,2025,5,5,2025-11-30
8256,113,2025,1,4,2025-11-30
8257,113,2025,2,5,2025-11-30
8258,113,2025,3,2,2025-11-30
8259,113,2025,4,3,2025-11-30
8260,113,2025,5,4,2025-11-30
8261,114,2025,1,1,2025-11-30
8262,114,2025,2,3,2025-11-30
8263,114,2025,3,4,2025-11-30
8264,114,2025,4,4,2025-11-30
8265,114,2025,5,1,2025-11-30
8266,115,2025,1,3,2025-11-30
8267,115,2025,2,3,2025-11-30
8268,115,2025,3,4,2025-11-30
8269,115,2025,4,5,2025-11-30
8270,115,2025,5,5,2025-11-30
8271,117,2025,1,1,2025-11-30
8272,117,2025,2,2,2025-11-30
8273,117,2025,3,4,2025-11-30
8274,117,2025,4,5,2025-11-30
8275,117,2025,5,2,2025-11-30
8276,118,2025,1,5,2025-11-30
8277,118,2025,2,1,2025-11-30
8278,118,2025,3,2,2025-11-30
8279,118,2025,4,4,2025-11-30
8280,118,2025,5,1,2025-11-30
8281,119,2025,1,1,2025-11-30
8282,119,2025,2,4,2025-11-30
8283,119,2025,3,5,2025-11-30
8284,119,2025,4,2,2025-11-30
8285,119,2025,5,3,2025-11-30
8286,120,2025,1,3,2025-11-30
8287,120,2025,2,5,2025-11-30
8288,120,2025,3,1,2025-11-30
8289,120,2025,4,3,2025-11-30
8290,120,2025,5,1,2025-11-30
8291,122,2025,1,5,2025-11-30
8292,122,2025,2,3,2025-11-30
8293,122,2025,3,2,2025-11-30
8294,122,2025,4,3,2025-11-30
8295,122,2025,5,4,2025-11-30
8296,124,2025,1,3,2025-11-30
8297,124,2025,2,4,2025-11-30
8298,124,2025,3,5,2025-11-30
8299,124,2025,4,2,2025-11-30
8300,124,2025,5,2,2025-11-30
8301,125,2025,1,3,2025-11-30
8302,125,2025,2,4,2025-11-30
8303,125,2025,3,3,2025-11-30
8304,125,2025,4,4,2025-11-30
8305,125,2025,5,5,2025-11-30
8306,126,2025,1,2,2025-11-30
8307,126,2025,2,4,2025-11-30
8308,126,2025,3,3,2025-11-30
8309,126,2025,4,2,2025-11-30
8310,126,2025,5,2,2025-11-30
8311,128,2025,1,5,2025-11-30
8312,128,2025,2,5,2025-11-30
8313,128,2025,3,1,2025-11-30
8314,128,2025,4,5,2025-11-30
8315,128,2025,5,4,2025-11-30
8316,129,2025,1,2,2025-11-30
8317,129,2025,2,4,2025-11-30
8318,129,2025,3,3,2025-11-30
8319,129,2025,4,4,2025-11-30
8320,129,2025,5,4,2025-11-30
8321,132,2025,1,4,2025-11-30
8322,132,2025,2,2,2025-11-30
8323,132,2025,3,1,2025-11-30
8324,132,2025,4,3,2025-11-30
8325,132,2025,5,1,2025-11-30
8326,134,2025,1,1,2025-11-30
8327,134,2025,2,4,2025-11-30
8328,134,2025,3,2,2025-11-30
8329,134,2025,4,1,2025-11-30
8330,134,2025,5,2,2025-11-30
8331,135,2025,1,2,2025-11-30
8332,135,2025,2,1,2025-11-30
8333,135,2025,3,3,2025-11-30
8334,135,2025,4,2,2025-11-30
8335,135,2025,5,3,2025-11-30
8336,137,2025,1,4,2025-11-30
8337,137,2025,2,1,2025-11-30
8338,137,2025,3,5,2025-11-30
8339,137,2025,4,1,2025-11-30
8340,137,2025,5,5,2025-11-30
8341,138,2025,1,4,2025-11-30
8342,138,2025,2,3,2025-11-30
8343,138,2025,3,2,2025-11-30
8344,138,2025,4,5,2025-11-30
8345,138,2025,5,3,2025-11-30
8346,141,2025,1,1,2025-11-30
8347,141,2025,2,3,2025-11-30
8348,141,2025,3,1,2025-11-30
8349,141,2025,4,4,2025-11-30
8350,141,2025,5,2,2025-11-30
8351,142,2025,1,5,2025-11-30
8352,142,2025,2,1,2025-11-30
8353,142,2025,3,4,2025-11-30
8354,142,2025,4,2,2025-11-30
8355,142,2025,5,2,2025-11-30
8356,143,2025,1,4,2025-11-30
8357,143,2025,2,2,2025-11-30
8358,143,2025,3,2,2025-11-30
8359,143,2025,4,3,2025-11-30
8360,143,2025,5,1,2025-11-30
8361,144,2025,1,4,2025-11-30
8362,144,2025,2,1,2025-11-30
8363,144,2025,3,5,2025-11-30
8364,144,2025,4,3,2025-11-30
8365,144,2025,5,1,2025-11-30
8366,145,2025,1,5,2025-11-30
8367,145,2025,2,2,2025-11-30
8368,145,2025,3,1,2025-11-30
8369,145,2025,4,2,2025-11-30
8370,145,2025,5,3,2025-11-30
8371,146,2025,1,1,2025-11-30
8372,146,2025,2,4,2025-11-30
8373,146,2025,3,1,2025-11-30
8374,146,2025,4,4,2025-11-30
8375,146,2025,5,1,2025-11-30
8376,147,2025,1,4,2025-11-30
8377,147,2025,2,3,2025-11-30
8378,147,2025,3,3,2025-11-30
8379,147,2025,4,1,2025-11-30
8380,147,2025,5,2,2025-11-30
8381,149,2025,1,3,2025-11-30
8382,149,2025,2,5,2025-11-30
8383,149,2025,3,4,2025-11-30
8384,149,2025,4,1,2025-11-30
8385,149,2025,5,5,2025-11-30
8386,152,2025,1,2,2025-11-30
8387,152,2025,2,5,2025-11-30
8388,152,2025,3,1,2025-11-30
8389,152,2025,4,5,2025-11-30
8390,152,2025,5,1,2025-11-30
8391,153,2025,1,5,2025-11-30
8392,153,2025,2,1,2025-11-30
8393,153,2025,3,5,2025-11-30
8394,153,2025,4,4,2025-11-30
8395,153,2025,5,1,2025-11-30
8396,155,2025,1,1,2025-11-30
8397,155,2025,2,5,2025-11-30
8398,155,2025,3,2,2025-11-30
8399,155,2025,4,1,2025-11-30
8400,155,2025,5,2,2025-11-30
8401,159,2025,1,4,2025-11-30
8402,159,2025,2,1,2025-11-30
8403,159,2025,3,3,2025-11-30
8404,159,2025,4,5,2025-11-30
8405,159,2025,5,4,2025-11-30
8406,160,2025,1,1,2025-11-30
8407,160,2025,2,3,2025-11-30
8408,160,2025,3,2,2025-11-30
8409,160,2025,4,3,2025-11-30
8410,160,2025,5,1,2025-11-30
8411,161,2025,1,1,2025-11-30
8412,161,2025,2,5,2025-11-30
8413,161,2025,3,5,2025-11-30
8414,161,2025,4,1,2025-11-30
8415,161,2025,5,5,2025-11-30
8416,162,2025,1,5,2025-11-30
8417,162,2025,2,5,2025-11-30
8418,162,2025,3,3,2025-11-30
8419,162,2025,4,3,2025-11-30
8420,162,2025,5,2,2025-11-30
8421,163,2025,1,1,2025-11-30
8422,163,2025,2,2,2025-11-30
8423,163,2025,3,2,2025-11-30
8424,163,2025,4,3,2025-11-30
8425,163,2025,5,2,2025-11-30
8426,166,2025,1,4,2025-11-30
8427,166,2025,2,4,2025-11-30
8428,166,2025,3,5,2025-11-30
8429,166,2025,4,5,2025-11-30
8430,166,2025,5,3,2025-11-30
8431,171,2025,1,4,2025-11-30
8432,171,2025,2,4,2025-11-30
8433,171,2025,3,4,2025-11-30
8434,171,2025,4,1,2025-11-30
8435,171,2025,5,2,2025-11-30
8436,173,2025,1,4,2025-11-30
8437,173,2025,2,2,2025-11-30
8438,173,2025,3,2,2025-11-30
8439,173,2025,4,3,2025-11-30
8440,173,2025,5,1,2025-11-30
8441,175,2025,1,3,2025-11-30
8442,175,2025,2,2,2025-11-30
8443,175,2025,3,2,2025-11-30
8444,175,2025,4,5,2025-11-30
8445,175,2025,5,4,2025-11-30
8446,176,2025,1,2,2025-11-30
8447,176,2025,2,2,2025-11-30
8448,176,2025,3,2,2025-11-30
8449,176,2025,4,1,2025-11-30
8450,176,2025,5,3,2025-11-30
8451,177,2025,1,5,2025-11-30
8452,177,2025,2,1,2025-11-30
8453,177,2025,3,3,2025-11-30
8454,177,2025,4,1,2025-11-30
8455,177,2025,5,2,2025-11-30
8456,178,2025,1,5,2025-11-30
8457,178,2025,2,2,2025-11-30
8458,178,2025,3,1,2025-11-30
8459,178,2025,4,2,2025-11-30
8460,178,2025,5,5,2025-11-30
8461,179,2025,1,5,2025-11-30
8462,179,2025,2,2,2025-11-30
8463,179,2025,3,3,2025-11-30
8464,179,2025,4,4,2025-11-30
8465,179,2025,5,1,2025-11-30
8466,182,2025,1,3,2025-11-30
8467,182,2025,2,2,2025-11-30
8468,182,2025,3,2,2025-11-30
8469,182,2025,4,5,2025-11-30
8470,182,2025,5,1,2025-11-30
8471,183,2025,1,2,2025-11-30
8472,183,2025,2,2,2025-11-30
8473,183,2025,3,2,2025-11-30
8474,183,2025,4,1,2025-11-30
8475,183,2025,5,3,2025-11-30
8476,185,2025,1,1,2025-11-30
8477,185,2025,2,2,2025-11-30
8478,185,2025,3,1,2025-11-30
8479,185,2025,4,1,2025-11-30
8480,185,2025,5,1,2025-11-30
8481,187,2025,1,5,2025-11-30
8482,187,2025,2,2,2025-11-30
8483,187,2025,3,1,2025-11-30
8484,187,2025,4,1,2025-11-30
8485,187,2025,5,3,2025-11-30
8486,190,2025,1,1,2025-11-30
8487,190,2025,2,5,2025-11-30
8488,190,2025,3,1,2025-11-30
8489,190,2025,4,2,2025-11-30
8490,190,2025,5,4,2025-11-30
8491,194,2025,1,4,2025-11-30
8492,194,2025,2,4,2025-11-30
8493,194,2025,3,5,2025-11-30
8494,194,2025,4,4,2025-11-30
8495,194,2025,5,1,2025-11-30
8496,195,2025,1,1,2025-11-30
8497,195,2025,2,4,2025-11-30
8498,195,2025,3,2,2025-11-30
8499,195,2025,4,1,2025-11-30
8500,195,2025,5,3,2025-11-30
8501,196,2025,1,5,2025-11-30
8502,196,2025,2,2,2025-11-30
8503,196,2025,3,3,2025-11-30
8504,196,2025,4,4,2025-11-30
8505,196,2025,5,4,2025-11-30
8506,198,2025,1,5,2025-11-30
8507,198,2025,2,1,2025-11-30
8508,198,2025,3,1,2025-11-30
8509,198,2025,4,3,2025-11-30
8510,198,2025,5,1,2025-11-30
8511,200,2025,1,5,2025-11-30
8512,200,2025,2,4,2025-11-30
8513,200,2025,3,2,2025-11-30
8514,200,2025,4,3,2025-11-30
8515,200,2025,5,1,2025-11-30
8516,202,2025,1,5,2025-11-30
8517,202,2025,2,5,2025-11-30
8518,202,2025,3,4,2025-11-30
8519,202,2025,4,3,2025-11-30
8520,202,2025,5,4,2025-11-30
8521,204,2025,1,5,2025-11-30
8522,204,2025,2,4,2025-11-30
8523,204,2025,3,1,2025-11-30
8524,204,2025,4,4,2025-11-30
8525,204,2025,5,2,2025-11-30
8526,205,2025,1,4,2025-11-30
8527,205,2025,2,1,2025-11-30
8528,205,2025,3,4,2025-11-30
8529,205,2025,4,3,2025-11-30
8530,205,2025,5,2,2025-11-30
8531,206,2025,1,5,2025-11-30
8532,206,2025,2,1,2025-11-30
8533,206,2025,3,5,2025-11-30
8534,206,2025,4,2,2025-11-30
8535,206,2025,5,4,2025-11-30
8536,208,2025,1,4,2025-11-30
8537,208,2025,2,1,2025-11-30
8538,208,2025,3,3,2025-11-30
8539,208,2025,4,4,2025-11-30
8540,208,2025,5,4,2025-11-30
8541,209,2025,1,2,2025-11-30
8542,209,2025,2,2,2025-11-30
8543,209,2025,3,5,2025-11-30
8544,209,2025,4,5,2025-11-30
8545,209,2025,5,1,2025-11-30
8546,210,2025,1,2,2025-11-30
8547,210,2025,2,3,2025-11-30
8548,210,2025,3,1,2025-11-30
8549,210,2025,4,3,2025-11-30
8550,210,2025,5,5,2025-11-30
8551,212,2025,1,5,2025-11-30
8552,212,2025,2,2,2025-11-30
8553,212,2025,3,1,2025-11-30
8554,212,2025,4,2,2025-11-30
8555,212,2025,5,4,2025-11-30
8556,213,2025,1,2,2025-11-30
8557,213,2025,2,2,2025-11-30
8558,213,2025,3,4,2025-11-30
8559,213,2025,4,4,2025-11-30
8560,213,2025,5,4,2025-11-30
8561,214,2025,1,3,2025-11-30
8562,214,2025,2,4,2025-11-30
8563,214,2025,3,3,2025-11-30
8564,214,2025,4,1,2025-11-30
8565,214,2025,5,2,2025-11-30
8566,217,2025,1,2,2025-11-30
8567,217,2025,2,1,2025-11-30
8568,217,2025,3,4,2025-11-30
8569,217,2025,4,1,2025-11-30
8570,217,2025,5,1,2025-11-30
8571,218,2025,1,3,2025-11-30
8572,218,2025,2,4,2025-11-30
8573,218,2025,3,3,2025-11-30
8574,218,2025,4,3,2025-11-30
8575,218,2025,5,5,2025-11-30
8576,220,2025,1,2,2025-11-30
8577,220,2025,2,4,2025-11-30
8578,220,2025,3,5,2025-11-30
8579,220,2025,4,2,2025-11-30
8580,220,2025,5,4,2025-11-30
8581,221,2025,1,5,2025-11-30
8582,221,2025,2,2,2025-11-30
8583,221,2025,3,1,2025-11-30
8584,221,2025,4,3,2025-11-30
8585,221,2025,5,2,2025-11-30
8586,222,2025,1,3,2025-11-30
8587,222,2025,2,5,2025-11-30
8588,222,2025,3,5,2025-11-30
8589,222,2025,4,1,2025-11-30
8590,222,2025,5,5,2025-11-30
8591,224,2025,1,4,2025-11-30
8592,224,2025,2,3,2025-11-30
8593,224,2025,3,2,2025-11-30
8594,224,2025,4,2,2025-11-30
8595,224,2025,5,4,2025-11-30
8596,225,2025,1,5,2025-11-30
8597,225,2025,2,4,2025-11-30
8598,225,2025,3,3,2025-11-30
8599,225,2025,4,4,2025-11-30
8600,225,2025,5,2,2025-11-30
8601,226,2025,1,4,2025-11-30
8602,226,2025,2,5,2025-11-30
8603,226,2025,3,3,2025-11-30
8604,226,2025,4,5,2025-11-30
8605,226,2025,5,2,2025-11-30
8606,227,2025,1,4,2025-11-30
8607,227,2025,2,3,2025-11-30
8608,227,2025,3,4,2025-11-30
8609,227,2025,4,5,2025-11-30
8610,227,2025,5,3,2025-11-30
8611,228,2025,1,3,2025-11-30
8612,228,2025,2,2,2025-11-30
8613,228,2025,3,3,2025-11-30
8614,228,2025,4,2,2025-11-30
8615,228,2025,5,2,2025-11-30
8616,231,2025,1,4,2025-11-30
8617,231,2025,2,3,2025-11-30
8618,231,2025,3,5,2025-11-30
8619,231,2025,4,5,2025-11-30
8620,231,2025,5,4,2025-11-30
8621,232,2025,1,1,2025-11-30
8622,232,2025,2,3,2025-11-30
8623,232,2025,3,1,2025-11-30
8624,232,2025,4,2,2025-11-30
8625,232,2025,5,5,2025-11-30
8626,234,2025,1,2,2025-11-30
8627,234,2025,2,2,2025-11-30
8628,234,2025,3,1,2025-11-30
8629,234,2025,4,5,2025-11-30
8630,234,2025,5,3,2025-11-30
8631,235,2025,1,2,2025-11-30
8632,235,2025,2,4,2025-11-30
8633,235,2025,3,1,2025-11-30
8634,235,2025,4,5,2025-11-30
8635,235,2025,5,1,2025-11-30
8636,237,2025,1,2,2025-11-30
8637,237,2025,2,3,2025-11-30
8638,237,2025,3,1,2025-11-30
8639,237,2025,4,2,2025-11-30
8640,237,2025,5,1,2025-11-30
8641,239,2025,1,4,2025-11-30
8642,239,2025,2,5,2025-11-30
8643,239,2025,3,5,2025-11-30
8644,239,2025,4,1,2025-11-30
8645,239,2025,5,3,2025-11-30
8646,240,2025,1,3,2025-11-30
8647,240,2025,2,2,2025-11-30
8648,240,2025,3,3,2025-11-30
8649,240,2025,4,3,2025-11-30
8650,240,2025,5,4,2025-11-30
8651,242,2025,1,5,2025-11-30
8652,242,2025,2,4,2025-11-30
8653,242,2025,3,5,2025-11-30
8654,242,2025,4,5,2025-11-30
8655,242,2025,5,5,2025-11-30
8656,243,2025,1,4,2025-11-30
8657,243,2025,2,1,2025-11-30
8658,243,2025,3,4,2025-11-30
8659,243,2025,4,4,2025-11-30
8660,243,2025,5,2,2025-11-30
8661,244,2025,1,5,2025-11-30
8662,244,2025,2,1,2025-11-30
8663,244,2025,3,4,2025-11-30
8664,244,2025,4,1,2025-11-30
8665,244,2025,5,2,2025-11-30
8666,246,2025,1,1,2025-11-30
8667,246,2025,2,4,2025-11-30
8668,246,2025,3,3,2025-11-30
8669,246,2025,4,3,2025-11-30
8670,246,2025,5,5,2025-11-30
8671,248,2025,1,2,2025-11-30
8672,248,2025,2,1,2025-11-30
8673,248,2025,3,3,2025-11-30
8674,248,2025,4,4,2025-11-30
8675,248,2025,5,5,2025-11-30
8676,250,2025,1,5,2025-11-30
8677,250,2025,2,3,2025-11-30
8678,250,2025,3,2,2025-11-30
8679,250,2025,4,1,2025-11-30
8680,250,2025,5,5,2025-11-30
8681,254,2025,1,1,2025-11-30
8682,254,2025,2,1,2025-11-30
8683,254,2025,3,4,2025-11-30
8684,254,2025,4,1,2025-11-30
8685,254,2025,5,4,2025-11-30
8686,256,2025,1,2,2025-11-30
8687,256,2025,2,3,2025-11-30
8688,256,2025,3,2,2025-11-30
8689,256,2025,4,4,2025-11-30
8690,256,2025,5,3,2025-11-30
8691,257,2025,1,3,2025-11-30
8692,257,2025,2,2,2025-11-30
8693,257,2025,3,5,2025-11-30
8694,257,2025,4,5,2025-11-30
8695,257,2025,5,5,2025-11-30
8696,258,2025,1,5,2025-11-30
8697,258,2025,2,3,2025-11-30
8698,258,2025,3,4,2025-11-30
8699,258,2025,4,1,2025-11-30
8700,258,2025,5,5,2025-11-30
8701,260,2025,1,5,2025-11-30
8702,260,2025,2,3,2025-11-30
8703,260,2025,3,2,2025-11-30
8704,260,2025,4,1,2025-11-30
8705,260,2025,5,2,2025-11-30
8706,262,2025,1,3,2025-11-30
8707,262,2025,2,3,2025-11-30
8708,262,2025,3,5,2025-11-30
8709,262,2025,4,3,2025-11-30
8710,262,2025,5,2,2025-11-30
8711,264,2025,1,4,2025-11-30
8712,264,2025,2,5,2025-11-30
8713,264,2025,3,2,2025-11-30
8714,264,2025,4,3,2025-11-30
8715,264,2025,5,5,2025-11-30
8716,265,2025,1,4,2025-11-30
8717,265,2025,2,3,2025-11-30
8718,265,2025,3,4,2025-11-30
8719,265,2025,4,2,2025-11-30
8720,265,2025,5,4,2025-11-30
8721,266,2025,1,2,2025-11-30
8722,266,2025,2,2,2025-11-30
8723,266,2025,3,2,2025-11-30
8724,266,2025,4,3,2025-11-30
8725,266,2025,5,2,2025-11-30
8726,268,2025,1,4,2025-11-30
8727,268,2025,2,3,2025-11-30
8728,268,2025,3,5,2025-11-30
8729,268,2025,4,5,2025-11-30
8730,268,2025,5,2,2025-11-30
8731,269,2025,1,3,2025-11-30
8732,269,2025,2,3,2025-11-30
8733,269,2025,3,1,2025-11-30
8734,269,2025,4,4,2025-11-30
8735,269,2025,5,2,2025-11-30
8736,270,2025,1,1,2025-11-30
8737,270,2025,2,4,2025-11-30
8738,270,2025,3,3,2025-11-30
8739,270,2025,4,4,2025-11-30
8740,270,2025,5,1,2025-11-30
8741,271,2025,1,3,2025-11-30
8742,271,2025,2,2,2025-11-30
8743,271,2025,3,3,2025-11-30
8744,271,2025,4,1,2025-11-30
8745,271,2025,5,2,2025-11-30
8746,272,2025,1,2,2025-11-30
8747,272,2025,2,2,2025-11-30
8748,272,2025,3,5,2025-11-30
8749,272,2025,4,1,2025-11-30
8750,272,2025,5,1,2025-11-30
8751,273,2025,1,3,2025-11-30
8752,273,2025,2,2,2025-11-30
8753,273,2025,3,1,2025-11-30
8754,273,2025,4,5,2025-11-30
8755,273,2025,5,5,2025-11-30
8756,276,2025,1,5,2025-11-30
8757,276,2025,2,5,2025-11-30
8758,276,2025,3,3,2025-11-30
8759,276,2025,4,5,2025-11-30
8760,276,2025,5,2,2025-11-30
8761,277,2025,1,3,2025-11-30
8762,277,2025,2,2,2025-11-30
8763,277,2025,3,1,2025-11-30
8764,277,2025,4,5,2025-11-30
8765,277,2025,5,4,2025-11-30
8766,279,2025,1,3,2025-11-30
8767,279,2025,2,4,2025-11-30
8768,279,2025,3,3,2025-11-30
8769,279,2025,4,3,2025-11-30
8770,279,2025,5,2,2025-11-30
8771,280,2025,1,5,2025-11-30
8772,280,2025,2,1,2025-11-30
8773,280,2025,3,4,2025-11-30
8774,280,2025,4,4,2025-11-30
8775,280,2025,5,1,2025-11-30
8776,281,2025,1,1,2025-11-30
8777,281,2025,2,4,2025-11-30
8778,281,2025,3,1,2025-11-30
8779,281,2025,4,4,2025-11-30
8780,281,2025,5,4,2025-11-30
8781,283,2025,1,5,2025-11-30
8782,283,2025,2,1,2025-11-30
8783,283,2025,3,3,2025-11-30
8784,283,2025,4,5,2025-11-30
8785,283,2025,5,3,2025-11-30
8786,284,2025,1,2,2025-11-30
8787,284,2025,2,5,2025-11-30
8788,284,2025,3,5,2025-11-30
8789,284,2025,4,1,2025-11-30
8790,284,2025,5,1,2025-11-30
8791,285,2025,1,4,2025-11-30
8792,285,2025,2,4,2025-11-30
8793,285,2025,3,5,2025-11-30
8794,285,2025,4,3,2025-11-30
8795,285,2025,5,2,2025-11-30
8796,286,2025,1,2,2025-11-30
8797,286,2025,2,1,2025-11-30
8798,286,2025,3,4,2025-11-30
8799,286,2025,4,3,2025-11-30
8800,286,2025,5,1,2025-11-30
8801,291,2025,1,1,2025-11-30
8802,291,2025,2,3,2025-11-30
8803,291,2025,3,4,2025-11-30
8804,291,2025,4,1,2025-11-30
8805,291,2025,5,4,2025-11-30
8806,293,2025,1,3,2025-11-30
8807,293,2025,2,5,2025-11-30
8808,293,2025,3,5,2025-11-30
8809,293,2025,4,4,2025-11-30
8810,293,2025,5,5,2025-11-30
8811,294,2025,1,5,2025-11-30
8812,294,2025,2,2,2025-11-30
8813,294,2025,3,2,2025-11-30
8814,294,2025,4,5,2025-11-30
8815,294,2025,5,5,2025-11-30
8816,299,2025,1,2,2025-11-30
8817,299,2025,2,4,2025-11-30
8818,299,2025,3,4,2025-11-30
8819,299,2025,4,3,2025-11-30
8820,299,2025,5,4,2025-11-30
8821,300,2025,1,5,2025-11-30
8822,300,2025,2,3,2025-11-30
8823,300,2025,3,4,2025-11-30
8824,300,2025,4,1,2025-11-30
8825,300,2025,5,5,2025-11-30
8826,302,2025,1,5,2025-11-30
8827,302,2025,2,1,2025-11-30
8828,302,2025,3,1,2025-11-30
8829,302,2025,4,4,2025-11-30
8830,302,2025,5,3,2025-11-30
8831,303,2025,1,2,2025-11-30
8832,303,2025,2,3,2025-11-30
8833,303,2025,3,2,2025-11-30
8834,303,2025,4,4,2025-11-30
8835,303,2025,5,1,2025-11-30
8836,304,2025,1,3,2025-11-30
8837,304,2025,2,2,2025-11-30
8838,304,2025,3,2,2025-11-30
8839,304,2025,4,2,2025-11-30
8840,304,2025,5,4,2025-11-30
8841,306,2025,1,4,2025-11-30
8842,306,2025,2,1,2025-11-30
8843,306,2025,3,3,2025-11-30
8844,306,2025,4,4,2025-11-30
8845,306,2025,5,4,2025-11-30
8846,307,2025,1,2,2025-11-30
8847,307,2025,2,3,2025-11-30
8848,307,2025,3,1,2025-11-30
8849,307,2025,4,5,2025-11-30
8850,307,2025,5,1,2025-11-30
8851,312,2025,1,1,2025-11-30
8852,312,2025,2,3,2025-11-30
8853,312,2025,3,1,2025-11-30
8854,312,2025,4,5,2025-11-30
8855,312,2025,5,1,2025-11-30
8856,313,2025,1,3,2025-11-30
8857,313,2025,2,3,2025-11-30
8858,313,2025,3,3,2025-11-30
8859,313,2025,4,5,2025-11-30
8860,313,2025,5,5,2025-11-30
8861,317,2025,1,1,2025-11-30
8862,317,2025,2,2,2025-11-30
8863,317,2025,3,5,2025-11-30
8864,317,2025,4,4,2025-11-30
8865,317,2025,5,2,2025-11-30
8866,318,2025,1,5,2025-11-30
8867,318,2025,2,4,2025-11-30
8868,318,2025,3,1,2025-11-30
8869,318,2025,4,2,2025-11-30
8870,318,2025,5,2,2025-11-30
8871,319,2025,1,4,2025-11-30
8872,319,2025,2,4,2025-11-30
8873,319,2025,3,5,2025-11-30
8874,319,2025,4,1,2025-11-30
8875,319,2025,5,2,2025-11-30
8876,320,2025,1,4,2025-11-30
8877,320,2025,2,1,2025-11-30
8878,320,2025,3,4,2025-11-30
8879,320,2025,4,4,2025-11-30
8880,320,2025,5,5,2025-11-30
8881,321,2025,1,4,2025-11-30
8882,321,2025,2,3,2025-11-30
8883,321,2025,3,3,2025-11-30
8884,321,2025,4,5,2025-11-30
8885,321,2025,5,4,2025-11-30
8886,322,2025,1,1,2025-11-30
8887,322,2025,2,3,2025-11-30
8888,322,2025,3,2,2025-11-30
8889,322,2025,4,3,2025-11-30
8890,322,2025,5,2,2025-11-30
8891,323,2025,1,4,2025-11-30
8892,323,2025,2,3,2025-11-30
8893,323,2025,3,1,2025-11-30
8894,323,2025,4,2,2025-11-30
8895,323,2025,5,4,2025-11-30
8896,327,2025,1,1,2025-11-30
8897,327,2025,2,2,2025-11-30
8898,327,2025,3,5,2025-11-30
8899,327,2025,4,4,2025-11-30
8900,327,2025,5,1,2025-11-30
8901,330,2025,1,4,2025-11-30
8902,330,2025,2,4,2025-11-30
8903,330,2025,3,5,2025-11-30
8904,330,2025,4,1,2025-11-30
8905,330,2025,5,2,2025-11-30
8906,332,2025,1,1,2025-11-30
8907,332,2025,2,2,2025-11-30
8908,332,2025,3,5,2025-11-30
8909,332,2025,4,3,2025-11-30
8910,332,2025,5,2,2025-11-30
8911,334,2025,1,5,2025-11-30
8912,334,2025,2,4,2025-11-30
8913,334,2025,3,4,2025-11-30
8914,334,2025,4,1,2025-11-30
8915,334,2025,5,1,2025-11-30
8916,335,2025,1,4,2025-11-30
8917,335,2025,2,4,2025-11-30
8918,335,2025,3,5,2025-11-30
8919,335,2025,4,3,2025-11-30
8920,335,2025,5,2,2025-11-30
8921,337,2025,1,3,2025-11-30
8922,337,2025,2,3,2025-11-30
8923,337,2025,3,2,2025-11-30
8924,337,2025,4,4,2025-11-30
8925,337,2025,5,1,2025-11-30
8926,338,2025,1,4,2025-11-30
8927,338,2025,2,1,2025-11-30
8928,338,2025,3,1,2025-11-30
8929,338,2025,4,1,2025-11-30
8930,338,2025,5,2,2025-11-30
8931,339,2025,1,4,2025-11-30
8932,339,2025,2,5,2025-11-30
8933,339,2025,3,4,2025-11-30
8934,339,2025,4,1,2025-11-30
8935,339,2025,5,2,2025-11-30
8936,340,2025,1,4,2025-11-30
8937,340,2025,2,2,2025-11-30
8938,340,2025,3,2,2025-11-30
8939,340,2025,4,5,2025-11-30
8940,340,2025,5,1,2025-11-30
8941,342,2025,1,1,2025-11-30
8942,342,2025,2,2,2025-11-30
8943,342,2025,3,4,2025-11-30
8944,342,2025,4,5,2025-11-30
8945,342,2025,5,2,2025-11-30
8946,343,2025,1,2,2025-11-30
8947,343,2025,2,1,2025-11-30
8948,343,2025,3,2,2025-11-30
8949,343,2025,4,1,2025-11-30
8950,343,2025,5,3,2025-11-30
8951,344,2025,1,5,2025-11-30
8952,344,2025,2,4,2025-11-30
8953,344,2025,3,5,2025-11-30
8954,344,2025,4,3,2025-11-30
8955,344,2025,5,3,2025-11-30
8956,345,2025,1,3,2025-11-30
8957,345,2025,2,2,2025-11-30
8958,345,2025,3,1,2025-11-30
8959,345,2025,4,2,2025-11-30
8960,345,2025,5,2,2025-11-30
8961,348,2025,1,5,2025-11-30
8962,348,2025,2,4,2025-11-30
8963,348,2025,3,3,2025-11-30
8964,348,2025,4,5,2025-11-30
8965,348,2025,5,2,2025-11-30
8966,349,2025,1,1,2025-11-30
8967,349,2025,2,2,2025-11-30
8968,349,2025,3,3,2025-11-30
8969,349,2025,4,1,2025-11-30
8970,349,2025,5,5,2025-11-30
8971,350,2025,1,1,2025-11-30
8972,350,2025,2,1,2025-11-30
8973,350,2025,3,3,2025-11-30
8974,350,2025,4,2,2025-11-30
8975,350,2025,5,4,2025-11-30
8976,351,2025,1,1,2025-11-30
8977,351,2025,2,5,2025-11-30
8978,351,2025,3,4,2025-11-30
8979,351,2025,4,4,2025-11-30
8980,351,2025,5,2,2025-11-30
8981,352,2025,1,2,2025-11-30
8982,352,2025,2,1,2025-11-30
8983,352,2025,3,4,2025-11-30
8984,352,2025,4,5,2025-11-30
8985,352,2025,5,3,2025-11-30
8986,353,2025,1,5,2025-11-30
8987,353,2025,2,3,2025-11-30
8988,353,2025,3,3,2025-11-30
8989,353,2025,4,5,2025-11-30
8990,353,2025,5,5,2025-11-30
8991,354,2025,1,4,2025-11-30
8992,354,2025,2,2,2025-11-30
8993,354,2025,3,2,2025-11-30
8994,354,2025,4,3,2025-11-30
8995,354,2025,5,1,2025-11-30
8996,355,2025,1,1,2025-11-30
8997,355,2025,2,2,2025-11-30
8998,355,2025,3,5,2025-11-30
8999,355,2025,4,5,2025-11-30
9000,355,2025,5,1,2025-11-30
9001,356,2025,1,2,2025-11-30
9002,356,2025,2,1,2025-11-30
9003,356,2025,3,2,2025-11-30
9004,356,2025,4,1,2025-11-30
9005,356,2025,5,4,2025-11-30
9006,359,2025,1,2,2025-11-30
9007,359,2025,2,3,2025-11-30
9008,359,2025,3,5,2025-11-30
9009,359,2025,4,4,2025-11-30
9010,359,2025,5,4,2025-11-30
9011,360,2025,1,3,2025-11-30
9012,360,2025,2,5,2025-11-30
9013,360,2025,3,1,2025-11-30
9014,360,2025,4,4,2025-11-30
9015,360,2025,5,4,2025-11-30
9016,363,2025,1,4,2025-11-30
9017,363,2025,2,2,2025-11-30
9018,363,2025,3,2,2025-11-30
9019,363,2025,4,5,2025-11-30
9020,363,2025,5,2,2025-11-30
9021,364,2025,1,3,2025-11-30
9022,364,2025,2,2,2025-11-30
9023,364,2025,3,1,2025-11-30
9024,364,2025,4,5,2025-11-30
9025,364,2025,5,5,2025-11-30
9026,367,2025,1,2,2025-11-30
9027,367,2025,2,5,2025-11-30
9028,367,2025,3,2,2025-11-30
9029,367,2025,4,4,2025-11-30
9030,367,2025,5,5,2025-11-30
9031,369,2025,1,5,2025-11-30
9032,369,2025,2,5,2025-11-30
9033,369,2025,3,3,2025-11-30
9034,369,2025,4,2,2025-11-30
9035,369,2025,5,4,2025-11-30
9036,372,2025,1,3,2025-11-30
9037,372,2025,2,1,2025-11-30
9038,372,2025,3,4,2025-11-30
9039,372,2025,4,5,2025-11-30
9040,372,2025,5,4,2025-11-30
9041,373,2025,1,3,2025-11-30
9042,373,2025,2,5,2025-11-30
9043,373,2025,3,3,2025-11-30
9044,373,2025,4,4,2025-11-30
9045,373,2025,5,1,2025-11-30
9046,374,2025,1,5,2025-11-30
9047,374,2025,2,5,2025-11-30
9048,374,2025,3,5,2025-11-30
9049,374,2025,4,5,2025-11-30
9050,374,2025,5,1,2025-11-30
9051,375,2025,1,5,2025-11-30
9052,375,2025,2,5,2025-11-30
9053,375,2025,3,3,2025-11-30
9054,375,2025,4,1,2025-11-30
9055,375,2025,5,1,2025-11-30
9056,377,2025,1,5,2025-11-30
9057,377,2025,2,3,2025-11-30
9058,377,2025,3,2,2025-11-30
9059,377,2025,4,4,2025-11-30
9060,377,2025,5,5,2025-11-30
9061,380,2025,1,2,2025-11-30
9062,380,2025,2,2,2025-11-30
9063,380,2025,3,1,2025-11-30
9064,380,2025,4,5,2025-11-30
9065,380,2025,5,1,2025-11-30
9066,381,2025,1,1,2025-11-30
9067,381,2025,2,5,2025-11-30
9068,381,2025,3,4,2025-11-30
9069,381,2025,4,5,2025-11-30
9070,381,2025,5,2,2025-11-30
9071,383,2025,1,5,2025-11-30
9072,383,2025,2,2,2025-11-30
9073,383,2025,3,4,2025-11-30
9074,383,2025,4,3,2025-11-30
9075,383,2025,5,4,2025-11-30
9076,384,2025,1,1,2025-11-30
9077,384,2025,2,3,2025-11-30
9078,384,2025,3,2,2025-11-30
9079,384,2025,4,3,2025-11-30
9080,384,2025,5,1,2025-11-30
9081,387,2025,1,4,2025-11-30
9082,387,2025,2,4,2025-11-30
9083,387,2025,3,1,2025-11-30
9084,387,2025,4,1,2025-11-30
9085,387,2025,5,1,2025-11-30
9086,390,2025,1,1,2025-11-30
9087,390,2025,2,5,2025-11-30
9088,390,2025,3,4,2025-11-30
9089,390,2025,4,2,2025-11-30
9090,390,2025,5,3,2025-11-30
9091,392,2025,1,3,2025-11-30
9092,392,2025,2,5,2025-11-30
9093,392,2025,3,5,2025-11-30
9094,392,2025,4,3,2025-11-30
9095,392,2025,5,3,2025-11-30
9096,393,2025,1,1,2025-11-30
9097,393,2025,2,4,2025-11-30
9098,393,2025,3,4,2025-11-30
9099,393,2025,4,3,2025-11-30
9100,393,2025,5,2,2025-11-30
9101,395,2025,1,5,2025-11-30
9102,395,2025,2,3,2025-11-30
9103,395,2025,3,3,2025-11-30
9104,395,2025,4,5,2025-11-30
9105,395,2025,5,5,2025-11-30
9106,396,2025,1,4,2025-11-30
9107,396,2025,2,4,2025-11-30
9108,396,2025,3,2,2025-11-30
9109,396,2025,4,4,2025-11-30
9110,396,2025,5,1,2025-11-30
9111,397,2025,1,3,2025-11-30
9112,397,2025,2,2,2025-11-30
9113,397,2025,3,2,2025-11-30
9114,397,2025,4,1,2025-11-30
9115,397,2025,5,3,2025-11-30
9116,399,2025,1,5,2025-11-30
9117,399,2025,2,1,2025-11-30
9118,399,2025,3,2,2025-11-30
9119,399,2025,4,4,2025-11-30
9120,399,2025,5,1,2025-11-30
9121,401,2025,1,1,2025-11-30
9122,401,2025,2,2,2025-11-30
9123,401,2025,3,3,2025-11-30
9124,401,2025,4,4,2025-11-30
9125,401,2025,5,4,2025-11-30
9126,403,2025,1,5,2025-11-30
9127,403,2025,2,2,2025-11-30
9128,403,2025,3,2,2025-11-30
9129,403,2025,4,4,2025-11-30
9130,403,2025,5,4,2025-11-30
9131,404,2025,1,5,2025-11-30
9132,404,2025,2,1,2025-11-30
9133,404,2025,3,4,2025-11-30
9134,404,2025,4,2,2025-11-30
9135,404,2025,5,4,2025-11-30
9136,406,2025,1,1,2025-11-30
9137,406,2025,2,5,2025-11-30
9138,406,2025,3,3,2025-11-30
9139,406,2025,4,3,2025-11-30
9140,406,2025,5,2,2025-11-30
9141,407,2025,1,3,2025-11-30
9142,407,2025,2,1,2025-11-30
9143,407,2025,3,5,2025-11-30
9144,407,2025,4,1,2025-11-30
9145,407,2025,5,2,2025-11-30
9146,408,2025,1,4,2025-11-30
9147,408,2025,2,1,2025-11-30
9148,408,2025,3,2,2025-11-30
9149,408,2025,4,2,2025-11-30
9150,408,2025,5,4,2025-11-30
9151,409,2025,1,4,2025-11-30
9152,409,2025,2,1,2025-11-30
9153,409,2025,3,2,2025-11-30
9154,409,2025,4,3,2025-11-30
9155,409,2025,5,2,2025-11-30
9156,410,2025,1,3,2025-11-30
9157,410,2025,2,4,2025-11-30
9158,410,2025,3,3,2025-11-30
9159,410,2025,4,5,2025-11-30
9160,410,2025,5,1,2025-11-30
9161,413,2025,1,3,2025-11-30
9162,413,2025,2,4,2025-11-30
9163,413,2025,3,3,2025-11-30
9164,413,2025,4,5,2025-11-30
9165,413,2025,5,4,2025-11-30
9166,415,2025,1,2,2025-11-30
9167,415,2025,2,4,2025-11-30
9168,415,2025,3,1,2025-11-30
9169,415,2025,4,1,2025-11-30
9170,415,2025,5,2,2025-11-30
9171,416,2025,1,3,2025-11-30
9172,416,2025,2,3,2025-11-30
9173,416,2025,3,5,2025-11-30
9174,416,2025,4,2,2025-11-30
9175,416,2025,5,4,2025-11-30
9176,417,2025,1,2,2025-11-30
9177,417,2025,2,4,2025-11-30
9178,417,2025,3,4,2025-11-30
9179,417,2025,4,3,2025-11-30
9180,417,2025,5,2,2025-11-30
9181,419,2025,1,1,2025-11-30
9182,419,2025,2,2,2025-11-30
9183,419,2025,3,4,2025-11-30
9184,419,2025,4,4,2025-11-30
9185,419,2025,5,5,2025-11-30
9186,421,2025,1,4,2025-11-30
9187,421,2025,2,5,2025-11-30
9188,421,2025,3,1,2025-11-30
9189,421,2025,4,2,2025-11-30
9190,421,2025,5,1,2025-11-30
9191,423,2025,1,4,2025-11-30
9192,423,2025,2,5,2025-11-30
9193,423,2025,3,3,2025-11-30
9194,423,2025,4,2,2025-11-30
9195,423,2025,5,2,2025-11-30
9196,424,2025,1,1,2025-11-30
9197,424,2025,2,2,2025-11-30
9198,424,2025,3,1,2025-11-30
9199,424,2025,4,5,2025-11-30
9200,424,2025,5,2,2025-11-30
9201,426,2025,1,3,2025-11-30
9202,426,2025,2,5,2025-11-30
9203,426,2025,3,1,2025-11-30
9204,426,2025,4,3,2025-11-30
9205,426,2025,5,2,2025-11-30
9206,427,2025,1,3,2025-11-30
9207,427,2025,2,4,2025-11-30
9208,427,2025,3,4,2025-11-30
9209,427,2025,4,3,2025-11-30
9210,427,2025,5,2,2025-11-30
9211,429,2025,1,2,2025-11-30
9212,429,2025,2,2,2025-11-30
9213,429,2025,3,3,2025-11-30
9214,429,2025,4,5,2025-11-30
9215,429,2025,5,1,2025-11-30
9216,430,2025,1,1,2025-11-30
9217,430,2025,2,5,2025-11-30
9218,430,2025,3,4,2025-11-30
9219,430,2025,4,1,2025-11-30
9220,430,2025,5,4,2025-11-30
9221,431,2025,1,5,2025-11-30
9222,431,2025,2,5,2025-11-30
9223,431,2025,3,4,2025-11-30
9224,431,2025,4,2,2025-11-30
9225,431,2025,5,1,2025-11-30
9226,434,2025,1,5,2025-11-30
9227,434,2025,2,2,2025-11-30
9228,434,2025,3,4,2025-11-30
9229,434,2025,4,2,2025-11-30
9230,434,2025,5,5,2025-11-30
9231,436,2025,1,4,2025-11-30
9232,436,2025,2,4,2025-11-30
9233,436,2025,3,2,2025-11-30
9234,436,2025,4,3,2025-11-30
9235,436,2025,5,3,2025-11-30
9236,437,2025,1,3,2025-11-30
9237,437,2025,2,5,2025-11-30
9238,437,2025,3,5,2025-11-30
9239,437,2025,4,4,2025-11-30
9240,437,2025,5,3,2025-11-30
9241,438,2025,1,4,2025-11-30
9242,438,2025,2,3,2025-11-30
9243,438,2025,3,2,2025-11-30
9244,438,2025,4,2,2025-11-30
9245,438,2025,5,3,2025-11-30
9246,439,2025,1,2,2025-11-30
9247,439,2025,2,5,2025-11-30
9248,439,2025,3,5,2025-11-30
9249,439,2025,4,4,2025-11-30
9250,439,2025,5,4,2025-11-30
9251,441,2025,1,4,2025-11-30
9252,441,2025,2,3,2025-11-30
9253,441,2025,3,4,2025-11-30
9254,441,2025,4,5,2025-11-30
9255,441,2025,5,2,2025-11-30
9256,443,2025,1,3,2025-11-30
9257,443,2025,2,3,2025-11-30
9258,443,2025,3,1,2025-11-30
9259,443,2025,4,2,2025-11-30
9260,443,2025,5,2,2025-11-30
9261,444,2025,1,4,2025-11-30
9262,444,2025,2,3,2025-11-30
9263,444,2025,3,5,2025-11-30
9264,444,2025,4,5,2025-11-30
9265,444,2025,5,1,2025-11-30
9266,446,2025,1,2,2025-11-30
9267,446,2025,2,2,2025-11-30
9268,446,2025,3,5,2025-11-30
9269,446,2025,4,1,2025-11-30
9270,446,2025,5,3,2025-11-30
9271,451,2025,1,3,2025-11-30
9272,451,2025,2,2,2025-11-30
9273,451,2025,3,4,2025-11-30
9274,451,2025,4,4,2025-11-30
9275,451,2025,5,4,2025-11-30
9276,453,2025,1,4,2025-11-30
9277,453,2025,2,1,2025-11-30
9278,453,2025,3,5,2025-11-30
9279,453,2025,4,5,2025-11-30
9280,453,2025,5,1,2025-11-30
9281,454,2025,1,3,2025-11-30
9282,454,2025,2,4,2025-11-30
9283,454,2025,3,1,2025-11-30
9284,454,2025,4,1,2025-11-30
9285,454,2025,5,5,2025-11-30
9286,455,2025,1,3,2025-11-30
9287,455,2025,2,3,2025-11-30
9288,455,2025,3,2,2025-11-30
9289,455,2025,4,4,2025-11-30
9290,455,2025,5,2,2025-11-30
9291,457,2025,1,1,2025-11-30
9292,457,2025,2,1,2025-11-30
9293,457,2025,3,5,2025-11-30
9294,457,2025,4,3,2025-11-30
9295,457,2025,5,4,2025-11-30
9296,458,2025,1,2,2025-11-30
9297,458,2025,2,2,2025-11-30
9298,458,2025,3,5,2025-11-30
9299,458,2025,4,5,2025-11-30
9300,458,2025,5,3,2025-11-30
9301,459,2025,1,4,2025-11-30
9302,459,2025,2,4,2025-11-30
9303,459,2025,3,5,2025-11-30
9304,459,2025,4,3,2025-11-30
9305,459,2025,5,4,2025-11-30
9306,460,2025,1,1,2025-11-30
9307,460,2025,2,2,2025-11-30
9308,460,2025,3,3,2025-11-30
9309,460,2025,4,3,2025-11-30
9310,460,2025,5,1,2025-11-30
9311,461,2025,1,3,2025-11-30
9312,461,2025,2,5,2025-11-30
9313,461,2025,3,5,2025-11-30
9314,461,2025,4,2,2025-11-30
9315,461,2025,5,2,2025-11-30
9316,462,2025,1,1,2025-11-30
9317,462,2025,2,2,2025-11-30
9318,462,2025,3,2,2025-11-30
9319,462,2025,4,5,2025-11-30
9320,462,2025,5,4,2025-11-30
9321,463,2025,1,1,2025-11-30
9322,463,2025,2,5,2025-11-30
9323,463,2025,3,1,2025-11-30
9324,463,2025,4,2,2025-11-30
9325,463,2025,5,3,2025-11-30
9326,464,2025,1,3,2025-11-30
9327,464,2025,2,1,2025-11-30
9328,464,2025,3,3,2025-11-30
9329,464,2025,4,1,2025-11-30
9330,464,2025,5,1,2025-11-30
9331,465,2025,1,1,2025-11-30
9332,465,2025,2,4,2025-11-30
9333,465,2025,3,1,2025-11-30
9334,465,2025,4,5,2025-11-30
9335,465,2025,5,1,2025-11-30
9336,467,2025,1,1,2025-11-30
9337,467,2025,2,4,2025-11-30
9338,467,2025,3,1,2025-11-30
9339,467,2025,4,4,2025-11-30
9340,467,2025,5,3,2025-11-30
9341,468,2025,1,2,2025-11-30
9342,468,2025,2,2,2025-11-30
9343,468,2025,3,2,2025-11-30
9344,468,2025,4,1,2025-11-30
9345,468,2025,5,1,2025-11-30
9346,469,2025,1,3,2025-11-30
9347,469,2025,2,4,2025-11-30
9348,469,2025,3,5,2025-11-30
9349,469,2025,4,1,2025-11-30
9350,469,2025,5,3,2025-11-30
9351,472,2025,1,5,2025-11-30
9352,472,2025,2,2,2025-11-30
9353,472,2025,3,1,2025-11-30
9354,472,2025,4,2,2025-11-30
9355,472,2025,5,2,2025-11-30
9356,473,2025,1,4,2025-11-30
9357,473,2025,2,1,2025-11-30
9358,473,2025,3,3,2025-11-30
9359,473,2025,4,1,2025-11-30
9360,473,2025,5,4,2025-11-30
9361,477,2025,1,1,2025-11-30
9362,477,2025,2,5,2025-11-30
9363,477,2025,3,2,2025-11-30
9364,477,2025,4,5,2025-11-30
9365,477,2025,5,5,2025-11-30
9366,481,2025,1,3,2025-11-30
9367,481,2025,2,3,2025-11-30
9368,481,2025,3,5,2025-11-30
9369,481,2025,4,4,2025-11-30
9370,481,2025,5,4,2025-11-30
9371,482,2025,1,3,2025-11-30
9372,482,2025,2,3,2025-11-30
9373,482,2025,3,2,2025-11-30
9374,482,2025,4,3,2025-11-30
9375,482,2025,5,2,2025-11-30
9376,483,2025,1,5,2025-11-30
9377,483,2025,2,1,2025-11-30
9378,483,2025,3,3,2025-11-30
9379,483,2025,4,1,2025-11-30
9380,483,2025,5,4,2025-11-30
9381,484,2025,1,3,2025-11-30
9382,484,2025,2,4,2025-11-30
9383,484,2025,3,3,2025-11-30
9384,484,2025,4,4,2025-11-30
9385,484,2025,5,3,2025-11-30
9386,485,2025,1,2,2025-11-30
9387,485,2025,2,5,2025-11-30
9388,485,2025,3,3,2025-11-30
9389,485,2025,4,3,2025-11-30
9390,485,2025,5,1,2025-11-30
9391,488,2025,1,2,2025-11-30
9392,488,2025,2,3,2025-11-30
9393,488,2025,3,4,2025-11-30
9394,488,2025,4,2,2025-11-30
9395,488,2025,5,4,2025-11-30
9396,490,2025,1,2,2025-11-30
9397,490,2025,2,1,2025-11-30
9398,490,2025,3,4,2025-11-30
9399,490,2025,4,5,2025-11-30
9400,490,2025,5,3,2025-11-30
9401,491,2025,1,1,2025-11-30
9402,491,2025,2,3,2025-11-30
9403,491,2025,3,1,2025-11-30
9404,491,2025,4,2,2025-11-30
9405,491,2025,5,5,2025-11-30
9406,492,2025,1,4,2025-11-30
9407,492,2025,2,2,2025-11-30
9408,492,2025,3,3,2025-11-30
9409,492,2025,4,2,2025-11-30
9410,492,2025,5,2,2025-11-30
9411,493,2025,1,2,2025-11-30
9412,493,2025,2,5,2025-11-30
9413,493,2025,3,1,2025-11-30
9414,493,2025,4,2,2025-11-30
9415,493,2025,5,2,2025-11-30
9416,495,2025,1,2,2025-11-30
9417,495,2025,2,5,2025-11-30
9418,495,2025,3,2,2025-11-30
9419,495,2025,4,5,2025-11-30
9420,495,2025,5,2,2025-11-30
9421,497,2025,1,1,2025-11-30
9422,497,2025,2,3,2025-11-30
9423,497,2025,3,5,2025-11-30
9424,497,2025,4,4,2025-11-30
9425,497,2025,5,2,2025-11-30
9426,498,2025,1,5,2025-11-30
9427,498,2025,2,1,2025-11-30
9428,498,2025,3,3,2025-11-30
9429,498,2025,4,1,2025-11-30
9430,498,2025,5,1,2025-11-30
9431,501,2025,1,1,2025-11-30
9432,501,2025,2,3,2025-11-30
9433,501,2025,3,5,2025-11-30
9434,501,2025,4,4,2025-11-30
9435,501,2025,5,3,2025-11-30
9436,503,2025,1,1,2025-11-30
9437,503,2025,2,4,2025-11-30
9438,503,2025,3,5,2025-11-30
9439,503,2025,4,1,2025-11-30
9440,503,2025,5,1,2025-11-30
9441,504,2025,1,4,2025-11-30
9442,504,2025,2,1,2025-11-30
9443,504,2025,3,4,2025-11-30
9444,504,2025,4,1,2025-11-30
9445,504,2025,5,4,2025-11-30
9446,505,2025,1,5,2025-11-30
9447,505,2025,2,5,2025-11-30
9448,505,2025,3,2,2025-11-30
9449,505,2025,4,5,2025-11-30
9450,505,2025,5,3,2025-11-30
9451,508,2025,1,4,2025-11-30
9452,508,2025,2,3,2025-11-30
9453,508,2025,3,2,2025-11-30
9454,508,2025,4,4,2025-11-30
9455,508,2025,5,5,2025-11-30
9456,511,2025,1,3,2025-11-30
9457,511,2025,2,5,2025-11-30
9458,511,2025,3,3,2025-11-30
9459,511,2025,4,5,2025-11-30
9460,511,2025,5,4,2025-11-30
9461,512,2025,1,4,2025-11-30
9462,512,2025,2,3,2025-11-30
9463,512,2025,3,1,2025-11-30
9464,512,2025,4,1,2025-11-30
9465,512,2025,5,3,2025-11-30
9466,513,2025,1,3,2025-11-30
9467,513,2025,2,1,2025-11-30
9468,513,2025,3,3,2025-11-30
9469,513,2025,4,1,2025-11-30
9470,513,2025,5,5,2025-11-30
9471,514,2025,1,3,2025-11-30
9472,514,2025,2,4,2025-11-30
9473,514,2025,3,3,2025-11-30
9474,514,2025,4,3,2025-11-30
9475,514,2025,5,2,2025-11-30
9476,516,2025,1,4,2025-11-30
9477,516,2025,2,4,2025-11-30
9478,516,2025,3,5,2025-11-30
9479,516,2025,4,5,2025-11-30
9480,516,2025,5,1,2025-11-30
9481,517,2025,1,5,2025-11-30
9482,517,2025,2,1,2025-11-30
9483,517,2025,3,4,2025-11-30
9484,517,2025,4,2,2025-11-30
9485,517,2025,5,5,2025-11-30
9486,518,2025,1,3,2025-11-30
9487,518,2025,2,3,2025-11-30
9488,518,2025,3,1,2025-11-30
9489,518,2025,4,4,2025-11-30
9490,518,2025,5,2,2025-11-30
9491,520,2025,1,4,2025-11-30
9492,520,2025,2,1,2025-11-30
9493,520,2025,3,5,2025-11-30
9494,520,2025,4,4,2025-11-30
9495,520,2025,5,3,2025-11-30
9496,522,2025,1,2,2025-11-30
9497,522,2025,2,2,2025-11-30
9498,522,2025,3,5,2025-11-30
9499,522,2025,4,4,2025-11-30
9500,522,2025,5,5,2025-11-30
9501,525,2025,1,5,2025-11-30
9502,525,2025,2,1,2025-11-30
9503,525,2025,3,3,2025-11-30
9504,525,2025,4,2,2025-11-30
9505,525,2025,5,4,2025-11-30
9506,528,2025,1,5,2025-11-30
9507,528,2025,2,2,2025-11-30
9508,528,2025,3,5,2025-11-30
9509,528,2025,4,2,2025-11-30
9510,528,2025,5,2,2025-11-30
9511,529,2025,1,2,2025-11-30
9512,529,2025,2,3,2025-11-30
9513,529,2025,3,3,2025-11-30
9514,529,2025,4,5,2025-11-30
9515,529,2025,5,5,2025-11-30
9516,530,2025,1,5,2025-11-30
9517,530,2025,2,4,2025-11-30
9518,530,2025,3,2,2025-11-30
9519,530,2025,4,5,2025-11-30
9520,530,2025,5,3,2025-11-30
9521,534,2025,1,2,2025-11-30
9522,534,2025,2,3,2025-11-30
9523,534,2025,3,4,2025-11-30
9524,534,2025,4,3,2025-11-30
9525,534,2025,5,2,2025-11-30
9526,536,2025,1,1,2025-11-30
9527,536,2025,2,3,2025-11-30
9528,536,2025,3,1,2025-11-30
9529,536,2025,4,3,2025-11-30
9530,536,2025,5,1,2025-11-30
9531,537,2025,1,2,2025-11-30
9532,537,2025,2,5,2025-11-30
9533,537,2025,3,2,2025-11-30
9534,537,2025,4,5,2025-11-30
9535,537,2025,5,5,2025-11-30
9536,540,2025,1,2,2025-11-30
9537,540,2025,2,5,2025-11-30
9538,540,2025,3,2,2025-11-30
9539,540,2025,4,4,2025-11-30
9540,540,2025,5,4,2025-11-30
9541,541,2025,1,2,2025-11-30
9542,541,2025,2,3,2025-11-30
9543,541,2025,3,1,2025-11-30
9544,541,2025,4,3,2025-11-30
9545,541,2025,5,3,2025-11-30
9546,545,2025,1,3,2025-11-30
9547,545,2025,2,3,2025-11-30
9548,545,2025,3,1,2025-11-30
9549,545,2025,4,2,2025-11-30
9550,545,2025,5,5,2025-11-30
9551,549,2025,1,2,2025-11-30
9552,549,2025,2,2,2025-11-30
9553,549,2025,3,3,2025-11-30
9554,549,2025,4,4,2025-11-30
9555,549,2025,5,2,2025-11-30
9556,551,2025,1,1,2025-11-30
9557,551,2025,2,3,2025-11-30
9558,551,2025,3,2,2025-11-30
9559,551,2025,4,4,2025-11-30
9560,551,2025,5,2,2025-11-30
9561,552,2025,1,3,2025-11-30
9562,552,2025,2,4,2025-11-30
9563,552,2025,3,5,2025-11-30
9564,552,2025,4,4,2025-11-30
9565,552,2025,5,5,2025-11-30
9566,553,2025,1,1,2025-11-30
9567,553,2025,2,2,2025-11-30
9568,553,2025,3,2,2025-11-30
9569,553,2025,4,5,2025-11-30
9570,553,2025,5,1,2025-11-30
9571,554,2025,1,3,2025-11-30
9572,554,2025,2,4,2025-11-30
9573,554,2025,3,2,2025-11-30
9574,554,2025,4,1,2025-11-30
9575,554,2025,5,3,2025-11-30
9576,556,2025,1,4,2025-11-30
9577,556,2025,2,1,2025-11-30
9578,556,2025,3,1,2025-11-30
9579,556,2025,4,2,2025-11-30
9580,556,2025,5,1,2025-11-30
9581,557,2025,1,2,2025-11-30
9582,557,2025,2,2,2025-11-30
9583,557,2025,3,2,2025-11-30
9584,557,2025,4,3,2025-11-30
9585,557,2025,5,1,2025-11-30
9586,558,2025,1,1,2025-11-30
9587,558,2025,2,1,2025-11-30
9588,558,2025,3,1,2025-11-30
9589,558,2025,4,3,2025-11-30
9590,558,2025,5,3,2025-11-30
9591,559,2025,1,2,2025-11-30
9592,559,2025,2,1,2025-11-30
9593,559,2025,3,4,2025-11-30
9594,559,2025,4,5,2025-11-30
9595,559,2025,5,2,2025-11-30
9596,560,2025,1,1,2025-11-30
9597,560,2025,2,3,2025-11-30
9598,560,2025,3,3,2025-11-30
9599,560,2025,4,5,2025-11-30
9600,560,2025,5,3,2025-11-30
9601,561,2025,1,2,2025-11-30
9602,561,2025,2,4,2025-11-30
9603,561,2025,3,2,2025-11-30
9604,561,2025,4,1,2025-11-30
9605,561,2025,5,4,2025-11-30
9606,562,2025,1,2,2025-11-30
9607,562,2025,2,1,2025-11-30
9608,562,2025,3,3,2025-11-30
9609,562,2025,4,4,2025-11-30
9610,562,2025,5,1,2025-11-30
9611,564,2025,1,1,2025-11-30
9612,564,2025,2,4,2025-11-30
9613,564,2025,3,5,2025-11-30
9614,564,2025,4,4,2025-11-30
9615,564,2025,5,2,2025-11-30
9616,566,2025,1,1,2025-11-30
9617,566,2025,2,4,2025-11-30
9618,566,2025,3,5,2025-11-30
9619,566,2025,4,4,2025-11-30
9620,566,2025,5,5,2025-11-30
9621,567,2025,1,3,2025-11-30
9622,567,2025,2,1,2025-11-30
9623,567,2025,3,5,2025-11-30
9624,567,2025,4,4,2025-11-30
9625,567,2025,5,5,2025-11-30
9626,568,2025,1,3,2025-11-30
9627,568,2025,2,3,2025-11-30
9628,568,2025,3,5,2025-11-30
9629,568,2025,4,5,2025-11-30
9630,568,2025,5,4,2025-11-30
9631,569,2025,1,4,2025-11-30
9632,569,2025,2,5,2025-11-30
9633,569,2025,3,3,2025-11-30
9634,569,2025,4,5,2025-11-30
9635,569,2025,5,4,2025-11-30
9636,573,2025,1,4,2025-11-30
9637,573,2025,2,3,2025-11-30
9638,573,2025,3,3,2025-11-30
9639,573,2025,4,1,2025-11-30
9640,573,2025,5,1,2025-11-30
9641,574,2025,1,4,2025-11-30
9642,574,2025,2,5,2025-11-30
9643,574,2025,3,3,2025-11-30
9644,574,2025,4,1,2025-11-30
9645,574,2025,5,4,2025-11-30
9646,575,2025,1,2,2025-11-30
9647,575,2025,2,2,2025-11-30
9648,575,2025,3,1,2025-11-30
9649,575,2025,4,1,2025-11-30
9650,575,2025,5,2,2025-11-30
9651,576,2025,1,3,2025-11-30
9652,576,2025,2,2,2025-11-30
9653,576,2025,3,3,2025-11-30
9654,576,2025,4,2,2025-11-30
9655,576,2025,5,5,2025-11-30
9656,579,2025,1,2,2025-11-30
9657,579,2025,2,1,2025-11-30
9658,579,2025,3,4,2025-11-30
9659,579,2025,4,2,2025-11-30
9660,579,2025,5,2,2025-11-30
9661,582,2025,1,2,2025-11-30
9662,582,2025,2,3,2025-11-30
9663,582,2025,3,4,2025-11-30
9664,582,2025,4,5,2025-11-30
9665,582,2025,5,3,2025-11-30
9666,583,2025,1,1,2025-11-30
9667,583,2025,2,3,2025-11-30
9668,583,2025,3,2,2025-11-30
9669,583,2025,4,1,2025-11-30
9670,583,2025,5,2,2025-11-30
9671,585,2025,1,3,2025-11-30
9672,585,2025,2,3,2025-11-30
9673,585,2025,3,1,2025-11-30
9674,585,2025,4,1,2025-11-30
9675,585,2025,5,1,2025-11-30
9676,586,2025,1,1,2025-11-30
9677,586,2025,2,1,2025-11-30
9678,586,2025,3,3,2025-11-30
9679,586,2025,4,2,2025-11-30
9680,586,2025,5,1,2025-11-30
9681,588,2025,1,1,2025-11-30
9682,588,2025,2,3,2025-11-30
9683,588,2025,3,3,2025-11-30
9684,588,2025,4,5,2025-11-30
9685,588,2025,5,1,2025-11-30
9686,589,2025,1,4,2025-11-30
9687,589,2025,2,5,2025-11-30
9688,589,2025,3,2,2025-11-30
9689,589,2025,4,1,2025-11-30
9690,589,2025,5,1,2025-11-30
9691,593,2025,1,2,2025-11-30
9692,593,2025,2,3,2025-11-30
9693,593,2025,3,3,2025-11-30
9694,593,2025,4,1,2025-11-30
9695,593,2025,5,3,2025-11-30
9696,594,2025,1,2,2025-11-30
9697,594,2025,2,1,2025-11-30
9698,594,2025,3,1,2025-11-30
9699,594,2025,4,2,2025-11-30
9700,594,2025,5,1,2025-11-30
9701,595,2025,1,5,2025-11-30
9702,595,2025,2,3,2025-11-30
9703,595,2025,3,5,2025-11-30
9704,595,2025,4,2,2025-11-30
9705,595,2025,5,2,2025-11-30
9706,597,2025,1,3,2025-11-30
9707,597,2025,2,1,2025-11-30
9708,597,2025,3,5,2025-11-30
9709,597,2025,4,5,2025-11-30
9710,597,2025,5,2,2025-11-30
9711,598,2025,1,2,2025-11-30
9712,598,2025,2,3,2025-11-30
9713,598,2025,3,3,2025-11-30
9714,598,2025,4,1,2025-11-30
9715,598,2025,5,3,2025-11-30
9716,599,2025,1,4,2025-11-30
9717,599,2025,2,3,2025-11-30
9718,599,2025,3,1,2025-11-30
9719,599,2025,4,5,2025-11-30
9720,599,2025,5,4,2025-11-30
9721,603,2025,1,2,2025-11-30
9722,603,2025,2,5,2025-11-30
9723,603,2025,3,4,2025-11-30
9724,603,2025,4,4,2025-11-30
9725,603,2025,5,2,2025-11-30
9726,604,2025,1,2,2025-11-30
9727,604,2025,2,2,2025-11-30
9728,604,2025,3,4,2025-11-30
9729,604,2025,4,3,2025-11-30
9730,604,2025,5,2,2025-11-30
9731,610,2025,1,2,2025-11-30
9732,610,2025,2,1,2025-11-30
9733,610,2025,3,5,2025-11-30
9734,610,2025,4,1,2025-11-30
9735,610,2025,5,2,2025-11-30
9736,612,2025,1,5,2025-11-30
9737,612,2025,2,1,2025-11-30
9738,612,2025,3,1,2025-11-30
9739,612,2025,4,5,2025-11-30
9740,612,2025,5,5,2025-11-30
9741,622,2025,1,3,2025-11-30
9742,622,2025,2,1,2025-11-30
9743,622,2025,3,2,2025-11-30
9744,622,2025,4,3,2025-11-30
9745,622,2025,5,2,2025-11-30
9746,625,2025,1,3,2025-11-30
9747,625,2025,2,5,2025-11-30
9748,625,2025,3,5,2025-11-30
9749,625,2025,4,4,2025-11-30
9750,625,2025,5,1,2025-11-30
9751,627,2025,1,4,2025-11-30
9752,627,2025,2,5,2025-11-30
9753,627,2025,3,3,2025-11-30
9754,627,2025,4,1,2025-11-30
9755,627,2025,5,4,2025-11-30
9756,628,2025,1,2,2025-11-30
9757,628,2025,2,5,2025-11-30
9758,628,2025,3,1,2025-11-30
9759,628,2025,4,5,2025-11-30
9760,628,2025,5,4,2025-11-30
9761,629,2025,1,5,2025-11-30
9762,629,2025,2,1,2025-11-30
9763,629,2025,3,1,2025-11-30
9764,629,2025,4,5,2025-11-30
9765,629,2025,5,1,2025-11-30
9766,630,2025,1,2,2025-11-30
9767,630,2025,2,1,2025-11-30
9768,630,2025,3,5,2025-11-30
9769,630,2025,4,3,2025-11-30
9770,630,2025,5,4,2025-11-30
9771,633,2025,1,2,2025-11-30
9772,633,2025,2,3,2025-11-30
9773,633,2025,3,3,2025-11-30
9774,633,2025,4,1,2025-11-30
9775,633,2025,5,2,2025-11-30
9776,637,2025,1,2,2025-11-30
9777,637,2025,2,3,2025-11-30
9778,637,2025,3,2,2025-11-30
9779,637,2025,4,1,2025-11-30
9780,637,2025,5,1,2025-11-30
9781,638,2025,1,5,2025-11-30
9782,638,2025,2,5,2025-11-30
9783,638,2025,3,5,2025-11-30
9784,638,2025,4,2,2025-11-30
9785,638,2025,5,3,2025-11-30
9786,639,2025,1,5,2025-11-30
9787,639,2025,2,3,2025-11-30
9788,639,2025,3,5,2025-11-30
9789,639,2025,4,3,2025-11-30
9790,639,2025,5,2,2025-11-30
9791,641,2025,1,3,2025-11-30
9792,641,2025,2,5,2025-11-30
9793,641,2025,3,3,2025-11-30
9794,641,2025,4,4,2025-11-30
9795,641,2025,5,4,2025-11-30
9796,642,2025,1,1,2025-11-30
9797,642,2025,2,2,2025-11-30
9798,642,2025,3,5,2025-11-30
9799,642,2025,4,1,2025-11-30
9800,642,2025,5,2,2025-11-30
9801,643,2025,1,1,2025-11-30
9802,643,2025,2,2,2025-11-30
9803,643,2025,3,4,2025-11-30
9804,643,2025,4,4,2025-11-30
9805,643,2025,5,4,2025-11-30
9806,645,2025,1,2,2025-11-30
9807,645,2025,2,2,2025-11-30
9808,645,2025,3,5,2025-11-30
9809,645,2025,4,2,2025-11-30
9810,645,2025,5,1,2025-11-30
9811,646,2025,1,5,2025-11-30
9812,646,2025,2,4,2025-11-30
9813,646,2025,3,4,2025-11-30
9814,646,2025,4,2,2025-11-30
9815,646,2025,5,1,2025-11-30
9816,648,2025,1,3,2025-11-30
9817,648,2025,2,2,2025-11-30
9818,648,2025,3,4,2025-11-30
9819,648,2025,4,1,2025-11-30
9820,648,2025,5,2,2025-11-30
9821,650,2025,1,4,2025-11-30
9822,650,2025,2,3,2025-11-30
9823,650,2025,3,5,2025-11-30
9824,650,2025,4,3,2025-11-30
9825,650,2025,5,5,2025-11-30
9826,651,2025,1,4,2025-11-30
9827,651,2025,2,3,2025-11-30
9828,651,2025,3,3,2025-11-30
9829,651,2025,4,3,2025-11-30
9830,651,2025,5,3,2025-11-30
9831,652,2025,1,5,2025-11-30
9832,652,2025,2,1,2025-11-30
9833,652,2025,3,3,2025-11-30
9834,652,2025,4,4,2025-11-30
9835,652,2025,5,4,2025-11-30
9836,653,2025,1,2,2025-11-30
9837,653,2025,2,5,2025-11-30
9838,653,2025,3,3,2025-11-30
9839,653,2025,4,2,2025-11-30
9840,653,2025,5,5,2025-11-30
9841,655,2025,1,1,2025-11-30
9842,655,2025,2,4,2025-11-30
9843,655,2025,3,5,2025-11-30
9844,655,2025,4,3,2025-11-30
9845,655,2025,5,4,2025-11-30
9846,656,2025,1,3,2025-11-30
9847,656,2025,2,4,2025-11-30
9848,656,2025,3,2,2025-11-30
9849,656,2025,4,4,2025-11-30
9850,656,2025,5,1,2025-11-30
9851,657,2025,1,5,2025-11-30
9852,657,2025,2,3,2025-11-30
9853,657,2025,3,3,2025-11-30
9854,657,2025,4,2,2025-11-30
9855,657,2025,5,4,2025-11-30
9856,658,2025,1,1,2025-11-30
9857,658,2025,2,3,2025-11-30
9858,658,2025,3,4,2025-11-30
9859,658,2025,4,5,2025-11-30
9860,658,2025,5,1,2025-11-30
9861,659,2025,1,3,2025-11-30
9862,659,2025,2,3,2025-11-30
9863,659,2025,3,2,2025-11-30
9864,659,2025,4,3,2025-11-30
9865,659,2025,5,4,2025-11-30
9866,660,2025,1,5,2025-11-30
9867,660,2025,2,4,2025-11-30
9868,660,2025,3,3,2025-11-30
9869,660,2025,4,4,2025-11-30
9870,660,2025,5,3,2025-11-30
9871,661,2025,1,2,2025-11-30
9872,661,2025,2,2,2025-11-30
9873,661,2025,3,1,2025-11-30
9874,661,2025,4,2,2025-11-30
9875,661,2025,5,4,2025-11-30
9876,662,2025,1,4,2025-11-30
9877,662,2025,2,1,2025-11-30
9878,662,2025,3,2,2025-11-30
9879,662,2025,4,5,2025-11-30
9880,662,2025,5,1,2025-11-30
9881,664,2025,1,3,2025-11-30
9882,664,2025,2,2,2025-11-30
9883,664,2025,3,3,2025-11-30
9884,664,2025,4,1,2025-11-30
9885,664,2025,5,1,2025-11-30
9886,665,2025,1,2,2025-11-30
9887,665,2025,2,2,2025-11-30
9888,665,2025,3,2,2025-11-30
9889,665,2025,4,4,2025-11-30
9890,665,2025,5,1,2025-11-30
9891,666,2025,1,1,2025-11-30
9892,666,2025,2,5,2025-11-30
9893,666,2025,3,5,2025-11-30
9894,666,2025,4,3,2025-11-30
9895,666,2025,5,2,2025-11-30
9896,667,2025,1,1,2025-11-30
9897,667,2025,2,5,2025-11-30
9898,667,2025,3,3,2025-11-30
9899,667,2025,4,3,2025-11-30
9900,667,2025,5,3,2025-11-30
9901,669,2025,1,3,2025-11-30
9902,669,2025,2,4,2025-11-30
9903,669,2025,3,1,2025-11-30
9904,669,2025,4,2,2025-11-30
9905,669,2025,5,1,2025-11-30
9906,671,2025,1,2,2025-11-30
9907,671,2025,2,3,2025-11-30
9908,671,2025,3,2,2025-11-30
9909,671,2025,4,3,2025-11-30
9910,671,2025,5,4,2025-11-30
9911,672,2025,1,1,2025-11-30
9912,672,2025,2,4,2025-11-30
9913,672,2025,3,4,2025-11-30
9914,672,2025,4,4,2025-11-30
9915,672,2025,5,1,2025-11-30
9916,673,2025,1,2,2025-11-30
9917,673,2025,2,3,2025-11-30
9918,673,2025,3,5,2025-11-30
9919,673,2025,4,3,2025-11-30
9920,673,2025,5,5,2025-11-30
9921,674,2025,1,3,2025-11-30
9922,674,2025,2,3,2025-11-30
9923,674,2025,3,3,2025-11-30
9924,674,2025,4,4,2025-11-30
9925,674,2025,5,4,2025-11-30
9926,675,2025,1,5,2025-11-30
9927,675,2025,2,5,2025-11-30
9928,675,2025,3,3,2025-11-30
9929,675,2025,4,5,2025-11-30
9930,675,2025,5,4,2025-11-30
9931,676,2025,1,2,2025-11-30
9932,676,2025,2,1,2025-11-30
9933,676,2025,3,1,2025-11-30
9934,676,2025,4,3,2025-11-30
9935,676,2025,5,3,2025-11-30
9936,678,2025,1,1,2025-11-30
9937,678,2025,2,2,2025-11-30
9938,678,2025,3,1,2025-11-30
9939,678,2025,4,3,2025-11-30
9940,678,2025,5,4,2025-11-30
9941,679,2025,1,2,2025-11-30
9942,679,2025,2,2,2025-11-30
9943,679,2025,3,3,2025-11-30
9944,679,2025,4,4,2025-11-30
9945,679,2025,5,4,2025-11-30
9946,680,2025,1,3,2025-11-30
9947,680,2025,2,2,2025-11-30
9948,680,2025,3,4,2025-11-30
9949,680,2025,4,2,2025-11-30
9950,680,2025,5,3,2025-11-30
9951,681,2025,1,2,2025-11-30
9952,681,2025,2,4,2025-11-30
9953,681,2025,3,5,2025-11-30
9954,681,2025,4,3,2025-11-30
9955,681,2025,5,3,2025-11-30
9956,682,2025,1,4,2025-11-30
9957,682,2025,2,4,2025-11-30
9958,682,2025,3,4,2025-11-30
9959,682,2025,4,2,2025-11-30
9960,682,2025,5,1,2025-11-30
9961,683,2025,1,2,2025-11-30
9962,683,2025,2,4,2025-11-30
9963,683,2025,3,2,2025-11-30
9964,683,2025,4,3,2025-11-30
9965,683,2025,5,4,2025-11-30
9966,684,2025,1,4,2025-11-30
9967,684,2025,2,3,2025-11-30
9968,684,2025,3,4,2025-11-30
9969,684,2025,4,3,2025-11-30
9970,684,2025,5,5,2025-11-30
9971,685,2025,1,3,2025-11-30
9972,685,2025,2,2,2025-11-30
9973,685,2025,3,3,2025-11-30
9974,685,2025,4,4,2025-11-30
9975,685,2025,5,5,2025-11-30
9976,686,2025,1,4,2025-11-30
9977,686,2025,2,4,2025-11-30
9978,686,2025,3,2,2025-11-30
9979,686,2025,4,5,2025-11-30
9980,686,2025,5,3,2025-11-30
9981,687,2025,1,4,2025-11-30
9982,687,2025,2,3,2025-11-30
9983,687,2025,3,1,2025-11-30
9984,687,2025,4,4,2025-11-30
9985,687,2025,5,5,2025-11-30
9986,688,2025,1,1,2025-11-30
9987,688,2025,2,3,2025-11-30
9988,688,2025,3,1,2025-11-30
9989,688,2025,4,4,2025-11-30
9990,688,2025,5,1,2025-11-30
9991,689,2025,1,4,2025-11-30
9992,689,2025,2,5,2025-11-30
9993,689,2025,3,3,2025-11-30
9994,689,2025,4,5,2025-11-30
9995,689,2025,5,2,2025-11-30
9996,691,2025,1,5,2025-11-30
9997,691,2025,2,3,2025-11-30
9998,691,2025,3,1,2025-11-30
9999,691,2025,4,2,2025-11-30
10000,691,2025,5,3,2025-11-30
10001,695,2025,1,1,2025-11-30
10002,695,2025,2,1,2025-11-30
10003,695,2025,3,4,2025-11-30
10004,695,2025,4,2,2025-11-30
10005,695,2025,5,3,2025-11-30
10006,698,2025,1,4,2025-11-30
10007,698,2025,2,2,2025-11-30
10008,698,2025,3,1,2025-11-30
10009,698,2025,4,4,2025-11-30
10010,698,2025,5,4,2025-11-30
10011,699,2025,1,1,2025-11-30
10012,699,2025,2,1,2025-11-30
10013,699,2025,3,2,2025-11-30
10014,699,2025,4,3,2025-11-30
10015,699,2025,5,1,2025-11-30
10016,700,2025,1,4,2025-11-30
10017,700,2025,2,1,2025-11-30
10018,700,2025,3,2,2025-11-30
10019,700,2025,4,3,2025-11-30
10020,700,2025,5,3,2025-11-30
10021,702,2025,1,4,2025-11-30
10022,702,2025,2,1,2025-11-30
10023,702,2025,3,3,2025-11-30
10024,702,2025,4,2,2025-11-30
10025,702,2025,5,5,2025-11-30
10026,708,2025,1,4,2025-11-30
10027,708,2025,2,3,2025-11-30
10028,708,2025,3,3,2025-11-30
10029,708,2025,4,3,2025-11-30
10030,708,2025,5,5,2025-11-30
10031,709,2025,1,4,2025-11-30
10032,709,2025,2,5,2025-11-30
10033,709,2025,3,2,2025-11-30
10034,709,2025,4,5,2025-11-30
10035,709,2025,5,4,2025-11-30
10036,710,2025,1,1,2025-11-30
10037,710,2025,2,1,2025-11-30
10038,710,2025,3,5,2025-11-30
10039,710,2025,4,4,2025-11-30
10040,710,2025,5,4,2025-11-30
10041,711,2025,1,5,2025-11-30
10042,711,2025,2,4,2025-11-30
10043,711,2025,3,3,2025-11-30
10044,711,2025,4,3,2025-11-30
10045,711,2025,5,4,2025-11-30
10046,713,2025,1,1,2025-11-30
10047,713,2025,2,3,2025-11-30
10048,713,2025,3,3,2025-11-30
10049,713,2025,4,4,2025-11-30
10050,713,2025,5,4,2025-11-30
10051,714,2025,1,4,2025-11-30
10052,714,2025,2,2,2025-11-30
10053,714,2025,3,5,2025-11-30
10054,714,2025,4,2,2025-11-30
10055,714,2025,5,1,2025-11-30
10056,715,2025,1,1,2025-11-30
10057,715,2025,2,3,2025-11-30
10058,715,2025,3,3,2025-11-30
10059,715,2025,4,4,2025-11-30
10060,715,2025,5,1,2025-11-30
10061,716,2025,1,3,2025-11-30
10062,716,2025,2,3,2025-11-30
10063,716,2025,3,1,2025-11-30
10064,716,2025,4,1,2025-11-30
10065,716,2025,5,1,2025-11-30
10066,717,2025,1,4,2025-11-30
10067,717,2025,2,3,2025-11-30
10068,717,2025,3,2,2025-11-30
10069,717,2025,4,3,2025-11-30
10070,717,2025,5,5,2025-11-30
10071,718,2025,1,1,2025-11-30
10072,718,2025,2,4,2025-11-30
10073,718,2025,3,4,2025-11-30
10074,718,2025,4,1,2025-11-30
10075,718,2025,5,3,2025-11-30
10076,720,2025,1,2,2025-11-30
10077,720,2025,2,2,2025-11-30
10078,720,2025,3,4,2025-11-30
10079,720,2025,4,5,2025-11-30
10080,720,2025,5,4,2025-11-30
10081,723,2025,1,2,2025-11-30
10082,723,2025,2,4,2025-11-30
10083,723,2025,3,3,2025-11-30
10084,723,2025,4,5,2025-11-30
10085,723,2025,5,4,2025-11-30
10086,724,2025,1,4,2025-11-30
10087,724,2025,2,2,2025-11-30
10088,724,2025,3,1,2025-11-30
10089,724,2025,4,2,2025-11-30
10090,724,2025,5,1,2025-11-30
10091,727,2025,1,3,2025-11-30
10092,727,2025,2,1,2025-11-30
10093,727,2025,3,3,2025-11-30
10094,727,2025,4,2,2025-11-30
10095,727,2025,5,1,2025-11-30
10096,728,2025,1,4,2025-11-30
10097,728,2025,2,5,2025-11-30
10098,728,2025,3,3,2025-11-30
10099,728,2025,4,3,2025-11-30
10100,728,2025,5,4,2025-11-30
10101,730,2025,1,5,2025-11-30
10102,730,2025,2,2,2025-11-30
10103,730,2025,3,2,2025-11-30
10104,730,2025,4,4,2025-11-30
10105,730,2025,5,3,2025-11-30
10106,731,2025,1,1,2025-11-30
10107,731,2025,2,2,2025-11-30
10108,731,2025,3,1,2025-11-30
10109,731,2025,4,4,2025-11-30
10110,731,2025,5,5,2025-11-30
10111,733,2025,1,4,2025-11-30
10112,733,2025,2,1,2025-11-30
10113,733,2025,3,4,2025-11-30
10114,733,2025,4,5,2025-11-30
10115,733,2025,5,5,2025-11-30
10116,734,2025,1,2,2025-11-30
10117,734,2025,2,4,2025-11-30
10118,734,2025,3,1,2025-11-30
10119,734,2025,4,3,2025-11-30
10120,734,2025,5,4,2025-11-30
10121,735,2025,1,3,2025-11-30
10122,735,2025,2,1,2025-11-30
10123,735,2025,3,1,2025-11-30
10124,735,2025,4,4,2025-11-30
10125,735,2025,5,3,2025-11-30
10126,739,2025,1,4,2025-11-30
10127,739,2025,2,5,2025-11-30
10128,739,2025,3,4,2025-11-30
10129,739,2025,4,2,2025-11-30
10130,739,2025,5,3,2025-11-30
10131,740,2025,1,2,2025-11-30
10132,740,2025,2,2,2025-11-30
10133,740,2025,3,4,2025-11-30
10134,740,2025,4,1,2025-11-30
10135,740,2025,5,3,2025-11-30
10136,742,2025,1,1,2025-11-30
10137,742,2025,2,4,2025-11-30
10138,742,2025,3,3,2025-11-30
10139,742,2025,4,3,2025-11-30
10140,742,2025,5,5,2025-11-30
10141,747,2025,1,5,2025-11-30
10142,747,2025,2,1,2025-11-30
10143,747,2025,3,3,2025-11-30
10144,747,2025,4,2,2025-11-30
10145,747,2025,5,3,2025-11-30
10146,748,2025,1,3,2025-11-30
10147,748,2025,2,2,2025-11-30
10148,748,2025,3,2,2025-11-30
10149,748,2025,4,2,2025-11-30
10150,748,2025,5,1,2025-11-30
10151,749,2025,1,5,2025-11-30
10152,749,2025,2,2,2025-11-30
10153,749,2025,3,4,2025-11-30
10154,749,2025,4,2,2025-11-30
10155,749,2025,5,5,2025-11-30
10156,750,2025,1,2,2025-11-30
10157,750,2025,2,2,2025-11-30
10158,750,2025,3,4,2025-11-30
10159,750,2025,4,2,2025-11-30
10160,750,2025,5,4,2025-11-30
10161,751,2025,1,3,2025-11-30
10162,751,2025,2,5,2025-11-30
10163,751,2025,3,5,2025-11-30
10164,751,2025,4,1,2025-11-30
10165,751,2025,5,4,2025-11-30
10166,754,2025,1,2,2025-11-30
10167,754,2025,2,4,2025-11-30
10168,754,2025,3,2,2025-11-30
10169,754,2025,4,2,2025-11-30
10170,754,2025,5,3,2025-11-30
10171,755,2025,1,2,2025-11-30
10172,755,2025,2,4,2025-11-30
10173,755,2025,3,1,2025-11-30
10174,755,2025,4,3,2025-11-30
10175,755,2025,5,5,2025-11-30
10176,756,2025,1,5,2025-11-30
10177,756,2025,2,3,2025-11-30
10178,756,2025,3,5,2025-11-30
10179,756,2025,4,5,2025-11-30
10180,756,2025,5,5,2025-11-30
10181,757,2025,1,1,2025-11-30
10182,757,2025,2,4,2025-11-30
10183,757,2025,3,2,2025-11-30
10184,757,2025,4,4,2025-11-30
10185,757,2025,5,4,2025-11-30
10186,758,2025,1,1,2025-11-30
10187,758,2025,2,4,2025-11-30
10188,758,2025,3,2,2025-11-30
10189,758,2025,4,4,2025-11-30
10190,758,2025,5,1,2025-11-30
10191,759,2025,1,5,2025-11-30
10192,759,2025,2,1,2025-11-30
10193,759,2025,3,3,2025-11-30
10194,759,2025,4,5,2025-11-30
10195,759,2025,5,2,2025-11-30
10196,760,2025,1,2,2025-11-30
10197,760,2025,2,2,2025-11-30
10198,760,2025,3,2,2025-11-30
10199,760,2025,4,2,2025-11-30
10200,760,2025,5,4,2025-11-30
10201,762,2025,1,2,2025-11-30
10202,762,2025,2,2,2025-11-30
10203,762,2025,3,3,2025-11-30
10204,762,2025,4,3,2025-11-30
10205,762,2025,5,4,2025-11-30
10206,763,2025,1,3,2025-11-30
10207,763,2025,2,5,2025-11-30
10208,763,2025,3,4,2025-11-30
10209,763,2025,4,2,2025-11-30
10210,763,2025,5,5,2025-11-30
10211,765,2025,1,4,2025-11-30
10212,765,2025,2,5,2025-11-30
10213,765,2025,3,4,2025-11-30
10214,765,2025,4,4,2025-11-30
10215,765,2025,5,4,2025-11-30
10216,769,2025,1,2,2025-11-30
10217,769,2025,2,2,2025-11-30
10218,769,2025,3,4,2025-11-30
10219,769,2025,4,3,2025-11-30
10220,769,2025,5,3,2025-11-30
10221,770,2025,1,5,2025-11-30
10222,770,2025,2,5,2025-11-30
10223,770,2025,3,1,2025-11-30
10224,770,2025,4,4,2025-11-30
10225,770,2025,5,3,2025-11-30
10226,771,2025,1,4,2025-11-30
10227,771,2025,2,3,2025-11-30
10228,771,2025,3,3,2025-11-30
10229,771,2025,4,5,2025-11-30
10230,771,2025,5,3,2025-11-30
10231,772,2025,1,1,2025-11-30
10232,772,2025,2,1,2025-11-30
10233,772,2025,3,4,2025-11-30
10234,772,2025,4,4,2025-11-30
10235,772,2025,5,3,2025-11-30
10236,773,2025,1,4,2025-11-30
10237,773,2025,2,1,2025-11-30
10238,773,2025,3,2,2025-11-30
10239,773,2025,4,5,2025-11-30
10240,773,2025,5,3,2025-11-30
10241,775,2025,1,1,2025-11-30
10242,775,2025,2,3,2025-11-30
10243,775,2025,3,4,2025-11-30
10244,775,2025,4,2,2025-11-30
10245,775,2025,5,4,2025-11-30
10246,777,2025,1,3,2025-11-30
10247,777,2025,2,1,2025-11-30
10248,777,2025,3,4,2025-11-30
10249,777,2025,4,3,2025-11-30
10250,777,2025,5,2,2025-11-30
10251,778,2025,1,5,2025-11-30
10252,778,2025,2,5,2025-11-30
10253,778,2025,3,4,2025-11-30
10254,778,2025,4,5,2025-11-30
10255,778,2025,5,5,2025-11-30
10256,779,2025,1,4,2025-11-30
10257,779,2025,2,5,2025-11-30
10258,779,2025,3,4,2025-11-30
10259,779,2025,4,3,2025-11-30
10260,779,2025,5,4,2025-11-30
10261,782,2025,1,2,2025-11-30
10262,782,2025,2,2,2025-11-30
10263,782,2025,3,3,2025-11-30
10264,782,2025,4,4,2025-11-30
10265,782,2025,5,2,2025-11-30
10266,783,2025,1,3,2025-11-30
10267,783,2025,2,2,2025-11-30
10268,783,2025,3,1,2025-11-30
10269,783,2025,4,1,2025-11-30
10270,783,2025,5,3,2025-11-30
10271,784,2025,1,2,2025-11-30
10272,784,2025,2,3,2025-11-30
10273,784,2025,3,1,2025-11-30
10274,784,2025,4,3,2025-11-30
10275,784,2025,5,3,2025-11-30
10276,787,2025,1,3,2025-11-30
10277,787,2025,2,5,2025-11-30
10278,787,2025,3,5,2025-11-30
10279,787,2025,4,4,2025-11-30
10280,787,2025,5,2,2025-11-30
10281,788,2025,1,4,2025-11-30
10282,788,2025,2,5,2025-11-30
10283,788,2025,3,5,2025-11-30
10284,788,2025,4,3,2025-11-30
10285,788,2025,5,4,2025-11-30
10286,789,2025,1,2,2025-11-30
10287,789,2025,2,1,2025-11-30
10288,789,2025,3,1,2025-11-30
10289,789,2025,4,5,2025-11-30
10290,789,2025,5,2,2025-11-30
10291,790,2025,1,2,2025-11-30
10292,790,2025,2,5,2025-11-30
10293,790,2025,3,4,2025-11-30
10294,790,2025,4,5,2025-11-30
10295,790,2025,5,4,2025-11-30
10296,791,2025,1,3,2025-11-30
10297,791,2025,2,5,2025-11-30
10298,791,2025,3,3,2025-11-30
10299,791,2025,4,2,2025-11-30
10300,791,2025,5,1,2025-11-30
10301,793,2025,1,2,2025-11-30
10302,793,2025,2,3,2025-11-30
10303,793,2025,3,4,2025-11-30
10304,793,2025,4,1,2025-11-30
10305,793,2025,5,3,2025-11-30
10306,794,2025,1,4,2025-11-30
10307,794,2025,2,2,2025-11-30
10308,794,2025,3,3,2025-11-30
10309,794,2025,4,5,2025-11-30
10310,794,2025,5,2,2025-11-30
10311,795,2025,1,5,2025-11-30
10312,795,2025,2,5,2025-11-30
10313,795,2025,3,4,2025-11-30
10314,795,2025,4,5,2025-11-30
10315,795,2025,5,3,2025-11-30
10316,796,2025,1,3,2025-11-30
10317,796,2025,2,5,2025-11-30
10318,796,2025,3,2,2025-11-30
10319,796,2025,4,3,2025-11-30
10320,796,2025,5,4,2025-11-30
10321,799,2025,1,2,2025-11-30
10322,799,2025,2,5,2025-11-30
10323,799,2025,3,1,2025-11-30
10324,799,2025,4,3,2025-11-30
10325,799,2025,5,2,2025-11-30
10326,800,2025,1,1,2025-11-30
10327,800,2025,2,2,2025-11-30
10328,800,2025,3,1,2025-11-30
10329,800,2025,4,3,2025-11-30
10330,800,2025,5,2,2025-11-30
10331,801,2025,1,1,2025-11-30
10332,801,2025,2,2,2025-11-30
10333,801,2025,3,5,2025-11-30
10334,801,2025,4,5,2025-11-30
10335,801,2025,5,4,2025-11-30
10336,802,2025,1,2,2025-11-30
10337,802,2025,2,5,2025-11-30
10338,802,2025,3,2,2025-11-30
10339,802,2025,4,2,2025-11-30
10340,802,2025,5,1,2025-11-30
10341,804,2025,1,4,2025-11-30
10342,804,2025,2,1,2025-11-30
10343,804,2025,3,3,2025-11-30
10344,804,2025,4,3,2025-11-30
10345,804,2025,5,4,2025-11-30
10346,805,2025,1,4,2025-11-30
10347,805,2025,2,1,2025-11-30
10348,805,2025,3,3,2025-11-30
10349,805,2025,4,5,2025-11-30
10350,805,2025,5,4,2025-11-30
10351,806,2025,1,1,2025-11-30
10352,806,2025,2,5,2025-11-30
10353,806,2025,3,4,2025-11-30
10354,806,2025,4,5,2025-11-30
10355,806,2025,5,2,2025-11-30
10356,807,2025,1,1,2025-11-30
10357,807,2025,2,1,2025-11-30
10358,807,2025,3,2,2025-11-30
10359,807,2025,4,2,2025-11-30
10360,807,2025,5,1,2025-11-30
10361,808,2025,1,4,2025-11-30
10362,808,2025,2,1,2025-11-30
10363,808,2025,3,2,2025-11-30
10364,808,2025,4,2,2025-11-30
10365,808,2025,5,3,2025-11-30
10366,809,2025,1,4,2025-11-30
10367,809,2025,2,2,2025-11-30
10368,809,2025,3,3,2025-11-30
10369,809,2025,4,1,2025-11-30
10370,809,2025,5,5,2025-11-30
10371,811,2025,1,2,2025-11-30
10372,811,2025,2,4,2025-11-30
10373,811,2025,3,5,2025-11-30
10374,811,2025,4,2,2025-11-30
10375,811,2025,5,2,2025-11-30
10376,812,2025,1,3,2025-11-30
10377,812,2025,2,2,2025-11-30
10378,812,2025,3,1,2025-11-30
10379,812,2025,4,1,2025-11-30
10380,812,2025,5,2,2025-11-30
10381,814,2025,1,1,2025-11-30
10382,814,2025,2,4,2025-11-30
10383,814,2025,3,2,2025-11-30
10384,814,2025,4,1,2025-11-30
10385,814,2025,5,1,2025-11-30
10386,815,2025,1,4,2025-11-30
10387,815,2025,2,1,2025-11-30
10388,815,2025,3,4,2025-11-30
10389,815,2025,4,4,2025-11-30
10390,815,2025,5,5,2025-11-30
10391,816,2025,1,5,2025-11-30
10392,816,2025,2,5,2025-11-30
10393,816,2025,3,3,2025-11-30
10394,816,2025,4,3,2025-11-30
10395,816,2025,5,3,2025-11-30
10396,817,2025,1,1,2025-11-30
10397,817,2025,2,2,2025-11-30
10398,817,2025,3,1,2025-11-30
10399,817,2025,4,3,2025-11-30
10400,817,2025,5,2,2025-11-30
10401,818,2025,1,2,2025-11-30
10402,818,2025,2,3,2025-11-30
10403,818,2025,3,1,2025-11-30
10404,818,2025,4,4,2025-11-30
10405,818,2025,5,3,2025-11-30
10406,819,2025,1,5,2025-11-30
10407,819,2025,2,1,2025-11-30
10408,819,2025,3,5,2025-11-30
10409,819,2025,4,1,2025-11-30
10410,819,2025,5,2,2025-11-30
10411,820,2025,1,2,2025-11-30
10412,820,2025,2,4,2025-11-30
10413,820,2025,3,2,2025-11-30
10414,820,2025,4,2,2025-11-30
10415,820,2025,5,1,2025-11-30
10416,821,2025,1,3,2025-11-30
10417,821,2025,2,4,2025-11-30
10418,821,2025,3,5,2025-11-30
10419,821,2025,4,5,2025-11-30
10420,821,2025,5,1,2025-11-30
10421,822,2025,1,5,2025-11-30
10422,822,2025,2,5,2025-11-30
10423,822,2025,3,3,2025-11-30
10424,822,2025,4,5,2025-11-30
10425,822,2025,5,3,2025-11-30
10426,823,2025,1,4,2025-11-30
10427,823,2025,2,4,2025-11-30
10428,823,2025,3,5,2025-11-30
10429,823,2025,4,5,2025-11-30
10430,823,2025,5,1,2025-11-30
10431,826,2025,1,3,2025-11-30
10432,826,2025,2,5,2025-11-30
10433,826,2025,3,3,2025-11-30
10434,826,2025,4,5,2025-11-30
10435,826,2025,5,1,2025-11-30
10436,827,2025,1,5,2025-11-30
10437,827,2025,2,1,2025-11-30
10438,827,2025,3,5,2025-11-30
10439,827,2025,4,4,2025-11-30
10440,827,2025,5,4,2025-11-30
10441,828,2025,1,5,2025-11-30
10442,828,2025,2,1,2025-11-30
10443,828,2025,3,5,2025-11-30
10444,828,2025,4,2,2025-11-30
10445,828,2025,5,5,2025-11-30
10446,829,2025,1,5,2025-11-30
10447,829,2025,2,5,2025-11-30
10448,829,2025,3,3,2025-11-30
10449,829,2025,4,4,2025-11-30
10450,829,2025,5,5,2025-11-30
10451,830,2025,1,2,2025-11-30
10452,830,2025,2,1,2025-11-30
10453,830,2025,3,2,2025-11-30
10454,830,2025,4,2,2025-11-30
10455,830,2025,5,5,2025-11-30
10456,831,2025,1,3,2025-11-30
10457,831,2025,2,1,2025-11-30
10458,831,2025,3,1,2025-11-30
10459,831,2025,4,5,2025-11-30
10460,831,2025,5,2,2025-11-30
10461,832,2025,1,5,2025-11-30
10462,832,2025,2,4,2025-11-30
10463,832,2025,3,5,2025-11-30
10464,832,2025,4,2,2025-11-30
10465,832,2025,5,1,2025-11-30
10466,833,2025,1,5,2025-11-30
10467,833,2025,2,5,2025-11-30
10468,833,2025,3,4,2025-11-30
10469,833,2025,4,5,2025-11-30
10470,833,2025,5,2,2025-11-30
10471,835,2025,1,3,2025-11-30
10472,835,2025,2,2,2025-11-30
10473,835,2025,3,2,2025-11-30
10474,835,2025,4,1,2025-11-30
10475,835,2025,5,5,2025-11-30
10476,836,2025,1,1,2025-11-30
10477,836,2025,2,4,2025-11-30
10478,836,2025,3,4,2025-11-30
10479,836,2025,4,4,2025-11-30
10480,836,2025,5,1,2025-11-30
10481,837,2025,1,2,2025-11-30
10482,837,2025,2,5,2025-11-30
10483,837,2025,3,2,2025-11-30
10484,837,2025,4,2,2025-11-30
10485,837,2025,5,3,2025-11-30
10486,838,2025,1,4,2025-11-30
10487,838,2025,2,2,2025-11-30
10488,838,2025,3,2,2025-11-30
10489,838,2025,4,2,2025-11-30
10490,838,2025,5,3,2025-11-30
10491,839,2025,1,1,2025-11-30
10492,839,2025,2,5,2025-11-30
10493,839,2025,3,1,2025-11-30
10494,839,2025,4,3,2025-11-30
10495,839,2025,5,3,2025-11-30
10496,840,2025,1,3,2025-11-30
10497,840,2025,2,1,2025-11-30
10498,840,2025,3,2,2025-11-30
10499,840,2025,4,5,2025-11-30
10500,840,2025,5,2,2025-11-30
10501,841,2025,1,2,2025-11-30
10502,841,2025,2,1,2025-11-30
10503,841,2025,3,3,2025-11-30
10504,841,2025,4,4,2025-11-30
10505,841,2025,5,3,2025-11-30
10506,842,2025,1,4,2025-11-30
10507,842,2025,2,1,2025-11-30
10508,842,2025,3,5,2025-11-30
10509,842,2025,4,4,2025-11-30
10510,842,2025,5,2,2025-11-30
10511,844,2025,1,1,2025-11-30
10512,844,2025,2,3,2025-11-30
10513,844,2025,3,2,2025-11-30
10514,844,2025,4,1,2025-11-30
10515,844,2025,5,1,2025-11-30
10516,845,2025,1,4,2025-11-30
10517,845,2025,2,2,2025-11-30
10518,845,2025,3,4,2025-11-30
10519,845,2025,4,3,2025-11-30
10520,845,2025,5,2,2025-11-30
10521,847,2025,1,2,2025-11-30
10522,847,2025,2,3,2025-11-30
10523,847,2025,3,3,2025-11-30
10524,847,2025,4,1,2025-11-30
10525,847,2025,5,4,2025-11-30
10526,850,2025,1,1,2025-11-30
10527,850,2025,2,3,2025-11-30
10528,850,2025,3,5,2025-11-30
10529,850,2025,4,5,2025-11-30
10530,850,2025,5,1,2025-11-30
10531,853,2025,1,5,2025-11-30
10532,853,2025,2,2,2025-11-30
10533,853,2025,3,5,2025-11-30
10534,853,2025,4,5,2025-11-30
10535,853,2025,5,4,2025-11-30
10536,854,2025,1,5,2025-11-30
10537,854,2025,2,2,2025-11-30
10538,854,2025,3,3,2025-11-30
10539,854,2025,4,5,2025-11-30
10540,854,2025,5,2,2025-11-30
10541,855,2025,1,5,2025-11-30
10542,855,2025,2,2,2025-11-30
10543,855,2025,3,3,2025-11-30
10544,855,2025,4,1,2025-11-30
10545,855,2025,5,3,2025-11-30
10546,856,2025,1,5,2025-11-30
10547,856,2025,2,4,2025-11-30
10548,856,2025,3,3,2025-11-30
10549,856,2025,4,3,2025-11-30
10550,856,2025,5,2,2025-11-30
10551,859,2025,1,1,2025-11-30
10552,859,2025,2,3,2025-11-30
10553,859,2025,3,5,2025-11-30
10554,859,2025,4,1,2025-11-30
10555,859,2025,5,3,2025-11-30
10556,861,2025,1,4,2025-11-30
10557,861,2025,2,4,2025-11-30
10558,861,2025,3,3,2025-11-30
10559,861,2025,4,3,2025-11-30
10560,861,2025,5,2,2025-11-30
10561,867,2025,1,2,2025-11-30
10562,867,2025,2,2,2025-11-30
10563,867,2025,3,5,2025-11-30
10564,867,2025,4,1,2025-11-30
10565,867,2025,5,1,2025-11-30
10566,868,2025,1,3,2025-11-30
10567,868,2025,2,4,2025-11-30
10568,868,2025,3,3,2025-11-30
10569,868,2025,4,4,2025-11-30
10570,868,2025,5,1,2025-11-30
10571,871,2025,1,4,2025-11-30
10572,871,2025,2,3,2025-11-30
10573,871,2025,3,5,2025-11-30
10574,871,2025,4,2,2025-11-30
10575,871,2025,5,4,2025-11-30
10576,873,2025,1,3,2025-11-30
10577,873,2025,2,4,2025-11-30
10578,873,2025,3,2,2025-11-30
10579,873,2025,4,4,2025-11-30
10580,873,2025,5,5,2025-11-30
10581,875,2025,1,3,2025-11-30
10582,875,2025,2,2,2025-11-30
10583,875,2025,3,4,2025-11-30
10584,875,2025,4,2,2025-11-30
10585,875,2025,5,4,2025-11-30
10586,876,2025,1,2,2025-11-30
10587,876,2025,2,5,2025-11-30
10588,876,2025,3,5,2025-11-30
10589,876,2025,4,1,2025-11-30
10590,876,2025,5,2,2025-11-30
10591,882,2025,1,1,2025-11-30
10592,882,2025,2,3,2025-11-30
10593,882,2025,3,3,2025-11-30
10594,882,2025,4,1,2025-11-30
10595,882,2025,5,4,2025-11-30
10596,883,2025,1,2,2025-11-30
10597,883,2025,2,3,2025-11-30
10598,883,2025,3,1,2025-11-30
10599,883,2025,4,5,2025-11-30
10600,883,2025,5,3,2025-11-30
10601,884,2025,1,2,2025-11-30
10602,884,2025,2,4,2025-11-30
10603,884,2025,3,3,2025-11-30
10604,884,2025,4,3,2025-11-30
10605,884,2025,5,4,2025-11-30
10606,885,2025,1,3,2025-11-30
10607,885,2025,2,3,2025-11-30
10608,885,2025,3,5,2025-11-30
10609,885,2025,4,3,2025-11-30
10610,885,2025,5,5,2025-11-30
10611,888,2025,1,1,2025-11-30
10612,888,2025,2,1,2025-11-30
10613,888,2025,3,1,2025-11-30
10614,888,2025,4,1,2025-11-30
10615,888,2025,5,2,2025-11-30
10616,889,2025,1,4,2025-11-30
10617,889,2025,2,3,2025-11-30
10618,889,2025,3,1,2025-11-30
10619,889,2025,4,2,2025-11-30
10620,889,2025,5,3,2025-11-30
10621,892,2025,1,3,2025-11-30
10622,892,2025,2,5,2025-11-30
10623,892,2025,3,5,2025-11-30
10624,892,2025,4,3,2025-11-30
10625,892,2025,5,5,2025-11-30
10626,896,2025,1,5,2025-11-30
10627,896,2025,2,5,2025-11-30
10628,896,2025,3,3,2025-11-30
10629,896,2025,4,1,2025-11-30
10630,896,2025,5,4,2025-11-30
10631,897,2025,1,4,2025-11-30
10632,897,2025,2,1,2025-11-30
10633,897,2025,3,5,2025-11-30
10634,897,2025,4,5,2025-11-30
10635,897,2025,5,3,2025-11-30
10636,900,2025,1,4,2025-11-30
10637,900,2025,2,3,2025-11-30
10638,900,2025,3,4,2025-11-30
10639,900,2025,4,4,2025-11-30
10640,900,2025,5,1,2025-11-30
10641,901,2025,1,2,2025-11-30
10642,901,2025,2,4,2025-11-30
10643,901,2025,3,1,2025-11-30
10644,901,2025,4,2,2025-11-30
10645,901,2025,5,4,2025-11-30
10646,902,2025,1,1,2025-11-30
10647,902,2025,2,3,2025-11-30
10648,902,2025,3,2,2025-11-30
10649,902,2025,4,1,2025-11-30
10650,902,2025,5,3,2025-11-30
10651,903,2025,1,3,2025-11-30
10652,903,2025,2,2,2025-11-30
10653,903,2025,3,5,2025-11-30
10654,903,2025,4,3,2025-11-30
10655,903,2025,5,1,2025-11-30
10656,905,2025,1,1,2025-11-30
10657,905,2025,2,5,2025-11-30
10658,905,2025,3,4,2025-11-30
10659,905,2025,4,2,2025-11-30
10660,905,2025,5,5,2025-11-30
10661,907,2025,1,4,2025-11-30
10662,907,2025,2,3,2025-11-30
10663,907,2025,3,2,2025-11-30
10664,907,2025,4,3,2025-11-30
10665,907,2025,5,2,2025-11-30
10666,909,2025,1,3,2025-11-30
10667,909,2025,2,2,2025-11-30
10668,909,2025,3,4,2025-11-30
10669,909,2025,4,1,2025-11-30
10670,909,2025,5,5,2025-11-30
10671,911,2025,1,2,2025-11-30
10672,911,2025,2,5,2025-11-30
10673,911,2025,3,5,2025-11-30
10674,911,2025,4,5,2025-11-30
10675,911,2025,5,5,2025-11-30
10676,912,2025,1,4,2025-11-30
10677,912,2025,2,1,2025-11-30
10678,912,2025,3,4,2025-11-30
10679,912,2025,4,2,2025-11-30
10680,912,2025,5,3,2025-11-30
10681,913,2025,1,3,2025-11-30
10682,913,2025,2,5,2025-11-30
10683,913,2025,3,5,2025-11-30
10684,913,2025,4,4,2025-11-30
10685,913,2025,5,3,2025-11-30
10686,914,2025,1,5,2025-11-30
10687,914,2025,2,1,2025-11-30
10688,914,2025,3,1,2025-11-30
10689,914,2025,4,2,2025-11-30
10690,914,2025,5,2,2025-11-30
10691,915,2025,1,3,2025-11-30
10692,915,2025,2,1,2025-11-30
10693,915,2025,3,1,2025-11-30
10694,915,2025,4,1,2025-11-30
10695,915,2025,5,1,2025-11-30
10696,916,2025,1,3,2025-11-30
10697,916,2025,2,4,2025-11-30
10698,916,2025,3,4,2025-11-30
10699,916,2025,4,1,2025-11-30
10700,916,2025,5,5,2025-11-30
10701,917,2025,1,4,2025-11-30
10702,917,2025,2,3,2025-11-30
10703,917,2025,3,2,2025-11-30
10704,917,2025,4,3,2025-11-30
10705,917,2025,5,2,2025-11-30
10706,918,2025,1,4,2025-11-30
10707,918,2025,2,1,2025-11-30
10708,918,2025,3,3,2025-11-30
10709,918,2025,4,4,2025-11-30
10710,918,2025,5,3,2025-11-30
10711,919,2025,1,1,2025-11-30
10712,919,2025,2,1,2025-11-30
10713,919,2025,3,4,2025-11-30
10714,919,2025,4,1,2025-11-30
10715,919,2025,5,2,2025-11-30
10716,921,2025,1,4,2025-11-30
10717,921,2025,2,3,2025-11-30
10718,921,2025,3,4,2025-11-30
10719,921,2025,4,2,2025-11-30
10720,921,2025,5,2,2025-11-30
10721,924,2025,1,3,2025-11-30
10722,924,2025,2,3,2025-11-30
10723,924,2025,3,4,2025-11-30
10724,924,2025,4,5,2025-11-30
10725,924,2025,5,1,2025-11-30
10726,927,2025,1,2,2025-11-30
10727,927,2025,2,2,2025-11-30
10728,927,2025,3,5,2025-11-30
10729,927,2025,4,1,2025-11-30
10730,927,2025,5,4,2025-11-30
10731,928,2025,1,5,2025-11-30
10732,928,2025,2,5,2025-11-30
10733,928,2025,3,1,2025-11-30
10734,928,2025,4,4,2025-11-30
10735,928,2025,5,1,2025-11-30
10736,932,2025,1,5,2025-11-30
10737,932,2025,2,2,2025-11-30
10738,932,2025,3,4,2025-11-30
10739,932,2025,4,1,2025-11-30
10740,932,2025,5,5,2025-11-30
10741,933,2025,1,5,2025-11-30
10742,933,2025,2,2,2025-11-30
10743,933,2025,3,3,2025-11-30
10744,933,2025,4,3,2025-11-30
10745,933,2025,5,4,2025-11-30
10746,934,2025,1,2,2025-11-30
10747,934,2025,2,5,2025-11-30
10748,934,2025,3,3,2025-11-30
10749,934,2025,4,2,2025-11-30
10750,934,2025,5,1,2025-11-30
10751,935,2025,1,5,2025-11-30
10752,935,2025,2,5,2025-11-30
10753,935,2025,3,3,2025-11-30
10754,935,2025,4,4,2025-11-30
10755,935,2025,5,2,2025-11-30
10756,936,2025,1,3,2025-11-30
10757,936,2025,2,4,2025-11-30
10758,936,2025,3,1,2025-11-30
10759,936,2025,4,3,2025-11-30
10760,936,2025,5,5,2025-11-30
10761,938,2025,1,1,2025-11-30
10762,938,2025,2,3,2025-11-30
10763,938,2025,3,2,2025-11-30
10764,938,2025,4,5,2025-11-30
10765,938,2025,5,2,2025-11-30
10766,940,2025,1,3,2025-11-30
10767,940,2025,2,4,2025-11-30
10768,940,2025,3,5,2025-11-30
10769,940,2025,4,3,2025-11-30
10770,940,2025,5,4,2025-11-30
10771,941,2025,1,4,2025-11-30
10772,941,2025,2,4,2025-11-30
10773,941,2025,3,3,2025-11-30
10774,941,2025,4,3,2025-11-30
10775,941,2025,5,1,2025-11-30
10776,942,2025,1,5,2025-11-30
10777,942,2025,2,1,2025-11-30
10778,942,2025,3,3,2025-11-30
10779,942,2025,4,4,2025-11-30
10780,942,2025,5,4,2025-11-30
10781,947,2025,1,1,2025-11-30
10782,947,2025,2,2,2025-11-30
10783,947,2025,3,2,2025-11-30
10784,947,2025,4,3,2025-11-30
10785,947,2025,5,1,2025-11-30
10786,950,2025,1,1,2025-11-30
10787,950,2025,2,4,2025-11-30
10788,950,2025,3,5,2025-11-30
10789,950,2025,4,4,2025-11-30
10790,950,2025,5,1,2025-11-30
10791,953,2025,1,2,2025-11-30
10792,953,2025,2,4,2025-11-30
10793,953,2025,3,4,2025-11-30
10794,953,2025,4,2,2025-11-30
10795,953,2025,5,1,2025-11-30
10796,955,2025,1,1,2025-11-30
10797,955,2025,2,3,2025-11-30
10798,955,2025,3,1,2025-11-30
10799,955,2025,4,1,2025-11-30
10800,955,2025,5,2,2025-11-30
10801,957,2025,1,1,2025-11-30
10802,957,2025,2,5,2025-11-30
10803,957,2025,3,1,2025-11-30
10804,957,2025,4,3,2025-11-30
10805,957,2025,5,5,2025-11-30
10806,958,2025,1,4,2025-11-30
10807,958,2025,2,2,2025-11-30
10808,958,2025,3,4,2025-11-30
10809,958,2025,4,2,2025-11-30
10810,958,2025,5,5,2025-11-30
10811,959,2025,1,5,2025-11-30
10812,959,2025,2,3,2025-11-30
10813,959,2025,3,2,2025-11-30
10814,959,2025,4,2,2025-11-30
10815,959,2025,5,5,2025-11-30
10816,962,2025,1,2,2025-11-30
10817,962,2025,2,2,2025-11-30
10818,962,2025,3,2,2025-11-30
10819,962,2025,4,5,2025-11-30
10820,962,2025,5,1,2025-11-30
10821,964,2025,1,3,2025-11-30
10822,964,2025,2,2,2025-11-30
10823,964,2025,3,4,2025-11-30
10824,964,2025,4,2,2025-11-30
10825,964,2025,5,5,2025-11-30
10826,967,2025,1,4,2025-11-30
10827,967,2025,2,1,2025-11-30
10828,967,2025,3,4,2025-11-30
10829,967,2025,4,2,2025-11-30
10830,967,2025,5,3,2025-11-30
10831,971,2025,1,5,2025-11-30
10832,971,2025,2,2,2025-11-30
10833,971,2025,3,4,2025-11-30
10834,971,2025,4,5,2025-11-30
10835,971,2025,5,3,2025-11-30
10836,972,2025,1,1,2025-11-30
10837,972,2025,2,4,2025-11-30
10838,972,2025,3,3,2025-11-30
10839,972,2025,4,3,2025-11-30
10840,972,2025,5,4,2025-11-30
10841,974,2025,1,3,2025-11-30
10842,974,2025,2,4,2025-11-30
10843,974,2025,3,1,2025-11-30
10844,974,2025,4,5,2025-11-30
10845,974,2025,5,2,2025-11-30
10846,975,2025,1,3,2025-11-30
10847,975,2025,2,1,2025-11-30
10848,975,2025,3,3,2025-11-30
10849,975,2025,4,5,2025-11-30
10850,975,2025,5,2,2025-11-30
10851,976,2025,1,5,2025-11-30
10852,976,2025,2,3,2025-11-30
10853,976,2025,3,5,2025-11-30
10854,976,2025,4,1,2025-11-30
10855,976,2025,5,4,2025-11-30
10856,977,2025,1,2,2025-11-30
10857,977,2025,2,3,2025-11-30
10858,977,2025,3,1,2025-11-30
10859,977,2025,4,4,2025-11-30
10860,977,2025,5,3,2025-11-30
10861,979,2025,1,5,2025-11-30
10862,979,2025,2,4,2025-11-30
10863,979,2025,3,4,2025-11-30
10864,979,2025,4,1,2025-11-30
10865,979,2025,5,2,2025-11-30
10866,980,2025,1,4,2025-11-30
10867,980,2025,2,3,2025-11-30
10868,980,2025,3,5,2025-11-30
10869,980,2025,4,4,2025-11-30
10870,980,2025,5,3,2025-11-30
10871,982,2025,1,4,2025-11-30
10872,982,2025,2,5,2025-11-30
10873,982,2025,3,3,2025-11-30
10874,982,2025,4,5,2025-11-30
10875,982,2025,5,2,2025-11-30
10876,984,2025,1,1,2025-11-30
10877,984,2025,2,4,2025-11-30
10878,984,2025,3,3,2025-11-30
10879,984,2025,4,3,2025-11-30
10880,984,2025,5,2,2025-11-30
10881,986,2025,1,1,2025-11-30
10882,986,2025,2,4,2025-11-30
10883,986,2025,3,5,2025-11-30
10884,986,2025,4,5,2025-11-30
10885,986,2025,5,3,2025-11-30
10886,989,2025,1,5,2025-11-30
10887,989,2025,2,3,2025-11-30
10888,989,2025,3,5,2025-11-30
10889,989,2025,4,1,2025-11-30
10890,989,2025,5,4,2025-11-30
10891,990,2025,1,4,2025-11-30
10892,990,2025,2,4,2025-11-30
10893,990,2025,3,3,2025-11-30
10894,990,2025,4,2,2025-11-30
10895,990,2025,5,1,2025-11-30
10896,991,2025,1,5,2025-11-30
10897,991,2025,2,4,2025-11-30
10898,991,2025,3,4,2025-11-30
10899,991,2025,4,5,2025-11-30
10900,991,2025,5,2,2025-11-30
10901,992,2025,1,4,2025-11-30
10902,992,2025,2,3,2025-11-30
10903,992,2025,3,2,2025-11-30
10904,992,2025,4,5,2025-11-30
10905,992,2025,5,3,2025-11-30
10906,994,2025,1,5,2025-11-30
10907,994,2025,2,3,2025-11-30
10908,994,2025,3,5,2025-11-30
10909,994,2025,4,2,2025-11-30
10910,994,2025,5,5,2025-11-30
10911,995,2025,1,5,2025-11-30
10912,995,2025,2,5,2025-11-30
10913,995,2025,3,2,2025-11-30
10914,995,2025,4,1,2025-11-30
10915,995,2025,5,1,2025-11-30
10916,996,2025,1,3,2025-11-30
10917,996,2025,2,1,2025-11-30
10918,996,2025,3,3,2025-11-30
10919,996,2025,4,1,2025-11-30
10920,996,2025,5,4,2025-11-30
10921,997,2025,1,1,2025-11-30
10922,997,2025,2,1,2025-11-30
10923,997,2025,3,3,2025-11-30
10924,997,2025,4,4,2025-11-30
10925,997,2025,5,1,2025-11-30
10926,998,2025,1,4,2025-11-30
10927,998,2025,2,2,2025-11-30
10928,998,2025,3,2,2025-11-30
10929,998,2025,4,2,2025-11-30
10930,998,2025,5,5,2025-11-30
10931,1000,2025,1,4,2025-11-30
10932,1000,2025,2,5,2025-11-30
10933,1000,2025,3,2,2025-11-30
10934,1000,2025,4,5,2025-11-30
10935,1000,2025,5,2,2025-11-30
10936,1002,2025,1,5,2025-11-30
10937,1002,2025,2,4,2025-11-30
10938,1002,2025,3,1,2025-11-30
10939,1002,2025,4,4,2025-11-30
10940,1002,2025,5,5,2025-11-30
10941,1003,2025,1,5,2025-11-30
10942,1003,2025,2,4,2025-11-30
10943,1003,2025,3,1,2025-11-30
10944,1003,2025,4,3,2025-11-30
10945,1003,2025,5,5,2025-11-30
10946,1004,2025,1,5,2025-11-30
10947,1004,2025,2,1,2025-11-30
10948,1004,2025,3,5,2025-11-30
10949,1004,2025,4,3,2025-11-30
10950,1004,2025,5,1,2025-11-30
10951,1005,2025,1,4,2025-11-30
10952,1005,2025,2,5,2025-11-30
10953,1005,2025,3,3,2025-11-30
10954,1005,2025,4,4,2025-11-30
10955,1005,2025,5,2,2025-11-30
10956,1006,2025,1,1,2025-11-30
10957,1006,2025,2,4,2025-11-30
10958,1006,2025,3,5,2025-11-30
10959,1006,2025,4,1,2025-11-30
10960,1006,2025,5,3,2025-11-30
10961,1011,2025,1,4,2025-11-30
10962,1011,2025,2,4,2025-11-30
10963,1011,2025,3,4,2025-11-30
10964,1011,2025,4,1,2025-11-30
10965,1011,2025,5,2,2025-11-30
10966,1012,2025,1,3,2025-11-30
10967,1012,2025,2,2,2025-11-30
10968,1012,2025,3,1,2025-11-30
10969,1012,2025,4,4,2025-11-30
10970,1012,2025,5,5,2025-11-30
10971,1013,2025,1,2,2025-11-30
10972,1013,2025,2,4,2025-11-30
10973,1013,2025,3,1,2025-11-30
10974,1013,2025,4,2,2025-11-30
10975,1013,2025,5,5,2025-11-30
10976,1014,2025,1,5,2025-11-30
10977,1014,2025,2,1,2025-11-30
10978,1014,2025,3,3,2025-11-30
10979,1014,2025,4,5,2025-11-30
10980,1014,2025,5,1,2025-11-30
10981,1015,2025,1,1,2025-11-30
10982,1015,2025,2,2,2025-11-30
10983,1015,2025,3,4,2025-11-30
10984,1015,2025,4,1,2025-11-30
10985,1015,2025,5,5,2025-11-30
10986,1019,2025,1,1,2025-11-30
10987,1019,2025,2,4,2025-11-30
10988,1019,2025,3,5,2025-11-30
10989,1019,2025,4,5,2025-11-30
10990,1019,2025,5,5,2025-11-30
10991,1020,2025,1,1,2025-11-30
10992,1020,2025,2,1,2025-11-30
10993,1020,2025,3,1,2025-11-30
10994,1020,2025,4,3,2025-11-30
10995,1020,2025,5,5,2025-11-30
10996,1022,2025,1,4,2025-11-30
10997,1022,2025,2,3,2025-11-30
10998,1022,2025,3,1,2025-11-30
10999,1022,2025,4,2,2025-11-30
11000,1022,2025,5,2,2025-11-30
11001,1023,2025,1,3,2025-11-30
11002,1023,2025,2,4,2025-11-30
11003,1023,2025,3,1,2025-11-30
11004,1023,2025,4,2,2025-11-30
11005,1023,2025,5,3,2025-11-30
11006,1024,2025,1,3,2025-11-30
11007,1024,2025,2,1,2025-11-30
11008,1024,2025,3,4,2025-11-30
11009,1024,2025,4,3,2025-11-30
11010,1024,2025,5,1,2025-11-30
11011,1025,2025,1,4,2025-11-30
11012,1025,2025,2,2,2025-11-30
11013,1025,2025,3,3,2025-11-30
11014,1025,2025,4,5,2025-11-30
11015,1025,2025,5,4,2025-11-30
11016,1026,2025,1,1,2025-11-30
11017,1026,2025,2,2,2025-11-30
11018,1026,2025,3,5,2025-11-30
11019,1026,2025,4,5,2025-11-30
11020,1026,2025,5,1,2025-11-30
11021,1027,2025,1,1,2025-11-30
11022,1027,2025,2,2,2025-11-30
11023,1027,2025,3,3,2025-11-30
11024,1027,2025,4,3,2025-11-30
11025,1027,2025,5,5,2025-11-30
11026,1028,2025,1,1,2025-11-30
11027,1028,2025,2,2,2025-11-30
11028,1028,2025,3,3,2025-11-30
11029,1028,2025,4,1,2025-11-30
11030,1028,2025,5,2,2025-11-30
11031,1029,2025,1,1,2025-11-30
11032,1029,2025,2,2,2025-11-30
11033,1029,2025,3,4,2025-11-30
11034,1029,2025,4,5,2025-11-30
11035,1029,2025,5,2,2025-11-30
11036,1030,2025,1,5,2025-11-30
11037,1030,2025,2,1,2025-11-30
11038,1030,2025,3,4,2025-11-30
11039,1030,2025,4,3,2025-11-30
11040,1030,2025,5,4,2025-11-30
11041,1032,2025,1,5,2025-11-30
11042,1032,2025,2,2,2025-11-30
11043,1032,2025,3,5,2025-11-30
11044,1032,2025,4,4,2025-11-30
11045,1032,2025,5,2,2025-11-30
11046,1034,2025,1,2,2025-11-30
11047,1034,2025,2,3,2025-11-30
11048,1034,2025,3,5,2025-11-30
11049,1034,2025,4,1,2025-11-30
11050,1034,2025,5,2,2025-11-30
11051,1036,2025,1,5,2025-11-30
11052,1036,2025,2,5,2025-11-30
11053,1036,2025,3,2,2025-11-30
11054,1036,2025,4,4,2025-11-30
11055,1036,2025,5,1,2025-11-30
11056,1038,2025,1,3,2025-11-30
11057,1038,2025,2,3,2025-11-30
11058,1038,2025,3,5,2025-11-30
11059,1038,2025,4,5,2025-11-30
11060,1038,2025,5,4,2025-11-30
11061,1039,2025,1,3,2025-11-30
11062,1039,2025,2,5,2025-11-30
11063,1039,2025,3,5,2025-11-30
11064,1039,2025,4,1,2025-11-30
11065,1039,2025,5,5,2025-11-30
11066,1040,2025,1,1,2025-11-30
11067,1040,2025,2,2,2025-11-30
11068,1040,2025,3,2,2025-11-30
11069,1040,2025,4,3,2025-11-30
11070,1040,2025,5,4,2025-11-30
11071,1041,2025,1,3,2025-11-30
11072,1041,2025,2,1,2025-11-30
11073,1041,2025,3,4,2025-11-30
11074,1041,2025,4,1,2025-11-30
11075,1041,2025,5,5,2025-11-30
11076,1043,2025,1,1,2025-11-30
11077,1043,2025,2,4,2025-11-30
11078,1043,2025,3,5,2025-11-30
11079,1043,2025,4,5,2025-11-30
11080,1043,2025,5,5,2025-11-30
11081,1044,2025,1,3,2025-11-30
11082,1044,2025,2,1,2025-11-30
11083,1044,2025,3,2,2025-11-30
11084,1044,2025,4,1,2025-11-30
11085,1044,2025,5,2,2025-11-30
11086,1046,2025,1,1,2025-11-30
11087,1046,2025,2,4,2025-11-30
11088,1046,2025,3,2,2025-11-30
11089,1046,2025,4,4,2025-11-30
11090,1046,2025,5,1,2025-11-30
11091,1048,2025,1,5,2025-11-30
11092,1048,2025,2,5,2025-11-30
11093,1048,2025,3,2,2025-11-30
11094,1048,2025,4,5,2025-11-30
11095,1048,2025,5,3,2025-11-30
11096,1049,2025,1,1,2025-11-30
11097,1049,2025,2,1,2025-11-30
11098,1049,2025,3,1,2025-11-30
11099,1049,2025,4,4,2025-11-30
11100,1049,2025,5,4,2025-11-30
11101,1050,2025,1,1,2025-11-30
11102,1050,2025,2,5,2025-11-30
11103,1050,2025,3,4,2025-11-30
11104,1050,2025,4,2,2025-11-30
11105,1050,2025,5,1,2025-11-30
11106,1051,2025,1,3,2025-11-30
11107,1051,2025,2,4,2025-11-30
11108,1051,2025,3,2,2025-11-30
11109,1051,2025,4,5,2025-11-30
11110,1051,2025,5,5,2025-11-30
11111,1053,2025,1,5,2025-11-30
11112,1053,2025,2,1,2025-11-30
11113,1053,2025,3,3,2025-11-30
11114,1053,2025,4,2,2025-11-30
11115,1053,2025,5,4,2025-11-30
11116,1054,2025,1,1,2025-11-30
11117,1054,2025,2,2,2025-11-30
11118,1054,2025,3,2,2025-11-30
11119,1054,2025,4,1,2025-11-30
11120,1054,2025,5,1,2025-11-30
11121,1055,2025,1,4,2025-11-30
11122,1055,2025,2,3,2025-11-30
11123,1055,2025,3,2,2025-11-30
11124,1055,2025,4,2,2025-11-30
11125,1055,2025,5,1,2025-11-30
11126,1058,2025,1,2,2025-11-30
11127,1058,2025,2,2,2025-11-30
11128,1058,2025,3,4,2025-11-30
11129,1058,2025,4,1,2025-11-30
11130,1058,2025,5,5,2025-11-30
11131,1059,2025,1,3,2025-11-30
11132,1059,2025,2,4,2025-11-30
11133,1059,2025,3,2,2025-11-30
11134,1059,2025,4,4,2025-11-30
11135,1059,2025,5,3,2025-11-30
11136,1060,2025,1,2,2025-11-30
11137,1060,2025,2,1,2025-11-30
11138,1060,2025,3,1,2025-11-30
11139,1060,2025,4,2,2025-11-30
11140,1060,2025,5,1,2025-11-30
11141,1062,2025,1,5,2025-11-30
11142,1062,2025,2,4,2025-11-30
11143,1062,2025,3,3,2025-11-30
11144,1062,2025,4,5,2025-11-30
11145,1062,2025,5,3,2025-11-30
11146,1063,2025,1,3,2025-11-30
11147,1063,2025,2,1,2025-11-30
11148,1063,2025,3,1,2025-11-30
11149,1063,2025,4,5,2025-11-30
11150,1063,2025,5,1,2025-11-30
11151,1064,2025,1,5,2025-11-30
11152,1064,2025,2,5,2025-11-30
11153,1064,2025,3,5,2025-11-30
11154,1064,2025,4,2,2025-11-30
11155,1064,2025,5,1,2025-11-30
11156,1065,2025,1,4,2025-11-30
11157,1065,2025,2,4,2025-11-30
11158,1065,2025,3,4,2025-11-30
11159,1065,2025,4,2,2025-11-30
11160,1065,2025,5,2,2025-11-30
11161,1067,2025,1,2,2025-11-30
11162,1067,2025,2,3,2025-11-30
11163,1067,2025,3,5,2025-11-30
11164,1067,2025,4,3,2025-11-30
11165,1067,2025,5,1,2025-11-30
11166,1068,2025,1,1,2025-11-30
11167,1068,2025,2,2,2025-11-30
11168,1068,2025,3,5,2025-11-30
11169,1068,2025,4,1,2025-11-30
11170,1068,2025,5,2,2025-11-30
11171,1070,2025,1,2,2025-11-30
11172,1070,2025,2,2,2025-11-30
11173,1070,2025,3,3,2025-11-30
11174,1070,2025,4,1,2025-11-30
11175,1070,2025,5,2,2025-11-30
11176,1072,2025,1,3,2025-11-30
11177,1072,2025,2,2,2025-11-30
11178,1072,2025,3,4,2025-11-30
11179,1072,2025,4,3,2025-11-30
11180,1072,2025,5,4,2025-11-30
11181,1073,2025,1,3,2025-11-30
11182,1073,2025,2,3,2025-11-30
11183,1073,2025,3,5,2025-11-30
11184,1073,2025,4,1,2025-11-30
11185,1073,2025,5,4,2025-11-30
11186,1075,2025,1,2,2025-11-30
11187,1075,2025,2,5,2025-11-30
11188,1075,2025,3,4,2025-11-30
11189,1075,2025,4,3,2025-11-30
11190,1075,2025,5,1,2025-11-30
11191,1078,2025,1,4,2025-11-30
11192,1078,2025,2,1,2025-11-30
11193,1078,2025,3,4,2025-11-30
11194,1078,2025,4,2,2025-11-30
11195,1078,2025,5,2,2025-11-30
11196,1079,2025,1,5,2025-11-30
11197,1079,2025,2,1,2025-11-30
11198,1079,2025,3,1,2025-11-30
11199,1079,2025,4,4,2025-11-30
11200,1079,2025,5,4,2025-11-30
11201,1080,2025,1,1,2025-11-30
11202,1080,2025,2,3,2025-11-30
11203,1080,2025,3,3,2025-11-30
11204,1080,2025,4,3,2025-11-30
11205,1080,2025,5,3,2025-11-30
11206,1086,2025,1,4,2025-11-30
11207,1086,2025,2,5,2025-11-30
11208,1086,2025,3,4,2025-11-30
11209,1086,2025,4,2,2025-11-30
11210,1086,2025,5,2,2025-11-30
11211,1092,2025,1,4,2025-11-30
11212,1092,2025,2,3,2025-11-30
11213,1092,2025,3,1,2025-11-30
11214,1092,2025,4,2,2025-11-30
11215,1092,2025,5,4,2025-11-30
11216,1094,2025,1,3,2025-11-30
11217,1094,2025,2,1,2025-11-30
11218,1094,2025,3,4,2025-11-30
11219,1094,2025,4,3,2025-11-30
11220,1094,2025,5,4,2025-11-30
11221,1095,2025,1,5,2025-11-30
11222,1095,2025,2,1,2025-11-30
11223,1095,2025,3,3,2025-11-30
11224,1095,2025,4,2,2025-11-30
11225,1095,2025,5,1,2025-11-30
11226,1097,2025,1,3,2025-11-30
11227,1097,2025,2,3,2025-11-30
11228,1097,2025,3,5,2025-11-30
11229,1097,2025,4,4,2025-11-30
11230,1097,2025,5,5,2025-11-30
11231,1098,2025,1,3,2025-11-30
11232,1098,2025,2,2,2025-11-30
11233,1098,2025,3,5,2025-11-30
11234,1098,2025,4,4,2025-11-30
11235,1098,2025,5,2,2025-11-30
11236,1100,2025,1,3,2025-11-30
11237,1100,2025,2,3,2025-11-30
11238,1100,2025,3,5,2025-11-30
11239,1100,2025,4,2,2025-11-30
11240,1100,2025,5,2,2025-11-30
11241,1101,2025,1,5,2025-11-30
11242,1101,2025,2,1,2025-11-30
11243,1101,2025,3,5,2025-11-30
11244,1101,2025,4,4,2025-11-30
11245,1101,2025,5,3,2025-11-30
11246,1102,2025,1,5,2025-11-30
11247,1102,2025,2,3,2025-11-30
11248,1102,2025,3,1,2025-11-30
11249,1102,2025,4,2,2025-11-30
11250,1102,2025,5,5,2025-11-30
11251,1103,2025,1,4,2025-11-30
11252,1103,2025,2,2,2025-11-30
11253,1103,2025,3,4,2025-11-30
11254,1103,2025,4,2,2025-11-30
11255,1103,2025,5,4,2025-11-30
11256,1106,2025,1,4,2025-11-30
11257,1106,2025,2,1,2025-11-30
11258,1106,2025,3,1,2025-11-30
11259,1106,2025,4,2,2025-11-30
11260,1106,2025,5,1,2025-11-30
11261,1107,2025,1,4,2025-11-30
11262,1107,2025,2,2,2025-11-30
11263,1107,2025,3,1,2025-11-30
11264,1107,2025,4,1,2025-11-30
11265,1107,2025,5,2,2025-11-30
11266,1109,2025,1,5,2025-11-30
11267,1109,2025,2,1,2025-11-30
11268,1109,2025,3,3,2025-11-30
11269,1109,2025,4,4,2025-11-30
11270,1109,2025,5,2,2025-11-30
11271,1111,2025,1,3,2025-11-30
11272,1111,2025,2,1,2025-11-30
11273,1111,2025,3,1,2025-11-30
11274,1111,2025,4,2,2025-11-30
11275,1111,2025,5,5,2025-11-30
11276,1112,2025,1,2,2025-11-30
11277,1112,2025,2,1,2025-11-30
11278,1112,2025,3,5,2025-11-30
11279,1112,2025,4,1,2025-11-30
11280,1112,2025,5,4,2025-11-30
11281,1113,2025,1,1,2025-11-30
11282,1113,2025,2,4,2025-11-30
11283,1113,2025,3,1,2025-11-30
11284,1113,2025,4,5,2025-11-30
11285,1113,2025,5,4,2025-11-30
11286,1114,2025,1,1,2025-11-30
11287,1114,2025,2,3,2025-11-30
11288,1114,2025,3,1,2025-11-30
11289,1114,2025,4,1,2025-11-30
11290,1114,2025,5,5,2025-11-30
11291,1115,2025,1,1,2025-11-30
11292,1115,2025,2,3,2025-11-30
11293,1115,2025,3,2,2025-11-30
11294,1115,2025,4,3,2025-11-30
11295,1115,2025,5,2,2025-11-30
11296,1116,2025,1,4,2025-11-30
11297,1116,2025,2,2,2025-11-30
11298,1116,2025,3,4,2025-11-30
11299,1116,2025,4,2,2025-11-30
11300,1116,2025,5,2,2025-11-30
11301,1117,2025,1,5,2025-11-30
11302,1117,2025,2,2,2025-11-30
11303,1117,2025,3,1,2025-11-30
11304,1117,2025,4,4,2025-11-30
11305,1117,2025,5,4,2025-11-30
11306,1118,2025,1,2,2025-11-30
11307,1118,2025,2,4,2025-11-30
11308,1118,2025,3,2,2025-11-30
11309,1118,2025,4,5,2025-11-30
11310,1118,2025,5,5,2025-11-30
11311,1119,2025,1,3,2025-11-30
11312,1119,2025,2,1,2025-11-30
11313,1119,2025,3,1,2025-11-30
11314,1119,2025,4,5,2025-11-30
11315,1119,2025,5,3,2025-11-30
11316,1122,2025,1,2,2025-11-30
11317,1122,2025,2,5,2025-11-30
11318,1122,2025,3,2,2025-11-30
11319,1122,2025,4,5,2025-11-30
11320,1122,2025,5,1,2025-11-30
11321,1123,2025,1,3,2025-11-30
11322,1123,2025,2,1,2025-11-30
11323,1123,2025,3,4,2025-11-30
11324,1123,2025,4,1,2025-11-30
11325,1123,2025,5,4,2025-11-30
11326,1124,2025,1,3,2025-11-30
11327,1124,2025,2,2,2025-11-30
11328,1124,2025,3,1,2025-11-30
11329,1124,2025,4,3,2025-11-30
11330,1124,2025,5,4,2025-11-30
11331,1127,2025,1,1,2025-11-30
11332,1127,2025,2,3,2025-11-30
11333,1127,2025,3,4,2025-11-30
11334,1127,2025,4,2,2025-11-30
11335,1127,2025,5,4,2025-11-30
11336,1128,2025,1,1,2025-11-30
11337,1128,2025,2,5,2025-11-30
11338,1128,2025,3,4,2025-11-30
11339,1128,2025,4,5,2025-11-30
11340,1128,2025,5,4,2025-11-30
11341,1129,2025,1,5,2025-11-30
11342,1129,2025,2,5,2025-11-30
11343,1129,2025,3,4,2025-11-30
11344,1129,2025,4,5,2025-11-30
11345,1129,2025,5,3,2025-11-30
11346,1130,2025,1,2,2025-11-30
11347,1130,2025,2,1,2025-11-30
11348,1130,2025,3,3,2025-11-30
11349,1130,2025,4,4,2025-11-30
11350,1130,2025,5,4,2025-11-30
11351,1131,2025,1,4,2025-11-30
11352,1131,2025,2,3,2025-11-30
11353,1131,2025,3,5,2025-11-30
11354,1131,2025,4,5,2025-11-30
11355,1131,2025,5,5,2025-11-30
11356,1132,2025,1,2,2025-11-30
11357,1132,2025,2,5,2025-11-30
11358,1132,2025,3,1,2025-11-30
11359,1132,2025,4,5,2025-11-30
11360,1132,2025,5,5,2025-11-30
11361,1134,2025,1,2,2025-11-30
11362,1134,2025,2,4,2025-11-30
11363,1134,2025,3,2,2025-11-30
11364,1134,2025,4,2,2025-11-30
11365,1134,2025,5,2,2025-11-30
11366,1135,2025,1,5,2025-11-30
11367,1135,2025,2,1,2025-11-30
11368,1135,2025,3,4,2025-11-30
11369,1135,2025,4,4,2025-11-30
11370,1135,2025,5,5,2025-11-30
11371,1137,2025,1,2,2025-11-30
11372,1137,2025,2,5,2025-11-30
11373,1137,2025,3,1,2025-11-30
11374,1137,2025,4,1,2025-11-30
11375,1137,2025,5,1,2025-11-30
11376,1138,2025,1,5,2025-11-30
11377,1138,2025,2,5,2025-11-30
11378,1138,2025,3,4,2025-11-30
11379,1138,2025,4,5,2025-11-30
11380,1138,2025,5,1,2025-11-30
11381,1139,2025,1,4,2025-11-30
11382,1139,2025,2,4,2025-11-30
11383,1139,2025,3,1,2025-11-30
11384,1139,2025,4,5,2025-11-30
11385,1139,2025,5,2,2025-11-30
11386,1140,2025,1,4,2025-11-30
11387,1140,2025,2,3,2025-11-30
11388,1140,2025,3,1,2025-11-30
11389,1140,2025,4,3,2025-11-30
11390,1140,2025,5,5,2025-11-30
11391,1142,2025,1,5,2025-11-30
11392,1142,2025,2,2,2025-11-30
11393,1142,2025,3,3,2025-11-30
11394,1142,2025,4,3,2025-11-30
11395,1142,2025,5,1,2025-11-30
11396,1143,2025,1,5,2025-11-30
11397,1143,2025,2,2,2025-11-30
11398,1143,2025,3,2,2025-11-30
11399,1143,2025,4,1,2025-11-30
11400,1143,2025,5,5,2025-11-30
11401,1144,2025,1,1,2025-11-30
11402,1144,2025,2,5,2025-11-30
11403,1144,2025,3,5,2025-11-30
11404,1144,2025,4,5,2025-11-30
11405,1144,2025,5,4,2025-11-30
11406,1146,2025,1,5,2025-11-30
11407,1146,2025,2,1,2025-11-30
11408,1146,2025,3,3,2025-11-30
11409,1146,2025,4,3,2025-11-30
11410,1146,2025,5,1,2025-11-30
11411,1149,2025,1,1,2025-11-30
11412,1149,2025,2,1,2025-11-30
11413,1149,2025,3,5,2025-11-30
11414,1149,2025,4,1,2025-11-30
11415,1149,2025,5,4,2025-11-30
11416,1152,2025,1,5,2025-11-30
11417,1152,2025,2,1,2025-11-30
11418,1152,2025,3,3,2025-11-30
11419,1152,2025,4,3,2025-11-30
11420,1152,2025,5,3,2025-11-30
11421,1153,2025,1,4,2025-11-30
11422,1153,2025,2,3,2025-11-30
11423,1153,2025,3,5,2025-11-30
11424,1153,2025,4,3,2025-11-30
11425,1153,2025,5,2,2025-11-30
11426,1154,2025,1,2,2025-11-30
11427,1154,2025,2,3,2025-11-30
11428,1154,2025,3,1,2025-11-30
11429,1154,2025,4,1,2025-11-30
11430,1154,2025,5,3,2025-11-30
11431,1155,2025,1,1,2025-11-30
11432,1155,2025,2,3,2025-11-30
11433,1155,2025,3,5,2025-11-30
11434,1155,2025,4,5,2025-11-30
11435,1155,2025,5,5,2025-11-30
11436,1156,2025,1,5,2025-11-30
11437,1156,2025,2,4,2025-11-30
11438,1156,2025,3,1,2025-11-30
11439,1156,2025,4,4,2025-11-30
11440,1156,2025,5,1,2025-11-30
11441,1157,2025,1,2,2025-11-30
11442,1157,2025,2,4,2025-11-30
11443,1157,2025,3,2,2025-11-30
11444,1157,2025,4,1,2025-11-30
11445,1157,2025,5,4,2025-11-30
11446,1158,2025,1,4,2025-11-30
11447,1158,2025,2,4,2025-11-30
11448,1158,2025,3,5,2025-11-30
11449,1158,2025,4,4,2025-11-30
11450,1158,2025,5,5,2025-11-30
11451,1159,2025,1,1,2025-11-30
11452,1159,2025,2,3,2025-11-30
11453,1159,2025,3,3,2025-11-30
11454,1159,2025,4,4,2025-11-30
11455,1159,2025,5,5,2025-11-30
11456,1161,2025,1,5,2025-11-30
11457,1161,2025,2,5,2025-11-30
11458,1161,2025,3,3,2025-11-30
11459,1161,2025,4,1,2025-11-30
11460,1161,2025,5,4,2025-11-30
11461,1162,2025,1,3,2025-11-30
11462,1162,2025,2,4,2025-11-30
11463,1162,2025,3,1,2025-11-30
11464,1162,2025,4,3,2025-11-30
11465,1162,2025,5,5,2025-11-30
11466,1163,2025,1,4,2025-11-30
11467,1163,2025,2,5,2025-11-30
11468,1163,2025,3,5,2025-11-30
11469,1163,2025,4,5,2025-11-30
11470,1163,2025,5,2,2025-11-30
11471,1165,2025,1,5,2025-11-30
11472,1165,2025,2,4,2025-11-30
11473,1165,2025,3,3,2025-11-30
11474,1165,2025,4,4,2025-11-30
11475,1165,2025,5,1,2025-11-30
11476,1166,2025,1,2,2025-11-30
11477,1166,2025,2,2,2025-11-30
11478,1166,2025,3,2,2025-11-30
11479,1166,2025,4,1,2025-11-30
11480,1166,2025,5,3,2025-11-30
11481,1167,2025,1,1,2025-11-30
11482,1167,2025,2,1,2025-11-30
11483,1167,2025,3,4,2025-11-30
11484,1167,2025,4,4,2025-11-30
11485,1167,2025,5,4,2025-11-30
11486,1169,2025,1,3,2025-11-30
11487,1169,2025,2,3,2025-11-30
11488,1169,2025,3,2,2025-11-30
11489,1169,2025,4,4,2025-11-30
11490,1169,2025,5,4,2025-11-30
11491,1170,2025,1,4,2025-11-30
11492,1170,2025,2,2,2025-11-30
11493,1170,2025,3,2,2025-11-30
11494,1170,2025,4,2,2025-11-30
11495,1170,2025,5,2,2025-11-30
11496,1171,2025,1,4,2025-11-30
11497,1171,2025,2,5,2025-11-30
11498,1171,2025,3,4,2025-11-30
11499,1171,2025,4,2,2025-11-30
11500,1171,2025,5,4,2025-11-30
11501,1173,2025,1,4,2025-11-30
11502,1173,2025,2,2,2025-11-30
11503,1173,2025,3,1,2025-11-30
11504,1173,2025,4,5,2025-11-30
11505,1173,2025,5,4,2025-11-30
11506,1174,2025,1,5,2025-11-30
11507,1174,2025,2,2,2025-11-30
11508,1174,2025,3,4,2025-11-30
11509,1174,2025,4,1,2025-11-30
11510,1174,2025,5,3,2025-11-30
11511,1175,2025,1,5,2025-11-30
11512,1175,2025,2,5,2025-11-30
11513,1175,2025,3,2,2025-11-30
11514,1175,2025,4,3,2025-11-30
11515,1175,2025,5,5,2025-11-30
11516,1176,2025,1,1,2025-11-30
11517,1176,2025,2,1,2025-11-30
11518,1176,2025,3,1,2025-11-30
11519,1176,2025,4,4,2025-11-30
11520,1176,2025,5,1,2025-11-30
11521,1177,2025,1,4,2025-11-30
11522,1177,2025,2,1,2025-11-30
11523,1177,2025,3,4,2025-11-30
11524,1177,2025,4,5,2025-11-30
11525,1177,2025,5,4,2025-11-30
11526,1178,2025,1,2,2025-11-30
11527,1178,2025,2,3,2025-11-30
11528,1178,2025,3,4,2025-11-30
11529,1178,2025,4,3,2025-11-30
11530,1178,2025,5,5,2025-11-30
11531,1180,2025,1,3,2025-11-30
11532,1180,2025,2,1,2025-11-30
11533,1180,2025,3,5,2025-11-30
11534,1180,2025,4,1,2025-11-30
11535,1180,2025,5,4,2025-11-30
11536,1182,2025,1,3,2025-11-30
11537,1182,2025,2,5,2025-11-30
11538,1182,2025,3,5,2025-11-30
11539,1182,2025,4,4,2025-11-30
11540,1182,2025,5,1,2025-11-30
11541,1184,2025,1,2,2025-11-30
11542,1184,2025,2,3,2025-11-30
11543,1184,2025,3,1,2025-11-30
11544,1184,2025,4,3,2025-11-30
11545,1184,2025,5,1,2025-11-30
11546,1191,2025,1,4,2025-11-30
11547,1191,2025,2,3,2025-11-30
11548,1191,2025,3,4,2025-11-30
11549,1191,2025,4,5,2025-11-30
11550,1191,2025,5,3,2025-11-30
11551,1193,2025,1,1,2025-11-30
11552,1193,2025,2,1,2025-11-30
11553,1193,2025,3,3,2025-11-30
11554,1193,2025,4,3,2025-11-30
11555,1193,2025,5,2,2025-11-30
11556,1196,2025,1,2,2025-11-30
11557,1196,2025,2,5,2025-11-30
11558,1196,2025,3,4,2025-11-30
11559,1196,2025,4,3,2025-11-30
11560,1196,2025,5,2,2025-11-30
11561,1197,2025,1,5,2025-11-30
11562,1197,2025,2,2,2025-11-30
11563,1197,2025,3,5,2025-11-30
11564,1197,2025,4,1,2025-11-30
11565,1197,2025,5,3,2025-11-30
11566,1198,2025,1,2,2025-11-30
11567,1198,2025,2,2,2025-11-30
11568,1198,2025,3,2,2025-11-30
11569,1198,2025,4,5,2025-11-30
11570,1198,2025,5,1,2025-11-30
11571,1199,2025,1,2,2025-11-30
11572,1199,2025,2,4,2025-11-30
11573,1199,2025,3,1,2025-11-30
11574,1199,2025,4,3,2025-11-30
11575,1199,2025,5,4,2025-11-30
11576,1200,2025,1,4,2025-11-30
11577,1200,2025,2,4,2025-11-30
11578,1200,2025,3,1,2025-11-30
11579,1200,2025,4,1,2025-11-30
11580,1200,2025,5,5,2025-11-30
