interview_id,application_id,round_number,interview_date,interview_type,interview_score,interview_result
1,4,1,2021-07-07,Manager,2.3,Selected
2,6,1,2023-09-05,Technical,4.4,Passed
3,6,2,2023-09-06,HR,4.8,Passed
4,6,3,2023-08-27,HR,4.7,Passed
5,9,1,2024-04-20,Manager,3.5,Passed
6,9,2,2024-04-26,Manager,4.2,Passed
7,9,3,2024-05-03,Manager,4.9,Selected
8,10,1,2024-08-26,Technical,2.0,Passed
9,10,2,2024-09-06,Technical,5.0,Passed
10,10,3,2024-09-06,Technical,3.6,Selected
11,13,1,2022-05-10,Technical,3.5,Rejected
12,13,2,2022-05-03,Technical,3.6,Rejected
13,17,1,2023-10-03,HR,2.7,Passed
14,19,1,2022-09-22,HR,2.8,Rejected
15,19,2,2022-09-28,Technical,4.2,Passed
16,19,3,2022-09-01,Manager,2.5,Passed
17,20,1,2024-05-18,Manager,4.7,Passed
18,20,2,2024-04-16,Manager,4.7,Rejected
19,20,3,2024-05-11,Manager,3.2,Rejected
20,23,1,2023-09-20,HR,2.9,Selected
21,24,1,2025-02-26,Technical,2.1,Rejected
22,25,1,2025-08-06,Manager,3.2,Rejected
23,25,2,2025-08-27,HR,4.3,Passed
24,25,3,2025-09-05,HR,3.3,Passed
25,27,1,2025-10-29,HR,3.0,Passed
26,27,2,2025-09-14,HR,3.3,Passed
27,27,3,2025-10-05,Manager,5.0,Selected
28,31,1,2023-01-20,Manager,2.9,Rejected
29,39,1,2025-12-31,HR,2.1,Passed
30,39,2,2025-12-12,HR,3.5,Selected
31,41,1,2023-03-10,HR,2.1,Selected
32,42,1,2023-06-08,Technical,3.1,Rejected
33,42,2,2023-06-14,HR,4.6,Rejected
34,42,3,2023-07-11,Manager,3.8,Rejected
35,44,1,2022-05-24,Technical,3.8,Passed
36,44,2,2022-06-01,Manager,2.1,Passed
37,47,1,2022-08-10,Manager,3.7,Passed
38,47,2,2022-07-19,Manager,4.1,Passed
39,47,3,2022-07-25,Manager,3.8,Passed
40,48,1,2022-09-08,HR,3.8,Passed
41,48,2,2022-10-04,Technical,4.0,Selected
42,49,1,2021-05-08,HR,2.4,Rejected
43,49,2,2021-04-14,Manager,3.1,Rejected
44,49,3,2021-04-24,HR,4.5,Selected
45,50,1,2024-08-03,HR,3.3,Selected
46,51,1,2021-03-04,HR,3.1,Passed
47,51,2,2021-03-12,HR,4.6,Rejected
48,51,3,2021-03-03,HR,3.7,Selected
49,53,1,2023-06-12,Manager,3.6,Selected
50,55,1,2022-11-21,Technical,2.3,Rejected
51,55,2,2022-10-24,Technical,3.1,Passed
52,55,3,2022-10-17,Technical,3.8,Rejected
53,56,1,2025-08-20,HR,2.7,Selected
54,61,1,2024-08-04,Manager,3.3,Selected
55,62,1,2022-01-19,Technical,3.7,Passed
56,62,2,2022-02-02,HR,4.2,Passed
57,62,3,2022-02-05,Technical,3.8,Selected
58,67,1,2025-01-01,HR,3.3,Passed
59,67,2,2025-01-01,Technical,4.7,Rejected
60,68,1,2025-10-27,Manager,2.7,Passed
61,71,1,2023-10-01,Technical,4.8,Rejected
62,71,2,2023-09-23,Manager,4.5,Passed
63,71,3,2023-09-04,HR,2.6,Passed
64,75,1,2022-01-31,Technical,4.8,Rejected
65,75,2,2022-02-06,Manager,3.0,Selected
66,77,1,2022-06-10,HR,4.9,Selected
67,79,1,2023-08-22,HR,3.6,Passed
68,79,2,2023-09-05,Technical,2.0,Passed
69,79,3,2023-09-19,Technical,4.2,Selected
70,83,1,2025-02-18,Manager,2.9,Rejected
71,83,2,2025-03-08,Manager,3.0,Selected
72,84,1,2022-01-05,HR,4.8,Passed
73,84,2,2022-02-16,HR,3.4,Selected
74,85,1,2021-04-20,Manager,4.3,Rejected
75,85,2,2021-05-22,Manager,3.9,Passed
76,85,3,2021-05-21,Manager,4.3,Passed
77,86,1,2024-05-23,Technical,2.9,Selected
78,87,1,2022-08-10,HR,2.4,Passed
79,87,2,2022-07-20,Manager,4.8,Passed
80,87,3,2022-08-25,Technical,2.7,Selected
81,88,1,2021-03-28,Manager,2.6,Selected
82,89,1,2022-02-09,Manager,4.3,Passed
83,89,2,2022-03-11,Technical,5.0,Rejected
84,89,3,2022-03-19,Technical,3.0,Passed
85,90,1,2022-03-09,Manager,2.5,Selected
86,91,1,2023-04-15,Technical,2.8,Selected
87,93,1,2024-07-14,HR,3.5,Rejected
88,93,2,2024-08-06,HR,3.9,Passed
89,93,3,2024-08-16,HR,4.6,Passed
90,95,1,2025-07-21,HR,4.2,Passed
91,95,2,2025-08-07,HR,2.2,Rejected
92,95,3,2025-08-07,Manager,3.2,Passed
93,96,1,2025-03-25,HR,2.9,Rejected
94,96,2,2025-04-06,HR,2.7,Selected
95,97,1,2021-04-26,Technical,2.2,Selected
96,98,1,2023-10-30,Manager,4.0,Passed
97,98,2,2023-10-14,Manager,4.8,Passed
98,98,3,2023-10-20,HR,3.2,Selected
99,101,1,2024-12-07,Manager,2.7,Selected
100,102,1,2021-08-15,Technical,4.2,Passed
101,102,2,2021-08-17,Manager,3.4,Passed
102,104,1,2021-03-13,Manager,2.9,Passed
103,104,2,2021-04-07,Technical,4.4,Selected
104,105,1,2022-08-02,Manager,3.7,Passed
105,105,2,2022-07-20,HR,2.1,Rejected
106,105,3,2022-07-08,Manager,2.9,Selected
107,106,1,2022-09-17,HR,2.1,Passed
108,106,2,2022-10-05,HR,2.2,Rejected
109,106,3,2022-10-10,Technical,4.5,Selected
110,108,1,2022-02-04,Manager,5.0,Passed
111,108,2,2022-02-09,HR,2.9,Passed
112,112,1,2025-12-20,Technical,3.1,Passed
113,112,2,2025-11-18,Manager,4.8,Passed
114,112,3,2025-11-28,HR,3.9,Selected
115,118,1,2023-02-12,HR,4.5,Rejected
116,118,2,2023-03-08,Technical,3.4,Selected
117,119,1,2025-04-20,Technical,2.5,Rejected
118,119,2,2025-03-06,Manager,4.8,Passed
119,119,3,2025-03-09,Manager,4.2,Passed
120,121,1,2024-03-30,HR,3.5,Passed
121,121,2,2024-04-12,Manager,4.6,Selected
122,124,1,2022-02-20,Manager,3.5,Passed
123,124,2,2022-03-05,HR,4.0,Selected
124,127,1,2024-09-25,HR,2.7,Passed
125,129,1,2022-10-04,Manager,4.5,Passed
126,129,2,2022-09-19,Technical,4.4,Selected
127,136,1,2022-12-07,HR,4.3,Rejected
128,136,2,2022-12-22,Manager,2.9,Rejected
129,136,3,2022-12-28,Manager,3.9,Passed
130,138,1,2023-03-28,HR,2.3,Rejected
131,138,2,2023-02-23,Manager,4.3,Passed
132,138,3,2023-03-13,Manager,3.5,Selected
133,146,1,2022-03-27,HR,3.9,Passed
134,146,2,2022-02-24,Technical,4.0,Selected
135,147,1,2022-07-26,HR,3.2,Passed
136,147,2,2022-08-14,Manager,2.7,Rejected
137,147,3,2022-08-26,Technical,4.0,Selected
138,149,1,2022-04-27,Manager,5.0,Passed
139,149,2,2022-04-03,HR,3.1,Rejected
140,151,1,2023-06-25,Technical,2.6,Rejected
141,153,1,2021-12-11,Manager,2.9,Passed
142,153,2,2021-11-28,HR,2.8,Selected
143,154,1,2024-08-05,HR,3.4,Rejected
144,154,2,2024-07-27,HR,4.9,Selected
145,155,1,2022-08-13,Manager,4.3,Passed
146,155,2,2022-08-13,Manager,3.6,Rejected
147,155,3,2022-07-06,Technical,3.2,Rejected
148,157,1,2021-03-12,HR,4.3,Passed
149,157,2,2021-03-07,HR,3.3,Selected
150,158,1,2024-08-14,HR,4.0,Passed
151,158,2,2024-08-05,HR,2.2,Passed
152,158,3,2024-09-25,Manager,2.7,Selected
153,162,1,2023-05-19,Manager,5.0,Rejected
154,162,2,2023-05-11,Technical,2.3,Selected
155,169,1,2023-03-03,HR,2.6,Selected
156,172,1,2021-11-15,Manager,3.8,Passed
157,172,2,2021-11-01,Technical,4.6,Passed
158,172,3,2021-11-13,Manager,2.1,Passed
159,173,1,2022-06-26,Manager,3.9,Passed
160,173,2,2022-06-12,Technical,5.0,Passed
161,173,3,2022-06-19,HR,4.3,Selected
162,175,1,2024-04-11,Manager,4.7,Passed
163,175,2,2024-03-16,Manager,2.2,Passed
164,175,3,2024-03-14,HR,2.3,Selected
165,177,1,2024-11-15,Manager,3.6,Rejected
166,177,2,2024-11-28,Manager,4.5,Rejected
167,177,3,2024-10-31,Manager,2.6,Selected
168,178,1,2021-03-03,HR,4.6,Passed
169,178,2,2021-01-24,Manager,3.5,Passed
170,178,3,2021-02-23,Manager,3.1,Selected
171,179,1,2025-08-14,Technical,2.3,Rejected
172,179,2,2025-07-22,Manager,4.6,Rejected
173,179,3,2025-08-28,Manager,4.5,Selected
174,191,1,2021-11-28,Technical,4.7,Passed
175,191,2,2021-12-11,Technical,2.7,Selected
176,192,1,2021-08-21,HR,2.0,Rejected
177,192,2,2021-09-16,HR,4.2,Passed
178,195,1,2022-12-13,Manager,4.5,Selected
179,196,1,2021-03-13,Technical,3.2,Selected
180,201,1,2023-07-06,Manager,2.6,Passed
181,201,2,2023-06-27,Manager,4.6,Passed
182,203,1,2024-01-09,Technical,2.3,Rejected
183,203,2,2024-01-13,Manager,3.5,Passed
184,203,3,2024-01-01,Manager,2.2,Selected
185,204,1,2022-04-01,HR,2.8,Selected
186,205,1,2021-08-19,Manager,4.4,Passed
187,205,2,2021-07-19,Technical,2.0,Selected
188,213,1,2024-10-23,Manager,3.8,Rejected
189,213,2,2024-11-06,Technical,4.1,Selected
190,216,1,2021-09-11,HR,2.2,Rejected
191,217,1,2024-06-11,Technical,3.1,Passed
192,217,2,2024-06-29,Manager,4.7,Passed
193,217,3,2024-07-01,Technical,3.6,Selected
194,223,1,2025-11-12,Technical,4.4,Passed
195,224,1,2024-12-31,Technical,4.8,Passed
196,224,2,2025-01-20,Technical,3.9,Rejected
197,226,1,2025-03-27,Manager,4.4,Rejected
198,226,2,2025-04-02,Technical,2.2,Passed
199,227,1,2025-03-14,Technical,2.3,Passed
200,227,2,2025-03-21,Manager,4.4,Rejected
201,227,3,2025-04-11,Manager,2.1,Selected
202,231,1,2024-08-14,Manager,3.0,Rejected
203,231,2,2024-07-25,HR,2.6,Passed
204,232,1,2024-10-18,Technical,3.3,Rejected
205,232,2,2024-10-16,Manager,4.8,Rejected
206,233,1,2025-06-15,Manager,3.2,Passed
207,235,1,2021-12-05,Manager,4.1,Passed
208,235,2,2021-12-26,HR,2.2,Selected
209,236,1,2025-11-21,Technical,2.5,Rejected
210,236,2,2025-12-09,HR,2.4,Selected
211,237,1,2023-11-17,Technical,3.3,Passed
212,237,2,2023-12-21,Technical,2.5,Passed
213,237,3,2023-12-09,Manager,5.0,Passed
214,240,1,2025-08-29,Manager,3.8,Rejected
215,241,1,2025-11-22,Manager,4.0,Rejected
216,241,2,2025-12-19,Manager,2.2,Rejected
217,241,3,2025-12-18,Manager,4.2,Selected
218,244,1,2025-08-09,Manager,2.4,Passed
219,244,2,2025-08-08,Technical,2.1,Rejected
220,244,3,2025-07-22,HR,4.3,Selected
221,245,1,2023-11-24,Manager,4.4,Selected
222,246,1,2021-07-30,HR,2.0,Passed
223,246,2,2021-08-06,Manager,2.2,Passed
224,248,1,2022-12-07,HR,3.8,Passed
225,248,2,2022-12-30,HR,2.4,Passed
226,248,3,2022-11-16,Technical,3.7,Selected
227,249,1,2024-11-20,HR,3.8,Passed
228,255,1,2021-05-13,Manager,3.9,Selected
229,256,1,2023-06-13,Technical,2.6,Passed
230,256,2,2023-06-08,HR,4.1,Selected
231,258,1,2025-03-04,Technical,3.5,Passed
232,258,2,2025-03-07,Manager,4.5,Rejected
233,259,1,2023-03-07,Technical,4.6,Passed
234,259,2,2023-03-19,Manager,4.4,Rejected
235,259,3,2023-03-22,HR,3.2,Selected
236,261,1,2023-12-11,Manager,2.5,Passed
237,261,2,2023-12-26,Technical,4.6,Rejected
238,261,3,2023-12-28,Manager,2.0,Selected
239,270,1,2023-03-24,Manager,3.5,Passed
240,270,2,2023-03-16,Technical,5.0,Passed
241,272,1,2022-03-12,Technical,4.7,Passed
242,272,2,2022-03-07,Manager,2.5,Selected
243,273,1,2025-04-10,Manager,5.0,Passed
244,273,2,2025-04-07,Manager,4.1,Passed
245,273,3,2025-04-10,Technical,3.2,Rejected
246,275,1,2022-08-04,Manager,3.5,Passed
247,275,2,2022-08-09,HR,3.0,Rejected
248,275,3,2022-08-01,Technical,3.8,Selected
249,276,1,2025-04-25,Technical,2.5,Passed
250,277,1,2023-06-02,Technical,2.7,Selected
251,278,1,2023-01-12,HR,4.9,Passed
252,278,2,2023-01-23,HR,4.6,Passed
253,278,3,2022-12-26,Technical,3.2,Passed
254,281,1,2022-11-16,HR,3.6,Passed
255,282,1,2021-02-16,Technical,2.1,Selected
256,283,1,2023-10-27,Technical,4.5,Selected
257,284,1,2021-05-18,Manager,4.8,Rejected
258,284,2,2021-05-14,HR,2.8,Selected
259,285,1,2023-05-26,HR,4.1,Rejected
260,285,2,2023-05-18,Technical,3.8,Selected
261,288,1,2022-02-28,Technical,2.7,Rejected
262,288,2,2022-02-25,HR,4.7,Passed
263,289,1,2023-09-06,Technical,2.3,Selected
264,292,1,2021-09-24,Technical,2.7,Passed
265,292,2,2021-11-01,Technical,2.1,Passed
266,292,3,2021-09-24,Technical,4.2,Rejected
267,295,1,2025-08-19,Manager,4.1,Passed
268,295,2,2025-09-29,HR,2.7,Selected
269,296,1,2023-05-19,Technical,2.2,Rejected
270,300,1,2023-06-06,Manager,2.7,Passed
271,300,2,2023-06-02,Manager,2.3,Rejected
272,300,3,2023-06-01,Technical,2.4,Selected
273,305,1,2022-06-12,Manager,4.8,Rejected
274,305,2,2022-07-11,Technical,2.5,Passed
275,305,3,2022-06-27,HR,3.9,Rejected
276,307,1,2022-08-04,Manager,2.6,Passed
277,307,2,2022-08-19,Technical,4.8,Rejected
278,307,3,2022-08-30,Technical,4.1,Rejected
279,310,1,2023-10-07,HR,2.3,Selected
280,311,1,2024-02-22,HR,4.6,Selected
281,312,1,2024-06-07,HR,3.7,Rejected
282,312,2,2024-07-12,Technical,4.3,Passed
283,312,3,2024-07-12,Manager,2.1,Selected
284,313,1,2021-10-03,Technical,2.5,Passed
285,313,2,2021-09-15,Manager,2.4,Rejected
286,313,3,2021-09-13,HR,4.3,Selected
287,314,1,2023-05-17,Manager,4.6,Passed
288,314,2,2023-05-31,Technical,3.5,Passed
289,314,3,2023-06-09,Technical,2.5,Selected
290,317,1,2025-04-03,Manager,3.0,Passed
291,317,2,2025-03-08,Technical,4.5,Selected
292,318,1,2024-11-03,Manager,3.9,Passed
293,318,2,2024-12-12,HR,4.5,Selected
294,319,1,2023-03-14,Technical,4.1,Passed
295,319,2,2023-03-08,Technical,3.8,Passed
296,323,1,2022-06-03,HR,4.8,Rejected
297,323,2,2022-06-15,Manager,4.2,Rejected
298,323,3,2022-04-30,Manager,4.0,Selected
299,327,1,2022-04-26,Technical,4.7,Passed
300,327,2,2022-04-19,Technical,3.8,Selected
301,329,1,2022-02-14,Manager,2.9,Passed
302,329,2,2022-02-06,Manager,2.7,Passed
303,329,3,2022-01-20,HR,4.5,Passed
304,330,1,2024-08-18,Manager,3.3,Rejected
305,330,2,2024-09-11,Technical,3.9,Selected
306,333,1,2021-09-06,HR,4.8,Passed
307,333,2,2021-09-04,Manager,3.5,Selected
308,337,1,2022-12-22,HR,2.3,Passed
309,338,1,2024-04-24,HR,3.8,Passed
310,338,2,2024-05-11,Technical,2.4,Passed
311,338,3,2024-04-28,Manager,4.3,Rejected
312,339,1,2025-02-28,HR,3.1,Selected
313,340,1,2023-07-07,Manager,2.1,Passed
314,340,2,2023-06-05,Manager,4.7,Rejected
315,340,3,2023-07-11,Manager,4.3,Selected
316,341,1,2025-08-23,Manager,2.0,Passed
317,341,2,2025-09-02,HR,3.1,Passed
318,341,3,2025-09-27,Manager,3.4,Rejected
319,342,1,2024-01-12,Manager,2.1,Selected
320,343,1,2023-07-13,HR,4.0,Rejected
321,343,2,2023-08-01,Technical,4.6,Passed
322,345,1,2022-10-31,HR,2.6,Passed
323,345,2,2022-12-07,HR,2.4,Passed
324,345,3,2022-11-22,HR,3.5,Selected
325,346,1,2023-06-22,Manager,2.8,Passed
326,346,2,2023-07-12,Technical,4.1,Passed
327,346,3,2023-07-10,Technical,2.9,Selected
328,349,1,2022-11-10,HR,2.4,Passed
329,349,2,2022-11-01,HR,4.4,Passed
330,350,1,2023-01-25,Manager,3.6,Passed
331,350,2,2023-01-15,HR,2.2,Passed
332,350,3,2023-01-19,Manager,3.9,Passed
333,356,1,2024-06-06,Technical,4.1,Rejected
334,356,2,2024-05-19,HR,2.9,Selected
335,357,1,2022-09-26,Manager,3.8,Passed
336,357,2,2022-10-02,Manager,2.2,Rejected
337,358,1,2021-06-03,Manager,2.9,Passed
338,358,2,2021-06-17,HR,3.0,Passed
339,358,3,2021-06-27,Technical,4.9,Passed
340,360,1,2021-02-21,HR,4.6,Rejected
341,360,2,2021-01-25,Technical,3.9,Passed
342,365,1,2021-04-17,Technical,3.6,Passed
343,366,1,2021-11-10,Manager,2.4,Passed
344,368,1,2021-08-28,Manager,3.5,Passed
345,368,2,2021-09-02,HR,4.1,Passed
346,371,1,2021-11-13,Technical,2.4,Passed
347,371,2,2021-11-21,Manager,3.0,Passed
348,371,3,2021-12-04,Manager,4.6,Selected
349,374,1,2024-02-01,HR,2.6,Rejected
350,374,2,2024-01-26,Technical,4.3,Passed
351,374,3,2023-12-27,Technical,4.2,Passed
352,376,1,2021-04-08,Technical,2.3,Passed
353,376,2,2021-03-17,Technical,4.6,Passed
354,376,3,2021-03-11,HR,3.0,Selected
355,378,1,2023-11-23,HR,3.5,Passed
356,378,2,2023-12-14,HR,4.0,Selected
357,379,1,2024-09-09,HR,3.8,Passed
358,379,2,2024-09-19,Manager,2.1,Selected
359,383,1,2025-03-13,Manager,2.9,Rejected
360,383,2,2025-04-12,HR,4.1,Passed
361,383,3,2025-04-01,Technical,2.1,Passed
362,384,1,2022-05-27,HR,2.7,Rejected
363,384,2,2022-04-22,HR,3.7,Passed
364,384,3,2022-04-25,Technical,3.2,Selected
365,385,1,2023-06-08,Technical,2.3,Rejected
366,385,2,2023-06-02,Manager,4.9,Rejected
367,385,3,2023-06-27,Manager,4.6,Passed
368,387,1,2021-10-25,HR,3.5,Passed
369,387,2,2021-10-31,Technical,4.9,Passed
370,387,3,2021-11-10,Manager,2.4,Selected
371,388,1,2021-10-28,Manager,3.2,Rejected
372,388,2,2021-10-26,Technical,4.4,Selected
373,390,1,2021-03-28,Manager,4.9,Rejected
374,391,1,2024-03-24,HR,4.7,Selected
375,394,1,2021-10-14,HR,2.7,Selected
376,395,1,2024-06-05,HR,4.6,Rejected
377,395,2,2024-06-01,Technical,4.7,Selected
378,396,1,2022-04-21,HR,4.9,Passed
379,396,2,2022-04-16,Technical,3.4,Passed
380,396,3,2022-05-26,Manager,3.2,Passed
381,397,1,2022-12-18,HR,4.7,Rejected
382,397,2,2022-12-27,Manager,2.2,Passed
383,397,3,2022-11-27,HR,4.3,Passed
384,399,1,2022-09-16,HR,3.0,Selected
385,402,1,2021-10-07,Manager,2.2,Passed
386,402,2,2021-10-28,Manager,4.7,Passed
387,402,3,2021-09-25,HR,4.7,Selected
388,410,1,2022-01-18,Technical,3.5,Selected
389,416,1,2023-12-22,HR,4.9,Selected
390,417,1,2024-05-09,HR,2.6,Passed
391,417,2,2024-05-22,Manager,2.7,Passed
392,418,1,2023-01-12,Manager,2.5,Selected
393,420,1,2023-01-04,Technical,4.5,Passed
394,420,2,2022-12-03,HR,2.9,Selected
395,422,1,2025-10-20,Manager,2.2,Passed
396,422,2,2025-10-27,Technical,3.0,Passed
397,425,1,2021-11-16,HR,3.3,Selected
398,431,1,2023-03-26,HR,4.6,Rejected
399,435,1,2024-03-11,HR,2.9,Passed
400,435,2,2024-02-27,Manager,4.8,Passed
401,435,3,2024-03-07,HR,4.6,Selected
402,436,1,2022-02-22,HR,3.2,Passed
403,436,2,2022-02-09,Manager,4.6,Passed
404,437,1,2025-08-21,Manager,5.0,Selected
405,442,1,2022-07-12,HR,4.6,Selected
406,447,1,2021-10-26,Manager,4.0,Passed
407,447,2,2021-11-25,HR,3.1,Passed
408,447,3,2021-10-31,Manager,2.4,Passed
409,450,1,2022-10-26,HR,3.8,Rejected
410,453,1,2025-07-28,Manager,2.6,Rejected
411,453,2,2025-08-03,Technical,4.6,Passed
412,454,1,2023-08-03,Manager,3.8,Rejected
413,457,1,2024-04-18,Manager,2.2,Rejected
414,457,2,2024-05-19,Manager,2.3,Selected
415,458,1,2023-10-05,HR,3.2,Passed
416,458,2,2023-10-20,HR,2.8,Selected
417,459,1,2023-01-11,Manager,3.9,Rejected
418,459,2,2022-11-23,Technical,3.9,Passed
419,461,1,2024-12-23,HR,3.5,Passed
420,461,2,2024-12-18,HR,2.1,Rejected
421,461,3,2024-12-11,HR,4.7,Selected
422,464,1,2023-10-09,Manager,2.2,Rejected
423,464,2,2023-10-05,Technical,2.2,Selected
424,465,1,2024-02-04,HR,3.1,Rejected
425,465,2,2024-01-05,Manager,2.7,Selected
426,471,1,2023-11-13,Technical,4.7,Passed
427,471,2,2023-11-17,HR,2.9,Selected
428,472,1,2021-04-19,HR,2.0,Selected
429,476,1,2021-07-16,Manager,4.8,Passed
430,478,1,2022-07-31,Technical,4.6,Selected
431,481,1,2022-03-16,Technical,2.8,Rejected
432,481,2,2022-05-02,Technical,4.0,Passed
433,481,3,2022-05-05,HR,4.0,Passed
434,483,1,2023-09-16,Technical,3.3,Selected
435,486,1,2022-07-20,HR,2.6,Passed
436,486,2,2022-07-26,Manager,4.6,Selected
437,487,1,2024-02-07,Technical,4.6,Passed
438,487,2,2024-02-12,Manager,3.7,Passed
439,487,3,2024-02-17,Manager,3.5,Selected
440,488,1,2025-07-18,HR,2.7,Rejected
441,488,2,2025-08-08,HR,4.4,Passed
442,488,3,2025-08-15,Manager,3.6,Selected
443,494,1,2023-07-24,Technical,5.0,Rejected
444,494,2,2023-08-26,Technical,3.0,Passed
445,497,1,2022-03-24,Technical,2.4,Selected
446,500,1,2025-03-25,Manager,3.5,Passed
447,500,2,2025-03-03,Manager,4.2,Selected
448,501,1,2025-08-28,Technical,3.0,Rejected
449,501,2,2025-10-01,HR,2.3,Passed
450,501,3,2025-09-23,HR,3.3,Selected
451,505,1,2024-07-09,Technical,3.3,Selected
452,506,1,2024-10-18,Manager,3.1,Selected
453,514,1,2023-10-05,HR,4.6,Selected
454,516,1,2022-06-22,HR,2.0,Rejected
455,516,2,2022-06-28,Manager,4.0,Selected
456,517,1,2025-07-30,HR,3.2,Selected
457,518,1,2025-10-20,Technical,4.1,Selected
458,520,1,2023-09-14,HR,3.8,Selected
459,521,1,2021-12-05,Manager,3.2,Passed
460,521,2,2021-11-20,Technical,4.9,Passed
461,523,1,2025-05-17,HR,3.0,Passed
462,525,1,2022-08-30,HR,2.8,Selected
463,530,1,2025-10-08,HR,4.4,Rejected
464,531,1,2021-12-27,Manager,2.9,Rejected
465,531,2,2021-12-12,Technical,2.4,Selected
466,534,1,2021-07-22,HR,3.9,Passed
467,535,1,2024-02-18,Technical,2.3,Selected
468,536,1,2023-11-23,HR,3.4,Passed
469,536,2,2023-12-08,Manager,3.1,Passed
470,536,3,2023-11-22,Technical,2.0,Selected
471,537,1,2024-02-28,Manager,3.1,Rejected
472,539,1,2022-05-15,HR,4.2,Passed
473,540,1,2022-04-09,Technical,4.5,Passed
474,542,1,2024-11-13,Technical,4.5,Rejected
475,542,2,2024-11-25,HR,2.6,Passed
476,543,1,2021-04-19,HR,3.1,Passed
477,543,2,2021-02-28,Manager,2.6,Selected
478,544,1,2025-01-22,Manager,4.4,Passed
479,544,2,2025-02-22,Technical,3.8,Passed
480,544,3,2025-03-11,Manager,2.4,Selected
481,545,1,2022-07-31,Technical,3.3,Selected
482,546,1,2025-09-05,Technical,3.1,Rejected
483,546,2,2025-08-21,HR,3.7,Selected
484,548,1,2024-07-04,Technical,3.7,Selected
485,553,1,2024-10-01,Technical,3.7,Rejected
486,553,2,2024-11-02,HR,4.9,Passed
487,554,1,2021-07-15,Technical,3.2,Rejected
488,554,2,2021-06-18,Manager,2.2,Rejected
489,556,1,2025-12-04,Technical,3.8,Rejected
490,556,2,2025-12-04,HR,4.3,Passed
491,556,3,2025-11-27,Technical,4.8,Selected
492,565,1,2023-05-13,Technical,4.9,Passed
493,565,2,2023-05-16,HR,3.9,Passed
494,565,3,2023-06-30,Technical,4.6,Passed
495,573,1,2021-04-15,Manager,2.8,Passed
496,573,2,2021-04-25,HR,2.7,Selected
497,581,1,2021-09-11,HR,2.4,Rejected
498,581,2,2021-09-29,HR,2.6,Rejected
499,581,3,2021-09-16,Manager,2.5,Selected
500,582,1,2023-12-05,Manager,2.6,Rejected
501,582,2,2023-10-25,Manager,4.2,Passed
502,583,1,2025-10-21,Technical,3.4,Rejected
503,583,2,2025-11-05,Manager,3.0,Rejected
504,583,3,2025-11-30,HR,4.5,Rejected
505,590,1,2024-11-03,Manager,3.4,Passed
506,590,2,2024-10-14,Technical,4.0,Rejected
507,591,1,2022-08-04,Manager,4.7,Passed
508,591,2,2022-08-21,HR,4.9,Rejected
509,591,3,2022-07-26,HR,3.3,Passed
510,596,1,2022-06-30,HR,3.8,Passed
511,596,2,2022-08-21,Manager,3.1,Passed
512,596,3,2022-07-20,Technical,3.7,Passed
513,597,1,2025-07-21,Manager,2.9,Rejected
514,597,2,2025-06-18,HR,4.9,Selected
515,599,1,2022-08-17,Manager,4.8,Passed
516,607,1,2023-12-27,Manager,4.1,Selected
517,609,1,2025-12-12,Technical,3.6,Passed
518,609,2,2025-12-17,HR,4.1,Rejected
519,610,1,2022-02-25,Technical,4.0,Rejected
520,610,2,2022-03-27,HR,2.1,Selected
521,617,1,2021-04-26,Manager,4.6,Rejected
522,617,2,2021-03-18,Technical,4.0,Selected
523,618,1,2023-05-17,HR,3.9,Rejected
524,618,2,2023-05-25,Technical,3.4,Selected
525,620,1,2025-10-27,Technical,3.5,Rejected
526,620,2,2025-11-11,Technical,2.5,Passed
527,620,3,2025-11-01,Technical,4.5,Passed
528,622,1,2025-07-10,HR,3.3,Rejected
529,622,2,2025-07-23,Technical,4.7,Rejected
530,622,3,2025-08-15,HR,2.1,Selected
531,626,1,2025-05-23,HR,2.7,Selected
532,628,1,2023-06-18,Manager,2.9,Passed
533,628,2,2023-05-21,Manager,2.1,Passed
534,628,3,2023-05-23,Manager,3.1,Selected
535,630,1,2022-03-10,Manager,4.5,Passed
536,630,2,2022-03-04,Technical,3.7,Rejected
537,631,1,2021-10-31,Manager,3.2,Passed
538,632,1,2022-02-26,Technical,4.8,Selected
539,637,1,2021-09-27,Technical,2.3,Passed
540,637,2,2021-10-04,Manager,3.7,Passed
541,637,3,2021-09-23,HR,3.5,Passed
542,638,1,2021-06-26,Technical,2.4,Rejected
543,638,2,2021-06-27,Manager,3.2,Selected
544,643,1,2022-12-07,HR,3.5,Rejected
545,643,2,2022-12-10,HR,3.1,Selected
546,644,1,2024-11-07,Technical,4.5,Selected
547,645,1,2022-08-30,Technical,3.6,Selected
548,647,1,2025-08-31,Technical,4.4,Selected
549,648,1,2023-12-10,HR,3.8,Rejected
550,648,2,2023-11-10,Manager,3.5,Passed
551,648,3,2023-11-05,HR,3.8,Selected
552,649,1,2023-04-26,Manager,3.9,Passed
553,649,2,2023-05-15,Manager,4.3,Selected
554,651,1,2025-03-30,Manager,2.3,Passed
555,651,2,2025-03-14,Technical,2.6,Rejected
556,651,3,2025-03-12,HR,3.6,Rejected
557,652,1,2024-06-26,Manager,2.3,Passed
558,652,2,2024-06-26,Technical,2.5,Passed
559,652,3,2024-06-08,HR,4.1,Selected
560,654,1,2024-10-07,Technical,3.6,Selected
561,657,1,2026-01-02,HR,2.5,Passed
562,658,1,2023-11-26,Manager,2.9,Passed
563,658,2,2023-12-25,Technical,3.1,Selected
564,660,1,2025-10-25,Manager,4.3,Passed
565,663,1,2022-09-12,HR,2.2,Rejected
566,663,2,2022-10-15,Technical,3.0,Rejected
567,663,3,2022-10-20,Technical,4.5,Selected
568,667,1,2021-06-12,Manager,2.9,Passed
569,667,2,2021-06-07,Manager,4.3,Rejected
570,667,3,2021-07-24,Technical,2.4,Selected
571,668,1,2021-02-09,HR,2.1,Rejected
572,668,2,2021-03-05,HR,2.3,Passed
573,668,3,2021-03-19,Technical,4.9,Selected
574,671,1,2022-11-12,HR,3.2,Selected
575,674,1,2024-11-04,Technical,2.5,Rejected
576,674,2,2024-10-04,Manager,4.3,Passed
577,675,1,2021-09-03,Technical,3.4,Rejected
578,675,2,2021-08-23,HR,2.3,Rejected
579,678,1,2022-08-28,HR,2.8,Rejected
580,678,2,2022-08-10,Technical,2.9,Passed
581,681,1,2022-09-03,Technical,3.5,Passed
582,681,2,2022-09-24,HR,3.4,Selected
583,683,1,2024-04-12,Technical,2.1,Passed
584,683,2,2024-03-11,Manager,3.8,Passed
585,683,3,2024-03-26,HR,4.0,Passed
586,684,1,2025-01-12,HR,3.5,Passed
587,684,2,2025-01-28,Manager,2.5,Selected
588,688,1,2025-05-08,HR,3.0,Rejected
589,688,2,2025-03-16,HR,2.5,Passed
590,688,3,2025-03-22,HR,2.6,Rejected
591,695,1,2023-01-09,HR,4.8,Passed
592,695,2,2023-01-05,Technical,3.7,Passed
593,695,3,2023-01-22,Manager,3.6,Selected
594,696,1,2022-03-09,Technical,2.1,Selected
595,697,1,2025-02-12,HR,3.3,Selected
596,698,1,2025-09-09,HR,2.1,Selected
597,699,1,2025-06-30,HR,3.0,Passed
598,699,2,2025-05-26,Manager,2.6,Rejected
599,700,1,2025-04-26,Manager,2.2,Passed
600,700,2,2025-03-13,Manager,2.2,Rejected
601,702,1,2023-01-31,Manager,3.3,Passed
602,704,1,2023-08-08,HR,2.8,Passed
603,704,2,2023-08-24,HR,4.7,Passed
604,704,3,2023-07-29,Manager,2.6,Selected
605,706,1,2025-05-12,Manager,4.5,Passed
606,706,2,2025-04-26,Technical,3.8,Rejected
607,706,3,2025-05-15,Manager,4.1,Selected
608,712,1,2022-04-24,Manager,2.1,Rejected
609,712,2,2022-04-03,Technical,4.4,Passed
610,712,3,2022-03-27,Manager,3.6,Selected
611,714,1,2025-01-07,Technical,4.7,Rejected
612,714,2,2024-12-12,Technical,4.3,Passed
613,714,3,2024-11-21,HR,2.9,Selected
614,715,1,2024-08-16,HR,4.6,Passed
615,715,2,2024-07-28,HR,3.7,Passed
616,715,3,2024-07-31,Manager,3.1,Selected
617,719,1,2022-06-29,Manager,3.1,Passed
618,719,2,2022-06-15,Technical,3.0,Selected
619,720,1,2025-08-11,Technical,2.2,Passed
620,720,2,2025-08-26,HR,3.8,Rejected
621,720,3,2025-08-04,HR,3.6,Selected
622,723,1,2023-01-11,Technical,4.5,Passed
623,723,2,2023-02-05,Manager,5.0,Passed
624,723,3,2023-01-31,HR,2.9,Selected
625,724,1,2025-02-19,HR,2.2,Passed
626,724,2,2025-03-05,Manager,3.6,Selected
627,727,1,2025-08-11,Technical,2.5,Passed
628,727,2,2025-08-30,Manager,3.0,Passed
629,727,3,2025-08-03,Technical,4.3,Selected
630,729,1,2021-02-24,Technical,4.4,Passed
631,729,2,2021-04-02,Technical,4.9,Passed
632,729,3,2021-03-27,HR,3.4,Selected
633,730,1,2023-08-01,Manager,3.8,Passed
634,730,2,2023-09-03,HR,4.6,Rejected
635,730,3,2023-07-26,Manager,3.0,Selected
636,731,1,2023-12-17,Manager,4.3,Passed
637,731,2,2023-11-15,Manager,2.5,Passed
638,731,3,2023-11-27,Technical,2.2,Selected
639,732,1,2022-07-22,HR,2.2,Rejected
640,732,2,2022-07-17,Manager,4.8,Passed
641,732,3,2022-08-06,Manager,4.3,Passed
642,735,1,2021-07-28,Technical,3.9,Passed
643,735,2,2021-07-04,Manager,2.2,Selected
644,736,1,2023-10-06,Manager,4.3,Selected
645,740,1,2024-08-04,Manager,3.7,Passed
646,740,2,2024-09-06,Technical,2.5,Selected
647,744,1,2022-03-08,Manager,3.1,Passed
648,744,2,2022-03-13,Manager,3.6,Rejected
649,744,3,2022-04-18,Manager,4.1,Passed
650,751,1,2021-08-11,HR,3.7,Rejected
651,751,2,2021-08-13,HR,3.5,Selected
652,755,1,2022-03-29,Technical,4.6,Passed
653,755,2,2022-03-04,Technical,5.0,Rejected
654,755,3,2022-04-19,Manager,4.4,Selected
655,756,1,2025-01-17,HR,2.1,Passed
656,756,2,2025-03-03,Manager,2.3,Passed
657,756,3,2025-01-18,Technical,4.4,Selected
658,758,1,2025-12-13,Manager,3.1,Selected
659,759,1,2025-05-10,HR,3.0,Passed
660,759,2,2025-05-06,Technical,4.0,Passed
661,759,3,2025-04-15,Technical,3.5,Selected
662,760,1,2024-09-15,Manager,4.8,Passed
663,760,2,2024-08-07,Manager,4.5,Rejected
664,760,3,2024-08-25,Manager,4.2,Selected
665,761,1,2024-07-26,Manager,2.8,Passed
666,766,1,2022-10-08,HR,2.0,Passed
667,768,1,2024-10-28,Manager,2.9,Passed
668,768,2,2024-12-03,Manager,3.2,Passed
669,768,3,2024-10-18,Technical,3.8,Selected
670,770,1,2024-07-26,HR,4.7,Passed
671,770,2,2024-07-14,Technical,2.1,Selected
672,771,1,2025-03-14,Manager,3.0,Passed
673,771,2,2025-02-09,HR,2.1,Rejected
674,771,3,2025-03-04,HR,2.4,Selected
675,777,1,2023-12-29,HR,4.9,Rejected
676,777,2,2024-02-22,Manager,3.7,Selected
677,779,1,2024-03-10,Technical,4.1,Passed
678,779,2,2024-03-03,Manager,2.2,Rejected
679,779,3,2024-04-16,HR,2.1,Selected
680,782,1,2025-11-27,Technical,4.8,Passed
681,782,2,2025-10-26,Technical,2.4,Rejected
682,783,1,2025-01-16,Technical,3.6,Rejected
683,783,2,2024-12-01,Technical,2.6,Selected
684,785,1,2025-01-03,Technical,4.8,Rejected
685,785,2,2024-12-10,Manager,3.2,Rejected
686,785,3,2024-11-28,HR,4.3,Passed
687,787,1,2022-08-12,Technical,2.8,Passed
688,787,2,2022-07-16,Technical,3.7,Passed
689,789,1,2025-04-22,Manager,3.3,Passed
690,789,2,2025-03-16,Manager,2.4,Passed
691,789,3,2025-05-07,Technical,4.6,Rejected
692,790,1,2024-06-21,HR,3.6,Passed
693,790,2,2024-07-24,Technical,4.3,Passed
694,790,3,2024-06-16,Technical,4.5,Selected
695,792,1,2023-12-27,Technical,2.2,Passed
696,792,2,2023-11-28,Technical,2.9,Rejected
697,792,3,2023-11-26,HR,4.4,Rejected
698,793,1,2025-05-17,Manager,4.0,Rejected
699,793,2,2025-05-21,Technical,4.5,Selected
700,796,1,2021-10-01,Manager,2.9,Passed
701,796,2,2021-11-01,Manager,3.8,Passed
702,798,1,2025-04-05,Technical,3.0,Passed
703,798,2,2025-03-24,HR,3.5,Selected
704,801,1,2023-08-03,HR,4.8,Passed
705,806,1,2024-09-06,Manager,2.1,Rejected
706,806,2,2024-08-27,Manager,4.2,Selected
707,809,1,2022-05-27,Technical,2.4,Passed
708,809,2,2022-05-31,Technical,2.3,Passed
709,809,3,2022-06-13,HR,4.7,Selected
710,810,1,2021-05-01,HR,3.5,Passed
711,810,2,2021-04-02,Technical,2.4,Passed
712,810,3,2021-05-04,HR,3.8,Selected
713,811,1,2023-04-01,Manager,2.7,Passed
714,812,1,2024-07-04,Technical,4.4,Passed
715,812,2,2024-08-16,HR,3.4,Selected
716,813,1,2023-05-13,Technical,3.2,Passed
717,813,2,2023-05-13,HR,3.5,Selected
718,816,1,2026-01-17,HR,3.0,Passed
719,816,2,2025-12-20,Technical,2.8,Selected
720,817,1,2024-05-13,Manager,3.2,Rejected
721,819,1,2022-04-03,HR,2.9,Rejected
722,819,2,2022-05-12,Manager,3.2,Selected
723,821,1,2025-03-15,Manager,3.9,Rejected
724,822,1,2025-01-29,Manager,5.0,Passed
725,822,2,2025-01-21,Technical,3.7,Selected
726,823,1,2024-07-24,Technical,4.1,Selected
727,824,1,2025-05-23,Manager,3.8,Passed
728,826,1,2021-02-25,Manager,3.9,Selected
729,830,1,2021-09-04,Technical,3.5,Passed
730,830,2,2021-09-04,HR,2.4,Selected
731,832,1,2025-11-15,Technical,4.1,Passed
732,833,1,2023-11-13,HR,4.8,Selected
733,834,1,2024-04-23,Manager,4.5,Passed
734,835,1,2024-11-28,Technical,2.0,Passed
735,835,2,2024-10-26,Manager,2.7,Selected
736,837,1,2022-03-26,HR,3.2,Passed
737,837,2,2022-04-27,Technical,3.6,Rejected
738,839,1,2022-01-09,Technical,2.4,Rejected
739,839,2,2022-01-12,HR,3.0,Rejected
740,839,3,2022-01-29,Technical,3.7,Rejected
741,841,1,2022-01-30,Technical,4.8,Rejected
742,841,2,2022-03-04,Technical,4.1,Selected
743,843,1,2023-05-08,Technical,3.2,Passed
744,843,2,2023-04-15,Technical,2.2,Passed
745,844,1,2024-10-11,Manager,3.8,Passed
746,844,2,2024-08-28,HR,4.5,Rejected
747,844,3,2024-09-30,Technical,3.2,Selected
748,847,1,2022-02-05,Manager,4.2,Passed
749,848,1,2023-04-08,HR,2.8,Passed
750,848,2,2023-04-15,HR,3.3,Selected
751,853,1,2025-06-09,Manager,3.4,Rejected
752,853,2,2025-05-07,Manager,4.5,Passed
753,853,3,2025-05-17,Technical,3.5,Selected
754,855,1,2021-11-17,Manager,4.4,Selected
755,856,1,2023-10-02,Manager,2.0,Passed
756,856,2,2023-10-10,Manager,3.5,Rejected
757,856,3,2023-10-20,Technical,3.5,Selected
758,859,1,2022-12-01,Manager,2.8,Selected
759,860,1,2022-05-26,Technical,4.8,Passed
760,860,2,2022-06-06,Manager,3.9,Selected
761,862,1,2023-08-17,Manager,4.2,Rejected
762,862,2,2023-09-02,Manager,3.3,Selected
763,864,1,2025-03-12,Manager,4.2,Passed
764,864,2,2025-04-08,Technical,2.2,Rejected
765,864,3,2025-03-21,HR,2.3,Rejected
766,865,1,2025-11-01,Manager,4.9,Rejected
767,867,1,2025-11-09,Manager,2.7,Rejected
768,867,2,2025-10-09,Technical,2.9,Rejected
769,867,3,2025-10-28,HR,4.1,Selected
770,868,1,2025-05-09,Technical,4.9,Passed
771,868,2,2025-05-03,Technical,4.3,Selected
772,871,1,2021-05-19,Technical,5.0,Selected
773,872,1,2024-06-14,Technical,4.3,Passed
774,872,2,2024-05-28,Manager,2.1,Selected
775,873,1,2022-04-23,HR,4.3,Passed
776,873,2,2022-04-21,HR,2.3,Passed
777,873,3,2022-05-31,Manager,2.4,Passed
778,877,1,2022-08-26,HR,4.6,Rejected
779,877,2,2022-09-09,Technical,4.7,Passed
780,877,3,2022-08-03,Technical,5.0,Rejected
781,878,1,2025-04-28,Technical,2.3,Passed
782,878,2,2025-06-10,HR,2.4,Rejected
783,881,1,2025-05-31,Manager,3.4,Passed
784,881,2,2025-06-21,HR,4.8,Selected
785,882,1,2024-01-31,Manager,2.4,Passed
786,882,2,2023-12-30,HR,2.4,Passed
787,884,1,2025-05-17,Manager,3.4,Selected
788,890,1,2021-07-30,Technical,4.3,Passed
789,890,2,2021-06-26,HR,3.9,Selected
790,891,1,2023-01-04,Manager,3.3,Rejected
791,892,1,2025-08-12,Manager,2.1,Passed
792,894,1,2021-09-25,Technical,2.2,Selected
793,895,1,2025-06-25,Manager,2.3,Rejected
794,895,2,2025-06-30,Manager,2.7,Selected
795,896,1,2025-08-19,Manager,3.9,Selected
796,898,1,2024-09-18,Manager,2.2,Selected
797,899,1,2023-02-12,Manager,3.8,Selected
798,900,1,2025-11-13,HR,2.8,Passed
799,900,2,2025-10-18,Technical,2.5,Passed
800,900,3,2025-10-02,Technical,4.7,Selected
801,904,1,2024-01-16,Manager,2.1,Selected
802,906,1,2025-12-24,Manager,4.3,Passed
803,906,2,2025-12-09,Manager,4.0,Rejected
804,906,3,2025-11-24,Technical,4.3,Passed
805,907,1,2025-09-22,Technical,4.9,Passed
806,907,2,2025-09-07,Technical,2.3,Selected
807,908,1,2024-12-21,Manager,2.4,Passed
808,908,2,2024-12-10,HR,2.5,Rejected
809,908,3,2025-01-04,HR,4.2,Selected
810,910,1,2025-06-22,Manager,4.5,Passed
811,910,2,2025-06-22,Manager,2.6,Rejected
812,910,3,2025-05-31,Technical,4.3,Selected
813,912,1,2021-06-26,Technical,2.6,Selected
814,917,1,2024-04-21,Technical,3.7,Selected
815,918,1,2022-01-10,HR,3.6,Selected
816,919,1,2024-06-03,Manager,2.6,Rejected
817,919,2,2024-07-09,Manager,2.8,Selected
818,920,1,2023-04-04,HR,3.1,Rejected
819,920,2,2023-05-17,HR,4.6,Rejected
820,920,3,2023-05-18,Manager,4.8,Selected
821,921,1,2021-07-07,Manager,4.9,Rejected
822,921,2,2021-07-20,Technical,2.6,Selected
823,923,1,2021-03-07,Manager,2.6,Selected
824,928,1,2023-03-04,Technical,3.0,Passed
825,928,2,2023-02-23,HR,4.5,Passed
826,928,3,2023-02-23,Technical,3.2,Selected
827,930,1,2023-11-04,HR,2.3,Rejected
828,930,2,2023-11-03,Manager,3.4,Passed
829,931,1,2021-08-11,HR,3.6,Passed
830,931,2,2021-07-28,Manager,3.2,Passed
831,931,3,2021-09-02,HR,2.6,Selected
832,934,1,2023-08-18,Technical,3.7,Rejected
833,934,2,2023-09-14,HR,2.6,Rejected
834,935,1,2023-07-19,Manager,2.3,Passed
835,938,1,2024-01-12,Manager,4.3,Passed
836,938,2,2023-12-08,HR,2.9,Passed
837,938,3,2023-12-30,Manager,2.6,Selected
838,939,1,2022-04-06,HR,4.7,Rejected
839,939,2,2022-03-16,Technical,3.2,Passed
840,939,3,2022-03-29,Manager,4.1,Selected
841,944,1,2021-08-18,Technical,4.7,Passed
842,944,2,2021-07-18,Manager,3.3,Passed
843,944,3,2021-08-09,Technical,3.1,Selected
844,948,1,2024-04-06,HR,4.4,Rejected
845,948,2,2024-04-23,Technical,2.4,Selected
846,949,1,2023-01-11,HR,3.3,Passed
847,949,2,2023-02-24,Manager,3.0,Selected
848,952,1,2023-09-27,Manager,4.6,Rejected
849,956,1,2023-02-11,Manager,4.3,Selected
850,957,1,2025-08-11,Technical,5.0,Rejected
851,957,2,2025-08-18,Manager,2.4,Rejected
852,957,3,2025-09-28,Manager,3.4,Passed
853,961,1,2023-01-05,Technical,4.9,Selected
854,962,1,2026-01-18,Manager,3.6,Selected
855,965,1,2021-01-30,HR,3.7,Passed
856,965,2,2021-01-20,HR,4.0,Selected
857,967,1,2025-08-08,Manager,3.9,Passed
858,967,2,2025-08-20,HR,2.1,Passed
859,967,3,2025-08-23,Technical,4.9,Selected
860,968,1,2022-10-04,Manager,3.9,Passed
861,968,2,2022-11-15,HR,3.6,Passed
862,969,1,2024-11-22,HR,4.8,Rejected
863,969,2,2024-11-25,Manager,4.2,Passed
864,970,1,2023-12-30,HR,2.7,Passed
865,970,2,2023-12-27,Technical,3.3,Passed
866,970,3,2024-01-29,Technical,3.4,Selected
867,971,1,2025-09-27,Manager,4.6,Passed
868,973,1,2022-04-03,Technical,3.5,Passed
869,976,1,2024-09-21,Technical,3.8,Passed
870,979,1,2025-03-28,Technical,2.2,Passed
871,979,2,2025-02-10,HR,4.6,Passed
872,979,3,2025-03-20,Technical,4.0,Passed
873,981,1,2023-03-11,HR,2.3,Passed
874,981,2,2023-02-20,HR,2.9,Passed
875,981,3,2023-03-18,Technical,2.0,Selected
876,983,1,2024-08-24,Technical,4.4,Passed
877,983,2,2024-09-04,HR,3.7,Passed
878,983,3,2024-08-22,HR,3.7,Selected
879,984,1,2021-05-01,Technical,4.0,Passed
880,984,2,2021-04-28,HR,4.1,Passed
881,984,3,2021-05-29,HR,3.3,Rejected
882,986,1,2023-08-15,HR,4.5,Rejected
883,986,2,2023-08-23,Manager,4.0,Selected
884,988,1,2022-02-01,Manager,2.0,Passed
885,988,2,2022-02-01,Manager,3.9,Rejected
886,988,3,2022-01-22,HR,3.8,Selected
887,989,1,2021-10-13,Manager,2.9,Passed
888,989,2,2021-10-25,Manager,4.3,Passed
889,994,1,2024-01-05,Technical,2.4,Selected
890,995,1,2022-03-13,Technical,2.6,Passed
891,996,1,2022-10-05,HR,2.9,Passed
892,998,1,2023-11-11,Manager,3.8,Passed
893,998,2,2023-12-08,Manager,2.3,Selected
894,1004,1,2022-04-11,Manager,3.9,Passed
895,1004,2,2022-04-14,HR,4.4,Selected
896,1008,1,2025-01-10,HR,2.9,Rejected
897,1008,2,2025-03-04,HR,4.1,Passed
898,1008,3,2025-01-11,Manager,3.2,Rejected
899,1012,1,2022-04-24,Manager,3.2,Passed
900,1012,2,2022-05-07,Technical,2.0,Passed
901,1012,3,2022-05-21,Technical,4.8,Selected
902,1013,1,2023-06-05,Technical,3.6,Selected
903,1015,1,2021-11-25,HR,2.4,Passed
904,1015,2,2021-11-28,Technical,2.8,Passed
905,1015,3,2021-12-09,Technical,2.4,Selected
906,1017,1,2023-08-27,HR,3.7,Selected
907,1018,1,2022-07-13,Technical,4.2,Selected
908,1020,1,2025-06-01,Technical,2.3,Rejected
909,1020,2,2025-06-19,Manager,4.7,Passed
910,1020,3,2025-06-02,HR,3.8,Passed
911,1022,1,2024-08-09,HR,3.8,Passed
912,1022,2,2024-08-06,Manager,3.7,Rejected
913,1022,3,2024-06-30,Technical,2.2,Selected
914,1023,1,2021-10-13,Technical,4.0,Selected
915,1024,1,2022-11-21,Manager,3.5,Passed
916,1026,1,2023-11-17,Manager,4.8,Passed
917,1026,2,2023-11-19,HR,4.5,Rejected
918,1029,1,2023-07-16,Technical,3.7,Rejected
919,1029,2,2023-07-01,HR,4.6,Rejected
920,1029,3,2023-05-31,HR,4.7,Passed
921,1030,1,2022-10-24,HR,2.5,Selected
922,1035,1,2024-06-10,Technical,2.7,Rejected
923,1035,2,2024-06-05,HR,2.3,Rejected
924,1035,3,2024-05-05,HR,4.7,Rejected
925,1037,1,2025-11-24,HR,2.0,Passed
926,1037,2,2025-11-06,HR,4.7,Selected
927,1039,1,2026-01-06,Manager,3.8,Passed
928,1039,2,2026-01-07,Technical,2.8,Passed
929,1041,1,2023-09-14,Manager,3.0,Passed
930,1041,2,2023-09-23,HR,2.5,Passed
931,1045,1,2025-06-28,Manager,4.1,Passed
932,1045,2,2025-06-05,Technical,3.7,Selected
933,1047,1,2023-09-02,Manager,2.1,Passed
934,1047,2,2023-09-10,Technical,3.2,Selected
935,1052,1,2025-01-07,Technical,4.2,Passed
936,1052,2,2024-12-26,Manager,3.7,Selected
937,1053,1,2023-03-22,HR,2.2,Passed
938,1053,2,2023-03-30,HR,2.5,Passed
939,1053,3,2023-03-19,HR,2.1,Selected
940,1060,1,2023-07-19,Technical,2.5,Passed
941,1062,1,2022-01-25,HR,3.3,Passed
942,1062,2,2022-02-07,Manager,3.7,Passed
943,1062,3,2022-02-17,Manager,2.2,Selected
944,1066,1,2022-03-11,HR,2.4,Passed
945,1066,2,2022-03-14,Technical,3.4,Passed
946,1066,3,2022-04-09,HR,4.5,Selected
947,1068,1,2022-12-26,Manager,2.7,Passed
948,1068,2,2023-01-10,Manager,3.1,Selected
949,1073,1,2021-10-03,HR,3.0,Rejected
950,1073,2,2021-10-03,Manager,3.7,Selected
951,1074,1,2024-06-30,HR,4.7,Passed
952,1075,1,2024-07-08,HR,2.3,Passed
953,1075,2,2024-08-27,Technical,3.2,Passed
954,1075,3,2024-08-08,HR,2.6,Selected
955,1076,1,2021-09-24,Manager,3.8,Passed
956,1076,2,2021-11-07,Manager,2.1,Selected
957,1077,1,2021-12-13,HR,3.0,Selected
958,1080,1,2025-12-24,HR,2.8,Rejected
959,1080,2,2025-12-18,Manager,2.2,Selected
960,1082,1,2022-05-24,Technical,4.0,Passed
961,1089,1,2022-09-20,Manager,2.6,Rejected
962,1090,1,2022-05-18,HR,3.6,Passed
963,1090,2,2022-05-04,Technical,2.6,Passed
964,1092,1,2025-09-29,HR,2.1,Passed
965,1094,1,2021-08-20,Manager,2.6,Passed
966,1094,2,2021-08-10,HR,2.6,Rejected
967,1098,1,2023-01-03,HR,3.0,Selected
968,1099,1,2021-09-24,Technical,3.4,Passed
969,1099,2,2021-09-30,HR,2.9,Rejected
970,1099,3,2021-10-03,Manager,2.9,Selected
971,1100,1,2021-05-16,Technical,4.7,Rejected
972,1100,2,2021-05-30,Technical,2.7,Selected
973,1102,1,2021-03-30,HR,2.7,Passed
974,1102,2,2021-04-22,Manager,2.2,Selected
975,1106,1,2024-07-12,Technical,2.4,Rejected
976,1106,2,2024-06-30,Technical,2.2,Passed
977,1106,3,2024-06-21,Technical,2.8,Selected
978,1107,1,2022-06-01,HR,3.3,Rejected
979,1107,2,2022-06-22,HR,2.4,Selected
980,1110,1,2023-09-03,HR,3.9,Passed
981,1110,2,2023-09-16,HR,2.6,Selected
982,1113,1,2021-06-28,Technical,3.0,Passed
983,1113,2,2021-07-12,HR,4.0,Passed
984,1113,3,2021-07-08,HR,5.0,Rejected
985,1115,1,2025-03-29,Technical,3.9,Passed
986,1115,2,2025-04-16,Technical,2.2,Selected
987,1119,1,2025-02-14,Technical,3.6,Rejected
988,1119,2,2025-03-30,HR,4.0,Selected
989,1124,1,2021-03-29,HR,4.4,Selected
990,1125,1,2023-01-11,Technical,2.1,Rejected
991,1125,2,2023-02-01,Technical,2.1,Passed
992,1125,3,2023-01-12,HR,3.0,Selected
993,1128,1,2025-04-29,Technical,4.8,Passed
994,1129,1,2021-06-09,Manager,2.2,Passed
995,1129,2,2021-07-10,HR,4.3,Passed
996,1129,3,2021-07-11,Manager,3.9,Passed
997,1132,1,2023-08-31,Manager,3.4,Passed
998,1133,1,2023-09-14,HR,2.8,Passed
999,1133,2,2023-09-15,HR,3.1,Passed
1000,1133,3,2023-08-16,Manager,3.7,Selected
1001,1137,1,2022-10-15,Manager,3.9,Passed
1002,1137,2,2022-09-25,Technical,4.2,Selected
1003,1139,1,2023-04-03,HR,3.3,Rejected
1004,1139,2,2023-05-14,HR,2.1,Passed
1005,1140,1,2024-09-18,HR,3.0,Rejected
1006,1140,2,2024-10-24,Technical,2.1,Passed
1007,1140,3,2024-10-16,Manager,4.2,Rejected
1008,1141,1,2022-01-18,Manager,4.9,Rejected
1009,1141,2,2022-02-24,HR,3.9,Selected
1010,1142,1,2022-08-19,Technical,3.6,Rejected
1011,1142,2,2022-09-29,HR,4.7,Passed
1012,1147,1,2024-09-05,HR,3.7,Passed
1013,1147,2,2024-07-18,Manager,2.6,Selected
1014,1149,1,2024-03-17,Manager,2.8,Selected
1015,1154,1,2022-09-02,Technical,3.3,Passed
1016,1154,2,2022-10-15,Technical,2.5,Passed
1017,1154,3,2022-10-02,HR,3.8,Passed
1018,1155,1,2023-11-22,Manager,4.7,Passed
1019,1155,2,2023-10-25,HR,3.4,Passed
1020,1155,3,2023-11-29,HR,4.8,Selected
1021,1161,1,2023-11-06,HR,4.6,Passed
1022,1164,1,2021-02-07,Technical,2.6,Passed
1023,1164,2,2021-02-28,Technical,5.0,Passed
1024,1164,3,2021-02-21,Manager,2.7,Selected
1025,1165,1,2022-02-03,HR,3.0,Rejected
1026,1165,2,2022-02-23,Manager,4.0,Passed
1027,1167,1,2025-01-17,Manager,3.5,Passed
1028,1167,2,2025-01-23,Technical,2.9,Passed
1029,1170,1,2025-10-05,HR,2.3,Passed
1030,1170,2,2025-09-22,Technical,4.6,Passed
1031,1170,3,2025-10-08,HR,4.4,Passed
1032,1172,1,2023-01-05,Manager,4.7,Passed
1033,1172,2,2023-01-30,HR,3.8,Passed
1034,1172,3,2023-02-15,Technical,2.7,Selected
1035,1173,1,2024-11-28,Technical,3.7,Selected
1036,1174,1,2024-09-19,Manager,3.5,Selected
1037,1175,1,2021-08-24,HR,3.8,Passed
1038,1175,2,2021-08-30,Manager,4.9,Selected
1039,1178,1,2025-07-23,Manager,4.5,Rejected
1040,1178,2,2025-09-06,Technical,4.7,Rejected
1041,1179,1,2025-08-08,Technical,4.8,Rejected
1042,1181,1,2024-12-11,HR,3.7,Passed
1043,1181,2,2024-12-23,Manager,4.2,Selected
1044,1183,1,2024-12-07,HR,2.2,Passed
1045,1183,2,2024-12-03,Technical,4.7,Selected
1046,1185,1,2024-02-06,HR,2.8,Selected
1047,1187,1,2022-09-17,Manager,3.0,Rejected
1048,1187,2,2022-08-10,Technical,2.4,Rejected
1049,1187,3,2022-08-15,HR,2.8,Selected
1050,1194,1,2022-03-10,HR,3.4,Passed
1051,1194,2,2022-02-08,Technical,4.5,Passed
1052,1194,3,2022-02-05,Technical,2.4,Passed
1053,1197,1,2024-06-12,Technical,4.5,Passed
1054,1197,2,2024-05-22,Manager,4.2,Passed
1055,1197,3,2024-06-14,HR,2.5,Selected
1056,1199,1,2023-06-09,HR,5.0,Selected
1057,1201,1,2023-01-08,Manager,3.2,Passed
1058,1203,1,2021-07-21,Technical,2.4,Passed
1059,1203,2,2021-08-13,Manager,3.7,Passed
1060,1203,3,2021-08-04,HR,3.6,Rejected
1061,1206,1,2021-05-25,HR,2.1,Passed
1062,1206,2,2021-06-21,HR,3.7,Passed
1063,1207,1,2021-05-27,Technical,3.3,Selected
1064,1211,1,2022-06-04,HR,3.6,Passed
1065,1211,2,2022-05-29,HR,4.6,Selected
1066,1213,1,2022-11-26,Technical,2.7,Rejected
1067,1213,2,2022-11-29,HR,4.5,Passed
1068,1213,3,2022-10-26,Manager,3.3,Selected
1069,1215,1,2022-10-14,HR,4.5,Selected
1070,1217,1,2023-12-20,Manager,2.2,Passed
1071,1217,2,2024-01-08,Technical,4.4,Passed
1072,1217,3,2023-11-26,Technical,4.8,Selected
1073,1218,1,2021-12-26,Technical,2.6,Passed
1074,1218,2,2021-12-31,Manager,3.5,Selected
1075,1220,1,2025-09-15,Technical,2.2,Passed
1076,1220,2,2025-07-23,Technical,4.0,Selected
1077,1224,1,2026-02-06,Manager,4.0,Passed
1078,1224,2,2026-01-18,Technical,4.6,Selected
1079,1226,1,2021-08-29,Manager,3.4,Rejected
1080,1227,1,2025-03-30,HR,4.4,Passed
1081,1230,1,2023-04-13,HR,2.8,Rejected
1082,1230,2,2023-02-24,HR,4.3,Passed
1083,1230,3,2023-03-27,HR,3.0,Selected
1084,1232,1,2021-11-15,Manager,2.8,Passed
1085,1232,2,2021-11-03,Manager,2.5,Selected
1086,1236,1,2021-05-30,Manager,3.6,Passed
1087,1236,2,2021-05-07,Technical,3.3,Passed
1088,1236,3,2021-05-01,Manager,3.7,Selected
1089,1237,1,2023-04-12,Technical,2.7,Passed
1090,1238,1,2022-10-24,Manager,3.9,Passed
1091,1238,2,2022-11-23,Technical,2.6,Passed
1092,1238,3,2022-11-09,Manager,3.8,Selected
1093,1241,1,2024-04-29,Manager,3.8,Rejected
1094,1241,2,2024-06-16,Technical,2.1,Passed
1095,1243,1,2025-08-20,Manager,3.8,Passed
1096,1243,2,2025-08-31,HR,2.3,Passed
1097,1243,3,2025-09-10,HR,3.5,Passed
1098,1245,1,2023-05-16,HR,4.3,Passed
1099,1245,2,2023-05-12,Technical,4.6,Passed
1100,1245,3,2023-04-05,Manager,4.8,Selected
1101,1246,1,2022-02-21,HR,2.4,Rejected
1102,1247,1,2022-03-14,Technical,4.7,Rejected
1103,1247,2,2022-01-31,Manager,3.3,Rejected
1104,1248,1,2024-05-15,Manager,2.6,Passed
1105,1248,2,2024-05-02,Technical,3.0,Passed
1106,1248,3,2024-05-25,Manager,4.8,Rejected
1107,1250,1,2024-06-12,Manager,3.6,Passed
1108,1252,1,2021-02-06,HR,2.7,Selected
1109,1254,1,2024-11-28,Technical,2.0,Rejected
1110,1254,2,2025-01-16,Manager,2.1,Passed
1111,1254,3,2024-12-08,Technical,4.7,Rejected
1112,1255,1,2022-09-23,Manager,4.8,Selected
1113,1256,1,2023-05-27,HR,3.3,Passed
1114,1256,2,2023-05-19,Manager,2.1,Rejected
1115,1256,3,2023-04-24,HR,3.4,Selected
1116,1257,1,2024-07-27,HR,2.4,Passed
1117,1257,2,2024-07-17,Technical,4.4,Passed
1118,1257,3,2024-08-04,Technical,4.3,Selected
1119,1259,1,2021-06-21,Manager,2.5,Passed
1120,1259,2,2021-05-29,HR,4.4,Passed
1121,1261,1,2023-11-17,Technical,5.0,Passed
1122,1261,2,2023-10-17,HR,4.6,Passed
1123,1261,3,2023-11-11,Technical,4.9,Selected
1124,1265,1,2024-07-07,HR,2.8,Passed
1125,1265,2,2024-07-26,HR,4.0,Passed
1126,1265,3,2024-06-25,Technical,2.2,Passed
1127,1267,1,2024-05-30,Technical,4.8,Rejected
1128,1268,1,2021-03-05,Technical,2.7,Selected
1129,1273,1,2022-04-20,HR,4.0,Passed
1130,1273,2,2022-04-29,Manager,4.5,Passed
1131,1276,1,2023-07-22,HR,4.0,Rejected
1132,1276,2,2023-07-05,Manager,3.9,Passed
1133,1276,3,2023-08-09,Manager,2.6,Selected
1134,1278,1,2023-02-25,Manager,4.8,Rejected
1135,1278,2,2023-02-22,Technical,4.2,Rejected
1136,1278,3,2023-03-10,Manager,3.6,Selected
1137,1280,1,2024-05-26,Technical,3.1,Passed
1138,1280,2,2024-06-07,HR,4.2,Selected
1139,1285,1,2023-10-20,HR,4.6,Passed
1140,1285,2,2023-10-13,Manager,3.4,Selected
1141,1286,1,2025-08-10,HR,3.3,Rejected
1142,1286,2,2025-08-14,Manager,2.4,Passed
1143,1286,3,2025-08-17,Manager,2.6,Passed
1144,1288,1,2025-05-24,Manager,4.8,Rejected
1145,1288,2,2025-06-16,Manager,2.5,Passed
1146,1288,3,2025-07-04,Manager,3.1,Selected
1147,1289,1,2022-05-02,HR,2.9,Rejected
1148,1289,2,2022-06-09,HR,3.3,Selected
1149,1290,1,2025-06-19,HR,2.1,Passed
1150,1290,2,2025-07-08,Manager,3.3,Passed
1151,1290,3,2025-07-23,HR,2.1,Rejected
1152,1292,1,2021-04-20,HR,4.5,Rejected
1153,1292,2,2021-04-18,HR,3.9,Passed
1154,1292,3,2021-03-22,Manager,2.8,Passed
1155,1293,1,2022-07-02,Manager,4.7,Rejected
1156,1293,2,2022-07-17,HR,3.3,Selected
1157,1294,1,2025-02-25,Manager,4.2,Selected
1158,1295,1,2024-06-18,HR,2.2,Rejected
1159,1295,2,2024-06-30,HR,2.6,Passed
1160,1295,3,2024-07-18,HR,2.5,Selected
1161,1296,1,2025-08-07,HR,2.2,Rejected
1162,1296,2,2025-08-24,Technical,2.2,Passed
1163,1296,3,2025-07-28,HR,4.6,Passed
1164,1298,1,2022-07-20,HR,4.5,Passed
1165,1298,2,2022-07-14,Technical,2.4,Passed
1166,1298,3,2022-08-15,HR,3.6,Selected
1167,1300,1,2021-04-10,Manager,2.5,Passed
1168,1300,2,2021-04-05,Manager,4.5,Selected
1169,1301,1,2024-11-05,Technical,4.9,Passed
1170,1303,1,2022-04-26,HR,3.2,Selected
1171,1313,1,2021-08-26,HR,4.7,Selected
1172,1315,1,2025-01-03,HR,2.3,Passed
1173,1315,2,2024-12-10,HR,2.9,Passed
1174,1315,3,2025-01-10,HR,3.8,Selected
1175,1316,1,2022-12-19,Technical,4.1,Passed
1176,1316,2,2022-11-06,Manager,5.0,Passed
1177,1316,3,2022-11-17,Technical,3.1,Selected
1178,1323,1,2021-07-16,Manager,5.0,Passed
1179,1323,2,2021-05-29,HR,3.9,Passed
1180,1325,1,2023-06-06,HR,4.0,Rejected
1181,1328,1,2021-08-01,Technical,3.9,Rejected
1182,1328,2,2021-06-27,HR,4.7,Selected
1183,1329,1,2025-12-05,HR,2.3,Rejected
1184,1329,2,2025-10-27,Manager,3.4,Selected
1185,1330,1,2024-11-08,Technical,2.4,Rejected
1186,1340,1,2023-12-28,Manager,2.1,Passed
1187,1340,2,2023-12-22,Technical,2.2,Rejected
1188,1340,3,2023-12-16,Manager,3.9,Selected
1189,1342,1,2023-04-25,Manager,2.9,Passed
1190,1342,2,2023-05-27,Manager,2.7,Passed
1191,1342,3,2023-05-01,HR,3.9,Selected
1192,1345,1,2022-05-01,Manager,2.4,Selected
1193,1346,1,2024-01-08,Technical,3.9,Selected
1194,1347,1,2021-01-22,HR,2.9,Passed
1195,1347,2,2021-02-04,HR,3.0,Selected
1196,1348,1,2024-05-05,Manager,2.5,Selected
1197,1349,1,2022-02-08,Manager,4.0,Passed
1198,1349,2,2022-02-19,Technical,2.5,Passed
1199,1349,3,2022-01-19,Manager,4.1,Selected
1200,1350,1,2023-06-22,Technical,2.6,Rejected
1201,1350,2,2023-05-21,HR,4.9,Passed
1202,1353,1,2021-03-23,HR,3.7,Passed
1203,1355,1,2022-01-19,Manager,4.7,Passed
1204,1355,2,2022-02-17,Technical,3.6,Passed
1205,1355,3,2022-01-07,Manager,3.2,Selected
1206,1356,1,2021-12-29,Manager,4.2,Passed
1207,1356,2,2022-01-28,Manager,3.9,Passed
1208,1356,3,2022-01-21,Manager,2.0,Selected
1209,1359,1,2024-11-01,Technical,4.9,Rejected
1210,1360,1,2022-12-12,HR,2.5,Passed
1211,1360,2,2022-12-26,HR,3.8,Passed
1212,1360,3,2022-12-04,HR,4.4,Selected
1213,1363,1,2024-12-29,Manager,4.0,Passed
1214,1363,2,2025-01-06,Manager,2.6,Passed
1215,1363,3,2024-12-13,Manager,4.1,Selected
1216,1364,1,2025-12-22,Manager,2.7,Rejected
1217,1364,2,2026-01-04,Manager,4.4,Selected
1218,1366,1,2022-04-28,HR,4.6,Passed
1219,1366,2,2022-05-23,HR,3.7,Selected
1220,1368,1,2025-08-04,HR,2.6,Passed
1221,1368,2,2025-08-23,Manager,3.7,Passed
1222,1368,3,2025-08-14,HR,2.2,Rejected
1223,1371,1,2023-10-15,Manager,4.5,Rejected
1224,1371,2,2023-10-01,HR,4.6,Rejected
1225,1371,3,2023-11-16,Manager,3.8,Selected
1226,1373,1,2024-09-12,Technical,4.2,Rejected
1227,1373,2,2024-10-20,Manager,3.6,Selected
1228,1374,1,2022-04-04,Manager,2.1,Rejected
1229,1374,2,2022-04-25,HR,3.3,Selected
1230,1376,1,2024-10-04,HR,3.6,Passed
1231,1376,2,2024-10-23,HR,3.8,Passed
1232,1377,1,2021-12-18,Manager,4.3,Selected
1233,1381,1,2023-12-10,Manager,2.5,Passed
1234,1383,1,2022-01-08,Manager,3.6,Rejected
1235,1383,2,2021-12-08,HR,2.2,Rejected
1236,1383,3,2021-12-14,Technical,4.8,Selected
1237,1385,1,2023-07-11,HR,4.6,Passed
1238,1387,1,2022-11-13,Manager,3.4,Selected
1239,1392,1,2023-07-22,Manager,3.6,Passed
1240,1392,2,2023-08-05,Manager,3.7,Passed
1241,1392,3,2023-08-27,HR,2.2,Selected
1242,1394,1,2024-11-28,Manager,2.4,Selected
1243,1401,1,2021-05-29,Manager,4.9,Passed
1244,1401,2,2021-05-23,Technical,4.5,Passed
1245,1401,3,2021-04-19,Technical,3.6,Passed
1246,1405,1,2022-09-18,HR,4.3,Selected
1247,1406,1,2021-08-18,Technical,3.9,Rejected
1248,1406,2,2021-08-22,Technical,4.7,Selected
1249,1407,1,2025-12-13,Technical,4.5,Passed
1250,1407,2,2025-12-02,Technical,3.4,Passed
1251,1407,3,2025-11-07,HR,2.1,Passed
1252,1409,1,2023-02-19,Technical,4.3,Passed
1253,1409,2,2023-01-20,Manager,4.4,Passed
1254,1409,3,2023-01-29,HR,3.1,Passed
1255,1410,1,2024-12-27,Technical,2.4,Rejected
1256,1413,1,2022-04-02,HR,4.3,Passed
1257,1413,2,2022-04-07,Manager,4.1,Passed
1258,1415,1,2022-04-08,Technical,3.6,Passed
1259,1415,2,2022-04-05,HR,2.4,Selected
1260,1418,1,2024-05-14,HR,4.6,Rejected
1261,1418,2,2024-05-23,Manager,3.6,Selected
1262,1422,1,2025-08-23,HR,3.1,Rejected
1263,1425,1,2023-11-04,Manager,4.7,Rejected
1264,1426,1,2022-09-27,Manager,2.0,Selected
1265,1427,1,2025-01-01,Technical,4.8,Selected
1266,1431,1,2023-12-16,Manager,4.7,Passed
1267,1431,2,2023-12-07,Technical,2.5,Rejected
1268,1431,3,2023-12-31,Technical,4.1,Selected
1269,1434,1,2024-11-17,HR,2.2,Selected
1270,1438,1,2022-06-24,HR,3.6,Rejected
1271,1439,1,2021-08-02,HR,3.8,Rejected
1272,1439,2,2021-08-18,Technical,4.0,Passed
1273,1441,1,2024-03-11,HR,2.5,Passed
1274,1441,2,2024-04-21,HR,2.9,Rejected
1275,1441,3,2024-04-29,HR,2.4,Passed
1276,1443,1,2022-09-28,Manager,3.3,Selected
1277,1445,1,2022-08-09,Manager,3.9,Rejected
1278,1445,2,2022-08-29,Manager,3.6,Passed
1279,1448,1,2024-03-16,Technical,2.9,Passed
1280,1448,2,2024-03-07,HR,2.7,Passed
1281,1448,3,2024-02-14,HR,3.3,Selected
1282,1450,1,2022-03-05,Manager,3.9,Rejected
1283,1450,2,2022-04-10,HR,2.3,Selected
1284,1452,1,2025-09-04,HR,3.6,Rejected
1285,1452,2,2025-07-22,HR,4.2,Rejected
1286,1452,3,2025-09-01,Technical,4.1,Selected
1287,1453,1,2025-01-08,Manager,3.3,Passed
1288,1453,2,2025-01-10,Manager,3.3,Passed
1289,1453,3,2025-01-08,HR,2.9,Passed
1290,1454,1,2025-12-14,Manager,2.4,Rejected
1291,1454,2,2025-12-23,HR,4.8,Passed
1292,1454,3,2026-01-21,Technical,3.8,Rejected
1293,1455,1,2024-05-24,Technical,3.4,Passed
1294,1455,2,2024-05-14,HR,3.7,Selected
1295,1456,1,2025-08-19,Manager,2.3,Selected
1296,1460,1,2021-02-09,HR,3.1,Selected
1297,1461,1,2023-11-06,Technical,4.5,Passed
1298,1461,2,2023-10-25,Technical,2.7,Passed
1299,1462,1,2025-12-10,Technical,3.5,Passed
1300,1464,1,2022-01-17,HR,4.5,Passed
1301,1464,2,2022-01-18,Manager,2.6,Passed
1302,1464,3,2021-12-09,HR,3.4,Selected
1303,1466,1,2021-11-26,HR,3.2,Rejected
1304,1466,2,2021-10-25,Manager,2.6,Rejected
1305,1468,1,2023-12-01,HR,3.8,Passed
1306,1472,1,2025-03-17,Technical,4.6,Passed
1307,1472,2,2025-04-11,Manager,4.6,Selected
1308,1475,1,2021-02-23,Manager,2.9,Rejected
1309,1476,1,2024-09-05,HR,4.8,Passed
1310,1476,2,2024-09-12,Technical,4.4,Passed
1311,1476,3,2024-09-24,Manager,3.1,Selected
1312,1477,1,2021-09-08,HR,4.8,Selected
1313,1482,1,2024-09-06,HR,2.4,Selected
1314,1483,1,2025-04-25,Technical,3.2,Passed
1315,1483,2,2025-04-22,HR,2.7,Rejected
1316,1485,1,2021-02-28,Technical,2.7,Passed
1317,1485,2,2021-03-15,HR,3.5,Rejected
1318,1485,3,2021-03-04,HR,3.1,Passed
1319,1488,1,2021-08-25,Technical,2.2,Selected
1320,1493,1,2024-01-15,Manager,2.3,Rejected
1321,1493,2,2024-01-17,Manager,3.8,Rejected
1322,1501,1,2024-12-17,Manager,3.3,Rejected
1323,1501,2,2024-12-30,Technical,4.8,Selected
1324,1502,1,2022-06-17,Manager,3.0,Passed
1325,1502,2,2022-08-06,HR,4.2,Passed
1326,1503,1,2025-10-09,HR,2.1,Rejected
1327,1503,2,2025-10-10,Manager,2.7,Selected
1328,1505,1,2023-05-18,Manager,4.3,Passed
1329,1505,2,2023-05-24,HR,3.5,Rejected
1330,1505,3,2023-05-07,Technical,4.3,Selected
1331,1506,1,2021-02-02,HR,3.5,Rejected
1332,1506,2,2021-02-13,HR,3.9,Passed
1333,1507,1,2022-06-24,Technical,4.8,Selected
1334,1508,1,2021-11-23,Manager,2.2,Selected
1335,1512,1,2024-10-26,Manager,4.4,Selected
1336,1513,1,2022-01-03,HR,2.1,Passed
1337,1515,1,2021-08-30,Manager,4.5,Rejected
1338,1519,1,2024-08-10,Technical,2.7,Rejected
1339,1519,2,2024-08-19,HR,3.5,Passed
1340,1519,3,2024-07-31,Technical,4.3,Selected
1341,1523,1,2022-11-04,Manager,3.0,Passed
1342,1523,2,2022-09-30,Manager,3.6,Passed
1343,1523,3,2022-10-01,Technical,3.0,Selected
1344,1526,1,2023-10-12,Manager,3.5,Selected
1345,1527,1,2022-05-24,HR,4.7,Selected
1346,1530,1,2025-01-17,Manager,3.6,Selected
1347,1531,1,2021-05-11,Technical,3.1,Selected
1348,1534,1,2024-02-24,Manager,2.3,Selected
1349,1536,1,2022-12-04,Manager,3.5,Passed
1350,1536,2,2022-11-16,Manager,2.5,Passed
1351,1536,3,2022-11-26,Technical,4.0,Passed
1352,1541,1,2025-07-11,Manager,4.4,Passed
1353,1541,2,2025-05-29,HR,3.2,Rejected
1354,1542,1,2023-12-29,HR,3.0,Passed
1355,1546,1,2021-12-02,Manager,4.1,Selected
1356,1547,1,2025-01-17,Manager,2.7,Passed
1357,1550,1,2022-02-20,HR,3.8,Passed
1358,1550,2,2022-02-20,Technical,3.9,Rejected
1359,1552,1,2022-02-11,HR,4.9,Passed
1360,1552,2,2022-03-06,Manager,3.6,Rejected
1361,1553,1,2022-09-07,Technical,4.8,Rejected
1362,1553,2,2022-08-14,Technical,4.3,Rejected
1363,1553,3,2022-07-27,Technical,4.4,Passed
1364,1554,1,2024-06-27,HR,4.5,Passed
1365,1554,2,2024-07-26,Technical,4.8,Selected
1366,1557,1,2024-06-16,Technical,3.3,Selected
1367,1560,1,2025-05-14,Manager,2.3,Passed
1368,1560,2,2025-05-04,Manager,4.9,Selected
1369,1562,1,2021-04-30,Manager,4.4,Passed
1370,1562,2,2021-05-08,Technical,4.8,Passed
1371,1562,3,2021-04-18,Manager,4.9,Passed
1372,1563,1,2021-07-20,Manager,4.1,Rejected
1373,1563,2,2021-07-23,HR,3.2,Passed
1374,1563,3,2021-07-16,HR,4.2,Selected
1375,1566,1,2021-09-17,HR,3.4,Passed
1376,1568,1,2024-09-13,Technical,3.0,Rejected
1377,1568,2,2024-09-23,HR,3.8,Passed
1378,1568,3,2024-10-08,Technical,4.1,Selected
1379,1570,1,2025-05-22,Technical,2.7,Passed
1380,1570,2,2025-06-07,HR,2.4,Passed
1381,1571,1,2022-06-23,HR,3.1,Rejected
1382,1574,1,2023-01-12,Manager,2.6,Passed
1383,1574,2,2023-02-21,Manager,4.5,Rejected
1384,1574,3,2023-01-21,Manager,3.0,Rejected
1385,1577,1,2025-03-28,Technical,4.0,Rejected
1386,1581,1,2022-03-09,Manager,4.1,Passed
1387,1581,2,2022-02-03,HR,3.5,Selected
1388,1583,1,2021-08-16,Manager,2.9,Passed
1389,1583,2,2021-08-15,Technical,3.3,Rejected
1390,1583,3,2021-08-21,Manager,3.2,Passed
1391,1586,1,2025-10-06,Technical,3.1,Rejected
1392,1587,1,2024-06-09,Manager,4.2,Rejected
1393,1587,2,2024-06-03,Manager,2.7,Rejected
1394,1589,1,2024-06-30,HR,4.4,Rejected
1395,1589,2,2024-07-16,HR,2.3,Selected
1396,1591,1,2025-04-21,HR,4.6,Passed
1397,1591,2,2025-04-19,Manager,3.9,Rejected
1398,1596,1,2022-11-27,HR,3.6,Passed
1399,1596,2,2023-01-06,HR,2.4,Rejected
1400,1597,1,2021-05-23,Technical,4.3,Passed
1401,1597,2,2021-04-24,Technical,4.6,Selected
1402,1598,1,2023-02-22,Manager,3.1,Rejected
1403,1598,2,2023-02-20,Manager,2.3,Rejected
1404,1598,3,2023-01-26,Technical,4.6,Selected
1405,1602,1,2023-01-08,Technical,2.6,Rejected
1406,1602,2,2023-01-02,Technical,3.9,Rejected
1407,1602,3,2023-01-23,Technical,2.0,Selected
1408,1604,1,2021-08-13,Technical,3.5,Passed
1409,1604,2,2021-08-05,Manager,4.4,Selected
1410,1606,1,2021-08-14,Technical,2.2,Passed
1411,1608,1,2023-02-01,Manager,2.7,Rejected
1412,1608,2,2023-03-13,HR,2.2,Selected
1413,1611,1,2024-08-14,Manager,2.6,Passed
1414,1611,2,2024-08-15,Manager,3.9,Passed
1415,1613,1,2025-08-31,Manager,3.8,Passed
1416,1613,2,2025-10-07,Manager,4.8,Passed
1417,1613,3,2025-08-28,HR,4.3,Selected
1418,1616,1,2022-09-24,Technical,3.2,Passed
1419,1616,2,2022-09-26,Manager,4.0,Rejected
1420,1616,3,2022-10-03,HR,3.8,Selected
1421,1621,1,2022-09-11,HR,4.4,Passed
1422,1621,2,2022-09-02,Technical,5.0,Passed
1423,1624,1,2023-11-20,Technical,4.5,Rejected
1424,1630,1,2021-03-31,Technical,2.3,Passed
1425,1633,1,2024-02-22,Manager,2.5,Passed
1426,1633,2,2024-03-12,Manager,4.5,Rejected
1427,1633,3,2024-03-01,Manager,2.9,Selected
1428,1634,1,2021-05-20,HR,4.3,Passed
1429,1634,2,2021-05-28,Technical,3.5,Passed
1430,1634,3,2021-06-14,HR,3.0,Selected
1431,1640,1,2021-02-25,HR,2.8,Selected
1432,1641,1,2023-10-08,Manager,2.4,Selected
1433,1642,1,2025-07-21,HR,3.9,Selected
1434,1648,1,2024-09-05,Technical,4.7,Rejected
1435,1648,2,2024-08-21,Manager,4.6,Selected
1436,1651,1,2024-02-21,Technical,3.2,Passed
1437,1655,1,2021-12-10,HR,4.0,Passed
1438,1655,2,2022-01-03,HR,4.0,Selected
1439,1657,1,2024-12-31,HR,4.8,Rejected
1440,1657,2,2024-12-29,HR,3.2,Rejected
1441,1657,3,2024-12-23,Manager,2.9,Selected
1442,1659,1,2023-09-11,Technical,2.2,Rejected
1443,1659,2,2023-09-05,HR,3.7,Passed
1444,1659,3,2023-08-06,Manager,5.0,Rejected
1445,1664,1,2023-06-22,HR,2.8,Rejected
1446,1664,2,2023-07-06,HR,4.0,Passed
1447,1664,3,2023-07-08,HR,3.7,Selected
1448,1665,1,2021-11-15,Technical,5.0,Rejected
1449,1665,2,2021-12-02,HR,2.4,Rejected
1450,1667,1,2022-02-01,Technical,3.6,Rejected
1451,1667,2,2022-03-10,Manager,2.9,Selected
1452,1668,1,2021-12-26,Manager,2.3,Rejected
1453,1668,2,2021-11-23,Manager,4.0,Selected
1454,1669,1,2022-08-23,Manager,4.7,Passed
1455,1669,2,2022-08-04,Manager,3.2,Selected
1456,1670,1,2025-04-05,Technical,4.3,Passed
1457,1670,2,2025-04-05,Manager,3.5,Passed
1458,1670,3,2025-03-13,HR,2.5,Selected
1459,1671,1,2025-12-06,Manager,4.1,Selected
1460,1672,1,2022-05-11,HR,3.6,Rejected
1461,1672,2,2022-05-23,Manager,4.0,Selected
1462,1673,1,2025-06-12,Manager,4.0,Rejected
1463,1673,2,2025-06-03,Manager,3.2,Passed
1464,1673,3,2025-06-10,HR,3.7,Selected
1465,1674,1,2023-11-22,Manager,5.0,Rejected
1466,1674,2,2023-10-30,Manager,3.8,Passed
1467,1674,3,2023-10-30,HR,3.9,Selected
1468,1677,1,2024-08-13,Technical,4.4,Rejected
1469,1677,2,2024-08-19,Technical,4.0,Selected
1470,1678,1,2021-09-15,HR,3.5,Selected
1471,1680,1,2022-11-12,Technical,4.5,Rejected
1472,1680,2,2022-12-03,Manager,3.7,Selected
1473,1681,1,2023-04-26,HR,4.2,Rejected
1474,1681,2,2023-04-02,Manager,4.3,Rejected
1475,1681,3,2023-05-01,Technical,2.8,Selected
1476,1682,1,2022-11-17,HR,4.8,Passed
1477,1689,1,2024-10-11,Manager,2.0,Passed
1478,1689,2,2024-10-11,Technical,2.5,Rejected
1479,1692,1,2022-06-04,Technical,4.8,Selected
1480,1700,1,2024-12-16,Manager,3.2,Passed
1481,1700,2,2024-11-05,HR,4.8,Passed
1482,1700,3,2024-11-27,Manager,3.7,Selected
1483,1701,1,2023-03-19,Technical,2.8,Passed
1484,1701,2,2023-03-26,Technical,2.5,Rejected
1485,1701,3,2023-03-28,Technical,4.5,Selected
1486,1704,1,2021-11-12,Manager,4.4,Passed
1487,1704,2,2021-11-29,Technical,2.0,Selected
1488,1705,1,2025-11-25,Technical,4.5,Passed
1489,1705,2,2025-11-14,Manager,2.7,Selected
1490,1706,1,2023-02-28,Technical,3.0,Selected
1491,1708,1,2024-07-18,Manager,3.2,Selected
1492,1712,1,2021-06-17,Technical,4.6,Passed
1493,1712,2,2021-07-01,Manager,3.4,Selected
1494,1713,1,2024-07-07,Technical,2.3,Passed
1495,1713,2,2024-06-15,HR,2.3,Rejected
1496,1714,1,2025-11-11,HR,4.6,Passed
1497,1714,2,2025-10-23,Technical,3.8,Selected
1498,1715,1,2021-09-17,Manager,4.3,Passed
1499,1715,2,2021-09-11,Manager,3.5,Passed
1500,1715,3,2021-09-14,HR,3.3,Selected
1501,1717,1,2022-01-05,Manager,3.8,Passed
1502,1717,2,2022-01-31,HR,2.9,Passed
1503,1717,3,2022-02-09,Technical,2.4,Selected
1504,1719,1,2022-01-04,Manager,2.2,Passed
1505,1719,2,2021-11-24,Manager,2.2,Selected
1506,1720,1,2025-12-02,HR,2.5,Passed
1507,1721,1,2024-12-28,Manager,2.4,Selected
1508,1723,1,2021-05-16,Manager,2.7,Passed
1509,1723,2,2021-05-04,Manager,3.3,Passed
1510,1724,1,2022-12-14,HR,4.2,Rejected
1511,1725,1,2021-07-07,HR,3.6,Selected
1512,1728,1,2022-08-04,Technical,2.0,Passed
1513,1729,1,2021-04-14,HR,2.6,Rejected
1514,1729,2,2021-04-10,HR,4.2,Passed
1515,1731,1,2021-10-24,Manager,4.3,Passed
1516,1731,2,2021-10-18,Technical,3.0,Passed
1517,1731,3,2021-09-19,Technical,3.0,Passed
1518,1733,1,2025-12-10,HR,3.4,Passed
1519,1733,2,2025-11-26,Manager,4.6,Selected
1520,1734,1,2022-05-19,Manager,3.4,Passed
1521,1734,2,2022-05-29,Technical,3.5,Passed
1522,1734,3,2022-06-19,HR,2.7,Passed
1523,1735,1,2025-03-04,Technical,3.3,Selected
1524,1737,1,2025-12-20,HR,4.9,Passed
1525,1737,2,2025-11-15,Manager,3.7,Passed
1526,1738,1,2023-04-25,Manager,3.8,Passed
1527,1738,2,2023-03-13,Technical,3.3,Passed
1528,1738,3,2023-04-18,Manager,2.1,Passed
1529,1739,1,2023-02-15,Manager,4.4,Passed
1530,1739,2,2023-01-16,Manager,3.0,Selected
1531,1740,1,2022-09-30,Manager,2.7,Selected
1532,1742,1,2022-05-14,Technical,4.2,Selected
1533,1744,1,2021-06-08,Technical,2.9,Rejected
1534,1744,2,2021-06-20,HR,2.0,Passed
1535,1744,3,2021-06-15,Manager,3.5,Rejected
1536,1745,1,2023-01-24,HR,4.3,Rejected
1537,1745,2,2023-02-05,Manager,2.2,Selected
1538,1749,1,2025-11-05,HR,3.1,Rejected
1539,1749,2,2025-10-25,HR,2.8,Passed
1540,1749,3,2025-09-15,HR,3.4,Selected
1541,1753,1,2024-03-29,Manager,4.2,Rejected
1542,1753,2,2024-03-07,Technical,4.8,Rejected
1543,1753,3,2024-03-12,Manager,4.6,Selected
1544,1754,1,2022-12-16,HR,3.2,Selected
1545,1755,1,2022-12-28,HR,4.0,Selected
1546,1766,1,2022-06-01,Manager,2.4,Rejected
1547,1766,2,2022-04-17,Manager,4.8,Selected
1548,1770,1,2024-03-31,HR,4.7,Passed
1549,1770,2,2024-03-03,Technical,4.5,Rejected
1550,1770,3,2024-02-29,Manager,4.7,Selected
1551,1772,1,2022-04-24,HR,2.6,Selected
1552,1775,1,2022-11-25,HR,4.4,Passed
1553,1775,2,2022-12-17,Technical,3.3,Selected
1554,1776,1,2023-07-06,Technical,2.4,Rejected
1555,1776,2,2023-07-11,Manager,3.6,Rejected
1556,1778,1,2024-04-23,Manager,3.7,Passed
1557,1778,2,2024-05-22,Manager,3.2,Passed
1558,1778,3,2024-04-26,Technical,4.6,Passed
1559,1780,1,2022-11-25,HR,3.7,Passed
1560,1780,2,2022-12-10,HR,4.2,Passed
1561,1780,3,2022-11-13,Manager,4.9,Passed
1562,1790,1,2021-12-23,HR,2.9,Selected
1563,1793,1,2022-05-31,Manager,4.1,Passed
1564,1793,2,2022-05-31,HR,3.4,Selected
1565,1795,1,2022-02-09,Manager,4.1,Rejected
1566,1795,2,2022-01-04,Manager,2.5,Passed
1567,1795,3,2022-02-04,Technical,4.0,Passed
1568,1798,1,2021-03-13,HR,2.6,Passed
1569,1798,2,2021-04-01,Manager,2.8,Selected
1570,1800,1,2024-08-05,Manager,4.0,Passed
1571,1800,2,2024-07-17,HR,4.6,Selected
1572,1801,1,2021-09-14,Manager,4.8,Passed
1573,1801,2,2021-10-08,HR,3.7,Selected
1574,1804,1,2025-01-30,Technical,4.2,Passed
1575,1809,1,2025-07-24,HR,4.0,Passed
1576,1809,2,2025-06-26,Technical,2.8,Passed
1577,1809,3,2025-08-14,Technical,2.2,Selected
1578,1812,1,2021-11-27,HR,2.7,Passed
1579,1812,2,2021-11-01,HR,2.4,Passed
1580,1812,3,2021-12-10,Technical,2.7,Selected
1581,1813,1,2024-11-02,Technical,3.6,Selected
1582,1814,1,2021-11-01,Manager,3.1,Passed
1583,1814,2,2021-11-17,HR,4.1,Rejected
1584,1814,3,2021-10-22,Technical,4.6,Rejected
1585,1815,1,2024-04-21,Technical,3.8,Passed
1586,1815,2,2024-04-10,Technical,4.5,Passed
1587,1815,3,2024-04-09,Technical,5.0,Passed
1588,1817,1,2021-01-11,Manager,4.8,Rejected
1589,1819,1,2021-04-27,Technical,4.6,Rejected
1590,1822,1,2024-06-23,Manager,3.8,Selected
1591,1829,1,2025-01-19,Technical,3.4,Rejected
1592,1829,2,2024-12-16,Manager,2.8,Rejected
1593,1829,3,2025-01-15,Manager,2.5,Selected
1594,1832,1,2022-10-08,Manager,2.3,Passed
1595,1832,2,2022-11-02,Manager,2.2,Rejected
1596,1832,3,2022-09-26,Technical,3.6,Selected
1597,1833,1,2024-04-25,Technical,4.2,Passed
1598,1833,2,2024-04-15,Manager,2.3,Rejected
1599,1834,1,2022-10-12,HR,3.0,Rejected
1600,1834,2,2022-09-02,Manager,2.4,Passed
1601,1834,3,2022-09-09,Technical,4.7,Passed
1602,1839,1,2022-04-25,HR,3.6,Passed
1603,1839,2,2022-04-29,Technical,2.3,Passed
1604,1839,3,2022-04-15,HR,3.2,Selected
1605,1842,1,2024-06-17,HR,4.3,Passed
1606,1843,1,2023-11-03,HR,2.1,Rejected
1607,1843,2,2023-11-17,HR,4.7,Passed
1608,1843,3,2023-12-12,Manager,2.5,Selected
1609,1845,1,2022-12-01,HR,2.8,Rejected
1610,1845,2,2023-01-07,Technical,4.9,Passed
1611,1845,3,2022-11-27,HR,2.0,Rejected
1612,1847,1,2022-02-15,Technical,4.5,Passed
1613,1847,2,2022-03-24,Manager,3.7,Passed
1614,1847,3,2022-03-19,Manager,4.0,Selected
1615,1854,1,2025-01-21,HR,3.0,Selected
1616,1855,1,2025-04-05,Technical,2.6,Passed
1617,1855,2,2025-04-06,Manager,4.8,Passed
1618,1855,3,2025-04-08,Technical,3.7,Selected
1619,1861,1,2024-10-30,Technical,3.3,Passed
1620,1861,2,2024-11-10,Manager,5.0,Rejected
1621,1862,1,2023-09-16,HR,3.3,Passed
1622,1864,1,2024-11-25,Manager,3.9,Passed
1623,1865,1,2025-11-13,HR,2.6,Passed
1624,1871,1,2021-03-26,HR,4.2,Rejected
1625,1871,2,2021-04-11,Manager,4.6,Passed
1626,1871,3,2021-05-07,Technical,2.9,Selected
1627,1873,1,2022-12-01,Manager,3.4,Rejected
1628,1873,2,2022-10-23,HR,4.9,Selected
1629,1876,1,2022-03-28,HR,2.4,Passed
1630,1876,2,2022-02-18,HR,3.2,Rejected
1631,1876,3,2022-02-21,Technical,4.7,Selected
1632,1878,1,2021-10-21,HR,3.4,Passed
1633,1881,1,2023-10-12,HR,3.6,Passed
1634,1881,2,2023-10-10,HR,4.0,Rejected
1635,1881,3,2023-10-27,Manager,4.8,Selected
1636,1883,1,2025-11-25,Technical,4.4,Passed
1637,1883,2,2025-11-28,HR,3.4,Rejected
1638,1883,3,2025-12-02,HR,4.8,Selected
1639,1884,1,2024-12-07,Technical,4.8,Rejected
1640,1884,2,2024-12-07,Technical,4.9,Passed
1641,1887,1,2023-05-29,Manager,2.1,Rejected
1642,1887,2,2023-05-22,Manager,4.2,Selected
1643,1890,1,2021-04-30,HR,4.7,Rejected
1644,1890,2,2021-05-20,Technical,4.2,Passed
1645,1891,1,2021-12-06,Technical,4.1,Passed
1646,1893,1,2025-08-19,Technical,2.4,Rejected
1647,1894,1,2025-02-14,Manager,2.6,Rejected
1648,1894,2,2025-03-05,HR,4.0,Passed
1649,1895,1,2022-07-09,Technical,3.2,Rejected
1650,1898,1,2024-08-08,HR,3.4,Passed
1651,1898,2,2024-09-10,Manager,3.4,Rejected
1652,1900,1,2022-02-19,Manager,4.6,Rejected
1653,1900,2,2022-01-25,HR,3.9,Selected
1654,1901,1,2021-12-04,Manager,2.1,Selected
1655,1902,1,2022-08-30,Technical,2.2,Selected
1656,1903,1,2022-02-16,HR,2.6,Selected
1657,1904,1,2022-06-10,Manager,3.2,Rejected
1658,1904,2,2022-05-15,Manager,2.7,Selected
1659,1905,1,2025-09-24,Manager,2.5,Passed
1660,1905,2,2025-11-17,Manager,5.0,Passed
1661,1905,3,2025-10-09,HR,4.8,Selected
1662,1908,1,2023-09-16,HR,3.5,Passed
1663,1908,2,2023-08-29,Technical,2.7,Passed
1664,1908,3,2023-09-18,Manager,3.0,Selected
1665,1910,1,2023-06-03,HR,4.0,Selected
1666,1915,1,2025-05-03,HR,4.8,Rejected
1667,1915,2,2025-04-04,HR,4.2,Passed
1668,1915,3,2025-05-06,Manager,3.5,Selected
1669,1916,1,2022-11-13,Technical,2.1,Selected
1670,1919,1,2021-04-20,Technical,3.8,Rejected
1671,1919,2,2021-04-16,Technical,4.5,Passed
1672,1919,3,2021-05-14,HR,3.8,Rejected
1673,1922,1,2024-06-05,Technical,2.6,Rejected
1674,1922,2,2024-05-18,Manager,2.5,Passed
1675,1922,3,2024-05-03,Manager,3.4,Passed
1676,1926,1,2025-06-17,Manager,4.9,Rejected
1677,1927,1,2021-04-14,HR,4.3,Passed
1678,1932,1,2023-08-20,Technical,2.8,Passed
1679,1932,2,2023-08-18,Technical,4.1,Selected
1680,1933,1,2025-02-09,Technical,4.3,Selected
1681,1935,1,2025-04-07,Manager,4.2,Selected
1682,1938,1,2021-07-20,Manager,3.7,Passed
1683,1938,2,2021-07-04,Manager,4.3,Passed
1684,1939,1,2025-06-16,Manager,3.3,Rejected
1685,1940,1,2025-12-11,HR,4.3,Selected
1686,1941,1,2023-11-17,Manager,4.0,Passed
1687,1941,2,2023-11-11,Technical,4.0,Rejected
1688,1941,3,2023-11-11,Manager,4.9,Selected
1689,1946,1,2024-05-30,Manager,2.6,Passed
1690,1946,2,2024-05-02,Manager,4.6,Passed
1691,1946,3,2024-05-08,Technical,2.3,Rejected
1692,1950,1,2023-01-18,Technical,2.6,Passed
1693,1950,2,2023-02-02,HR,3.7,Rejected
1694,1952,1,2022-10-23,Technical,4.1,Rejected
1695,1952,2,2022-11-03,HR,3.8,Selected
1696,1953,1,2021-07-19,Manager,3.8,Passed
1697,1953,2,2021-07-22,HR,3.2,Rejected
1698,1953,3,2021-08-16,Technical,4.1,Rejected
1699,1954,1,2022-01-17,HR,3.0,Passed
1700,1957,1,2025-02-12,Manager,4.8,Passed
1701,1957,2,2025-03-11,Manager,4.2,Passed
1702,1957,3,2025-03-01,HR,4.5,Rejected
1703,1958,1,2022-05-25,Technical,3.8,Passed
1704,1958,2,2022-06-06,Manager,3.0,Rejected
1705,1958,3,2022-07-04,HR,5.0,Rejected
1706,1961,1,2022-10-21,Technical,2.2,Passed
1707,1962,1,2023-08-22,HR,2.9,Passed
1708,1962,2,2023-09-15,Manager,4.9,Passed
1709,1962,3,2023-08-24,Technical,4.3,Selected
1710,1964,1,2021-05-31,Manager,2.1,Passed
1711,1964,2,2021-05-24,Technical,2.1,Passed
1712,1965,1,2021-05-30,Manager,2.8,Selected
1713,1972,1,2025-10-22,Manager,4.6,Passed
1714,1972,2,2025-10-09,HR,3.9,Rejected
1715,1972,3,2025-11-05,Manager,4.4,Selected
1716,1973,1,2025-03-06,HR,4.7,Rejected
1717,1973,2,2025-03-27,Manager,2.7,Selected
1718,1975,1,2025-03-01,Manager,2.5,Passed
1719,1975,2,2025-02-11,Manager,3.3,Selected
1720,1977,1,2021-03-17,HR,4.7,Rejected
1721,1977,2,2021-03-26,Manager,5.0,Selected
1722,1982,1,2024-07-02,Technical,2.8,Passed
1723,1982,2,2024-06-27,Technical,4.0,Rejected
1724,1982,3,2024-08-16,Technical,2.2,Passed
1725,1985,1,2024-02-10,HR,2.2,Selected
1726,1989,1,2021-07-28,Technical,2.5,Passed
1727,1989,2,2021-08-11,Manager,2.8,Passed
1728,1989,3,2021-07-07,Technical,4.6,Passed
1729,1991,1,2023-07-06,Technical,3.5,Passed
1730,1991,2,2023-06-15,HR,3.5,Passed
1731,1991,3,2023-05-25,Technical,4.0,Passed
1732,1992,1,2023-04-13,Manager,3.2,Passed
1733,1992,2,2023-04-27,Technical,4.9,Selected
1734,1994,1,2023-12-18,HR,4.7,Passed
1735,1994,2,2023-11-24,HR,3.6,Passed
1736,1994,3,2023-12-14,HR,4.7,Selected
1737,1997,1,2021-05-20,Technical,2.8,Selected
1738,2003,1,2023-10-20,HR,4.4,Selected
1739,2005,1,2024-12-07,Technical,3.6,Passed
1740,2005,2,2024-11-22,Technical,4.4,Selected
1741,2006,1,2023-09-22,HR,4.1,Rejected
1742,2006,2,2023-09-18,HR,3.4,Rejected
1743,2007,1,2024-01-15,Manager,2.6,Selected
1744,2009,1,2022-09-03,HR,4.1,Rejected
1745,2009,2,2022-08-03,HR,3.1,Passed
1746,2009,3,2022-07-19,Manager,4.8,Passed
1747,2011,1,2021-10-18,Manager,2.2,Passed
1748,2011,2,2021-09-19,Manager,2.3,Selected
1749,2013,1,2024-04-02,Manager,4.8,Passed
1750,2013,2,2024-04-27,Manager,3.5,Rejected
1751,2013,3,2024-04-23,Technical,2.1,Rejected
1752,2014,1,2022-01-29,Manager,3.7,Passed
1753,2014,2,2022-03-18,Manager,4.7,Passed
1754,2015,1,2023-01-13,HR,2.3,Selected
1755,2018,1,2024-12-30,Technical,3.8,Rejected
1756,2018,2,2024-12-20,Manager,2.2,Passed
1757,2020,1,2022-04-08,Manager,2.4,Passed
1758,2023,1,2021-12-02,Manager,4.2,Rejected
1759,2023,2,2022-01-12,Manager,4.3,Passed
1760,2026,1,2024-11-05,Technical,2.5,Passed
1761,2026,2,2024-10-22,HR,3.3,Passed
1762,2026,3,2024-11-17,Manager,3.6,Selected
1763,2029,1,2022-05-30,Technical,2.4,Passed
1764,2029,2,2022-05-16,HR,4.0,Rejected
1765,2029,3,2022-04-21,HR,2.1,Rejected
1766,2030,1,2024-08-07,Manager,3.0,Rejected
1767,2030,2,2024-08-31,Technical,3.7,Selected
1768,2031,1,2025-07-16,Technical,4.9,Rejected
1769,2031,2,2025-07-30,HR,2.0,Passed
1770,2031,3,2025-07-05,HR,3.7,Selected
1771,2034,1,2021-11-27,Manager,4.1,Passed
1772,2034,2,2021-11-20,Technical,3.3,Passed
1773,2034,3,2022-01-01,HR,2.1,Passed
1774,2038,1,2025-05-13,Manager,3.2,Selected
1775,2039,1,2023-04-17,HR,2.8,Rejected
1776,2039,2,2023-04-14,Technical,4.7,Rejected
1777,2039,3,2023-04-18,Manager,4.3,Selected
1778,2040,1,2024-10-05,Technical,3.5,Selected
1779,2045,1,2025-12-04,Manager,4.5,Passed
1780,2045,2,2026-01-04,HR,3.4,Passed
1781,2045,3,2025-11-15,Technical,3.5,Passed
1782,2046,1,2025-03-11,HR,3.6,Passed
1783,2046,2,2025-03-04,Manager,3.0,Passed
1784,2048,1,2024-10-08,Technical,2.3,Rejected
1785,2048,2,2024-10-12,Manager,3.5,Selected
1786,2049,1,2021-12-05,HR,3.3,Selected
1787,2051,1,2022-12-31,HR,2.3,Passed
1788,2051,2,2022-12-17,Technical,3.7,Passed
1789,2051,3,2023-01-26,HR,4.7,Rejected
1790,2054,1,2023-08-09,Technical,4.8,Selected
1791,2055,1,2025-09-10,HR,2.3,Passed
1792,2055,2,2025-09-02,HR,3.4,Passed
1793,2055,3,2025-09-05,Technical,4.5,Passed
1794,2056,1,2023-05-15,HR,2.1,Passed
1795,2056,2,2023-05-24,Technical,3.2,Selected
1796,2058,1,2024-02-26,HR,4.6,Passed
1797,2058,2,2024-02-21,Manager,3.0,Passed
1798,2063,1,2024-01-25,Manager,3.4,Passed
1799,2063,2,2023-12-26,Technical,4.4,Rejected
1800,2063,3,2024-01-07,Technical,4.8,Selected
1801,2064,1,2023-08-18,HR,4.9,Selected
1802,2065,1,2024-09-30,Manager,2.4,Passed
1803,2065,2,2024-09-16,Manager,2.5,Passed
1804,2065,3,2024-10-29,Technical,3.2,Passed
1805,2068,1,2026-01-23,Manager,3.9,Passed
1806,2068,2,2026-02-01,HR,2.4,Passed
1807,2068,3,2026-01-06,Manager,3.0,Passed
1808,2073,1,2025-02-03,HR,3.5,Rejected
1809,2073,2,2025-02-04,Manager,3.3,Passed
1810,2073,3,2025-02-23,Manager,4.1,Passed
1811,2077,1,2024-06-25,Technical,2.8,Passed
1812,2077,2,2024-07-05,Manager,5.0,Selected
1813,2080,1,2023-02-01,Technical,4.1,Passed
1814,2080,2,2023-01-26,Technical,3.2,Passed
1815,2081,1,2021-11-26,Technical,3.3,Rejected
1816,2081,2,2021-12-18,Manager,4.2,Passed
1817,2081,3,2021-11-15,HR,2.9,Selected
1818,2082,1,2025-01-25,Technical,3.0,Rejected
1819,2082,2,2025-02-22,Manager,3.4,Passed
1820,2082,3,2025-01-17,HR,4.9,Rejected
1821,2085,1,2023-04-17,Manager,4.4,Selected
1822,2086,1,2024-05-17,Manager,4.2,Passed
1823,2086,2,2024-04-08,HR,4.7,Selected
1824,2091,1,2022-03-06,HR,4.4,Passed
1825,2091,2,2022-04-02,Manager,2.8,Rejected
1826,2091,3,2022-02-25,Technical,3.7,Passed
1827,2092,1,2022-11-29,Manager,2.4,Passed
1828,2092,2,2022-12-08,HR,3.7,Passed
1829,2092,3,2022-11-14,HR,4.2,Selected
1830,2094,1,2025-01-25,HR,3.3,Selected
1831,2096,1,2025-08-02,Manager,4.4,Selected
1832,2097,1,2021-12-13,Manager,2.3,Passed
1833,2097,2,2021-12-13,HR,3.7,Selected
1834,2101,1,2024-03-26,Technical,3.0,Rejected
1835,2101,2,2024-03-29,Technical,4.3,Passed
1836,2103,1,2023-04-22,Technical,3.8,Passed
1837,2103,2,2023-05-10,HR,5.0,Selected
1838,2105,1,2022-03-10,HR,3.7,Passed
1839,2106,1,2023-01-23,Manager,4.5,Passed
1840,2106,2,2023-01-25,Technical,4.5,Passed
1841,2106,3,2023-02-11,Manager,3.0,Passed
1842,2108,1,2023-12-21,HR,4.5,Rejected
1843,2108,2,2024-01-06,Manager,2.9,Selected
1844,2109,1,2023-08-31,HR,3.3,Rejected
1845,2109,2,2023-10-12,Technical,2.3,Passed
1846,2109,3,2023-09-09,HR,3.1,Passed
1847,2111,1,2025-10-12,Technical,4.3,Selected
1848,2112,1,2023-07-08,Manager,3.6,Passed
1849,2112,2,2023-05-18,Manager,2.8,Selected
1850,2116,1,2024-02-07,Manager,3.4,Selected
1851,2125,1,2024-06-28,Technical,4.5,Rejected
1852,2125,2,2024-07-09,Technical,3.8,Selected
1853,2127,1,2022-03-07,HR,4.2,Rejected
1854,2127,2,2022-04-16,Manager,2.0,Passed
1855,2127,3,2022-04-06,HR,4.0,Rejected
1856,2132,1,2024-03-18,Manager,2.8,Selected
1857,2134,1,2023-07-08,HR,4.8,Rejected
1858,2134,2,2023-05-28,HR,2.9,Selected
1859,2136,1,2024-06-17,Technical,2.8,Passed
1860,2136,2,2024-07-08,HR,2.7,Rejected
1861,2136,3,2024-06-01,HR,4.8,Selected
1862,2138,1,2024-06-07,Technical,4.1,Passed
1863,2138,2,2024-06-25,HR,3.4,Selected
1864,2142,1,2023-11-01,Manager,2.8,Rejected
1865,2142,2,2023-11-03,Manager,3.5,Rejected
1866,2142,3,2023-10-15,HR,3.4,Passed
1867,2143,1,2021-10-25,Manager,2.2,Passed
1868,2143,2,2021-10-07,Manager,3.1,Rejected
1869,2143,3,2021-09-30,Technical,2.7,Rejected
1870,2144,1,2024-07-10,Manager,3.0,Rejected
1871,2144,2,2024-08-02,Technical,4.0,Rejected
1872,2144,3,2024-07-14,HR,4.5,Passed
1873,2145,1,2025-09-30,Manager,2.2,Passed
1874,2145,2,2025-10-30,HR,2.5,Passed
1875,2145,3,2025-10-21,HR,3.5,Rejected
1876,2146,1,2025-10-11,Technical,4.0,Passed
1877,2146,2,2025-09-28,HR,2.5,Selected
1878,2152,1,2021-09-13,HR,3.5,Passed
1879,2152,2,2021-09-21,Manager,2.1,Passed
1880,2154,1,2021-12-17,Technical,3.2,Passed
1881,2155,1,2021-09-14,Manager,4.9,Selected
1882,2156,1,2024-10-30,Manager,2.3,Selected
1883,2159,1,2024-06-26,Technical,4.7,Passed
1884,2159,2,2024-07-03,Manager,3.0,Selected
1885,2160,1,2024-05-20,Manager,4.5,Passed
1886,2160,2,2024-04-01,Technical,2.1,Selected
1887,2161,1,2025-07-08,Manager,2.7,Selected
1888,2164,1,2021-11-22,Technical,4.9,Selected
1889,2170,1,2023-01-14,Technical,3.6,Rejected
1890,2172,1,2025-12-04,Manager,3.7,Selected
1891,2173,1,2025-05-06,Technical,2.4,Rejected
1892,2173,2,2025-05-31,Manager,3.5,Selected
1893,2176,1,2022-04-12,Technical,4.8,Passed
1894,2178,1,2022-12-04,Manager,3.1,Rejected
1895,2178,2,2022-12-18,Manager,4.9,Passed
1896,2179,1,2023-11-10,HR,3.0,Rejected
1897,2182,1,2023-04-19,HR,2.1,Passed
1898,2183,1,2024-05-23,Manager,2.9,Passed
1899,2183,2,2024-06-12,Manager,4.6,Rejected
1900,2184,1,2021-06-14,Manager,3.7,Selected
1901,2185,1,2022-10-21,Manager,4.3,Rejected
1902,2185,2,2022-09-30,HR,4.7,Passed
1903,2185,3,2022-09-19,HR,2.8,Passed
1904,2190,1,2025-01-26,HR,2.9,Selected
1905,2191,1,2023-09-27,HR,4.2,Passed
1906,2191,2,2023-09-23,Manager,2.7,Passed
1907,2191,3,2023-10-16,Technical,3.8,Selected
1908,2194,1,2024-06-23,Technical,3.7,Passed
1909,2197,1,2024-11-28,Technical,2.3,Passed
1910,2197,2,2024-12-08,Manager,2.2,Passed
1911,2197,3,2024-10-19,HR,3.5,Selected
1912,2201,1,2022-02-03,HR,2.8,Selected
1913,2206,1,2024-11-20,HR,2.3,Rejected
1914,2206,2,2024-11-28,Technical,4.4,Passed
1915,2207,1,2024-01-25,HR,3.1,Passed
1916,2207,2,2024-02-27,HR,3.3,Passed
1917,2210,1,2022-10-15,Manager,4.6,Passed
1918,2215,1,2025-02-04,HR,2.4,Rejected
1919,2215,2,2025-01-08,Technical,4.3,Passed
1920,2217,1,2021-10-21,Technical,4.5,Rejected
1921,2217,2,2021-10-27,Technical,3.2,Passed
1922,2217,3,2021-09-16,HR,4.0,Selected
1923,2219,1,2025-11-22,HR,4.8,Selected
1924,2221,1,2024-10-04,Technical,4.5,Rejected
1925,2221,2,2024-10-11,Manager,3.9,Passed
1926,2223,1,2025-12-20,Technical,2.9,Rejected
1927,2223,2,2026-02-01,HR,4.0,Selected
1928,2225,1,2022-05-08,Manager,3.2,Selected
1929,2226,1,2023-07-13,HR,3.0,Passed
1930,2226,2,2023-06-14,Manager,4.8,Passed
1931,2226,3,2023-07-15,HR,4.4,Selected
1932,2228,1,2023-12-21,HR,3.4,Selected
1933,2231,1,2024-05-19,Manager,2.4,Rejected
1934,2231,2,2024-06-24,Manager,2.2,Selected
1935,2232,1,2025-05-29,Manager,3.6,Rejected
1936,2233,1,2023-07-25,Manager,3.5,Passed
1937,2234,1,2026-01-04,Technical,4.1,Selected
1938,2240,1,2022-12-21,Technical,2.9,Passed
1939,2240,2,2023-01-30,HR,5.0,Passed
1940,2240,3,2023-02-07,Manager,2.3,Passed
1941,2241,1,2023-01-20,HR,4.1,Rejected
1942,2241,2,2022-12-23,Manager,2.9,Passed
1943,2242,1,2025-03-20,Technical,3.4,Rejected
1944,2242,2,2025-02-11,Manager,4.9,Selected
1945,2243,1,2023-06-09,Technical,4.0,Passed
1946,2243,2,2023-06-21,Technical,3.5,Passed
1947,2243,3,2023-06-24,Manager,4.6,Selected
1948,2247,1,2024-05-11,Technical,2.6,Passed
1949,2247,2,2024-04-20,Manager,2.4,Selected
1950,2252,1,2022-12-22,Manager,2.9,Passed
1951,2252,2,2022-11-29,HR,2.3,Selected
1952,2253,1,2021-04-23,Manager,3.0,Selected
1953,2256,1,2025-05-21,Manager,3.2,Passed
1954,2256,2,2025-07-11,Technical,4.0,Selected
1955,2257,1,2023-02-11,Technical,2.7,Rejected
1956,2259,1,2021-10-29,HR,4.3,Passed
1957,2259,2,2021-09-28,Technical,2.9,Rejected
1958,2259,3,2021-10-22,Technical,3.9,Selected
1959,2261,1,2023-05-16,Technical,4.0,Passed
1960,2261,2,2023-05-06,HR,4.2,Selected
1961,2262,1,2024-12-14,Technical,3.3,Passed
1962,2262,2,2025-01-11,HR,2.8,Rejected
1963,2262,3,2025-01-08,HR,4.5,Selected
1964,2263,1,2023-01-08,Manager,3.1,Rejected
1965,2264,1,2021-06-01,HR,4.9,Passed
1966,2264,2,2021-05-25,HR,2.3,Passed
1967,2269,1,2023-06-21,HR,2.1,Passed
1968,2269,2,2023-06-22,Technical,3.9,Rejected
1969,2272,1,2021-09-03,Manager,5.0,Rejected
1970,2272,2,2021-09-30,Manager,2.3,Selected
1971,2276,1,2023-04-18,Manager,4.7,Rejected
1972,2277,1,2023-08-09,Manager,4.9,Rejected
1973,2278,1,2023-10-02,Technical,2.3,Passed
1974,2278,2,2023-10-02,Technical,3.1,Selected
1975,2282,1,2024-05-03,HR,4.3,Passed
1976,2282,2,2024-04-24,Technical,3.7,Passed
1977,2282,3,2024-03-29,HR,4.4,Selected
1978,2287,1,2022-03-04,HR,3.4,Rejected
1979,2288,1,2023-02-10,Technical,4.4,Passed
1980,2288,2,2022-12-24,HR,2.7,Passed
1981,2292,1,2021-12-16,Manager,4.4,Rejected
1982,2292,2,2021-12-10,Manager,2.6,Selected
1983,2293,1,2022-12-22,Manager,4.6,Rejected
1984,2293,2,2023-01-17,Manager,4.3,Rejected
1985,2293,3,2023-02-02,Technical,2.0,Passed
1986,2295,1,2023-12-04,HR,4.9,Passed
1987,2295,2,2024-01-20,HR,2.2,Selected
1988,2307,1,2021-08-12,Manager,3.3,Rejected
1989,2307,2,2021-08-31,Manager,4.4,Selected
1990,2308,1,2024-08-24,HR,4.8,Rejected
1991,2308,2,2024-09-28,Manager,4.9,Passed
1992,2308,3,2024-08-08,HR,3.4,Selected
1993,2312,1,2024-06-07,Technical,4.2,Rejected
1994,2312,2,2024-05-31,Technical,2.2,Passed
1995,2312,3,2024-05-24,Technical,2.9,Selected
1996,2313,1,2021-05-05,Technical,3.4,Selected
1997,2314,1,2021-04-04,HR,4.8,Passed
1998,2315,1,2021-09-04,Manager,3.4,Passed
1999,2318,1,2023-03-01,Manager,4.2,Rejected
2000,2318,2,2023-02-01,HR,4.9,Rejected
2001,2322,1,2023-03-07,Technical,4.9,Selected
2002,2323,1,2023-04-21,Technical,2.2,Selected
2003,2325,1,2022-05-15,HR,3.9,Passed
2004,2325,2,2022-06-08,HR,3.1,Passed
2005,2325,3,2022-05-06,Technical,2.1,Passed
2006,2326,1,2022-06-30,Technical,3.2,Passed
2007,2326,2,2022-07-23,Manager,2.4,Selected
2008,2329,1,2022-10-05,Technical,3.3,Selected
2009,2331,1,2023-07-06,Manager,2.4,Rejected
2010,2331,2,2023-07-03,Technical,2.8,Passed
2011,2331,3,2023-07-06,Manager,2.6,Selected
2012,2334,1,2023-08-27,Technical,4.7,Passed
2013,2335,1,2023-04-20,HR,3.2,Passed
2014,2335,2,2023-03-20,HR,2.2,Selected
2015,2340,1,2022-07-03,Manager,3.6,Rejected
2016,2340,2,2022-08-01,Manager,2.3,Passed
2017,2340,3,2022-06-26,Manager,3.6,Rejected
2018,2343,1,2021-11-29,Manager,4.4,Rejected
2019,2343,2,2021-11-05,HR,3.8,Passed
2020,2343,3,2021-12-09,Technical,3.5,Selected
2021,2345,1,2023-05-07,Technical,3.3,Selected
2022,2348,1,2025-04-10,Manager,3.9,Passed
2023,2348,2,2025-04-08,Manager,3.7,Passed
2024,2350,1,2025-08-17,Technical,3.2,Passed
2025,2351,1,2021-10-06,Technical,3.1,Passed
2026,2351,2,2021-10-14,HR,4.0,Passed
2027,2352,1,2025-04-12,HR,3.1,Rejected
2028,2352,2,2025-03-31,Manager,2.7,Rejected
2029,2352,3,2025-04-21,Manager,4.5,Rejected
2030,2353,1,2025-12-05,Technical,2.4,Passed
2031,2353,2,2025-12-07,Manager,2.1,Passed
2032,2353,3,2025-12-27,HR,4.8,Passed
2033,2354,1,2022-07-02,Technical,3.9,Selected
2034,2355,1,2023-07-01,Manager,3.4,Selected
2035,2358,1,2025-04-16,HR,3.4,Passed
2036,2358,2,2025-03-15,Technical,4.8,Passed
2037,2358,3,2025-03-12,HR,2.1,Rejected
2038,2359,1,2021-07-25,Manager,3.2,Selected
2039,2361,1,2022-10-07,Technical,4.4,Rejected
2040,2361,2,2022-09-13,HR,3.1,Passed
2041,2362,1,2022-10-06,Technical,2.1,Passed
2042,2362,2,2022-10-17,Manager,4.2,Rejected
2043,2362,3,2022-09-25,Technical,4.1,Selected
2044,2363,1,2021-04-11,Technical,4.8,Selected
2045,2364,1,2023-09-14,Technical,3.9,Passed
2046,2364,2,2023-10-09,Technical,3.6,Selected
2047,2366,1,2023-10-09,HR,3.0,Passed
2048,2369,1,2023-02-20,HR,4.9,Selected
2049,2371,1,2025-08-19,HR,3.5,Rejected
2050,2371,2,2025-08-03,Technical,2.5,Rejected
2051,2371,3,2025-08-06,HR,3.2,Selected
2052,2372,1,2024-11-03,Manager,2.6,Rejected
2053,2372,2,2024-12-02,Manager,2.3,Rejected
2054,2372,3,2024-10-27,HR,3.1,Rejected
2055,2373,1,2022-10-08,Technical,3.5,Passed
2056,2373,2,2022-10-17,Technical,2.7,Passed
2057,2373,3,2022-11-08,HR,3.1,Passed
2058,2379,1,2023-11-10,Technical,2.5,Selected
2059,2380,1,2022-08-19,Manager,2.7,Rejected
2060,2380,2,2022-08-13,Manager,2.6,Rejected
2061,2380,3,2022-09-22,Manager,4.9,Selected
2062,2381,1,2024-02-07,HR,4.4,Rejected
2063,2381,2,2024-02-04,HR,2.7,Passed
2064,2385,1,2023-12-09,Technical,2.1,Passed
2065,2385,2,2023-12-26,Technical,4.0,Selected
2066,2390,1,2022-12-13,Manager,3.7,Passed
2067,2390,2,2022-12-14,Manager,3.6,Selected
2068,2391,1,2025-11-09,Technical,3.4,Selected
2069,2394,1,2024-05-25,Manager,4.9,Selected
2070,2395,1,2022-10-19,HR,4.4,Passed
2071,2395,2,2022-11-09,HR,4.1,Rejected
2072,2395,3,2022-11-11,HR,2.9,Selected
2073,2398,1,2022-03-09,Technical,2.7,Passed
2074,2398,2,2022-02-12,HR,3.9,Selected
2075,2399,1,2024-12-18,HR,4.3,Rejected
2076,2399,2,2024-11-13,Manager,4.7,Rejected
2077,2399,3,2024-12-03,HR,4.9,Passed
2078,2400,1,2022-07-12,Technical,2.4,Selected
2079,2401,1,2022-03-16,Technical,2.0,Selected
2080,2402,1,2021-09-23,Technical,2.8,Selected
2081,2403,1,2022-05-20,HR,5.0,Rejected
2082,2403,2,2022-05-28,HR,2.8,Passed
2083,2404,1,2025-02-02,HR,3.5,Passed
2084,2407,1,2023-10-27,Technical,2.9,Passed
2085,2409,1,2022-10-02,HR,4.1,Rejected
2086,2409,2,2022-10-25,HR,3.8,Passed
2087,2411,1,2024-02-19,Manager,2.3,Passed
2088,2411,2,2024-03-03,HR,3.0,Selected
2089,2415,1,2025-08-06,Technical,3.1,Passed
2090,2415,2,2025-06-20,Technical,3.5,Passed
2091,2415,3,2025-06-29,Manager,3.1,Selected
2092,2418,1,2023-11-10,Technical,2.4,Passed
2093,2418,2,2023-11-03,Technical,3.1,Selected
2094,2419,1,2024-12-03,Technical,4.1,Passed
2095,2420,1,2025-09-05,Technical,2.1,Rejected
2096,2420,2,2025-09-09,Manager,2.4,Selected
2097,2422,1,2021-09-01,Manager,3.4,Passed
2098,2422,2,2021-07-22,Technical,4.6,Passed
2099,2422,3,2021-08-28,HR,4.1,Rejected
2100,2423,1,2022-04-29,HR,3.8,Passed
2101,2423,2,2022-05-29,Technical,4.9,Passed
2102,2423,3,2022-04-28,HR,4.9,Passed
2103,2425,1,2024-02-24,Manager,2.8,Selected
2104,2427,1,2022-12-29,Manager,4.4,Passed
2105,2427,2,2023-01-11,Manager,2.4,Passed
2106,2427,3,2023-01-27,HR,3.1,Passed
2107,2431,1,2025-05-25,HR,3.2,Rejected
2108,2431,2,2025-06-22,Technical,4.1,Selected
2109,2438,1,2025-09-26,Technical,2.0,Passed
2110,2441,1,2023-03-28,Manager,2.6,Passed
2111,2441,2,2023-04-05,HR,3.6,Rejected
2112,2441,3,2023-04-18,Technical,2.4,Selected
2113,2443,1,2021-06-01,Technical,4.9,Passed
2114,2443,2,2021-04-24,Manager,3.3,Selected
2115,2444,1,2023-03-30,Manager,4.9,Passed
2116,2444,2,2023-02-26,HR,2.4,Rejected
2117,2444,3,2023-02-10,HR,2.2,Passed
2118,2446,1,2022-09-13,Technical,4.6,Rejected
2119,2447,1,2025-09-27,Technical,4.5,Selected
2120,2448,1,2023-10-14,Manager,5.0,Selected
2121,2449,1,2024-09-10,Manager,2.7,Passed
2122,2449,2,2024-09-11,HR,3.2,Rejected
2123,2449,3,2024-11-02,Technical,2.3,Passed
2124,2450,1,2023-05-25,HR,2.3,Selected
2125,2452,1,2021-12-03,Manager,4.6,Passed
2126,2452,2,2021-11-27,Technical,4.8,Selected
2127,2459,1,2024-01-20,Technical,4.4,Selected
2128,2462,1,2021-03-02,HR,4.2,Passed
2129,2462,2,2021-03-20,Manager,4.1,Passed
2130,2465,1,2021-03-21,Manager,4.9,Passed
2131,2465,2,2021-02-26,HR,4.6,Passed
2132,2465,3,2021-02-17,Manager,4.3,Selected
2133,2467,1,2024-01-08,Manager,4.4,Rejected
2134,2467,2,2023-11-27,HR,2.4,Rejected
2135,2468,1,2025-06-29,Manager,3.4,Passed
2136,2473,1,2021-02-04,Manager,3.3,Passed
2137,2473,2,2021-01-30,Technical,2.1,Selected
2138,2474,1,2025-07-06,Manager,2.0,Rejected
2139,2475,1,2023-06-22,Technical,2.7,Passed
2140,2475,2,2023-07-06,HR,2.3,Selected
2141,2478,1,2022-02-19,Technical,3.8,Rejected
2142,2478,2,2022-03-28,HR,3.6,Passed
2143,2480,1,2024-01-15,HR,2.2,Passed
2144,2480,2,2024-01-09,HR,4.0,Passed
2145,2480,3,2024-01-09,Manager,3.4,Passed
2146,2481,1,2022-02-19,Technical,2.9,Passed
2147,2481,2,2022-01-27,Technical,4.8,Selected
2148,2482,1,2021-11-15,Technical,3.3,Rejected
2149,2482,2,2021-12-05,Manager,4.9,Selected
2150,2489,1,2025-10-24,Manager,4.5,Passed
2151,2489,2,2025-11-25,HR,3.4,Passed
2152,2489,3,2025-10-23,Technical,4.6,Rejected
2153,2490,1,2022-12-02,Manager,3.3,Passed
2154,2490,2,2023-01-06,Technical,2.8,Passed
2155,2494,1,2024-09-15,HR,2.4,Selected
2156,2495,1,2022-12-14,Manager,2.3,Passed
2157,2495,2,2022-12-25,Technical,4.5,Selected
2158,2496,1,2023-08-16,Technical,2.4,Selected
2159,2497,1,2025-10-01,Technical,2.4,Selected
2160,2498,1,2024-07-21,Technical,3.5,Selected
2161,2501,1,2025-09-20,Manager,2.6,Rejected
2162,2501,2,2025-08-29,Manager,5.0,Rejected
2163,2501,3,2025-08-19,Technical,3.0,Selected
2164,2502,1,2022-07-21,Technical,4.8,Rejected
2165,2506,1,2021-06-06,Manager,3.7,Passed
2166,2506,2,2021-05-07,HR,3.8,Passed
2167,2507,1,2023-07-24,HR,2.6,Selected
2168,2508,1,2022-10-20,Technical,4.2,Selected
2169,2509,1,2025-08-11,Manager,4.9,Rejected
2170,2509,2,2025-07-07,Technical,4.4,Selected
2171,2511,1,2023-03-14,Technical,2.7,Passed
2172,2511,2,2023-03-16,HR,3.4,Rejected
2173,2511,3,2023-04-13,Manager,2.9,Passed
2174,2512,1,2023-05-28,Technical,3.5,Passed
2175,2512,2,2023-05-19,Technical,3.3,Rejected
2176,2512,3,2023-04-29,Technical,4.7,Selected
2177,2514,1,2023-06-27,HR,2.4,Passed
2178,2514,2,2023-06-29,Technical,2.6,Rejected
2179,2516,1,2024-09-24,Manager,2.9,Rejected
2180,2516,2,2024-11-02,HR,4.2,Selected
2181,2517,1,2026-01-03,Manager,2.5,Rejected
2182,2517,2,2025-12-08,Manager,4.3,Passed
2183,2517,3,2025-12-01,Technical,2.6,Passed
2184,2518,1,2022-08-04,Technical,3.0,Rejected
2185,2518,2,2022-08-09,Technical,3.8,Passed
2186,2518,3,2022-08-31,Manager,4.1,Passed
2187,2519,1,2023-07-02,Manager,2.2,Rejected
2188,2519,2,2023-05-26,HR,4.8,Passed
2189,2519,3,2023-06-20,Manager,5.0,Passed
2190,2521,1,2021-04-26,Manager,2.4,Passed
2191,2523,1,2025-03-09,Manager,2.2,Rejected
2192,2523,2,2025-03-23,Manager,2.8,Passed
2193,2523,3,2025-03-18,Technical,2.1,Passed
2194,2532,1,2024-04-21,Manager,3.5,Passed
2195,2532,2,2024-06-05,Manager,3.7,Passed
2196,2532,3,2024-05-22,Manager,4.4,Selected
2197,2533,1,2024-01-23,HR,3.3,Passed
2198,2533,2,2023-11-29,Manager,3.5,Rejected
2199,2536,1,2025-03-10,Technical,3.4,Passed
2200,2536,2,2025-03-02,Technical,4.8,Rejected
2201,2536,3,2025-02-25,Manager,2.9,Selected
2202,2541,1,2025-05-23,HR,4.5,Selected
2203,2542,1,2025-04-24,Technical,3.0,Selected
2204,2543,1,2021-10-13,Manager,4.9,Rejected
2205,2543,2,2021-10-27,Manager,2.2,Rejected
2206,2548,1,2025-11-01,Manager,2.8,Selected
2207,2549,1,2022-08-24,Manager,2.6,Rejected
2208,2549,2,2022-07-06,Manager,4.1,Rejected
2209,2551,1,2022-05-12,Manager,2.2,Passed
2210,2551,2,2022-05-01,HR,4.5,Passed
2211,2551,3,2022-05-30,Technical,4.4,Selected
2212,2552,1,2025-02-18,Manager,3.1,Passed
2213,2552,2,2025-01-21,Manager,2.4,Rejected
2214,2553,1,2025-10-26,Technical,3.8,Passed
2215,2553,2,2025-10-24,HR,2.1,Passed
2216,2557,1,2024-03-17,Manager,4.7,Rejected
2217,2557,2,2024-02-13,HR,4.4,Rejected
2218,2558,1,2023-03-30,Technical,4.3,Rejected
2219,2558,2,2023-03-24,HR,3.2,Passed
2220,2558,3,2023-03-30,HR,4.7,Selected
2221,2559,1,2022-07-10,Technical,4.1,Passed
2222,2559,2,2022-08-28,Manager,4.1,Selected
2223,2562,1,2022-01-12,Manager,3.5,Rejected
2224,2562,2,2022-01-24,HR,4.7,Passed
2225,2562,3,2022-02-11,Technical,4.0,Selected
2226,2563,1,2023-05-18,HR,3.3,Passed
2227,2563,2,2023-07-01,HR,2.6,Passed
2228,2563,3,2023-06-09,Manager,4.4,Selected
2229,2565,1,2024-10-10,Manager,4.0,Passed
2230,2567,1,2022-01-21,Manager,2.8,Rejected
2231,2567,2,2021-12-31,HR,4.7,Passed
2232,2571,1,2022-12-24,Technical,4.7,Passed
2233,2571,2,2022-11-18,HR,3.3,Rejected
2234,2571,3,2022-12-09,HR,4.8,Selected
2235,2572,1,2021-12-06,Manager,2.6,Passed
2236,2572,2,2021-11-12,HR,2.2,Selected
2237,2577,1,2024-01-10,Technical,3.7,Passed
2238,2577,2,2023-12-06,Manager,2.3,Passed
2239,2577,3,2023-12-22,HR,3.7,Selected
2240,2579,1,2025-02-07,Manager,4.2,Selected
2241,2584,1,2024-02-12,HR,2.2,Passed
2242,2584,2,2024-01-05,Technical,3.8,Selected
2243,2585,1,2023-11-15,Manager,3.3,Rejected
2244,2585,2,2023-12-08,Manager,3.4,Passed
2245,2585,3,2023-12-25,HR,2.5,Rejected
2246,2588,1,2021-06-06,Manager,4.0,Passed
2247,2588,2,2021-05-04,HR,3.2,Selected
2248,2589,1,2023-07-15,Manager,2.2,Selected
2249,2590,1,2024-07-12,Manager,2.9,Selected
2250,2592,1,2021-08-07,Technical,2.7,Passed
2251,2593,1,2021-05-12,HR,4.7,Passed
2252,2593,2,2021-06-27,Technical,3.9,Selected
2253,2594,1,2021-01-24,HR,4.5,Selected
2254,2595,1,2025-06-17,Technical,3.8,Rejected
2255,2595,2,2025-05-20,HR,2.7,Passed
2256,2595,3,2025-05-19,Manager,2.0,Selected
2257,2597,1,2025-06-10,Manager,2.1,Passed
2258,2597,2,2025-05-20,Technical,4.4,Rejected
2259,2606,1,2021-03-02,Technical,2.9,Rejected
2260,2606,2,2021-03-18,HR,2.9,Selected
2261,2607,1,2022-11-09,Manager,4.9,Rejected
2262,2607,2,2022-10-01,Manager,2.2,Selected
2263,2609,1,2023-06-07,Manager,4.0,Selected
2264,2610,1,2025-03-27,HR,3.1,Passed
2265,2610,2,2025-05-04,Manager,3.6,Rejected
2266,2612,1,2022-05-05,HR,3.8,Passed
2267,2614,1,2021-12-18,HR,4.1,Rejected
2268,2614,2,2021-12-06,HR,4.8,Passed
2269,2614,3,2021-10-29,HR,3.9,Selected
2270,2615,1,2023-07-29,Manager,2.1,Passed
2271,2615,2,2023-07-12,HR,2.2,Selected
2272,2623,1,2025-10-17,Manager,2.1,Passed
2273,2625,1,2023-08-08,Manager,4.9,Passed
2274,2625,2,2023-06-17,Manager,2.8,Selected
2275,2629,1,2022-09-07,Manager,4.8,Rejected
2276,2629,2,2022-09-12,HR,4.2,Rejected
2277,2632,1,2025-12-07,Manager,3.0,Selected
2278,2633,1,2022-04-21,HR,3.8,Selected
2279,2635,1,2025-01-30,HR,2.3,Selected
2280,2636,1,2024-12-29,HR,3.9,Selected
2281,2638,1,2024-06-04,Manager,2.2,Passed
2282,2638,2,2024-05-15,HR,4.5,Passed
2283,2638,3,2024-05-25,Technical,4.2,Rejected
2284,2639,1,2021-04-05,Technical,3.4,Rejected
2285,2639,2,2021-03-07,Technical,4.9,Passed
2286,2639,3,2021-04-04,Technical,3.2,Selected
2287,2641,1,2021-06-16,HR,4.8,Selected
2288,2643,1,2021-08-16,Manager,3.5,Selected
2289,2644,1,2022-02-05,HR,4.6,Passed
2290,2644,2,2022-01-11,HR,2.9,Rejected
2291,2644,3,2022-03-01,Technical,3.7,Selected
2292,2645,1,2023-03-30,HR,4.1,Rejected
2293,2645,2,2023-04-25,Technical,3.2,Passed
2294,2645,3,2023-05-07,HR,3.3,Selected
2295,2646,1,2024-12-07,Manager,2.7,Passed
2296,2646,2,2025-01-06,HR,2.9,Rejected
2297,2646,3,2024-12-13,Technical,3.4,Selected
2298,2649,1,2024-08-23,Technical,4.2,Passed
2299,2649,2,2024-08-16,Manager,3.6,Selected
2300,2652,1,2022-07-06,Manager,2.9,Rejected
2301,2652,2,2022-06-24,Technical,4.0,Rejected
2302,2652,3,2022-07-12,HR,5.0,Selected
2303,2655,1,2025-03-16,Technical,3.5,Passed
2304,2655,2,2025-03-20,HR,2.9,Passed
2305,2657,1,2021-10-08,Manager,4.7,Passed
2306,2658,1,2023-06-24,Technical,3.1,Rejected
2307,2658,2,2023-06-23,HR,3.9,Selected
2308,2661,1,2022-11-14,HR,4.4,Selected
2309,2663,1,2021-09-01,HR,3.8,Passed
2310,2663,2,2021-08-11,HR,2.7,Passed
2311,2665,1,2022-05-11,HR,2.8,Passed
2312,2667,1,2025-01-16,HR,4.7,Passed
2313,2668,1,2023-01-15,HR,2.4,Rejected
2314,2668,2,2023-02-16,Manager,4.5,Passed
2315,2668,3,2023-01-16,HR,4.7,Passed
2316,2669,1,2025-02-26,Technical,2.6,Passed
2317,2674,1,2024-09-25,Technical,4.7,Passed
2318,2674,2,2024-08-29,HR,4.8,Rejected
2319,2674,3,2024-10-14,HR,4.8,Selected
2320,2675,1,2023-11-11,Manager,2.1,Passed
2321,2675,2,2023-09-23,Technical,4.5,Selected
2322,2676,1,2023-12-30,Technical,4.9,Passed
2323,2676,2,2023-12-11,HR,2.9,Passed
2324,2676,3,2023-12-03,Technical,3.5,Passed
2325,2680,1,2023-01-28,Manager,4.4,Passed
2326,2680,2,2023-01-23,Manager,4.0,Rejected
2327,2680,3,2023-02-13,Manager,2.9,Selected
2328,2684,1,2024-07-19,Technical,2.3,Passed
2329,2684,2,2024-06-24,HR,4.8,Passed
2330,2684,3,2024-07-31,Technical,4.3,Passed
2331,2691,1,2025-03-15,Technical,4.0,Rejected
2332,2691,2,2025-03-09,Technical,4.7,Selected
2333,2692,1,2025-03-26,Manager,2.7,Passed
2334,2692,2,2025-04-07,HR,2.5,Passed
2335,2692,3,2025-03-25,Technical,3.2,Selected
2336,2695,1,2023-07-26,Manager,2.2,Passed
2337,2695,2,2023-07-10,Manager,2.5,Passed
2338,2695,3,2023-07-02,HR,4.9,Passed
2339,2699,1,2024-01-11,Manager,3.6,Passed
2340,2699,2,2024-02-14,Manager,2.7,Rejected
2341,2699,3,2023-12-27,Technical,4.2,Selected
2342,2702,1,2021-09-13,Technical,2.9,Passed
2343,2702,2,2021-09-10,Technical,3.0,Selected
2344,2704,1,2021-12-02,Technical,3.6,Passed
2345,2704,2,2022-01-05,HR,2.2,Selected
2346,2705,1,2021-12-30,Manager,3.3,Passed
2347,2705,2,2022-01-12,Manager,3.1,Selected
2348,2708,1,2025-12-04,Technical,3.4,Passed
2349,2708,2,2025-12-15,HR,4.1,Rejected
2350,2708,3,2025-12-19,Technical,2.1,Selected
2351,2710,1,2022-11-09,HR,4.9,Rejected
2352,2711,1,2024-10-24,Manager,2.0,Selected
2353,2714,1,2024-05-25,HR,5.0,Selected
2354,2715,1,2025-05-20,Technical,4.9,Passed
2355,2718,1,2021-04-29,Technical,4.4,Passed
2356,2718,2,2021-05-09,HR,2.7,Passed
2357,2718,3,2021-04-25,Technical,4.4,Selected
2358,2719,1,2025-10-20,Manager,3.0,Selected
2359,2723,1,2025-03-03,HR,3.5,Rejected
2360,2729,1,2023-01-12,Technical,3.7,Passed
2361,2729,2,2023-01-31,Technical,3.5,Passed
2362,2730,1,2024-01-22,Technical,3.4,Passed
2363,2730,2,2024-01-11,HR,4.7,Selected
2364,2732,1,2025-04-06,Manager,3.9,Rejected
2365,2732,2,2025-04-15,Manager,3.0,Passed
2366,2736,1,2023-09-26,Technical,2.4,Selected
2367,2737,1,2022-07-15,Technical,4.1,Passed
2368,2739,1,2023-08-20,Technical,3.5,Selected
2369,2742,1,2022-07-18,Technical,4.1,Selected
2370,2743,1,2024-06-07,Manager,3.0,Rejected
2371,2743,2,2024-05-14,Manager,3.8,Rejected
2372,2744,1,2022-03-29,Manager,4.1,Passed
2373,2744,2,2022-03-17,Manager,3.6,Passed
2374,2744,3,2022-03-25,Technical,2.5,Passed
2375,2746,1,2024-10-12,HR,2.8,Selected
2376,2750,1,2022-08-10,HR,4.9,Passed
2377,2750,2,2022-07-18,Technical,4.5,Selected
2378,2753,1,2025-06-30,HR,4.5,Rejected
2379,2753,2,2025-07-20,HR,3.7,Rejected
2380,2753,3,2025-07-28,Technical,4.3,Selected
2381,2754,1,2025-03-16,Manager,2.9,Passed
2382,2754,2,2025-03-28,HR,3.8,Selected
2383,2755,1,2022-01-02,Technical,3.0,Rejected
2384,2755,2,2022-01-16,Manager,2.3,Passed
2385,2757,1,2024-02-16,HR,3.5,Passed
2386,2757,2,2024-02-20,Manager,4.3,Passed
2387,2761,1,2024-10-12,Manager,3.7,Rejected
2388,2761,2,2024-09-25,Technical,3.9,Selected
2389,2762,1,2021-11-04,Manager,5.0,Passed
2390,2764,1,2025-09-05,HR,4.5,Passed
2391,2764,2,2025-09-12,Technical,4.8,Passed
2392,2765,1,2022-03-27,Technical,2.9,Rejected
2393,2767,1,2023-12-15,Technical,3.3,Passed
2394,2767,2,2023-12-20,HR,3.4,Selected
2395,2772,1,2021-07-09,Technical,4.4,Passed
2396,2772,2,2021-06-09,HR,3.0,Passed
2397,2774,1,2022-05-02,Technical,2.9,Selected
2398,2780,1,2021-02-27,HR,3.4,Rejected
2399,2781,1,2024-05-30,Manager,2.8,Passed
2400,2781,2,2024-07-02,Manager,4.9,Passed
2401,2781,3,2024-06-27,Technical,2.6,Selected
2402,2782,1,2022-04-27,Manager,3.3,Passed
2403,2782,2,2022-03-27,HR,2.9,Passed
2404,2782,3,2022-03-23,HR,3.1,Passed
2405,2784,1,2023-09-13,Technical,4.4,Passed
2406,2784,2,2023-09-01,HR,4.0,Selected
2407,2786,1,2022-03-01,HR,4.9,Passed
2408,2786,2,2022-04-09,HR,4.5,Passed
2409,2789,1,2022-04-20,Manager,2.6,Rejected
2410,2789,2,2022-05-04,Manager,4.4,Selected
2411,2794,1,2022-07-26,Technical,5.0,Rejected
2412,2794,2,2022-07-17,Manager,3.4,Rejected
2413,2794,3,2022-07-26,HR,2.9,Selected
2414,2797,1,2024-11-29,Technical,3.6,Rejected
2415,2797,2,2024-11-19,HR,4.3,Passed
2416,2797,3,2024-10-31,HR,2.4,Rejected
2417,2799,1,2024-08-24,HR,4.2,Passed
2418,2799,2,2024-09-09,Manager,3.0,Selected
2419,2800,1,2026-01-10,Manager,4.4,Passed
2420,2800,2,2025-11-24,Manager,2.3,Selected
2421,2803,1,2024-12-08,Manager,4.9,Selected
2422,2804,1,2023-11-18,Manager,3.3,Passed
2423,2807,1,2021-05-08,Technical,3.0,Rejected
2424,2807,2,2021-03-30,Manager,3.4,Passed
2425,2807,3,2021-04-24,Technical,3.2,Selected
2426,2811,1,2024-02-25,HR,4.9,Selected
2427,2814,1,2025-06-01,Technical,2.2,Rejected
2428,2814,2,2025-04-14,Manager,2.0,Selected
2429,2818,1,2025-11-26,Technical,4.7,Passed
2430,2818,2,2025-11-29,Technical,4.8,Passed
2431,2818,3,2025-10-30,HR,4.4,Selected
2432,2821,1,2023-11-22,HR,3.3,Passed
2433,2821,2,2023-12-12,Technical,4.3,Rejected
2434,2821,3,2023-12-18,HR,3.3,Selected
2435,2822,1,2025-07-17,Technical,4.4,Selected
2436,2823,1,2024-02-04,Technical,2.7,Selected
2437,2828,1,2025-12-28,Manager,4.4,Passed
2438,2828,2,2026-01-04,Manager,4.6,Selected
2439,2837,1,2025-12-15,HR,2.3,Passed
2440,2837,2,2026-01-08,HR,2.0,Passed
2441,2837,3,2026-01-04,Technical,2.2,Passed
2442,2838,1,2021-07-05,Manager,4.3,Passed
2443,2838,2,2021-06-24,Manager,4.0,Rejected
2444,2838,3,2021-05-26,Manager,2.6,Selected
2445,2839,1,2023-12-28,HR,3.4,Rejected
2446,2839,2,2024-01-19,Technical,3.9,Passed
2447,2839,3,2023-12-25,HR,4.0,Rejected
2448,2840,1,2023-09-18,HR,2.6,Rejected
2449,2843,1,2023-09-21,Manager,4.7,Rejected
2450,2843,2,2023-09-26,HR,4.2,Selected
2451,2846,1,2023-10-27,Manager,2.8,Selected
2452,2849,1,2022-11-12,Technical,3.6,Passed
2453,2851,1,2021-03-12,Manager,4.8,Passed
2454,2851,2,2021-04-17,Technical,4.0,Passed
2455,2851,3,2021-04-01,HR,4.5,Rejected
2456,2852,1,2024-04-23,Technical,3.5,Selected
2457,2853,1,2021-06-07,Technical,3.6,Selected
2458,2854,1,2022-12-30,HR,4.2,Selected
2459,2855,1,2025-06-02,HR,4.3,Rejected
2460,2856,1,2023-08-22,HR,3.8,Passed
2461,2856,2,2023-07-02,Technical,4.7,Passed
2462,2857,1,2023-12-17,HR,4.4,Passed
2463,2857,2,2023-12-18,HR,4.7,Passed
2464,2857,3,2023-11-11,Technical,3.1,Selected
2465,2858,1,2026-02-03,Technical,3.7,Selected
2466,2860,1,2024-03-17,HR,2.1,Rejected
2467,2860,2,2024-03-29,Technical,3.5,Passed
2468,2860,3,2024-03-26,Manager,2.8,Selected
2469,2861,1,2025-03-25,HR,3.5,Passed
2470,2861,2,2025-02-14,Technical,2.8,Passed
2471,2861,3,2025-02-19,HR,4.9,Rejected
2472,2863,1,2021-04-16,Manager,2.2,Passed
2473,2863,2,2021-03-15,Manager,3.4,Passed
2474,2863,3,2021-04-15,Technical,3.9,Selected
2475,2865,1,2022-09-13,HR,4.1,Passed
2476,2868,1,2021-09-16,HR,3.0,Rejected
2477,2870,1,2023-10-30,Manager,4.0,Passed
2478,2870,2,2023-09-25,Technical,3.4,Passed
2479,2872,1,2021-07-19,Manager,4.8,Passed
2480,2872,2,2021-07-10,Manager,2.8,Passed
2481,2872,3,2021-07-17,Manager,2.9,Passed
2482,2875,1,2022-08-18,HR,4.5,Rejected
2483,2875,2,2022-10-08,Technical,4.8,Selected
2484,2877,1,2022-05-03,Technical,3.6,Passed
2485,2877,2,2022-05-09,HR,4.2,Passed
2486,2877,3,2022-04-21,Manager,2.5,Selected
2487,2880,1,2023-11-24,HR,3.4,Passed
2488,2880,2,2023-11-02,Technical,3.6,Passed
2489,2880,3,2023-12-02,HR,4.0,Selected
2490,2883,1,2025-01-26,Manager,2.1,Passed
2491,2884,1,2025-01-13,HR,2.1,Passed
2492,2884,2,2024-11-29,Technical,4.0,Selected
2493,2886,1,2022-12-15,Manager,2.3,Selected
2494,2889,1,2024-08-26,Technical,3.2,Rejected
2495,2889,2,2024-08-30,HR,2.6,Passed
2496,2889,3,2024-09-02,Manager,4.7,Selected
2497,2892,1,2022-10-02,HR,2.9,Rejected
2498,2892,2,2022-09-24,Technical,2.2,Selected
2499,2893,1,2021-08-11,Technical,4.6,Rejected
2500,2894,1,2022-10-19,Technical,2.6,Passed
2501,2894,2,2022-09-09,HR,4.7,Passed
2502,2894,3,2022-09-13,Manager,2.8,Rejected
2503,2895,1,2024-01-07,Technical,4.3,Passed
2504,2895,2,2024-01-10,Technical,3.3,Selected
2505,2896,1,2023-09-04,Manager,2.7,Rejected
2506,2897,1,2023-10-21,Technical,2.0,Rejected
2507,2897,2,2023-11-15,HR,5.0,Passed
2508,2898,1,2024-08-20,Technical,4.8,Rejected
2509,2898,2,2024-08-28,Technical,3.1,Selected
2510,2906,1,2021-04-28,HR,2.6,Passed
2511,2906,2,2021-03-20,Technical,4.5,Passed
2512,2906,3,2021-04-16,Manager,2.3,Selected
2513,2907,1,2025-04-20,Technical,4.9,Rejected
2514,2907,2,2025-05-03,Manager,4.4,Selected
2515,2908,1,2021-06-02,HR,3.8,Rejected
2516,2908,2,2021-05-13,HR,3.7,Passed
2517,2908,3,2021-05-20,Technical,4.7,Selected
2518,2916,1,2025-03-08,Manager,4.0,Passed
2519,2916,2,2025-03-18,Manager,4.5,Passed
2520,2916,3,2025-03-04,Manager,4.3,Rejected
2521,2917,1,2023-12-16,Manager,3.8,Rejected
2522,2917,2,2023-11-22,Technical,3.4,Passed
2523,2917,3,2023-11-26,Manager,3.3,Rejected
2524,2918,1,2025-09-22,Technical,3.2,Rejected
2525,2918,2,2025-10-01,Manager,4.6,Selected
2526,2919,1,2025-12-10,Technical,3.6,Passed
2527,2919,2,2025-12-22,Technical,3.9,Passed
2528,2919,3,2025-12-30,HR,2.8,Passed
2529,2923,1,2024-08-08,Manager,3.9,Selected
2530,2926,1,2025-07-05,HR,2.4,Passed
2531,2926,2,2025-07-21,Technical,2.8,Passed
2532,2928,1,2022-10-08,HR,5.0,Rejected
2533,2928,2,2022-10-16,Manager,5.0,Selected
2534,2929,1,2022-02-04,Manager,3.1,Selected
2535,2931,1,2022-09-07,HR,3.0,Selected
2536,2933,1,2021-06-08,Manager,3.1,Rejected
2537,2933,2,2021-06-26,Technical,3.6,Passed
2538,2933,3,2021-07-14,Technical,4.1,Passed
2539,2934,1,2025-07-01,Technical,4.2,Passed
2540,2937,1,2023-03-21,Technical,3.1,Rejected
2541,2937,2,2023-03-29,Technical,4.0,Selected
2542,2938,1,2022-08-03,Technical,2.2,Passed
2543,2938,2,2022-07-11,Technical,3.5,Passed
2544,2939,1,2025-01-12,Technical,4.7,Selected
2545,2946,1,2022-07-26,HR,3.8,Passed
2546,2946,2,2022-07-27,Technical,5.0,Passed
2547,2946,3,2022-08-07,Technical,3.1,Selected
2548,2947,1,2025-04-20,Manager,3.9,Passed
2549,2949,1,2023-07-16,HR,4.1,Passed
2550,2949,2,2023-07-22,Technical,4.6,Rejected
2551,2951,1,2021-12-03,Manager,4.6,Passed
2552,2951,2,2021-12-26,Manager,2.1,Passed
2553,2953,1,2024-12-13,Technical,4.8,Passed
2554,2953,2,2024-12-05,Technical,3.4,Rejected
2555,2955,1,2021-06-17,HR,3.4,Rejected
2556,2955,2,2021-05-31,Manager,3.6,Selected
2557,2957,1,2024-10-31,Manager,3.4,Rejected
2558,2957,2,2024-11-24,HR,5.0,Selected
2559,2961,1,2022-11-08,HR,3.2,Passed
2560,2961,2,2022-12-24,HR,4.9,Passed
2561,2961,3,2022-12-09,HR,4.8,Passed
2562,2963,1,2025-03-26,HR,4.3,Passed
2563,2963,2,2025-04-01,Technical,3.9,Passed
2564,2963,3,2025-03-04,Manager,3.7,Rejected
2565,2964,1,2024-08-11,Technical,4.0,Rejected
2566,2964,2,2024-08-10,HR,4.9,Rejected
2567,2965,1,2024-10-09,Manager,4.6,Rejected
2568,2965,2,2024-10-12,Manager,2.0,Rejected
2569,2967,1,2022-01-09,Technical,2.9,Passed
2570,2967,2,2022-01-01,Manager,2.4,Passed
2571,2967,3,2021-12-11,HR,3.6,Passed
2572,2969,1,2024-02-06,HR,2.9,Selected
2573,2972,1,2022-12-18,Manager,4.4,Passed
2574,2972,2,2022-12-31,HR,3.5,Passed
2575,2973,1,2025-05-15,Technical,3.6,Rejected
2576,2973,2,2025-04-30,HR,3.4,Rejected
2577,2973,3,2025-05-24,Technical,3.5,Passed
2578,2976,1,2021-09-08,Technical,4.7,Rejected
2579,2976,2,2021-08-01,HR,4.7,Selected
2580,2979,1,2022-04-13,Manager,2.3,Passed
2581,2979,2,2022-04-10,Manager,2.9,Rejected
2582,2980,1,2025-10-09,Manager,4.6,Selected
2583,2986,1,2024-10-15,Manager,4.8,Rejected
2584,2986,2,2024-10-22,HR,3.7,Selected
2585,2987,1,2022-04-25,Manager,2.3,Passed
2586,2987,2,2022-04-17,HR,2.8,Rejected
2587,2987,3,2022-05-26,Technical,3.9,Selected
2588,2988,1,2024-10-30,Technical,3.4,Rejected
2589,2988,2,2024-11-09,Manager,2.7,Selected
2590,2994,1,2024-09-30,HR,4.8,Selected
2591,2997,1,2024-11-12,Manager,3.1,Passed
2592,2999,1,2024-05-10,Technical,4.9,Passed
2593,2999,2,2024-05-07,Technical,2.9,Rejected
2594,2999,3,2024-05-08,HR,4.0,Passed
2595,3000,1,2023-10-11,Technical,3.6,Passed
2596,3000,2,2023-09-24,HR,3.1,Passed
2597,3001,1,2023-10-17,Manager,2.4,Rejected
2598,3002,1,2021-07-14,Technical,3.1,Selected
2599,3003,1,2023-02-09,Technical,2.4,Selected
2600,3005,1,2021-06-20,HR,2.6,Passed
2601,3005,2,2021-07-06,Manager,2.0,Selected
2602,3007,1,2023-12-17,Manager,4.6,Passed
2603,3007,2,2023-12-15,Manager,4.5,Passed
2604,3007,3,2023-12-14,Technical,4.3,Rejected
2605,3009,1,2024-09-10,Technical,2.8,Rejected
2606,3014,1,2025-08-30,HR,4.2,Passed
2607,3017,1,2023-11-26,Manager,3.1,Passed
2608,3017,2,2023-11-03,HR,3.7,Rejected
2609,3017,3,2023-10-13,Manager,2.5,Selected
2610,3018,1,2022-12-22,Manager,2.5,Rejected
2611,3018,2,2022-12-29,Manager,4.6,Passed
2612,3018,3,2023-01-12,HR,3.1,Selected
2613,3019,1,2025-08-04,Technical,2.1,Passed
2614,3019,2,2025-08-09,HR,2.9,Passed
2615,3019,3,2025-09-11,HR,4.8,Selected
2616,3020,1,2022-12-24,Manager,4.8,Passed
2617,3020,2,2022-12-24,HR,4.5,Selected
2618,3023,1,2023-06-05,Manager,2.4,Passed
2619,3023,2,2023-05-04,Manager,4.9,Selected
2620,3025,1,2023-02-02,Technical,3.8,Passed
2621,3025,2,2023-02-05,Manager,2.6,Selected
2622,3030,1,2023-06-21,Technical,2.6,Selected
2623,3032,1,2021-11-20,Manager,4.9,Rejected
2624,3032,2,2022-01-10,HR,5.0,Passed
2625,3032,3,2021-11-18,HR,2.0,Selected
2626,3036,1,2023-11-02,HR,3.3,Rejected
2627,3036,2,2023-10-18,HR,4.4,Rejected
2628,3036,3,2023-10-20,HR,4.6,Rejected
2629,3037,1,2024-11-11,HR,2.1,Selected
2630,3039,1,2025-11-07,Technical,3.5,Passed
2631,3040,1,2022-04-18,HR,4.2,Passed
2632,3040,2,2022-05-15,Technical,3.4,Passed
2633,3040,3,2022-04-30,Manager,4.5,Selected
2634,3047,1,2021-09-27,HR,4.7,Passed
2635,3047,2,2021-09-30,Manager,2.4,Passed
2636,3047,3,2021-10-07,Manager,2.3,Rejected
2637,3048,1,2023-11-20,Manager,3.5,Passed
2638,3048,2,2023-12-08,Technical,2.5,Rejected
2639,3051,1,2025-03-06,Technical,2.8,Passed
2640,3052,1,2021-01-15,Manager,4.4,Rejected
2641,3052,2,2021-02-04,Technical,4.5,Passed
2642,3052,3,2021-02-01,Manager,4.3,Passed
2643,3054,1,2022-01-04,Manager,4.7,Passed
2644,3054,2,2022-01-02,HR,2.4,Rejected
2645,3054,3,2022-01-24,Technical,3.0,Selected
2646,3057,1,2021-08-17,Manager,4.1,Passed
2647,3057,2,2021-07-22,HR,4.4,Passed
2648,3059,1,2022-10-29,Technical,4.9,Selected
2649,3060,1,2023-12-01,HR,2.4,Passed
2650,3060,2,2023-12-09,Manager,4.1,Passed
2651,3060,3,2024-01-19,HR,2.5,Selected
2652,3061,1,2024-03-17,Manager,3.2,Passed
2653,3061,2,2024-03-14,Manager,2.7,Passed
2654,3061,3,2024-03-21,HR,3.7,Selected
2655,3063,1,2021-11-22,Manager,3.6,Selected
2656,3064,1,2022-10-24,Manager,3.4,Selected
2657,3065,1,2023-05-11,HR,3.3,Passed
2658,3065,2,2023-04-11,Manager,2.4,Passed
2659,3065,3,2023-05-04,HR,3.7,Selected
2660,3066,1,2021-04-14,Manager,3.3,Passed
2661,3066,2,2021-04-07,Manager,2.6,Passed
2662,3067,1,2025-08-16,Technical,5.0,Passed
2663,3067,2,2025-08-08,Technical,4.4,Rejected
2664,3067,3,2025-07-08,HR,4.7,Rejected
2665,3069,1,2022-10-20,HR,5.0,Passed
2666,3069,2,2022-10-27,HR,2.4,Passed
2667,3071,1,2025-08-18,Technical,3.0,Selected
2668,3073,1,2023-02-10,Manager,3.2,Passed
2669,3073,2,2023-01-06,Manager,3.6,Selected
2670,3077,1,2025-08-05,HR,3.7,Passed
2671,3077,2,2025-09-14,HR,2.0,Rejected
2672,3077,3,2025-08-17,Manager,4.9,Selected
2673,3078,1,2024-09-04,Technical,2.3,Passed
2674,3080,1,2025-01-03,Manager,3.9,Passed
2675,3080,2,2024-12-13,Technical,4.9,Selected
2676,3081,1,2021-09-24,Technical,2.9,Passed
2677,3081,2,2021-09-22,HR,3.2,Passed
2678,3084,1,2022-06-09,Technical,4.6,Selected
2679,3088,1,2021-06-01,Manager,2.1,Passed
2680,3088,2,2021-06-20,Manager,4.0,Rejected
2681,3088,3,2021-05-23,HR,4.0,Selected
2682,3090,1,2022-02-18,Manager,4.4,Selected
2683,3091,1,2022-01-16,HR,5.0,Rejected
2684,3091,2,2022-02-05,Manager,4.1,Selected
2685,3092,1,2022-07-28,Manager,4.9,Passed
2686,3092,2,2022-07-27,Technical,4.0,Passed
2687,3092,3,2022-08-06,Manager,3.2,Selected
2688,3094,1,2023-09-16,HR,4.1,Rejected
2689,3094,2,2023-08-05,HR,3.6,Rejected
2690,3094,3,2023-08-24,Manager,3.9,Passed
2691,3095,1,2021-10-03,HR,3.9,Selected
2692,3099,1,2021-07-26,Technical,2.3,Rejected
2693,3099,2,2021-07-26,Manager,4.4,Rejected
2694,3102,1,2021-09-08,HR,4.8,Passed
2695,3102,2,2021-09-10,HR,4.4,Selected
2696,3109,1,2021-04-28,HR,4.5,Rejected
2697,3113,1,2023-11-12,Technical,2.8,Selected
2698,3114,1,2022-04-16,Technical,3.8,Rejected
2699,3117,1,2022-10-21,HR,2.8,Selected
2700,3118,1,2023-09-06,HR,3.1,Selected
2701,3121,1,2024-11-07,Technical,4.1,Passed
2702,3121,2,2024-10-12,Manager,3.3,Rejected
2703,3121,3,2024-09-13,Manager,4.9,Rejected
2704,3122,1,2024-03-30,Manager,2.2,Rejected
2705,3122,2,2024-04-06,Technical,3.2,Rejected
2706,3124,1,2024-06-11,HR,2.2,Selected
2707,3126,1,2023-07-09,Technical,3.7,Passed
2708,3126,2,2023-08-15,HR,2.5,Passed
2709,3126,3,2023-08-26,Technical,4.5,Selected
2710,3129,1,2023-06-01,HR,4.1,Passed
2711,3129,2,2023-05-10,Technical,3.1,Selected
2712,3130,1,2023-02-05,Technical,4.0,Passed
2713,3130,2,2023-02-10,Technical,4.8,Selected
2714,3131,1,2022-06-18,Technical,3.5,Passed
2715,3131,2,2022-07-05,Manager,4.6,Selected
2716,3133,1,2024-07-26,HR,4.2,Rejected
2717,3133,2,2024-08-16,Manager,2.5,Passed
2718,3133,3,2024-06-29,Manager,3.4,Selected
2719,3134,1,2023-05-09,Technical,2.2,Selected
2720,3137,1,2023-04-28,Manager,4.9,Selected
2721,3138,1,2025-07-06,Technical,4.1,Passed
2722,3138,2,2025-06-29,Technical,3.2,Selected
2723,3139,1,2025-10-26,HR,4.3,Passed
2724,3139,2,2025-11-06,Technical,4.1,Selected
2725,3141,1,2022-05-18,Technical,2.9,Selected
2726,3142,1,2024-08-18,HR,4.5,Selected
2727,3143,1,2022-01-30,Manager,3.4,Selected
2728,3144,1,2023-02-14,Manager,4.0,Passed
2729,3144,2,2023-02-05,HR,3.0,Passed
2730,3144,3,2023-03-17,HR,4.7,Passed
2731,3145,1,2023-01-01,HR,3.8,Selected
2732,3147,1,2022-05-04,Technical,3.7,Passed
2733,3147,2,2022-04-03,Manager,4.5,Passed
2734,3148,1,2021-11-28,HR,3.3,Passed
2735,3148,2,2021-11-17,HR,4.5,Selected
2736,3149,1,2024-04-19,Technical,2.8,Passed
2737,3149,2,2024-06-01,Technical,3.8,Passed
2738,3152,1,2025-01-23,HR,3.3,Passed
2739,3154,1,2022-07-09,Technical,2.9,Rejected
2740,3154,2,2022-06-11,HR,2.8,Passed
2741,3154,3,2022-06-17,Manager,3.7,Passed
2742,3155,1,2023-03-29,Manager,4.7,Selected
2743,3156,1,2022-05-01,Manager,4.5,Rejected
2744,3156,2,2022-05-06,HR,2.1,Rejected
2745,3156,3,2022-04-21,Technical,4.2,Selected
2746,3161,1,2025-11-26,Manager,4.1,Rejected
2747,3161,2,2025-12-16,HR,2.5,Passed
2748,3161,3,2026-01-08,HR,4.2,Selected
2749,3162,1,2025-12-09,Manager,2.3,Passed
2750,3162,2,2026-01-03,Manager,2.2,Selected
2751,3166,1,2021-06-28,Technical,4.9,Passed
2752,3166,2,2021-07-04,Technical,2.2,Rejected
2753,3166,3,2021-07-23,HR,2.1,Selected
2754,3167,1,2022-09-27,Manager,4.0,Selected
2755,3168,1,2025-05-25,Technical,3.8,Rejected
2756,3168,2,2025-06-15,HR,2.1,Passed
2757,3169,1,2021-10-24,Technical,2.8,Passed
2758,3169,2,2021-10-16,Manager,2.0,Rejected
2759,3169,3,2021-11-03,Technical,2.1,Selected
2760,3170,1,2025-09-23,Manager,4.5,Passed
2761,3170,2,2025-11-02,Manager,4.1,Passed
2762,3170,3,2025-10-07,HR,4.2,Selected
2763,3171,1,2024-05-11,HR,3.6,Passed
2764,3171,2,2024-04-29,Technical,4.1,Passed
2765,3171,3,2024-05-25,Manager,4.5,Passed
2766,3178,1,2024-08-22,Manager,3.9,Selected
2767,3179,1,2022-02-17,HR,3.6,Passed
2768,3179,2,2022-03-02,HR,4.5,Passed
2769,3179,3,2022-02-13,Manager,4.4,Selected
2770,3180,1,2025-04-10,Manager,3.3,Passed
2771,3180,2,2025-04-26,HR,4.1,Selected
2772,3182,1,2022-10-23,Technical,4.6,Passed
2773,3182,2,2022-09-12,HR,2.6,Selected
2774,3188,1,2022-07-19,HR,2.8,Passed
2775,3188,2,2022-08-04,HR,3.8,Passed
2776,3191,1,2023-03-24,HR,4.7,Passed
2777,3191,2,2023-02-08,Manager,3.1,Rejected
2778,3191,3,2023-03-06,Manager,2.1,Selected
2779,3192,1,2025-12-23,Technical,3.3,Passed
2780,3192,2,2025-11-28,HR,4.6,Passed
2781,3192,3,2026-01-16,Technical,2.4,Rejected
2782,3194,1,2022-05-11,Technical,2.8,Passed
2783,3194,2,2022-05-20,Manager,4.4,Selected
2784,3195,1,2022-05-26,HR,2.8,Passed
2785,3195,2,2022-04-16,HR,4.1,Passed
2786,3195,3,2022-05-05,Manager,3.6,Selected
2787,3199,1,2025-03-14,Manager,3.0,Selected
2788,3200,1,2024-06-16,HR,3.6,Passed
2789,3200,2,2024-06-08,HR,2.6,Selected
