application_id,candidate_id,requisition_id,application_date,application_status
1,1,332,2021-05-23,Rejected
2,2,57,2025-04-18,Rejected
3,3,274,2022-11-05,Withdrawn
4,4,93,2021-05-17,Hired
5,5,262,2022-05-21,Rejected
6,6,4,2023-08-22,Interviewed
7,7,303,2025-08-05,Rejected
8,8,269,2024-11-05,Rejected
9,9,283,2024-03-22,Hired
10,10,312,2024-08-18,Hired
11,11,174,2025-10-07,Rejected
12,12,130,2021-04-20,Rejected
13,13,139,2022-04-19,Interviewed
14,14,270,2021-11-04,Rejected
15,15,206,2022-07-11,Rejected
16,16,87,2025-07-10,Rejected
17,17,344,2023-09-24,Interviewed
18,18,153,2022-06-25,Rejected
19,19,72,2022-08-12,Interviewed
20,20,232,2024-03-19,Interviewed
21,21,244,2022-01-08,Withdrawn
22,22,321,2021-11-01,Rejected
23,23,17,2023-09-01,Hired
24,24,125,2025-01-04,Interviewed
25,25,310,2025-07-26,Interviewed
26,26,231,2024-09-18,Withdrawn
27,27,141,2025-09-08,Offer
28,28,299,2025-02-07,Rejected
29,29,10,2025-03-05,Rejected
30,30,12,2022-05-16,Rejected
31,31,141,2022-12-10,Interviewed
32,32,177,2024-04-05,Rejected
33,33,171,2023-10-16,Rejected
34,34,65,2021-10-18,Rejected
35,35,241,2024-10-23,Rejected
36,36,20,2022-03-02,Rejected
37,37,128,2021-06-14,Rejected
38,38,292,2023-12-20,Rejected
39,39,230,2025-11-11,Hired
40,40,292,2024-06-23,Rejected
41,41,297,2023-02-24,Offer
42,42,49,2023-05-27,Interviewed
43,43,127,2023-08-18,Rejected
44,44,202,2022-04-12,Interviewed
45,45,191,2025-09-06,Rejected
46,46,240,2025-02-21,Rejected
47,47,152,2022-07-08,Interviewed
48,48,48,2022-09-02,Offer
49,49,102,2021-03-10,Hired
50,50,252,2024-07-08,Hired
51,51,247,2021-02-12,Hired
52,52,79,2022-08-23,Rejected
53,53,251,2023-06-03,Hired
54,54,256,2023-05-28,Rejected
55,55,96,2022-10-01,Interviewed
56,56,290,2025-08-10,Offer
57,57,132,2021-09-12,Rejected
58,58,270,2025-05-30,Rejected
59,59,141,2023-12-22,Withdrawn
60,60,314,2024-05-05,Rejected
61,61,176,2024-06-25,Offer
62,62,41,2022-01-05,Hired
63,63,96,2021-07-11,Rejected
64,64,194,2021-11-30,Rejected
65,65,113,2022-06-12,Rejected
66,66,330,2023-08-24,Rejected
67,67,110,2024-11-13,Interviewed
68,68,196,2025-09-18,Interviewed
69,69,196,2021-11-22,Rejected
70,70,338,2022-04-14,Withdrawn
71,71,29,2023-08-05,Interviewed
72,72,132,2024-02-11,Rejected
73,73,19,2021-01-25,Rejected
74,74,322,2021-11-23,Rejected
75,75,223,2021-12-21,Offer
76,76,191,2023-07-04,Rejected
77,77,173,2022-06-01,Hired
78,78,95,2024-11-08,Rejected
79,79,120,2023-08-08,Hired
80,80,189,2024-10-10,Rejected
81,81,174,2022-09-07,Rejected
82,82,32,2022-06-20,Withdrawn
83,83,57,2025-01-11,Hired
84,84,304,2021-12-20,Hired
85,85,13,2021-04-10,Interviewed
86,86,30,2024-04-18,Offer
87,87,34,2022-07-09,Offer
88,88,278,2021-03-11,Hired
89,89,231,2022-01-27,Interviewed
90,90,43,2022-01-27,Hired
91,91,235,2023-02-18,Hired
92,92,332,2021-07-05,Rejected
93,93,101,2024-07-09,Interviewed
94,94,333,2024-12-31,Rejected
95,95,31,2025-07-04,Interviewed
96,96,214,2025-03-10,Hired
97,97,247,2021-03-14,Hired
98,98,242,2023-09-08,Hired
99,99,103,2022-01-04,Rejected
100,100,244,2024-10-26,Rejected
101,101,245,2024-11-27,Hired
102,102,339,2021-07-29,Interviewed
103,103,141,2024-08-10,Rejected
104,104,54,2021-02-27,Offer
105,105,326,2022-06-07,Hired
106,106,243,2022-08-22,Offer
107,107,348,2025-10-10,Rejected
108,108,94,2022-01-14,Interviewed
109,109,175,2025-06-04,Rejected
110,110,229,2022-11-11,Rejected
111,111,346,2025-10-10,Rejected
112,112,326,2025-11-11,Offer
113,113,212,2023-04-29,Rejected
114,114,72,2023-03-08,Rejected
115,115,82,2021-09-17,Rejected
116,116,274,2023-09-08,Rejected
117,117,4,2021-10-30,Rejected
118,118,41,2023-01-13,Offer
119,119,271,2025-02-25,Interviewed
120,120,283,2025-06-05,Rejected
121,121,259,2024-03-06,Offer
122,122,151,2021-05-28,Rejected
123,123,137,2025-07-15,Rejected
124,124,278,2022-02-07,Hired
125,125,195,2023-12-31,Rejected
126,126,80,2023-05-13,Withdrawn
127,127,40,2024-08-30,Interviewed
128,128,89,2023-12-02,Rejected
129,129,299,2022-08-28,Hired
130,130,131,2023-09-11,Rejected
131,131,110,2022-12-25,Rejected
132,132,178,2022-11-03,Rejected
133,133,84,2025-05-02,Withdrawn
134,134,15,2023-04-07,Withdrawn
135,135,157,2025-11-30,Rejected
136,136,313,2022-11-22,Interviewed
137,137,153,2022-09-30,Withdrawn
138,138,195,2023-02-10,Hired
139,139,104,2021-01-10,Rejected
140,140,172,2024-11-14,Rejected
141,141,131,2022-01-31,Rejected
142,142,275,2024-06-21,Rejected
143,143,281,2022-03-09,Rejected
144,144,75,2021-04-18,Withdrawn
145,145,88,2023-05-09,Rejected
146,146,58,2022-02-18,Hired
147,147,134,2022-07-14,Hired
148,148,288,2021-01-23,Rejected
149,149,127,2022-03-13,Interviewed
150,150,195,2025-09-17,Rejected
151,151,345,2023-06-17,Interviewed
152,152,319,2025-07-16,Rejected
153,153,300,2021-11-20,Hired
154,154,47,2024-07-06,Offer
155,155,92,2022-07-01,Interviewed
156,156,181,2023-08-15,Rejected
157,157,261,2021-01-27,Hired
158,158,163,2024-07-27,Hired
159,159,128,2025-02-22,Rejected
160,160,327,2024-01-17,Rejected
161,161,107,2024-08-06,Rejected
162,162,19,2023-04-04,Offer
163,163,336,2023-05-03,Rejected
164,164,188,2025-01-07,Rejected
165,165,297,2023-02-04,Withdrawn
166,166,113,2023-10-03,Rejected
167,167,276,2021-12-09,Withdrawn
168,168,301,2021-05-01,Rejected
169,169,24,2023-01-14,Hired
170,170,59,2025-07-21,Rejected
171,171,320,2023-07-24,Rejected
172,172,127,2021-10-05,Interviewed
173,173,66,2022-04-28,Hired
174,174,298,2021-08-02,Rejected
175,175,297,2024-02-14,Offer
176,176,102,2022-03-17,Rejected
177,177,107,2024-10-18,Hired
178,178,5,2021-01-09,Hired
179,179,181,2025-07-12,Hired
180,180,72,2021-07-21,Rejected
181,181,95,2024-05-26,Rejected
182,182,238,2022-11-24,Withdrawn
183,183,186,2022-05-31,Rejected
184,184,20,2024-10-08,Rejected
185,185,115,2023-11-02,Withdrawn
186,186,286,2025-02-26,Rejected
187,187,133,2024-04-28,Withdrawn
188,188,85,2023-01-06,Rejected
189,189,279,2024-07-25,Withdrawn
190,190,341,2022-05-27,Withdrawn
191,191,217,2021-10-12,Hired
192,192,132,2021-07-22,Interviewed
193,193,123,2025-02-03,Rejected
194,194,161,2025-08-15,Rejected
195,195,24,2022-10-29,Hired
196,196,35,2021-02-27,Hired
197,197,30,2023-09-02,Rejected
198,198,218,2025-06-12,Rejected
199,199,155,2025-03-26,Rejected
200,200,257,2022-09-28,Rejected
201,201,124,2023-05-11,Interviewed
202,202,345,2024-10-23,Rejected
203,203,32,2023-11-19,Offer
204,204,209,2022-02-05,Offer
205,205,20,2021-06-29,Offer
206,206,172,2025-06-29,Withdrawn
207,207,345,2025-05-07,Rejected
208,208,284,2025-04-30,Rejected
209,209,113,2025-03-14,Rejected
210,210,143,2024-08-07,Rejected
211,211,316,2025-03-29,Rejected
212,212,206,2023-06-22,Rejected
213,213,166,2024-09-14,Hired
214,214,295,2022-06-23,Rejected
215,215,277,2025-11-13,Rejected
216,216,134,2021-07-17,Interviewed
217,217,247,2024-05-22,Hired
218,218,26,2025-03-26,Rejected
219,219,76,2024-06-13,Rejected
220,220,7,2022-06-11,Rejected
221,221,3,2023-04-18,Rejected
222,222,13,2022-04-15,Rejected
223,223,260,2025-10-16,Interviewed
224,224,218,2024-12-15,Interviewed
225,225,256,2024-09-11,Withdrawn
226,226,283,2025-03-18,Interviewed
227,227,48,2025-02-10,Hired
228,228,125,2025-12-14,Rejected
229,229,3,2023-02-04,Rejected
230,230,197,2022-09-25,Rejected
231,231,69,2024-06-18,Interviewed
232,232,66,2024-10-06,Interviewed
233,233,326,2025-05-25,Interviewed
234,234,110,2021-03-19,Rejected
235,235,122,2021-11-17,Offer
236,236,42,2025-11-14,Hired
237,237,201,2023-10-22,Interviewed
238,238,106,2023-10-01,Rejected
239,239,282,2021-08-18,Rejected
240,240,313,2025-08-23,Interviewed
241,241,239,2025-11-08,Hired
242,242,335,2024-08-05,Rejected
243,243,70,2025-08-13,Rejected
244,244,300,2025-06-11,Hired
245,245,339,2023-10-02,Offer
246,246,20,2021-06-19,Interviewed
247,247,123,2023-04-17,Rejected
248,248,58,2022-11-07,Hired
249,249,136,2024-10-26,Interviewed
250,250,112,2021-01-24,Withdrawn
251,251,207,2022-08-20,Rejected
252,252,205,2022-07-29,Rejected
253,253,218,2025-04-06,Rejected
254,254,255,2022-05-14,Rejected
255,255,196,2021-03-18,Hired
256,256,219,2023-04-18,Offer
257,257,236,2022-04-30,Rejected
258,258,253,2025-01-19,Interviewed
259,259,151,2023-02-26,Offer
260,260,252,2021-04-19,Withdrawn
261,261,292,2023-11-03,Offer
262,262,109,2023-06-05,Withdrawn
263,263,225,2022-10-29,Rejected
264,264,54,2022-07-27,Rejected
265,265,10,2021-12-24,Rejected
266,266,53,2024-01-12,Withdrawn
267,267,303,2023-05-15,Rejected
268,268,218,2023-02-09,Rejected
269,269,310,2024-06-12,Withdrawn
270,270,250,2023-02-22,Interviewed
271,271,73,2021-10-06,Rejected
272,272,31,2022-02-05,Hired
273,273,21,2025-02-10,Interviewed
274,274,251,2024-03-26,Rejected
275,275,206,2022-06-28,Offer
276,276,265,2025-03-14,Interviewed
277,277,316,2023-04-20,Hired
278,278,147,2022-12-09,Interviewed
279,279,349,2025-11-15,Rejected
280,280,23,2025-05-25,Rejected
281,281,202,2022-09-30,Interviewed
282,282,41,2021-01-17,Hired
283,283,321,2023-10-14,Offer
284,284,332,2021-04-07,Offer
285,285,131,2023-04-18,Hired
286,286,67,2022-04-08,Rejected
287,287,252,2022-06-26,Rejected
288,288,185,2022-02-06,Interviewed
289,289,44,2023-09-01,Hired
290,290,168,2025-02-28,Withdrawn
291,291,289,2025-06-06,Rejected
292,292,263,2021-09-18,Interviewed
293,293,30,2025-08-10,Rejected
294,294,158,2022-05-19,Rejected
295,295,66,2025-08-10,Offer
296,296,95,2023-04-20,Interviewed
297,297,106,2025-05-14,Rejected
298,298,282,2025-12-09,Rejected
299,299,174,2024-06-14,Rejected
300,300,311,2023-05-05,Offer
301,301,253,2024-03-08,Rejected
302,302,247,2025-06-10,Rejected
303,303,258,2025-06-03,Rejected
304,304,81,2023-05-21,Rejected
305,305,166,2022-05-30,Interviewed
306,306,85,2024-10-23,Rejected
307,307,117,2022-07-02,Interviewed
308,308,103,2025-03-12,Rejected
309,309,45,2021-06-19,Rejected
310,310,248,2023-09-29,Hired
311,311,207,2024-01-25,Hired
312,312,88,2024-05-18,Hired
313,313,176,2021-09-05,Hired
314,314,44,2023-04-26,Hired
315,315,34,2023-05-03,Rejected
316,316,77,2025-04-15,Rejected
317,317,266,2025-02-05,Offer
318,318,62,2024-10-22,Hired
319,319,26,2023-03-02,Interviewed
320,320,101,2023-02-01,Rejected
321,321,88,2024-07-07,Rejected
322,322,222,2022-06-04,Rejected
323,323,52,2022-04-25,Hired
324,324,230,2023-07-08,Rejected
325,325,164,2024-06-30,Rejected
326,326,102,2025-11-20,Rejected
327,327,76,2022-03-28,Hired
328,328,350,2023-08-29,Rejected
329,329,284,2021-12-17,Interviewed
330,330,215,2024-08-06,Hired
331,331,227,2025-12-12,Rejected
332,332,282,2021-12-03,Rejected
333,333,281,2021-08-16,Hired
334,334,312,2021-01-03,Rejected
335,335,178,2024-09-16,Rejected
336,336,208,2021-06-04,Withdrawn
337,337,78,2022-10-24,Interviewed
338,338,155,2024-03-23,Interviewed
339,339,175,2025-01-20,Offer
340,340,159,2023-05-29,Hired
341,341,37,2025-07-29,Interviewed
342,342,32,2023-12-11,Offer
343,343,137,2023-06-20,Interviewed
344,344,339,2022-12-29,Rejected
345,345,72,2022-10-19,Hired
346,346,43,2023-06-12,Hired
347,347,217,2022-11-27,Rejected
348,348,162,2023-03-25,Rejected
349,349,139,2022-09-28,Interviewed
350,350,115,2022-12-18,Interviewed
351,351,41,2023-12-24,Rejected
352,352,117,2025-10-10,Rejected
353,353,316,2024-12-12,Withdrawn
354,354,109,2022-02-12,Rejected
355,355,197,2024-01-12,Withdrawn
356,356,14,2024-05-04,Offer
357,357,339,2022-08-09,Interviewed
358,358,259,2021-05-04,Interviewed
359,359,275,2023-07-12,Rejected
360,360,208,2021-01-03,Interviewed
361,361,191,2025-04-13,Rejected
362,362,309,2023-05-15,Rejected
363,363,292,2025-12-14,Rejected
364,364,108,2025-11-11,Rejected
365,365,127,2021-04-06,Interviewed
366,366,158,2021-11-02,Interviewed
367,367,254,2024-08-04,Rejected
368,368,285,2021-07-31,Interviewed
369,369,71,2023-03-29,Rejected
370,370,33,2021-06-20,Rejected
371,371,264,2021-11-05,Hired
372,372,326,2022-03-26,Rejected
373,373,94,2022-08-30,Rejected
374,374,247,2023-12-06,Interviewed
375,375,305,2021-05-29,Rejected
376,376,200,2021-02-25,Hired
377,377,128,2024-11-09,Rejected
378,378,262,2023-11-10,Offer
379,379,76,2024-07-31,Hired
380,380,87,2024-09-06,Rejected
381,381,153,2024-06-29,Rejected
382,382,283,2023-01-26,Rejected
383,383,21,2025-03-06,Interviewed
384,384,236,2022-03-30,Hired
385,385,231,2023-05-17,Interviewed
386,386,191,2022-11-19,Rejected
387,387,347,2021-10-08,Hired
388,388,6,2021-09-06,Hired
389,389,131,2021-07-04,Rejected
390,390,149,2021-03-21,Interviewed
391,391,169,2024-03-19,Hired
392,392,230,2023-06-21,Rejected
393,393,296,2021-02-23,Rejected
394,394,313,2021-09-01,Hired
395,395,98,2024-05-11,Offer
396,396,173,2022-04-10,Interviewed
397,397,50,2022-11-09,Interviewed
398,398,43,2023-12-04,Rejected
399,399,340,2022-07-28,Hired
400,400,41,2023-04-25,Rejected
401,401,292,2023-10-30,Rejected
402,402,175,2021-09-13,Offer
403,403,280,2025-09-27,Rejected
404,404,264,2025-07-13,Rejected
405,405,52,2022-11-19,Rejected
406,406,345,2024-04-27,Rejected
407,407,142,2024-12-30,Rejected
408,408,7,2022-08-07,Rejected
409,409,31,2024-12-28,Rejected
410,410,309,2021-12-12,Hired
411,411,33,2025-11-19,Rejected
412,412,267,2022-12-23,Rejected
413,413,272,2025-01-22,Rejected
414,414,83,2021-11-04,Rejected
415,415,258,2023-03-18,Withdrawn
416,416,163,2023-11-28,Hired
417,417,332,2024-04-17,Interviewed
418,418,206,2023-01-04,Hired
419,419,253,2024-09-11,Rejected
420,420,211,2022-11-19,Hired
421,421,23,2021-01-18,Rejected
422,422,311,2025-08-28,Interviewed
423,423,341,2024-08-31,Rejected
424,424,212,2021-12-29,Rejected
425,425,338,2021-11-11,Hired
426,426,291,2023-10-14,Rejected
427,427,202,2021-05-07,Rejected
428,428,278,2025-05-07,Rejected
429,429,132,2024-01-16,Rejected
430,430,106,2023-06-04,Rejected
431,431,80,2023-02-10,Interviewed
432,432,278,2022-06-29,Rejected
433,433,322,2025-04-04,Rejected
434,434,286,2024-01-10,Rejected
435,435,21,2024-02-22,Hired
436,436,277,2022-01-24,Interviewed
437,437,348,2025-07-29,Hired
438,438,26,2022-05-13,Rejected
439,439,181,2024-12-13,Rejected
440,440,294,2021-06-04,Rejected
441,441,166,2024-01-02,Rejected
442,442,115,2022-06-28,Offer
443,443,274,2024-10-24,Rejected
444,444,220,2024-04-03,Rejected
445,445,187,2023-11-11,Rejected
446,446,202,2022-05-15,Rejected
447,447,249,2021-09-26,Interviewed
448,448,230,2024-12-17,Rejected
449,449,342,2022-07-19,Rejected
450,450,7,2022-09-04,Interviewed
451,451,233,2025-08-22,Rejected
452,452,78,2021-05-03,Rejected
453,453,256,2025-06-22,Interviewed
454,454,216,2023-07-22,Interviewed
455,455,109,2022-08-04,Rejected
456,456,75,2024-04-22,Rejected
457,457,236,2024-04-02,Hired
458,458,291,2023-09-24,Offer
459,459,346,2022-11-14,Interviewed
460,460,285,2024-08-07,Rejected
461,461,86,2024-11-10,Hired
462,462,194,2023-04-20,Rejected
463,463,169,2025-06-01,Rejected
464,464,12,2023-09-07,Hired
465,465,16,2023-12-16,Offer
466,466,207,2025-07-29,Rejected
467,467,248,2024-03-02,Withdrawn
468,468,162,2025-06-18,Rejected
469,469,302,2021-10-24,Withdrawn
470,470,173,2024-01-05,Rejected
471,471,107,2023-10-23,Offer
472,472,267,2021-04-12,Offer
473,473,335,2025-10-20,Rejected
474,474,146,2023-10-03,Rejected
475,475,166,2024-04-01,Rejected
476,476,345,2021-05-30,Interviewed
477,477,264,2022-05-25,Rejected
478,478,97,2022-07-23,Hired
479,479,142,2025-08-16,Rejected
480,480,248,2021-04-21,Rejected
481,481,51,2022-03-11,Interviewed
482,482,350,2021-04-06,Rejected
483,483,56,2023-07-31,Hired
484,484,208,2025-07-20,Rejected
485,485,149,2025-03-28,Rejected
486,486,232,2022-07-04,Hired
487,487,232,2024-01-26,Hired
488,488,310,2025-07-01,Hired
489,489,252,2022-04-28,Rejected
490,490,49,2022-11-11,Rejected
491,491,58,2025-03-13,Rejected
492,492,136,2022-04-27,Rejected
493,493,21,2024-04-22,Rejected
494,494,317,2023-06-29,Interviewed
495,495,70,2023-03-08,Rejected
496,496,162,2023-12-31,Rejected
497,497,345,2022-02-09,Hired
498,498,30,2025-07-19,Rejected
499,499,283,2022-07-17,Withdrawn
500,500,326,2025-01-27,Hired
501,501,327,2025-08-19,Hired
502,502,96,2023-06-17,Withdrawn
503,503,46,2024-12-21,Rejected
504,504,268,2024-02-29,Rejected
505,505,29,2024-05-20,Offer
506,506,169,2024-09-08,Offer
507,507,142,2023-06-09,Rejected
508,508,254,2022-03-23,Rejected
509,509,24,2022-07-07,Rejected
510,510,235,2025-09-28,Rejected
511,511,267,2025-01-19,Rejected
512,512,62,2025-05-12,Rejected
513,513,328,2022-10-22,Rejected
514,514,103,2023-09-04,Offer
515,515,23,2021-10-24,Rejected
516,516,15,2022-06-10,Offer
517,517,80,2025-07-05,Hired
518,518,90,2025-08-21,Offer
519,519,260,2024-06-14,Rejected
520,520,62,2023-07-22,Hired
521,521,127,2021-10-18,Interviewed
522,522,291,2021-12-18,Rejected
523,523,174,2025-03-31,Interviewed
524,524,31,2025-06-18,Rejected
525,525,323,2022-07-30,Hired
526,526,91,2024-05-09,Rejected
527,527,195,2025-05-08,Rejected
528,528,297,2021-06-05,Rejected
529,529,286,2021-12-04,Rejected
530,530,113,2025-09-16,Interviewed
531,531,205,2021-11-12,Hired
532,532,30,2021-06-16,Rejected
533,533,157,2024-10-23,Rejected
534,534,340,2021-06-17,Interviewed
535,535,295,2024-01-10,Hired
536,536,78,2023-10-30,Hired
537,537,299,2024-02-21,Interviewed
538,538,168,2024-07-27,Rejected
539,539,342,2022-04-19,Interviewed
540,540,244,2022-03-11,Interviewed
541,541,149,2022-07-01,Rejected
542,542,237,2024-11-08,Interviewed
543,543,116,2021-02-21,Hired
544,544,250,2025-01-11,Hired
545,545,231,2022-06-30,Offer
546,546,198,2025-07-14,Hired
547,547,209,2023-02-04,Rejected
548,548,78,2024-06-24,Hired
549,549,72,2021-08-04,Rejected
550,550,194,2025-12-03,Rejected
551,551,98,2021-11-23,Rejected
552,552,274,2023-05-18,Rejected
553,553,336,2024-09-13,Interviewed
554,554,301,2021-05-20,Interviewed
555,555,166,2024-03-20,Rejected
556,556,19,2025-10-25,Offer
557,557,241,2021-02-21,Rejected
558,558,316,2024-12-20,Rejected
559,559,120,2021-10-30,Rejected
560,560,220,2024-09-12,Rejected
561,561,35,2022-06-01,Rejected
562,562,236,2023-05-29,Withdrawn
563,563,13,2021-05-03,Rejected
564,564,230,2024-01-15,Rejected
565,565,203,2023-05-08,Interviewed
566,566,220,2022-12-16,Rejected
567,567,301,2023-09-06,Rejected
568,568,53,2021-09-15,Rejected
569,569,342,2021-09-01,Rejected
570,570,304,2022-02-22,Rejected
571,571,86,2025-08-02,Rejected
572,572,108,2022-07-17,Rejected
573,573,47,2021-03-10,Hired
574,574,194,2024-06-16,Withdrawn
575,575,194,2022-12-12,Rejected
576,576,285,2023-10-23,Rejected
577,577,112,2021-05-03,Rejected
578,578,341,2025-05-10,Rejected
579,579,263,2025-10-07,Withdrawn
580,580,257,2025-05-02,Withdrawn
581,581,78,2021-08-29,Offer
582,582,12,2023-10-15,Interviewed
583,583,100,2025-10-13,Interviewed
584,584,133,2022-06-15,Rejected
585,585,249,2021-09-10,Rejected
586,586,322,2023-07-22,Rejected
587,587,264,2025-07-08,Rejected
588,588,254,2024-05-08,Rejected
589,589,258,2023-12-08,Rejected
590,590,226,2024-09-14,Interviewed
591,591,248,2022-06-29,Interviewed
592,592,207,2023-10-21,Rejected
593,593,5,2023-05-20,Rejected
594,594,342,2024-01-06,Rejected
595,595,156,2021-08-04,Withdrawn
596,596,248,2022-06-24,Interviewed
597,597,61,2025-05-31,Offer
598,598,198,2023-07-14,Rejected
599,599,116,2022-07-06,Interviewed
600,600,101,2025-10-16,Rejected
601,601,212,2023-05-04,Rejected
602,602,235,2025-09-26,Rejected
603,603,160,2025-10-29,Rejected
604,604,195,2024-10-16,Rejected
605,605,17,2021-08-31,Withdrawn
606,606,142,2023-02-12,Rejected
607,607,332,2023-11-07,Hired
608,608,86,2024-02-24,Rejected
609,609,90,2025-10-20,Interviewed
610,610,276,2022-02-15,Hired
611,611,236,2025-08-27,Rejected
612,612,240,2021-03-04,Withdrawn
613,613,181,2023-02-03,Withdrawn
614,614,137,2024-11-25,Rejected
615,615,234,2021-03-24,Withdrawn
616,616,41,2024-06-18,Rejected
617,617,111,2021-02-28,Hired
618,618,337,2023-05-09,Hired
619,619,66,2024-05-07,Rejected
620,620,73,2025-10-12,Interviewed
621,621,22,2025-11-04,Rejected
622,622,219,2025-06-22,Hired
623,623,278,2023-02-04,Withdrawn
624,624,269,2023-02-04,Rejected
625,625,283,2024-08-23,Rejected
626,626,96,2025-04-12,Hired
627,627,246,2024-05-29,Rejected
628,628,95,2023-04-20,Hired
629,629,319,2023-07-10,Withdrawn
630,630,331,2022-02-07,Interviewed
631,631,333,2021-09-08,Interviewed
632,632,213,2022-01-21,Hired
633,633,331,2022-12-04,Rejected
634,634,151,2024-07-02,Rejected
635,635,39,2023-11-27,Rejected
636,636,87,2022-02-03,Withdrawn
637,637,256,2021-08-08,Interviewed
638,638,264,2021-06-17,Offer
639,639,178,2022-12-06,Rejected
640,640,325,2024-06-08,Rejected
641,641,232,2021-08-11,Rejected
642,642,339,2022-08-15,Rejected
643,643,137,2022-10-15,Hired
644,644,291,2024-10-29,Hired
645,645,256,2022-07-12,Hired
646,646,289,2023-04-05,Rejected
647,647,17,2025-07-03,Offer
648,648,18,2023-10-17,Hired
649,649,100,2023-04-09,Hired
650,650,139,2023-06-14,Rejected
651,651,13,2025-02-05,Interviewed
652,652,202,2024-05-16,Hired
653,653,272,2025-01-19,Rejected
654,654,160,2024-10-02,Hired
655,655,15,2021-07-30,Rejected
656,656,94,2023-09-02,Rejected
657,657,164,2025-11-18,Interviewed
658,658,345,2023-10-31,Hired
659,659,164,2024-08-21,Rejected
660,660,273,2025-09-13,Interviewed
661,661,61,2025-02-15,Rejected
662,662,198,2024-12-29,Withdrawn
663,663,313,2022-08-24,Hired
664,664,341,2021-10-18,Rejected
665,665,27,2023-09-15,Rejected
666,666,47,2021-12-21,Rejected
667,667,314,2021-05-30,Offer
668,668,264,2021-01-30,Hired
669,669,140,2023-11-10,Rejected
670,670,78,2022-03-22,Rejected
671,671,347,2022-09-29,Hired
672,672,204,2021-05-22,Rejected
673,673,59,2024-10-12,Rejected
674,674,97,2024-09-16,Interviewed
675,675,73,2021-07-10,Interviewed
676,676,129,2023-12-23,Rejected
677,677,60,2024-02-05,Withdrawn
678,678,348,2022-07-13,Interviewed
679,679,57,2022-10-11,Rejected
680,680,184,2024-03-27,Rejected
681,681,189,2022-08-07,Offer
682,682,145,2024-05-16,Rejected
683,683,61,2024-02-24,Interviewed
684,684,130,2024-11-30,Offer
685,685,201,2022-06-24,Rejected
686,686,162,2024-07-25,Rejected
687,687,346,2024-01-24,Rejected
688,688,97,2025-03-11,Interviewed
689,689,95,2022-09-07,Rejected
690,690,133,2021-03-01,Rejected
691,691,183,2022-01-08,Rejected
692,692,229,2023-04-06,Rejected
693,693,158,2022-07-28,Rejected
694,694,95,2021-10-25,Withdrawn
695,695,52,2022-11-30,Offer
696,696,154,2022-03-03,Offer
697,697,112,2025-01-10,Offer
698,698,193,2025-08-02,Hired
699,699,83,2025-05-11,Interviewed
700,700,6,2025-03-05,Interviewed
701,701,179,2025-06-12,Rejected
702,702,181,2022-12-26,Interviewed
703,703,79,2021-01-30,Rejected
704,704,67,2023-07-14,Offer
705,705,137,2021-04-04,Rejected
706,706,128,2025-04-13,Hired
707,707,105,2025-03-17,Rejected
708,708,241,2025-06-19,Rejected
709,709,255,2021-06-09,Rejected
710,710,275,2025-09-26,Rejected
711,711,267,2024-11-28,Rejected
712,712,112,2022-03-09,Hired
713,713,253,2021-11-08,Rejected
714,714,302,2024-11-10,Hired
715,715,184,2024-06-18,Hired
716,716,68,2024-03-26,Withdrawn
717,717,88,2023-04-02,Withdrawn
718,718,186,2023-10-06,Rejected
719,719,74,2022-05-23,Offer
720,720,238,2025-07-13,Hired
721,721,297,2022-03-20,Withdrawn
722,722,227,2023-05-03,Rejected
723,723,347,2022-12-09,Hired
724,724,50,2025-02-09,Offer
725,725,333,2023-09-01,Rejected
726,726,186,2025-06-19,Rejected
727,727,330,2025-07-27,Hired
728,728,133,2021-04-20,Rejected
729,729,13,2021-02-17,Offer
730,730,230,2023-07-06,Offer
731,731,115,2023-10-28,Hired
732,732,184,2022-07-03,Interviewed
733,733,31,2022-03-06,Rejected
734,734,53,2023-07-13,Rejected
735,735,260,2021-06-28,Hired
736,736,195,2023-09-30,Hired
737,737,200,2025-06-22,Rejected
738,738,157,2021-04-10,Rejected
739,739,27,2021-02-25,Rejected
740,740,332,2024-07-16,Offer
741,741,246,2022-09-12,Rejected
742,742,138,2024-03-28,Rejected
743,743,271,2023-12-04,Rejected
744,744,88,2022-02-18,Interviewed
745,745,32,2025-10-08,Rejected
746,746,258,2024-12-16,Rejected
747,747,73,2025-04-11,Rejected
748,748,126,2021-04-30,Rejected
749,749,34,2022-09-27,Rejected
750,750,242,2021-12-11,Rejected
751,751,280,2021-06-20,Hired
752,752,168,2024-10-09,Rejected
753,753,175,2022-02-05,Rejected
754,754,199,2022-09-28,Rejected
755,755,166,2022-02-25,Hired
756,756,281,2025-01-04,Offer
757,757,343,2025-01-26,Rejected
758,758,118,2025-11-15,Offer
759,759,5,2025-04-09,Hired
760,760,336,2024-07-20,Hired
761,761,281,2024-07-17,Interviewed
762,762,6,2023-09-10,Rejected
763,763,255,2024-05-11,Rejected
764,764,328,2021-03-08,Withdrawn
765,765,302,2022-02-01,Rejected
766,766,177,2022-10-02,Interviewed
767,767,338,2022-11-15,Rejected
768,768,310,2024-10-04,Offer
769,769,137,2024-02-16,Rejected
770,770,14,2024-06-27,Offer
771,771,193,2025-01-26,Hired
772,772,134,2021-07-19,Rejected
773,773,298,2022-11-16,Rejected
774,774,298,2023-03-05,Rejected
775,775,93,2023-07-21,Rejected
776,776,52,2021-09-27,Rejected
777,777,84,2023-12-24,Hired
778,778,205,2023-12-04,Rejected
779,779,332,2024-02-25,Hired
780,780,259,2023-07-06,Withdrawn
781,781,87,2025-04-21,Rejected
782,782,131,2025-10-17,Interviewed
783,783,211,2024-11-20,Offer
784,784,186,2023-04-20,Rejected
785,785,316,2024-11-06,Interviewed
786,786,72,2022-12-22,Rejected
787,787,82,2022-06-24,Interviewed
788,788,260,2021-06-20,Rejected
789,789,183,2025-03-10,Interviewed
790,790,64,2024-05-26,Hired
791,791,257,2025-12-09,Rejected
792,792,293,2023-11-18,Interviewed
793,793,272,2025-04-12,Hired
794,794,244,2023-04-24,Withdrawn
795,795,311,2024-10-16,Rejected
796,796,313,2021-09-06,Interviewed
797,797,77,2025-01-16,Rejected
798,798,42,2025-03-19,Offer
799,799,250,2025-07-16,Rejected
800,800,172,2024-06-03,Rejected
801,801,273,2023-06-20,Interviewed
802,802,192,2024-02-12,Rejected
803,803,204,2022-06-09,Rejected
804,804,287,2023-08-28,Withdrawn
805,805,189,2024-04-07,Rejected
806,806,82,2024-08-08,Offer
807,807,135,2024-04-24,Rejected
808,808,350,2021-03-17,Rejected
809,809,109,2022-04-22,Offer
810,810,27,2021-03-13,Offer
811,811,74,2023-03-04,Interviewed
812,812,190,2024-06-23,Hired
813,813,81,2023-03-20,Hired
814,814,5,2025-10-23,Rejected
815,815,3,2023-03-25,Rejected
816,816,66,2025-11-21,Hired
817,817,301,2024-04-24,Interviewed
818,818,282,2022-10-06,Rejected
819,819,212,2022-03-24,Hired
820,820,339,2021-12-03,Rejected
821,821,139,2025-01-31,Interviewed
822,822,63,2024-12-18,Hired
823,823,51,2024-07-13,Offer
824,824,104,2025-05-09,Interviewed
825,825,3,2024-08-25,Rejected
826,826,24,2021-01-13,Hired
827,827,4,2025-12-02,Withdrawn
828,828,103,2025-04-27,Withdrawn
829,829,38,2022-01-22,Withdrawn
830,830,116,2021-07-18,Hired
831,831,147,2021-05-31,Rejected
832,832,26,2025-11-10,Interviewed
833,833,95,2023-09-28,Hired
834,834,239,2024-04-09,Interviewed
835,835,136,2024-10-13,Hired
836,836,145,2022-03-11,Rejected
837,837,111,2022-03-07,Interviewed
838,838,23,2024-02-07,Rejected
839,839,287,2021-11-30,Interviewed
840,840,276,2021-06-30,Withdrawn
841,841,338,2022-01-20,Hired
842,842,224,2025-12-02,Rejected
843,843,341,2023-03-13,Interviewed
844,844,290,2024-08-19,Hired
845,845,190,2022-04-15,Rejected
846,846,120,2023-04-23,Rejected
847,847,350,2021-12-07,Interviewed
848,848,34,2023-03-21,Hired
849,849,211,2025-04-20,Rejected
850,850,304,2023-12-05,Rejected
851,851,41,2022-10-22,Rejected
852,852,27,2022-07-01,Rejected
853,853,126,2025-04-15,Hired
854,854,200,2025-02-23,Withdrawn
855,855,332,2021-11-09,Hired
856,856,141,2023-09-24,Offer
857,857,193,2025-08-14,Withdrawn
858,858,223,2025-06-10,Rejected
859,859,36,2022-10-20,Hired
860,860,343,2022-04-19,Hired
861,861,260,2021-09-29,Rejected
862,862,69,2023-08-12,Hired
863,863,169,2021-02-18,Rejected
864,864,45,2025-02-10,Interviewed
865,865,47,2025-10-16,Interviewed
866,866,37,2025-01-19,Withdrawn
867,867,204,2025-10-02,Hired
868,868,14,2025-04-27,Hired
869,869,118,2023-05-29,Rejected
870,870,113,2022-01-13,Withdrawn
871,871,81,2021-04-23,Offer
872,872,128,2024-05-12,Hired
873,873,186,2022-04-01,Interviewed
874,874,240,2021-09-07,Rejected
875,875,200,2021-06-07,Rejected
876,876,289,2025-10-14,Rejected
877,877,104,2022-07-28,Interviewed
878,878,86,2025-04-11,Interviewed
879,879,254,2022-12-10,Rejected
880,880,80,2021-03-30,Rejected
881,881,144,2025-05-03,Hired
882,882,28,2023-12-22,Interviewed
883,883,329,2025-01-25,Withdrawn
884,884,90,2025-04-23,Hired
885,885,264,2025-01-05,Rejected
886,886,122,2024-04-04,Rejected
887,887,340,2022-11-09,Rejected
888,888,84,2023-08-18,Rejected
889,889,89,2023-01-11,Rejected
890,890,60,2021-06-11,Hired
891,891,135,2022-12-22,Interviewed
892,892,252,2025-07-29,Interviewed
893,893,175,2022-01-08,Rejected
894,894,260,2021-09-09,Offer
895,895,24,2025-06-19,Offer
896,896,155,2025-08-14,Hired
897,897,93,2025-01-31,Rejected
898,898,288,2024-08-14,Hired
899,899,22,2022-12-19,Hired
900,900,345,2025-09-25,Hired
901,901,157,2023-06-22,Rejected
902,902,197,2024-11-19,Rejected
903,903,332,2023-11-05,Rejected
904,904,36,2023-12-04,Offer
905,905,204,2023-02-20,Withdrawn
906,906,20,2025-11-03,Interviewed
907,907,209,2025-07-27,Hired
908,908,6,2024-11-29,Hired
909,909,164,2024-11-07,Rejected
910,910,278,2025-05-08,Hired
911,911,226,2022-04-30,Rejected
912,912,343,2021-05-01,Hired
913,913,207,2022-12-02,Rejected
914,914,253,2021-01-19,Rejected
915,915,216,2022-02-21,Rejected
916,916,210,2024-10-14,Withdrawn
917,917,305,2024-04-13,Hired
918,918,92,2021-12-06,Offer
919,919,34,2024-05-16,Hired
920,920,81,2023-03-20,Hired
921,921,209,2021-06-11,Offer
922,922,346,2021-10-31,Withdrawn
923,923,345,2021-01-22,Offer
924,924,316,2021-07-05,Rejected
925,925,242,2024-02-18,Rejected
926,926,3,2022-03-27,Rejected
927,927,141,2024-11-28,Rejected
928,928,332,2023-02-11,Hired
929,929,62,2024-05-31,Rejected
930,930,336,2023-10-15,Interviewed
931,931,122,2021-07-15,Offer
932,932,330,2023-05-15,Rejected
933,933,142,2023-02-16,Rejected
934,934,7,2023-07-16,Interviewed
935,935,52,2023-07-04,Interviewed
936,936,342,2024-06-01,Withdrawn
937,937,291,2025-08-25,Rejected
938,938,98,2023-12-02,Hired
939,939,189,2022-02-15,Offer
940,940,1,2025-12-13,Withdrawn
941,941,150,2023-09-18,Withdrawn
942,942,213,2022-04-30,Rejected
943,943,147,2022-03-28,Rejected
944,944,187,2021-06-29,Hired
945,945,101,2024-01-16,Withdrawn
946,946,324,2022-07-19,Rejected
947,947,202,2021-08-21,Rejected
948,948,267,2024-02-29,Hired
949,949,229,2023-01-04,Hired
950,950,36,2024-03-15,Rejected
951,951,37,2024-11-23,Rejected
952,952,73,2023-09-09,Interviewed
953,953,134,2025-04-28,Rejected
954,954,70,2021-09-18,Rejected
955,955,327,2021-11-27,Rejected
956,956,176,2023-01-09,Hired
957,957,324,2025-08-03,Interviewed
958,958,43,2021-09-30,Rejected
959,959,160,2022-03-18,Rejected
960,960,315,2021-11-29,Rejected
961,961,68,2022-12-14,Hired
962,962,253,2025-11-24,Hired
963,963,41,2023-09-23,Withdrawn
964,964,298,2024-01-07,Rejected
965,965,154,2021-01-05,Hired
966,966,327,2022-11-21,Rejected
967,967,298,2025-07-14,Offer
968,968,91,2022-09-21,Interviewed
969,969,6,2024-10-27,Interviewed
970,970,291,2023-12-10,Hired
971,971,19,2025-09-18,Interviewed
972,972,36,2024-01-24,Rejected
973,973,1,2022-02-27,Interviewed
974,974,12,2021-03-27,Rejected
975,975,78,2021-05-28,Rejected
976,976,92,2024-09-08,Interviewed
977,977,242,2023-04-20,Rejected
978,978,286,2025-02-22,Withdrawn
979,979,316,2025-02-01,Interviewed
980,980,37,2022-01-22,Rejected
981,981,215,2023-02-06,Hired
982,982,321,2022-04-20,Rejected
983,983,336,2024-08-15,Hired
984,984,313,2021-03-31,Interviewed
985,985,213,2024-08-14,Rejected
986,986,221,2023-07-31,Hired
987,987,173,2022-08-16,Rejected
988,988,204,2021-12-13,Hired
989,989,290,2021-10-01,Interviewed
990,990,97,2022-03-25,Rejected
991,991,309,2021-11-28,Rejected
992,992,60,2023-09-20,Rejected
993,993,14,2021-06-18,Rejected
994,994,206,2023-11-09,Hired
995,995,56,2022-01-21,Interviewed
996,996,310,2022-08-28,Interviewed
997,997,65,2023-03-04,Rejected
998,998,159,2023-10-10,Offer
999,999,105,2022-08-09,Rejected
1000,1000,87,2022-10-02,Withdrawn
1001,1001,195,2024-09-12,Rejected
1002,1002,350,2024-01-12,Withdrawn
1003,1003,267,2023-06-16,Rejected
1004,1004,302,2022-03-20,Offer
1005,1005,56,2024-04-18,Rejected
1006,1006,197,2023-03-04,Rejected
1007,1007,182,2024-05-24,Rejected
1008,1008,101,2025-01-03,Interviewed
1009,1009,67,2025-02-24,Rejected
1010,1010,76,2023-12-16,Rejected
1011,1011,295,2025-03-26,Rejected
1012,1012,185,2022-04-05,Offer
1013,1013,56,2023-05-15,Offer
1014,1014,270,2025-05-07,Rejected
1015,1015,199,2021-10-25,Hired
1016,1016,163,2024-03-04,Rejected
1017,1017,322,2023-08-08,Hired
1018,1018,88,2022-06-07,Offer
1019,1019,346,2024-07-29,Withdrawn
1020,1020,238,2025-05-20,Interviewed
1021,1021,71,2024-01-22,Rejected
1022,1022,15,2024-06-11,Hired
1023,1023,81,2021-09-24,Hired
1024,1024,214,2022-09-24,Interviewed
1025,1025,218,2025-05-09,Rejected
1026,1026,206,2023-10-27,Interviewed
1027,1027,128,2023-11-01,Rejected
1028,1028,166,2022-12-30,Withdrawn
1029,1029,180,2023-05-22,Interviewed
1030,1030,258,2022-10-19,Hired
1031,1031,129,2023-08-17,Rejected
1032,1032,325,2023-02-17,Rejected
1033,1033,266,2022-11-23,Rejected
1034,1034,312,2022-03-10,Withdrawn
1035,1035,276,2024-04-18,Interviewed
1036,1036,103,2025-04-07,Rejected
1037,1037,217,2025-10-17,Hired
1038,1038,71,2022-01-22,Rejected
1039,1039,54,2025-11-11,Interviewed
1040,1040,283,2022-01-26,Rejected
1041,1041,112,2023-08-05,Interviewed
1042,1042,163,2024-01-14,Rejected
1043,1043,305,2023-08-23,Rejected
1044,1044,86,2023-07-25,Rejected
1045,1045,154,2025-04-30,Hired
1046,1046,1,2023-03-23,Withdrawn
1047,1047,14,2023-08-10,Offer
1048,1048,209,2021-10-20,Rejected
1049,1049,276,2022-08-09,Rejected
1050,1050,3,2021-11-10,Rejected
1051,1051,116,2025-03-29,Rejected
1052,1052,6,2024-11-16,Offer
1053,1053,287,2023-03-09,Hired
1054,1054,70,2023-07-07,Rejected
1055,1055,287,2021-05-29,Rejected
1056,1056,104,2023-07-19,Rejected
1057,1057,200,2025-02-26,Rejected
1058,1058,9,2023-06-15,Rejected
1059,1059,325,2024-12-26,Withdrawn
1060,1060,287,2023-07-03,Interviewed
1061,1061,230,2021-10-05,Rejected
1062,1062,197,2021-12-26,Offer
1063,1063,266,2024-02-14,Rejected
1064,1064,54,2025-03-19,Rejected
1065,1065,292,2025-03-19,Withdrawn
1066,1066,180,2022-02-14,Hired
1067,1067,156,2025-05-24,Rejected
1068,1068,82,2022-11-25,Offer
1069,1069,75,2023-03-14,Rejected
1070,1070,241,2025-08-26,Rejected
1071,1071,168,2024-03-22,Rejected
1072,1072,59,2023-07-21,Rejected
1073,1073,71,2021-08-17,Offer
1074,1074,275,2024-06-06,Interviewed
1075,1075,348,2024-07-01,Hired
1076,1076,295,2021-09-11,Offer
1077,1077,275,2021-10-31,Hired
1078,1078,224,2021-02-12,Rejected
1079,1079,204,2023-07-09,Withdrawn
1080,1080,113,2025-11-12,Offer
1081,1081,119,2024-07-24,Rejected
1082,1082,68,2022-04-22,Interviewed
1083,1083,251,2022-10-30,Rejected
1084,1084,176,2022-06-27,Withdrawn
1085,1085,24,2024-06-04,Rejected
1086,1086,29,2025-06-25,Rejected
1087,1087,33,2023-01-28,Rejected
1088,1088,278,2025-12-02,Rejected
1089,1089,88,2022-08-22,Interviewed
1090,1090,320,2022-04-16,Interviewed
1091,1091,247,2024-08-08,Rejected
1092,1092,315,2025-09-15,Interviewed
1093,1093,119,2023-11-29,Rejected
1094,1094,326,2021-06-22,Interviewed
1095,1095,336,2023-03-19,Withdrawn
1096,1096,245,2025-05-14,Rejected
1097,1097,318,2022-06-01,Rejected
1098,1098,239,2022-11-16,Hired
1099,1099,20,2021-08-14,Hired
1100,1100,65,2021-04-08,Hired
1101,1101,8,2024-10-30,Rejected
1102,1102,189,2021-03-11,Offer
1103,1103,197,2021-03-12,Rejected
1104,1104,118,2024-12-13,Rejected
1105,1105,203,2022-04-30,Rejected
1106,1106,166,2024-06-03,Hired
1107,1107,341,2022-05-04,Hired
1108,1108,291,2022-09-09,Rejected
1109,1109,205,2022-05-23,Rejected
1110,1110,133,2023-08-26,Hired
1111,1111,31,2025-09-18,Rejected
1112,1112,142,2023-03-20,Rejected
1113,1113,171,2021-05-29,Interviewed
1114,1114,220,2024-04-01,Rejected
1115,1115,69,2025-02-24,Hired
1116,1116,147,2021-07-03,Rejected
1117,1117,310,2024-10-25,Withdrawn
1118,1118,318,2022-07-20,Rejected
1119,1119,279,2025-02-05,Hired
1120,1120,217,2023-10-25,Withdrawn
1121,1121,152,2023-11-11,Rejected
1122,1122,312,2023-05-30,Rejected
1123,1123,36,2022-03-08,Withdrawn
1124,1124,128,2021-02-14,Hired
1125,1125,166,2022-12-17,Hired
1126,1126,105,2024-11-09,Rejected
1127,1127,10,2023-01-05,Rejected
1128,1128,62,2025-04-05,Interviewed
1129,1129,30,2021-06-01,Interviewed
1130,1130,201,2024-02-20,Rejected
1131,1131,334,2024-08-26,Rejected
1132,1132,212,2023-08-12,Interviewed
1133,1133,225,2023-07-25,Hired
1134,1134,37,2021-04-14,Rejected
1135,1135,316,2021-03-13,Rejected
1136,1136,71,2025-06-26,Rejected
1137,1137,318,2022-08-18,Offer
1138,1138,115,2022-01-23,Rejected
1139,1139,137,2023-03-26,Interviewed
1140,1140,156,2024-09-03,Interviewed
1141,1141,135,2022-01-08,Hired
1142,1142,242,2022-07-31,Interviewed
1143,1143,259,2025-10-19,Withdrawn
1144,1144,172,2022-11-01,Withdrawn
1145,1145,127,2025-09-20,Withdrawn
1146,1146,198,2022-07-15,Rejected
1147,1147,40,2024-07-07,Offer
1148,1148,247,2022-07-13,Rejected
1149,1149,233,2024-01-31,Hired
1150,1150,302,2021-09-17,Rejected
1151,1151,27,2025-03-11,Rejected
1152,1152,26,2021-08-12,Rejected
1153,1153,176,2022-09-19,Withdrawn
1154,1154,36,2022-08-22,Interviewed
1155,1155,308,2023-10-08,Hired
1156,1156,76,2022-11-28,Rejected
1157,1157,298,2021-10-15,Rejected
1158,1158,259,2022-03-11,Rejected
1159,1159,344,2023-03-30,Rejected
1160,1160,298,2022-11-20,Rejected
1161,1161,143,2023-09-29,Interviewed
1162,1162,229,2023-04-02,Rejected
1163,1163,325,2023-04-24,Rejected
1164,1164,232,2021-01-01,Offer
1165,1165,20,2022-01-13,Interviewed
1166,1166,180,2022-09-20,Rejected
1167,1167,148,2025-01-10,Interviewed
1168,1168,117,2022-04-29,Rejected
1169,1169,229,2022-10-18,Rejected
1170,1170,115,2025-09-06,Interviewed
1171,1171,37,2023-12-03,Withdrawn
1172,1172,292,2022-12-25,Hired
1173,1173,134,2024-11-01,Hired
1174,1174,329,2024-07-30,Hired
1175,1175,120,2021-07-29,Offer
1176,1176,81,2021-04-04,Withdrawn
1177,1177,149,2024-07-13,Rejected
1178,1178,144,2025-07-15,Interviewed
1179,1179,141,2025-07-27,Interviewed
1180,1180,323,2021-05-18,Rejected
1181,1181,177,2024-11-20,Hired
1182,1182,241,2023-10-24,Rejected
1183,1183,179,2024-10-29,Hired
1184,1184,251,2023-07-12,Rejected
1185,1185,323,2023-12-24,Offer
1186,1186,49,2025-10-23,Rejected
1187,1187,238,2022-07-22,Offer
1188,1188,231,2023-05-07,Rejected
1189,1189,192,2025-01-01,Rejected
1190,1190,57,2021-06-10,Withdrawn
1191,1191,213,2023-02-03,Withdrawn
1192,1192,188,2025-11-17,Rejected
1193,1193,338,2024-02-20,Rejected
1194,1194,326,2022-01-17,Interviewed
1195,1195,306,2025-11-12,Rejected
1196,1196,308,2023-12-31,Rejected
1197,1197,300,2024-04-16,Hired
1198,1198,17,2021-03-10,Rejected
1199,1199,179,2023-05-15,Hired
1200,1200,222,2024-01-10,Rejected
1201,1201,322,2022-12-17,Interviewed
1202,1202,277,2022-01-20,Rejected
1203,1203,235,2021-07-05,Interviewed
1204,1204,305,2025-08-16,Withdrawn
1205,1205,241,2025-05-20,Rejected
1206,1206,318,2021-05-08,Interviewed
1207,1207,176,2021-05-16,Hired
1208,1208,58,2025-04-06,Rejected
1209,1209,247,2023-03-25,Rejected
1210,1210,195,2023-09-17,Rejected
1211,1211,104,2022-05-19,Hired
1212,1212,20,2022-12-05,Rejected
1213,1213,87,2022-10-18,Offer
1214,1214,99,2023-03-16,Rejected
1215,1215,181,2022-08-22,Hired
1216,1216,121,2022-04-25,Rejected
1217,1217,192,2023-11-21,Hired
1218,1218,334,2021-12-02,Hired
1219,1219,146,2021-02-02,Rejected
1220,1220,308,2025-07-18,Hired
1221,1221,81,2021-10-23,Rejected
1222,1222,131,2025-01-10,Rejected
1223,1223,95,2024-10-02,Rejected
1224,1224,182,2025-12-11,Offer
1225,1225,27,2022-02-22,Rejected
1226,1226,34,2021-07-19,Interviewed
1227,1227,205,2025-03-15,Interviewed
1228,1228,188,2022-05-16,Rejected
1229,1229,269,2024-12-16,Withdrawn
1230,1230,303,2023-02-13,Hired
1231,1231,286,2022-02-05,Rejected
1232,1232,139,2021-10-11,Hired
1233,1233,154,2022-09-27,Rejected
1234,1234,104,2024-09-01,Rejected
1235,1235,143,2023-10-12,Rejected
1236,1236,332,2021-04-04,Offer
1237,1237,329,2023-02-13,Interviewed
1238,1238,299,2022-09-27,Hired
1239,1239,90,2022-11-20,Rejected
1240,1240,240,2022-06-16,Withdrawn
1241,1241,34,2024-04-17,Interviewed
1242,1242,301,2021-04-13,Rejected
1243,1243,186,2025-08-15,Interviewed
1244,1244,181,2022-02-13,Rejected
1245,1245,284,2023-03-27,Hired
1246,1246,105,2022-01-31,Interviewed
1247,1247,260,2022-01-18,Interviewed
1248,1248,344,2024-03-31,Interviewed
1249,1249,30,2023-03-14,Rejected
1250,1250,24,2024-04-16,Interviewed
1251,1251,279,2023-12-31,Withdrawn
1252,1252,27,2021-01-20,Hired
1253,1253,7,2024-06-19,Rejected
1254,1254,241,2024-11-17,Interviewed
1255,1255,157,2022-08-31,Offer
1256,1256,61,2023-03-30,Offer
1257,1257,201,2024-06-24,Hired
1258,1258,114,2024-08-21,Rejected
1259,1259,202,2021-05-20,Interviewed
1260,1260,224,2024-02-04,Rejected
1261,1261,200,2023-09-23,Hired
1262,1262,53,2022-10-29,Withdrawn
1263,1263,287,2021-11-14,Rejected
1264,1264,309,2024-10-31,Rejected
1265,1265,159,2024-06-17,Interviewed
1266,1266,332,2024-02-14,Rejected
1267,1267,28,2024-05-18,Interviewed
1268,1268,350,2021-01-11,Offer
1269,1269,180,2022-03-13,Rejected
1270,1270,273,2021-04-29,Rejected
1271,1271,308,2022-02-14,Rejected
1272,1272,54,2025-11-27,Rejected
1273,1273,197,2022-04-09,Interviewed
1274,1274,164,2023-11-17,Rejected
1275,1275,121,2022-06-30,Rejected
1276,1276,67,2023-06-22,Offer
1277,1277,344,2022-12-11,Rejected
1278,1278,143,2023-02-13,Hired
1279,1279,76,2023-02-06,Rejected
1280,1280,150,2024-04-10,Offer
1281,1281,262,2023-08-30,Withdrawn
1282,1282,230,2025-11-03,Withdrawn
1283,1283,257,2025-05-17,Rejected
1284,1284,39,2025-06-07,Rejected
1285,1285,281,2023-09-09,Offer
1286,1286,6,2025-07-23,Interviewed
1287,1287,332,2024-01-06,Rejected
1288,1288,328,2025-05-10,Offer
1289,1289,66,2022-04-26,Offer
1290,1290,175,2025-06-01,Interviewed
1291,1291,67,2025-03-01,Rejected
1292,1292,202,2021-02-28,Interviewed
1293,1293,280,2022-06-06,Hired
1294,1294,189,2025-01-24,Hired
1295,1295,325,2024-05-25,Offer
1296,1296,92,2025-07-06,Interviewed
1297,1297,309,2022-09-11,Rejected
1298,1298,129,2022-07-06,Offer
1299,1299,308,2023-07-24,Rejected
1300,1300,250,2021-02-27,Hired
1301,1301,247,2024-09-23,Interviewed
1302,1302,231,2023-08-08,Rejected
1303,1303,200,2022-04-18,Hired
1304,1304,64,2025-06-03,Withdrawn
1305,1305,208,2021-12-06,Rejected
1306,1306,315,2021-04-18,Rejected
1307,1307,210,2023-11-08,Rejected
1308,1308,199,2022-08-02,Rejected
1309,1309,335,2024-06-07,Withdrawn
1310,1310,153,2022-11-02,Rejected
1311,1311,23,2022-11-04,Withdrawn
1312,1312,128,2022-05-11,Rejected
1313,1313,279,2021-08-10,Hired
1314,1314,325,2023-10-30,Rejected
1315,1315,254,2024-12-05,Offer
1316,1316,288,2022-10-30,Hired
1317,1317,219,2025-11-11,Rejected
1318,1318,263,2024-09-30,Rejected
1319,1319,201,2024-06-11,Rejected
1320,1320,296,2022-11-02,Rejected
1321,1321,93,2023-12-01,Rejected
1322,1322,204,2025-08-18,Rejected
1323,1323,160,2021-05-22,Interviewed
1324,1324,53,2022-05-11,Rejected
1325,1325,337,2023-04-26,Interviewed
1326,1326,192,2022-01-09,Rejected
1327,1327,138,2022-12-24,Rejected
1328,1328,268,2021-06-07,Offer
1329,1329,81,2025-10-22,Hired
1330,1330,116,2024-09-23,Interviewed
1331,1331,204,2021-11-03,Rejected
1332,1332,230,2024-03-12,Rejected
1333,1333,33,2022-08-20,Rejected
1334,1334,195,2023-03-19,Rejected
1335,1335,112,2024-12-03,Rejected
1336,1336,102,2023-09-01,Rejected
1337,1337,242,2024-05-29,Rejected
1338,1338,94,2023-12-03,Rejected
1339,1339,140,2021-03-31,Rejected
1340,1340,339,2023-11-19,Hired
1341,1341,208,2021-04-06,Rejected
1342,1342,296,2023-04-03,Hired
1343,1343,90,2022-09-11,Rejected
1344,1344,136,2023-08-25,Rejected
1345,1345,69,2022-04-24,Hired
1346,1346,313,2023-12-06,Hired
1347,1347,113,2021-01-04,Offer
1348,1348,97,2024-03-20,Hired
1349,1349,254,2021-12-22,Offer
1350,1350,76,2023-05-12,Interviewed
1351,1351,13,2024-03-09,Rejected
1352,1352,87,2021-06-21,Rejected
1353,1353,331,2021-02-21,Interviewed
1354,1354,342,2021-04-18,Rejected
1355,1355,239,2021-12-23,Offer
1356,1356,78,2021-12-13,Hired
1357,1357,92,2021-05-03,Rejected
1358,1358,87,2024-10-11,Rejected
1359,1359,110,2024-10-21,Interviewed
1360,1360,169,2022-11-08,Offer
1361,1361,239,2022-03-12,Rejected
1362,1362,43,2024-07-01,Withdrawn
1363,1363,160,2024-11-29,Offer
1364,1364,168,2025-11-24,Hired
1365,1365,211,2022-03-19,Rejected
1366,1366,166,2022-04-22,Hired
1367,1367,189,2024-11-15,Rejected
1368,1368,206,2025-07-28,Interviewed
1369,1369,243,2023-08-08,Rejected
1370,1370,114,2022-10-28,Rejected
1371,1371,51,2023-09-25,Hired
1372,1372,299,2025-08-07,Rejected
1373,1373,323,2024-09-04,Offer
1374,1374,148,2022-03-28,Offer
1375,1375,166,2021-11-04,Rejected
1376,1376,284,2024-09-28,Interviewed
1377,1377,272,2021-11-08,Hired
1378,1378,81,2023-02-07,Rejected
1379,1379,225,2024-10-10,Rejected
1380,1380,125,2023-04-30,Rejected
1381,1381,308,2023-11-21,Interviewed
1382,1382,117,2021-08-16,Rejected
1383,1383,83,2021-11-25,Offer
1384,1384,263,2022-09-30,Rejected
1385,1385,231,2023-06-25,Interviewed
1386,1386,305,2022-05-10,Withdrawn
1387,1387,49,2022-10-09,Offer
1388,1388,140,2023-08-07,Rejected
1389,1389,331,2024-09-10,Rejected
1390,1390,348,2021-04-23,Withdrawn
1391,1391,46,2023-02-20,Rejected
1392,1392,284,2023-06-28,Hired
1393,1393,257,2021-09-09,Rejected
1394,1394,26,2024-11-01,Hired
1395,1395,214,2025-06-08,Rejected
1396,1396,1,2025-11-11,Rejected
1397,1397,11,2024-11-19,Rejected
1398,1398,266,2025-07-01,Rejected
1399,1399,14,2023-04-23,Rejected
1400,1400,58,2022-06-12,Rejected
1401,1401,295,2021-04-10,Interviewed
1402,1402,135,2023-07-13,Rejected
1403,1403,72,2021-01-20,Rejected
1404,1404,167,2024-12-15,Rejected
1405,1405,56,2022-07-24,Hired
1406,1406,240,2021-06-24,Hired
1407,1407,181,2025-10-16,Interviewed
1408,1408,85,2025-08-03,Rejected
1409,1409,50,2022-12-22,Interviewed
1410,1410,291,2024-11-11,Interviewed
1411,1411,178,2022-12-16,Rejected
1412,1412,320,2024-03-31,Rejected
1413,1413,198,2022-03-24,Interviewed
1414,1414,122,2023-10-14,Rejected
1415,1415,24,2022-03-31,Offer
1416,1416,310,2021-08-25,Rejected
1417,1417,245,2024-12-26,Rejected
1418,1418,98,2024-05-08,Hired
1419,1419,273,2021-11-22,Rejected
1420,1420,267,2021-05-06,Rejected
1421,1421,199,2024-11-25,Rejected
1422,1422,342,2025-07-29,Interviewed
1423,1423,294,2025-01-16,Rejected
1424,1424,347,2025-10-23,Rejected
1425,1425,342,2023-10-18,Interviewed
1426,1426,268,2022-09-10,Hired
1427,1427,247,2024-11-29,Hired
1428,1428,171,2023-10-31,Withdrawn
1429,1429,121,2021-04-07,Rejected
1430,1430,222,2021-03-10,Rejected
1431,1431,121,2023-11-22,Hired
1432,1432,171,2021-08-17,Rejected
1433,1433,231,2025-04-03,Rejected
1434,1434,37,2024-09-24,Hired
1435,1435,287,2024-12-01,Rejected
1436,1436,252,2024-09-30,Rejected
1437,1437,149,2025-02-03,Rejected
1438,1438,80,2022-06-16,Interviewed
1439,1439,268,2021-07-02,Interviewed
1440,1440,169,2021-01-22,Rejected
1441,1441,4,2024-03-05,Interviewed
1442,1442,236,2021-04-23,Rejected
1443,1443,176,2022-08-20,Hired
1444,1444,322,2025-05-04,Rejected
1445,1445,298,2022-07-17,Interviewed
1446,1446,264,2022-03-27,Rejected
1447,1447,152,2023-08-24,Rejected
1448,1448,320,2024-01-18,Hired
1449,1449,11,2025-06-17,Rejected
1450,1450,78,2022-02-20,Hired
1451,1451,82,2021-09-17,Rejected
1452,1452,340,2025-07-15,Offer
1453,1453,29,2024-12-08,Interviewed
1454,1454,32,2025-11-27,Interviewed
1455,1455,34,2024-04-06,Hired
1456,1456,103,2025-07-31,Offer
1457,1457,99,2022-06-18,Rejected
1458,1458,39,2024-04-07,Rejected
1459,1459,233,2022-08-04,Withdrawn
1460,1460,218,2021-01-01,Offer
1461,1461,46,2023-09-16,Interviewed
1462,1462,285,2025-11-23,Interviewed
1463,1463,106,2022-01-17,Rejected
1464,1464,339,2021-11-23,Hired
1465,1465,344,2025-03-12,Rejected
1466,1466,216,2021-10-07,Interviewed
1467,1467,130,2025-03-06,Rejected
1468,1468,67,2023-10-12,Interviewed
1469,1469,121,2023-01-27,Withdrawn
1470,1470,43,2023-10-12,Rejected
1471,1471,216,2024-12-03,Rejected
1472,1472,10,2025-03-02,Hired
1473,1473,342,2022-07-23,Rejected
1474,1474,83,2021-07-23,Rejected
1475,1475,155,2021-02-13,Interviewed
1476,1476,134,2024-08-28,Hired
1477,1477,224,2021-07-13,Hired
1478,1478,174,2025-10-23,Rejected
1479,1479,170,2023-12-05,Rejected
1480,1480,34,2022-02-12,Rejected
1481,1481,206,2021-04-06,Rejected
1482,1482,312,2024-08-29,Offer
1483,1483,12,2025-04-05,Interviewed
1484,1484,112,2024-08-23,Rejected
1485,1485,303,2021-02-19,Interviewed
1486,1486,103,2022-07-23,Withdrawn
1487,1487,150,2022-08-25,Rejected
1488,1488,138,2021-07-30,Hired
1489,1489,110,2022-07-12,Rejected
1490,1490,14,2021-09-20,Rejected
1491,1491,295,2025-01-03,Rejected
1492,1492,220,2021-09-12,Rejected
1493,1493,293,2023-12-15,Interviewed
1494,1494,178,2021-03-02,Rejected
1495,1495,156,2021-06-21,Rejected
1496,1496,302,2025-09-16,Rejected
1497,1497,79,2021-11-01,Rejected
1498,1498,135,2022-11-14,Withdrawn
1499,1499,246,2023-03-11,Rejected
1500,1500,49,2025-04-06,Withdrawn
1501,1501,7,2024-12-07,Offer
1502,1502,280,2022-06-10,Interviewed
1503,1503,176,2025-09-06,Hired
1504,1504,95,2025-01-21,Rejected
1505,1505,39,2023-04-17,Hired
1506,1506,221,2021-01-08,Interviewed
1507,1507,230,2022-05-22,Hired
1508,1508,291,2021-10-17,Hired
1509,1509,155,2025-05-14,Withdrawn
1510,1510,141,2022-05-01,Rejected
1511,1511,201,2024-12-10,Rejected
1512,1512,155,2024-09-26,Hired
1513,1513,179,2021-11-25,Interviewed
1514,1514,55,2022-08-27,Rejected
1515,1515,241,2021-08-22,Interviewed
1516,1516,249,2025-11-25,Rejected
1517,1517,83,2022-05-11,Rejected
1518,1518,70,2021-09-24,Rejected
1519,1519,46,2024-07-16,Offer
1520,1520,144,2021-12-12,Rejected
1521,1521,238,2024-07-01,Rejected
1522,1522,296,2025-06-17,Rejected
1523,1523,66,2022-09-08,Hired
1524,1524,228,2021-12-21,Rejected
1525,1525,297,2023-10-10,Rejected
1526,1526,116,2023-09-10,Hired
1527,1527,287,2022-05-08,Offer
1528,1528,233,2025-11-08,Rejected
1529,1529,137,2023-05-11,Rejected
1530,1530,167,2024-12-22,Hired
1531,1531,48,2021-04-28,Hired
1532,1532,246,2021-08-13,Rejected
1533,1533,172,2021-03-05,Rejected
1534,1534,236,2024-02-11,Hired
1535,1535,178,2022-07-29,Rejected
1536,1536,310,2022-10-16,Interviewed
1537,1537,121,2021-10-18,Rejected
1538,1538,146,2023-06-16,Withdrawn
1539,1539,175,2023-01-16,Rejected
1540,1540,263,2021-02-14,Rejected
1541,1541,57,2025-05-17,Interviewed
1542,1542,300,2023-11-13,Interviewed
1543,1543,119,2025-03-20,Rejected
1544,1544,261,2021-10-21,Withdrawn
1545,1545,141,2024-12-06,Rejected
1546,1546,37,2021-11-10,Hired
1547,1547,19,2025-01-11,Interviewed
1548,1548,122,2025-11-10,Withdrawn
1549,1549,18,2022-08-11,Rejected
1550,1550,160,2022-01-07,Interviewed
1551,1551,272,2022-12-29,Rejected
1552,1552,319,2022-01-28,Interviewed
1553,1553,16,2022-07-19,Interviewed
1554,1554,170,2024-05-28,Offer
1555,1555,132,2022-10-13,Rejected
1556,1556,300,2021-03-05,Rejected
1557,1557,133,2024-05-15,Hired
1558,1558,171,2023-07-20,Rejected
1559,1559,259,2024-07-26,Rejected
1560,1560,206,2025-04-02,Hired
1561,1561,72,2022-09-05,Rejected
1562,1562,331,2021-03-11,Interviewed
1563,1563,245,2021-05-25,Hired
1564,1564,26,2024-01-06,Withdrawn
1565,1565,80,2025-06-23,Rejected
1566,1566,10,2021-08-18,Interviewed
1567,1567,145,2024-06-14,Rejected
1568,1568,30,2024-09-07,Hired
1569,1569,129,2022-01-21,Withdrawn
1570,1570,210,2025-04-18,Interviewed
1571,1571,223,2022-05-22,Interviewed
1572,1572,276,2023-04-16,Withdrawn
1573,1573,307,2024-10-05,Rejected
1574,1574,15,2022-12-26,Interviewed
1575,1575,288,2025-04-09,Rejected
1576,1576,111,2021-01-18,Rejected
1577,1577,209,2025-03-15,Interviewed
1578,1578,136,2021-09-14,Rejected
1579,1579,313,2024-08-18,Rejected
1580,1580,304,2025-01-17,Rejected
1581,1581,239,2022-01-25,Hired
1582,1582,52,2023-05-18,Rejected
1583,1583,330,2021-07-24,Interviewed
1584,1584,12,2022-12-11,Rejected
1585,1585,292,2024-03-20,Rejected
1586,1586,163,2025-09-11,Interviewed
1587,1587,37,2024-05-01,Interviewed
1588,1588,41,2021-10-31,Rejected
1589,1589,57,2024-06-24,Offer
1590,1590,38,2024-06-15,Rejected
1591,1591,150,2025-04-01,Interviewed
1592,1592,330,2021-12-03,Rejected
1593,1593,241,2024-09-23,Rejected
1594,1594,280,2025-10-18,Rejected
1595,1595,318,2021-01-30,Rejected
1596,1596,328,2022-11-07,Interviewed
1597,1597,53,2021-04-15,Hired
1598,1598,139,2022-12-24,Offer
1599,1599,248,2024-10-08,Rejected
1600,1600,148,2023-10-24,Rejected
1601,1601,268,2024-04-30,Rejected
1602,1602,286,2022-11-27,Hired
1603,1603,287,2023-01-10,Rejected
1604,1604,260,2021-07-03,Offer
1605,1605,190,2024-09-05,Withdrawn
1606,1606,50,2021-08-02,Interviewed
1607,1607,192,2023-07-04,Rejected
1608,1608,177,2023-01-16,Hired
1609,1609,152,2021-01-17,Rejected
1610,1610,10,2024-08-12,Rejected
1611,1611,38,2024-07-14,Interviewed
1612,1612,233,2025-08-03,Rejected
1613,1613,291,2025-08-10,Hired
1614,1614,187,2022-05-12,Rejected
1615,1615,167,2024-05-23,Rejected
1616,1616,128,2022-08-24,Hired
1617,1617,189,2022-05-01,Rejected
1618,1618,326,2025-10-30,Rejected
1619,1619,335,2021-10-18,Withdrawn
1620,1620,279,2024-06-02,Rejected
1621,1621,141,2022-08-14,Interviewed
1622,1622,10,2022-07-27,Rejected
1623,1623,322,2025-11-03,Rejected
1624,1624,342,2023-11-11,Interviewed
1625,1625,96,2022-07-26,Rejected
1626,1626,271,2023-04-25,Rejected
1627,1627,82,2023-11-14,Rejected
1628,1628,335,2025-11-13,Rejected
1629,1629,35,2025-06-20,Rejected
1630,1630,282,2021-02-19,Interviewed
1631,1631,24,2024-09-20,Rejected
1632,1632,178,2022-05-05,Rejected
1633,1633,232,2024-01-16,Hired
1634,1634,154,2021-05-03,Hired
1635,1635,318,2022-04-02,Rejected
1636,1636,167,2023-04-08,Rejected
1637,1637,80,2022-03-22,Rejected
1638,1638,48,2024-07-24,Withdrawn
1639,1639,310,2021-07-04,Rejected
1640,1640,215,2021-02-12,Offer
1641,1641,299,2023-09-16,Hired
1642,1642,38,2025-05-23,Hired
1643,1643,177,2022-10-19,Rejected
1644,1644,186,2023-05-19,Rejected
1645,1645,223,2022-01-07,Rejected
1646,1646,281,2025-07-20,Rejected
1647,1647,75,2024-03-07,Rejected
1648,1648,69,2024-07-19,Hired
1649,1649,191,2024-07-20,Rejected
1650,1650,20,2023-06-10,Withdrawn
1651,1651,222,2024-02-04,Interviewed
1652,1652,127,2023-08-29,Rejected
1653,1653,156,2023-04-11,Rejected
1654,1654,132,2021-10-04,Rejected
1655,1655,68,2021-11-14,Hired
1656,1656,136,2022-01-31,Rejected
1657,1657,134,2024-11-21,Hired
1658,1658,177,2023-11-05,Rejected
1659,1659,16,2023-07-17,Interviewed
1660,1660,262,2022-05-20,Rejected
1661,1661,94,2021-05-15,Withdrawn
1662,1662,250,2024-05-30,Rejected
1663,1663,255,2024-10-13,Rejected
1664,1664,262,2023-05-26,Offer
1665,1665,269,2021-10-30,Interviewed
1666,1666,157,2023-04-15,Rejected
1667,1667,34,2022-01-21,Hired
1668,1668,349,2021-11-03,Offer
1669,1669,38,2022-07-24,Hired
1670,1670,124,2025-02-12,Hired
1671,1671,25,2025-11-08,Hired
1672,1672,267,2022-04-09,Hired
1673,1673,111,2025-05-09,Hired
1674,1674,188,2023-10-01,Offer
1675,1675,183,2023-06-15,Rejected
1676,1676,250,2021-03-26,Rejected
1677,1677,92,2024-07-10,Hired
1678,1678,165,2021-08-26,Hired
1679,1679,109,2025-08-25,Rejected
1680,1680,121,2022-10-14,Hired
1681,1681,68,2023-03-07,Hired
1682,1682,307,2022-10-31,Interviewed
1683,1683,286,2022-07-06,Rejected
1684,1684,288,2024-08-15,Rejected
1685,1685,223,2022-02-18,Rejected
1686,1686,315,2023-04-09,Rejected
1687,1687,214,2025-04-11,Withdrawn
1688,1688,290,2024-07-29,Rejected
1689,1689,225,2024-09-24,Interviewed
1690,1690,241,2023-01-05,Rejected
1691,1691,265,2023-08-14,Rejected
1692,1692,312,2022-05-16,Hired
1693,1693,112,2025-10-01,Withdrawn
1694,1694,32,2024-12-22,Rejected
1695,1695,159,2023-01-22,Rejected
1696,1696,56,2023-11-03,Rejected
1697,1697,228,2024-08-02,Withdrawn
1698,1698,190,2025-02-14,Rejected
1699,1699,176,2023-01-10,Rejected
1700,1700,33,2024-10-24,Hired
1701,1701,144,2023-03-04,Hired
1702,1702,76,2022-10-26,Rejected
1703,1703,206,2025-10-22,Rejected
1704,1704,246,2021-10-13,Hired
1705,1705,114,2025-10-12,Offer
1706,1706,202,2023-01-11,Hired
1707,1707,5,2021-01-15,Rejected
1708,1708,9,2024-06-07,Offer
1709,1709,27,2023-11-05,Rejected
1710,1710,339,2021-01-27,Rejected
1711,1711,231,2021-07-04,Withdrawn
1712,1712,248,2021-05-10,Hired
1713,1713,66,2024-05-31,Interviewed
1714,1714,338,2025-10-04,Hired
1715,1715,85,2021-08-06,Hired
1716,1716,163,2021-07-18,Rejected
1717,1717,288,2021-12-18,Hired
1718,1718,160,2023-02-19,Rejected
1719,1719,263,2021-11-18,Hired
1720,1720,230,2025-11-26,Interviewed
1721,1721,263,2024-11-29,Hired
1722,1722,263,2021-06-30,Withdrawn
1723,1723,98,2021-04-06,Interviewed
1724,1724,348,2022-11-16,Interviewed
1725,1725,279,2021-05-20,Hired
1726,1726,221,2025-12-13,Rejected
1727,1727,250,2023-07-11,Rejected
1728,1728,103,2022-07-19,Interviewed
1729,1729,216,2021-02-28,Interviewed
1730,1730,350,2024-06-06,Rejected
1731,1731,154,2021-09-01,Interviewed
1732,1732,202,2022-06-28,Rejected
1733,1733,100,2025-11-15,Hired
1734,1734,192,2022-05-03,Interviewed
1735,1735,327,2025-01-29,Offer
1736,1736,97,2025-05-01,Withdrawn
1737,1737,33,2025-10-28,Interviewed
1738,1738,113,2023-02-28,Interviewed
1739,1739,150,2023-01-01,Hired
1740,1740,7,2022-09-16,Hired
1741,1741,183,2023-03-31,Withdrawn
1742,1742,95,2022-04-06,Hired
1743,1743,221,2021-10-10,Rejected
1744,1744,173,2021-04-27,Interviewed
1745,1745,237,2022-12-09,Hired
1746,1746,100,2022-12-15,Rejected
1747,1747,99,2025-04-21,Rejected
1748,1748,61,2025-03-19,Rejected
1749,1749,21,2025-09-08,Offer
1750,1750,114,2023-10-12,Rejected
1751,1751,62,2024-06-13,Rejected
1752,1752,230,2024-11-24,Rejected
1753,1753,300,2024-02-14,Hired
1754,1754,278,2022-12-07,Hired
1755,1755,202,2022-11-20,Hired
1756,1756,221,2025-01-17,Rejected
1757,1757,139,2022-07-07,Rejected
1758,1758,67,2022-01-21,Rejected
1759,1759,8,2024-03-28,Rejected
1760,1760,17,2021-06-23,Rejected
1761,1761,322,2023-10-19,Rejected
1762,1762,78,2025-09-21,Rejected
1763,1763,154,2024-01-15,Rejected
1764,1764,311,2025-02-23,Rejected
1765,1765,232,2021-02-02,Rejected
1766,1766,334,2022-04-03,Hired
1767,1767,323,2025-09-15,Rejected
1768,1768,266,2023-08-31,Rejected
1769,1769,15,2024-02-19,Rejected
1770,1770,294,2024-02-16,Hired
1771,1771,333,2021-04-26,Rejected
1772,1772,226,2022-04-07,Hired
1773,1773,94,2025-08-17,Rejected
1774,1774,182,2025-11-08,Withdrawn
1775,1775,168,2022-10-27,Hired
1776,1776,6,2023-06-23,Interviewed
1777,1777,15,2022-08-22,Withdrawn
1778,1778,182,2024-03-27,Interviewed
1779,1779,348,2021-03-18,Rejected
1780,1780,73,2022-10-25,Interviewed
1781,1781,20,2021-12-06,Rejected
1782,1782,290,2025-02-23,Withdrawn
1783,1783,219,2021-02-14,Rejected
1784,1784,9,2023-06-02,Rejected
1785,1785,314,2021-06-23,Rejected
1786,1786,131,2024-05-13,Rejected
1787,1787,19,2023-05-27,Withdrawn
1788,1788,158,2021-06-19,Rejected
1789,1789,200,2021-01-07,Rejected
1790,1790,59,2021-12-09,Hired
1791,1791,103,2025-05-04,Withdrawn
1792,1792,106,2025-07-15,Withdrawn
1793,1793,81,2022-04-27,Hired
1794,1794,128,2024-08-25,Rejected
1795,1795,83,2021-12-27,Interviewed
1796,1796,295,2021-09-10,Rejected
1797,1797,207,2022-07-20,Withdrawn
1798,1798,280,2021-02-23,Hired
1799,1799,346,2021-05-09,Withdrawn
1800,1800,11,2024-06-20,Hired
1801,1801,223,2021-09-04,Offer
1802,1802,145,2022-01-10,Rejected
1803,1803,79,2023-04-11,Withdrawn
1804,1804,151,2024-12-22,Interviewed
1805,1805,161,2021-07-15,Rejected
1806,1806,206,2023-08-12,Withdrawn
1807,1807,119,2025-11-28,Withdrawn
1808,1808,168,2025-03-09,Rejected
1809,1809,257,2025-06-20,Hired
1810,1810,156,2022-03-15,Rejected
1811,1811,209,2021-06-19,Rejected
1812,1812,209,2021-10-14,Hired
1813,1813,169,2024-10-13,Hired
1814,1814,43,2021-09-24,Interviewed
1815,1815,194,2024-04-03,Interviewed
1816,1816,212,2021-07-04,Rejected
1817,1817,231,2021-01-01,Interviewed
1818,1818,78,2023-06-05,Rejected
1819,1819,320,2021-03-14,Interviewed
1820,1820,78,2025-07-05,Rejected
1821,1821,9,2023-11-14,Rejected
1822,1822,90,2024-05-04,Offer
1823,1823,299,2022-05-12,Rejected
1824,1824,68,2025-03-06,Rejected
1825,1825,148,2022-02-03,Rejected
1826,1826,155,2025-01-07,Rejected
1827,1827,279,2022-03-16,Rejected
1828,1828,349,2024-01-14,Rejected
1829,1829,78,2024-12-01,Offer
1830,1830,227,2023-12-11,Rejected
1831,1831,338,2025-10-26,Rejected
1832,1832,302,2022-09-20,Offer
1833,1833,281,2024-02-28,Interviewed
1834,1834,50,2022-08-14,Interviewed
1835,1835,95,2025-02-07,Rejected
1836,1836,166,2022-05-27,Rejected
1837,1837,23,2024-05-06,Rejected
1838,1838,278,2021-10-22,Rejected
1839,1839,225,2022-03-31,Hired
1840,1840,257,2024-06-13,Withdrawn
1841,1841,24,2024-03-10,Rejected
1842,1842,275,2024-04-19,Interviewed
1843,1843,303,2023-10-23,Offer
1844,1844,61,2023-02-01,Rejected
1845,1845,207,2022-11-19,Interviewed
1846,1846,322,2024-01-24,Rejected
1847,1847,287,2022-02-07,Hired
1848,1848,12,2023-07-02,Rejected
1849,1849,296,2021-11-14,Rejected
1850,1850,66,2022-03-31,Rejected
1851,1851,318,2021-10-25,Rejected
1852,1852,290,2023-05-10,Rejected
1853,1853,160,2025-09-15,Rejected
1854,1854,25,2024-12-29,Hired
1855,1855,137,2025-03-13,Hired
1856,1856,294,2025-02-14,Rejected
1857,1857,164,2024-05-14,Rejected
1858,1858,149,2024-03-15,Rejected
1859,1859,142,2024-09-28,Rejected
1860,1860,139,2025-07-15,Rejected
1861,1861,288,2024-10-25,Interviewed
1862,1862,280,2023-08-22,Interviewed
1863,1863,185,2021-09-10,Rejected
1864,1864,96,2024-11-18,Interviewed
1865,1865,10,2025-10-16,Interviewed
1866,1866,40,2023-02-17,Rejected
1867,1867,339,2022-01-02,Rejected
1868,1868,127,2021-12-04,Rejected
1869,1869,114,2021-10-27,Rejected
1870,1870,261,2023-05-23,Rejected
1871,1871,161,2021-03-10,Hired
1872,1872,29,2021-10-05,Rejected
1873,1873,210,2022-10-04,Hired
1874,1874,27,2025-04-21,Withdrawn
1875,1875,91,2024-10-10,Rejected
1876,1876,34,2022-02-05,Hired
1877,1877,345,2021-12-03,Rejected
1878,1878,233,2021-09-11,Interviewed
1879,1879,104,2024-05-03,Rejected
1880,1880,338,2025-10-31,Rejected
1881,1881,331,2023-09-21,Offer
1882,1882,150,2023-12-24,Rejected
1883,1883,234,2025-11-05,Offer
1884,1884,340,2024-10-18,Interviewed
1885,1885,84,2025-03-15,Rejected
1886,1886,239,2021-11-06,Rejected
1887,1887,313,2023-04-14,Hired
1888,1888,225,2025-03-29,Rejected
1889,1889,208,2021-02-02,Rejected
1890,1890,340,2021-04-09,Interviewed
1891,1891,134,2021-10-23,Interviewed
1892,1892,57,2023-09-27,Rejected
1893,1893,299,2025-07-18,Interviewed
1894,1894,159,2025-01-15,Interviewed
1895,1895,68,2022-05-14,Interviewed
1896,1896,339,2022-03-01,Rejected
1897,1897,175,2023-02-11,Rejected
1898,1898,289,2024-07-16,Interviewed
1899,1899,161,2024-11-09,Rejected
1900,1900,73,2022-01-19,Hired
1901,1901,151,2021-11-04,Hired
1902,1902,255,2022-08-24,Hired
1903,1903,239,2022-02-01,Hired
1904,1904,185,2022-04-20,Hired
1905,1905,281,2025-09-18,Hired
1906,1906,297,2022-12-15,Withdrawn
1907,1907,165,2024-11-28,Rejected
1908,1908,194,2023-07-30,Hired
1909,1909,315,2023-04-24,Rejected
1910,1910,300,2023-04-12,Hired
1911,1911,311,2021-09-13,Rejected
1912,1912,224,2024-05-20,Rejected
1913,1913,108,2022-11-23,Rejected
1914,1914,288,2025-08-17,Rejected
1915,1915,228,2025-03-14,Hired
1916,1916,195,2022-09-24,Hired
1917,1917,71,2022-10-23,Rejected
1918,1918,303,2025-09-03,Rejected
1919,1919,173,2021-03-24,Interviewed
1920,1920,65,2025-08-02,Rejected
1921,1921,253,2024-02-03,Rejected
1922,1922,58,2024-04-15,Interviewed
1923,1923,173,2024-03-14,Rejected
1924,1924,120,2023-03-22,Rejected
1925,1925,145,2024-08-28,Rejected
1926,1926,79,2025-04-29,Interviewed
1927,1927,60,2021-03-29,Interviewed
1928,1928,141,2024-11-06,Rejected
1929,1929,250,2025-06-30,Rejected
1930,1930,333,2025-08-19,Rejected
1931,1931,184,2024-05-17,Rejected
1932,1932,105,2023-07-28,Hired
1933,1933,194,2025-01-23,Offer
1934,1934,109,2023-04-07,Rejected
1935,1935,300,2025-02-11,Hired
1936,1936,90,2025-01-16,Rejected
1937,1937,99,2022-12-18,Rejected
1938,1938,45,2021-06-04,Interviewed
1939,1939,171,2025-06-03,Interviewed
1940,1940,175,2025-11-21,Hired
1941,1941,4,2023-09-24,Offer
1942,1942,25,2023-04-23,Rejected
1943,1943,45,2021-11-12,Rejected
1944,1944,197,2025-06-09,Withdrawn
1945,1945,334,2023-01-08,Rejected
1946,1946,277,2024-04-13,Interviewed
1947,1947,329,2024-04-25,Withdrawn
1948,1948,274,2021-03-26,Rejected
1949,1949,287,2024-02-19,Rejected
1950,1950,320,2022-12-06,Interviewed
1951,1951,179,2022-07-16,Rejected
1952,1952,316,2022-09-13,Offer
1953,1953,259,2021-07-06,Interviewed
1954,1954,296,2021-12-02,Interviewed
1955,1955,75,2023-01-22,Rejected
1956,1956,103,2021-03-17,Withdrawn
1957,1957,316,2025-01-23,Interviewed
1958,1958,138,2022-05-18,Interviewed
1959,1959,38,2025-02-08,Rejected
1960,1960,225,2025-01-20,Rejected
1961,1961,61,2022-09-30,Interviewed
1962,1962,278,2023-07-22,Hired
1963,1963,210,2022-11-15,Rejected
1964,1964,149,2021-04-26,Interviewed
1965,1965,288,2021-05-13,Hired
1966,1966,284,2022-11-05,Rejected
1967,1967,79,2021-07-16,Withdrawn
1968,1968,327,2024-02-06,Rejected
1969,1969,290,2025-05-12,Withdrawn
1970,1970,327,2022-02-02,Withdrawn
1971,1971,313,2025-03-30,Rejected
1972,1972,263,2025-09-12,Offer
1973,1973,220,2025-02-01,Hired
1974,1974,211,2023-01-27,Rejected
1975,1975,195,2025-01-18,Offer
1976,1976,198,2023-08-04,Rejected
1977,1977,320,2021-02-21,Hired
1978,1978,341,2022-09-22,Withdrawn
1979,1979,211,2022-12-22,Rejected
1980,1980,246,2022-06-03,Rejected
1981,1981,103,2024-02-29,Rejected
1982,1982,1,2024-06-18,Interviewed
1983,1983,320,2021-07-17,Rejected
1984,1984,347,2021-01-04,Rejected
1985,1985,130,2023-12-23,Hired
1986,1986,48,2022-11-17,Rejected
1987,1987,310,2021-02-03,Rejected
1988,1988,47,2023-09-30,Rejected
1989,1989,19,2021-06-30,Interviewed
1990,1990,207,2025-12-08,Withdrawn
1991,1991,333,2023-05-15,Interviewed
1992,1992,273,2023-04-05,Hired
1993,1993,48,2025-03-13,Rejected
1994,1994,150,2023-10-29,Hired
1995,1995,191,2024-07-01,Withdrawn
1996,1996,36,2023-03-03,Withdrawn
1997,1997,321,2021-03-25,Offer
1998,1998,12,2021-12-11,Withdrawn
1999,1999,2,2021-12-29,Rejected
2000,2000,210,2025-01-01,Rejected
2001,2001,343,2023-05-07,Rejected
2002,2002,122,2024-03-22,Rejected
2003,2003,158,2023-09-03,Hired
2004,2004,292,2021-02-15,Rejected
2005,2005,4,2024-10-20,Hired
2006,2006,72,2023-08-15,Interviewed
2007,2007,329,2023-12-26,Offer
2008,2008,322,2023-09-22,Rejected
2009,2009,87,2022-07-06,Interviewed
2010,2010,12,2025-09-23,Rejected
2011,2011,229,2021-08-29,Offer
2012,2012,235,2025-03-19,Withdrawn
2013,2013,88,2024-03-15,Interviewed
2014,2014,98,2022-01-17,Interviewed
2015,2015,108,2022-11-29,Offer
2016,2016,182,2025-01-14,Rejected
2017,2017,90,2025-05-10,Rejected
2018,2018,197,2024-11-14,Interviewed
2019,2019,219,2023-12-30,Rejected
2020,2020,236,2022-02-07,Interviewed
2021,2021,67,2022-06-28,Rejected
2022,2022,115,2021-06-09,Withdrawn
2023,2023,276,2021-11-23,Interviewed
2024,2024,162,2022-07-21,Rejected
2025,2025,280,2022-10-30,Rejected
2026,2026,51,2024-09-21,Hired
2027,2027,72,2023-08-24,Rejected
2028,2028,209,2021-04-13,Rejected
2029,2029,101,2022-04-03,Interviewed
2030,2030,302,2024-07-17,Hired
2031,2031,123,2025-06-06,Hired
2032,2032,154,2021-05-23,Rejected
2033,2033,257,2021-12-18,Rejected
2034,2034,236,2021-11-05,Interviewed
2035,2035,125,2024-01-16,Rejected
2036,2036,96,2022-04-26,Rejected
2037,2037,311,2024-09-04,Rejected
2038,2038,9,2025-04-01,Hired
2039,2039,320,2023-03-20,Offer
2040,2040,270,2024-09-29,Offer
2041,2041,43,2023-08-16,Withdrawn
2042,2042,10,2024-12-15,Rejected
2043,2043,340,2023-11-16,Rejected
2044,2044,34,2021-01-20,Rejected
2045,2045,2,2025-11-08,Interviewed
2046,2046,275,2025-02-10,Interviewed
2047,2047,51,2023-12-31,Rejected
2048,2048,344,2024-08-30,Hired
2049,2049,88,2021-10-28,Hired
2050,2050,223,2024-09-10,Rejected
2051,2051,109,2022-11-28,Interviewed
2052,2052,17,2024-02-19,Rejected
2053,2053,308,2022-11-17,Withdrawn
2054,2054,234,2023-07-05,Hired
2055,2055,102,2025-07-17,Interviewed
2056,2056,340,2023-04-03,Hired
2057,2057,137,2021-10-19,Rejected
2058,2058,166,2023-12-28,Interviewed
2059,2059,206,2024-08-28,Rejected
2060,2060,118,2022-11-18,Rejected
2061,2061,174,2021-06-26,Withdrawn
2062,2062,224,2023-12-11,Rejected
2063,2063,271,2023-12-15,Hired
2064,2064,197,2023-08-11,Hired
2065,2065,242,2024-09-09,Interviewed
2066,2066,182,2021-04-13,Rejected
2067,2067,337,2022-10-24,Rejected
2068,2068,331,2025-12-14,Interviewed
2069,2069,271,2023-12-15,Rejected
2070,2070,297,2021-11-23,Rejected
2071,2071,32,2025-03-22,Rejected
2072,2072,24,2023-06-03,Withdrawn
2073,2073,163,2025-01-25,Interviewed
2074,2074,271,2023-07-14,Rejected
2075,2075,23,2023-07-21,Rejected
2076,2076,147,2022-12-30,Rejected
2077,2077,349,2024-06-16,Hired
2078,2078,181,2022-11-18,Rejected
2079,2079,218,2021-08-15,Rejected
2080,2080,104,2022-12-26,Interviewed
2081,2081,336,2021-10-26,Offer
2082,2082,343,2024-12-28,Interviewed
2083,2083,220,2024-06-22,Withdrawn
2084,2084,217,2023-09-12,Rejected
2085,2085,130,2023-03-18,Offer
2086,2086,349,2024-03-21,Hired
2087,2087,99,2023-07-18,Rejected
2088,2088,246,2021-04-22,Withdrawn
2089,2089,196,2024-06-07,Rejected
2090,2090,72,2025-06-11,Rejected
2091,2091,73,2022-02-12,Interviewed
2092,2092,14,2022-10-25,Hired
2093,2093,91,2021-01-05,Rejected
2094,2094,320,2024-12-19,Offer
2095,2095,293,2023-01-26,Rejected
2096,2096,197,2025-06-13,Hired
2097,2097,172,2021-11-19,Hired
2098,2098,53,2024-02-17,Rejected
2099,2099,22,2023-02-22,Rejected
2100,2100,117,2022-05-15,Rejected
2101,2101,70,2024-03-09,Interviewed
2102,2102,43,2024-06-25,Withdrawn
2103,2103,204,2023-04-10,Hired
2104,2104,60,2021-04-25,Rejected
2105,2105,176,2022-01-14,Interviewed
2106,2106,269,2023-01-06,Interviewed
2107,2107,144,2022-08-03,Withdrawn
2108,2108,50,2023-12-07,Offer
2109,2109,246,2023-08-19,Interviewed
2110,2110,6,2022-07-11,Rejected
2111,2111,241,2025-08-23,Hired
2112,2112,338,2023-05-13,Hired
2113,2113,210,2022-10-21,Rejected
2114,2114,31,2024-04-16,Rejected
2115,2115,134,2021-01-12,Rejected
2116,2116,146,2023-12-14,Hired
2117,2117,263,2021-09-15,Rejected
2118,2118,338,2022-04-04,Withdrawn
2119,2119,166,2022-09-09,Rejected
2120,2120,321,2022-07-17,Rejected
2121,2121,41,2022-08-20,Rejected
2122,2122,170,2023-09-26,Rejected
2123,2123,69,2021-02-12,Rejected
2124,2124,93,2022-03-07,Rejected
2125,2125,194,2024-06-16,Hired
2126,2126,20,2025-02-04,Rejected
2127,2127,339,2022-02-21,Interviewed
2128,2128,146,2022-07-04,Rejected
2129,2129,314,2021-01-07,Rejected
2130,2130,205,2022-02-10,Rejected
2131,2131,120,2021-07-26,Rejected
2132,2132,142,2024-01-26,Offer
2133,2133,94,2021-05-23,Rejected
2134,2134,180,2023-05-19,Offer
2135,2135,5,2021-03-21,Withdrawn
2136,2136,343,2024-05-12,Hired
2137,2137,262,2023-12-24,Rejected
2138,2138,268,2024-05-28,Hired
2139,2139,287,2024-12-10,Rejected
2140,2140,176,2023-02-25,Rejected
2141,2141,348,2023-11-24,Rejected
2142,2142,232,2023-10-01,Interviewed
2143,2143,110,2021-09-17,Interviewed
2144,2144,335,2024-06-16,Interviewed
2145,2145,74,2025-08-31,Interviewed
2146,2146,21,2025-08-12,Hired
2147,2147,83,2021-11-05,Rejected
2148,2148,176,2025-01-21,Rejected
2149,2149,192,2025-08-06,Rejected
2150,2150,315,2025-09-11,Rejected
2151,2151,334,2022-02-03,Rejected
2152,2152,222,2021-07-30,Interviewed
2153,2153,55,2024-06-17,Withdrawn
2154,2154,346,2021-11-26,Interviewed
2155,2155,14,2021-08-11,Hired
2156,2156,322,2024-09-01,Hired
2157,2157,123,2024-06-28,Rejected
2158,2158,130,2023-08-21,Rejected
2159,2159,142,2024-05-13,Hired
2160,2160,304,2024-03-25,Hired
2161,2161,110,2025-05-14,Hired
2162,2162,101,2022-03-31,Rejected
2163,2163,215,2022-04-01,Rejected
2164,2164,12,2021-09-29,Offer
2165,2165,67,2024-08-18,Rejected
2166,2166,181,2025-11-15,Rejected
2167,2167,211,2023-06-04,Rejected
2168,2168,88,2021-03-08,Rejected
2169,2169,247,2021-02-23,Rejected
2170,2170,342,2022-12-24,Interviewed
2171,2171,196,2022-02-12,Rejected
2172,2172,257,2025-11-29,Offer
2173,2173,227,2025-04-07,Hired
2174,2174,201,2025-01-12,Rejected
2175,2175,277,2022-07-05,Rejected
2176,2176,14,2022-02-24,Interviewed
2177,2177,113,2021-04-06,Rejected
2178,2178,164,2022-10-25,Interviewed
2179,2179,254,2023-11-02,Interviewed
2180,2180,26,2024-07-21,Rejected
2181,2181,273,2025-11-08,Rejected
2182,2182,338,2023-03-29,Interviewed
2183,2183,199,2024-04-16,Interviewed
2184,2184,280,2021-05-20,Hired
2185,2185,36,2022-09-11,Interviewed
2186,2186,152,2025-10-03,Rejected
2187,2187,40,2023-10-31,Rejected
2188,2188,214,2021-03-01,Rejected
2189,2189,59,2021-01-08,Rejected
2190,2190,121,2024-12-23,Offer
2191,2191,148,2023-08-31,Hired
2192,2192,152,2023-11-17,Rejected
2193,2193,75,2023-10-31,Rejected
2194,2194,312,2024-06-01,Interviewed
2195,2195,333,2021-07-20,Rejected
2196,2196,166,2024-10-18,Withdrawn
2197,2197,137,2024-10-14,Offer
2198,2198,315,2023-09-10,Rejected
2199,2199,45,2021-08-16,Withdrawn
2200,2200,19,2021-04-06,Withdrawn
2201,2201,343,2021-12-24,Offer
2202,2202,50,2024-03-09,Rejected
2203,2203,288,2022-06-02,Rejected
2204,2204,125,2025-06-03,Rejected
2205,2205,42,2021-03-02,Withdrawn
2206,2206,189,2024-10-10,Interviewed
2207,2207,54,2023-12-30,Interviewed
2208,2208,26,2024-04-06,Rejected
2209,2209,326,2025-09-25,Rejected
2210,2210,330,2022-09-23,Interviewed
2211,2211,180,2021-01-27,Rejected
2212,2212,177,2024-05-05,Rejected
2213,2213,280,2022-02-02,Rejected
2214,2214,12,2023-06-15,Rejected
2215,2215,141,2024-12-24,Interviewed
2216,2216,212,2022-06-11,Rejected
2217,2217,102,2021-09-07,Offer
2218,2218,20,2021-05-10,Rejected
2219,2219,288,2025-11-14,Hired
2220,2220,339,2023-08-15,Rejected
2221,2221,75,2024-09-23,Interviewed
2222,2222,105,2023-06-22,Rejected
2223,2223,135,2025-12-04,Hired
2224,2224,94,2021-03-24,Rejected
2225,2225,8,2022-04-19,Offer
2226,2226,253,2023-05-28,Hired
2227,2227,170,2024-10-10,Rejected
2228,2228,45,2023-11-19,Hired
2229,2229,119,2022-03-30,Rejected
2230,2230,21,2023-01-03,Rejected
2231,2231,322,2024-05-08,Offer
2232,2232,195,2025-05-02,Interviewed
2233,2233,19,2023-07-06,Interviewed
2234,2234,347,2025-12-04,Offer
2235,2235,267,2022-11-02,Rejected
2236,2236,228,2023-10-03,Rejected
2237,2237,146,2022-03-24,Withdrawn
2238,2238,95,2024-08-13,Rejected
2239,2239,45,2024-09-11,Rejected
2240,2240,319,2022-12-13,Interviewed
2241,2241,191,2022-11-25,Interviewed
2242,2242,321,2025-01-23,Hired
2243,2243,7,2023-05-13,Hired
2244,2244,326,2024-12-31,Rejected
2245,2245,139,2023-10-07,Rejected
2246,2246,132,2025-06-30,Rejected
2247,2247,288,2024-03-25,Hired
2248,2248,318,2025-10-02,Rejected
2249,2249,243,2025-02-10,Rejected
2250,2250,45,2022-06-01,Rejected
2251,2251,110,2021-05-15,Rejected
2252,2252,186,2022-11-17,Hired
2253,2253,182,2021-03-02,Offer
2254,2254,72,2022-09-01,Rejected
2255,2255,56,2022-10-22,Rejected
2256,2256,20,2025-05-15,Hired
2257,2257,133,2023-01-31,Interviewed
2258,2258,293,2024-08-26,Rejected
2259,2259,324,2021-09-08,Offer
2260,2260,161,2022-05-01,Withdrawn
2261,2261,173,2023-04-25,Hired
2262,2262,338,2024-12-05,Hired
2263,2263,127,2022-11-20,Interviewed
2264,2264,85,2021-05-20,Interviewed
2265,2265,155,2021-11-19,Rejected
2266,2266,267,2021-10-14,Rejected
2267,2267,199,2023-04-14,Rejected
2268,2268,293,2025-09-18,Rejected
2269,2269,201,2023-06-14,Interviewed
2270,2270,213,2024-03-20,Rejected
2271,2271,338,2023-09-29,Rejected
2272,2272,168,2021-08-14,Offer
2273,2273,1,2021-08-23,Withdrawn
2274,2274,22,2025-05-28,Withdrawn
2275,2275,329,2024-09-22,Rejected
2276,2276,126,2023-03-12,Interviewed
2277,2277,104,2023-06-26,Interviewed
2278,2278,254,2023-09-24,Offer
2279,2279,129,2024-04-01,Rejected
2280,2280,254,2024-03-05,Withdrawn
2281,2281,83,2023-12-25,Rejected
2282,2282,31,2024-03-21,Hired
2283,2283,200,2022-06-05,Rejected
2284,2284,36,2021-08-10,Withdrawn
2285,2285,341,2025-12-07,Rejected
2286,2286,181,2024-06-30,Withdrawn
2287,2287,247,2022-02-06,Interviewed
2288,2288,303,2022-12-14,Interviewed
2289,2289,159,2024-04-17,Rejected
2290,2290,166,2025-08-25,Rejected
2291,2291,181,2024-12-27,Rejected
2292,2292,144,2021-11-12,Hired
2293,2293,142,2022-12-13,Interviewed
2294,2294,48,2022-01-10,Rejected
2295,2295,150,2023-11-25,Hired
2296,2296,287,2022-11-09,Rejected
2297,2297,41,2025-06-03,Rejected
2298,2298,99,2021-06-03,Rejected
2299,2299,196,2023-06-16,Rejected
2300,2300,254,2022-07-07,Withdrawn
2301,2301,185,2021-07-03,Rejected
2302,2302,315,2025-06-03,Rejected
2303,2303,290,2024-12-09,Rejected
2304,2304,320,2023-09-29,Rejected
2305,2305,8,2021-01-09,Rejected
2306,2306,335,2023-03-15,Rejected
2307,2307,329,2021-07-10,Hired
2308,2308,219,2024-08-02,Offer
2309,2309,75,2025-06-11,Rejected
2310,2310,176,2021-09-29,Rejected
2311,2311,79,2025-03-12,Rejected
2312,2312,10,2024-05-07,Hired
2313,2313,334,2021-03-13,Offer
2314,2314,244,2021-03-26,Interviewed
2315,2315,223,2021-08-03,Interviewed
2316,2316,91,2023-06-27,Rejected
2317,2317,289,2025-09-24,Rejected
2318,2318,27,2023-01-12,Interviewed
2319,2319,64,2024-10-26,Rejected
2320,2320,186,2023-02-26,Rejected
2321,2321,117,2023-02-13,Rejected
2322,2322,346,2023-02-12,Hired
2323,2323,88,2023-03-05,Offer
2324,2324,208,2024-09-04,Rejected
2325,2325,60,2022-04-18,Interviewed
2326,2326,251,2022-06-15,Hired
2327,2327,113,2023-10-06,Withdrawn
2328,2328,334,2025-11-17,Rejected
2329,2329,48,2022-09-16,Offer
2330,2330,202,2022-03-23,Rejected
2331,2331,225,2023-06-03,Hired
2332,2332,343,2021-08-17,Rejected
2333,2333,89,2024-08-22,Rejected
2334,2334,223,2023-07-15,Interviewed
2335,2335,259,2023-02-23,Hired
2336,2336,337,2021-06-25,Rejected
2337,2337,279,2022-05-19,Withdrawn
2338,2338,133,2025-04-16,Rejected
2339,2339,300,2023-09-01,Rejected
2340,2340,147,2022-06-17,Interviewed
2341,2341,341,2022-04-30,Rejected
2342,2342,37,2025-11-28,Rejected
2343,2343,268,2021-10-13,Offer
2344,2344,134,2021-03-16,Rejected
2345,2345,220,2023-03-13,Hired
2346,2346,299,2023-05-07,Rejected
2347,2347,253,2024-06-20,Rejected
2348,2348,168,2025-02-24,Interviewed
2349,2349,157,2022-08-10,Rejected
2350,2350,251,2025-07-26,Interviewed
2351,2351,312,2021-08-17,Interviewed
2352,2352,87,2025-02-22,Interviewed
2353,2353,172,2025-11-18,Interviewed
2354,2354,214,2022-06-24,Offer
2355,2355,135,2023-05-05,Hired
2356,2356,343,2021-07-31,Withdrawn
2357,2357,301,2022-10-13,Rejected
2358,2358,253,2025-02-20,Interviewed
2359,2359,69,2021-07-04,Offer
2360,2360,135,2025-09-28,Rejected
2361,2361,174,2022-08-24,Interviewed
2362,2362,273,2022-09-04,Offer
2363,2363,85,2021-04-02,Hired
2364,2364,50,2023-08-25,Offer
2365,2365,214,2025-09-20,Rejected
2366,2366,213,2023-08-29,Interviewed
2367,2367,120,2023-09-30,Rejected
2368,2368,226,2022-05-08,Rejected
2369,2369,196,2023-02-04,Hired
2370,2370,329,2022-09-26,Rejected
2371,2371,332,2025-07-24,Hired
2372,2372,240,2024-10-20,Interviewed
2373,2373,182,2022-09-27,Interviewed
2374,2374,199,2024-01-11,Rejected
2375,2375,313,2021-09-18,Rejected
2376,2376,276,2023-01-18,Withdrawn
2377,2377,9,2024-05-31,Rejected
2378,2378,114,2023-08-27,Rejected
2379,2379,134,2023-10-23,Hired
2380,2380,254,2022-07-24,Hired
2381,2381,8,2023-12-15,Interviewed
2382,2382,100,2025-08-21,Rejected
2383,2383,173,2024-09-09,Rejected
2384,2384,205,2022-11-03,Rejected
2385,2385,323,2023-11-13,Hired
2386,2386,195,2025-11-02,Rejected
2387,2387,170,2021-05-30,Rejected
2388,2388,207,2021-10-20,Rejected
2389,2389,346,2025-10-16,Rejected
2390,2390,287,2022-11-20,Hired
2391,2391,277,2025-10-28,Hired
2392,2392,184,2025-01-25,Rejected
2393,2393,260,2024-09-10,Rejected
2394,2394,332,2024-04-09,Hired
2395,2395,52,2022-10-02,Hired
2396,2396,70,2024-07-14,Rejected
2397,2397,212,2022-12-29,Rejected
2398,2398,196,2022-01-19,Hired
2399,2399,344,2024-10-27,Interviewed
2400,2400,74,2022-07-06,Hired
2401,2401,233,2022-02-20,Hired
2402,2402,220,2021-07-29,Hired
2403,2403,55,2022-05-13,Interviewed
2404,2404,66,2025-01-08,Interviewed
2405,2405,163,2025-03-18,Rejected
2406,2406,72,2022-10-19,Rejected
2407,2407,149,2023-09-22,Interviewed
2408,2408,157,2025-09-23,Rejected
2409,2409,104,2022-09-07,Interviewed
2410,2410,211,2025-01-01,Rejected
2411,2411,9,2024-01-22,Offer
2412,2412,133,2025-10-06,Rejected
2413,2413,338,2021-04-06,Rejected
2414,2414,33,2024-04-05,Withdrawn
2415,2415,145,2025-06-10,Hired
2416,2416,149,2022-09-24,Rejected
2417,2417,270,2022-02-06,Rejected
2418,2418,280,2023-09-14,Hired
2419,2419,303,2024-11-08,Interviewed
2420,2420,166,2025-08-27,Hired
2421,2421,324,2025-10-07,Rejected
2422,2422,337,2021-07-07,Interviewed
2423,2423,3,2022-04-16,Interviewed
2424,2424,230,2021-06-27,Rejected
2425,2425,83,2024-01-05,Hired
2426,2426,333,2023-03-27,Rejected
2427,2427,56,2022-12-24,Interviewed
2428,2428,279,2021-10-26,Rejected
2429,2429,21,2025-10-04,Rejected
2430,2430,259,2024-02-14,Rejected
2431,2431,251,2025-04-28,Hired
2432,2432,31,2024-07-27,Rejected
2433,2433,193,2021-05-20,Rejected
2434,2434,200,2025-10-16,Rejected
2435,2435,62,2021-09-03,Rejected
2436,2436,206,2025-03-12,Rejected
2437,2437,132,2022-03-06,Rejected
2438,2438,251,2025-08-06,Interviewed
2439,2439,281,2022-02-20,Rejected
2440,2440,329,2025-07-24,Rejected
2441,2441,3,2023-02-23,Offer
2442,2442,41,2022-05-02,Rejected
2443,2443,284,2021-04-05,Hired
2444,2444,233,2023-02-04,Interviewed
2445,2445,302,2021-10-24,Rejected
2446,2446,216,2022-08-19,Interviewed
2447,2447,153,2025-08-17,Hired
2448,2448,99,2023-09-14,Offer
2449,2449,192,2024-09-03,Interviewed
2450,2450,58,2023-05-05,Hired
2451,2451,249,2024-04-24,Rejected
2452,2452,273,2021-10-29,Offer
2453,2453,267,2021-02-03,Rejected
2454,2454,7,2022-06-16,Rejected
2455,2455,339,2024-10-05,Rejected
2456,2456,96,2024-01-14,Rejected
2457,2457,75,2025-08-05,Rejected
2458,2458,229,2022-08-15,Rejected
2459,2459,285,2023-12-12,Hired
2460,2460,60,2025-01-02,Rejected
2461,2461,281,2022-04-26,Rejected
2462,2462,64,2021-01-21,Interviewed
2463,2463,272,2023-10-14,Withdrawn
2464,2464,338,2021-01-22,Rejected
2465,2465,17,2021-02-08,Hired
2466,2466,294,2025-01-11,Rejected
2467,2467,82,2023-11-13,Interviewed
2468,2468,203,2025-05-16,Interviewed
2469,2469,109,2024-05-08,Rejected
2470,2470,28,2022-09-20,Rejected
2471,2471,33,2024-08-15,Withdrawn
2472,2472,215,2022-08-01,Rejected
2473,2473,38,2021-01-03,Hired
2474,2474,144,2025-06-11,Interviewed
2475,2475,149,2023-05-07,Offer
2476,2476,67,2021-05-02,Rejected
2477,2477,32,2025-11-16,Rejected
2478,2478,239,2022-02-11,Interviewed
2479,2479,254,2021-07-28,Rejected
2480,2480,164,2023-11-17,Interviewed
2481,2481,181,2021-12-27,Hired
2482,2482,204,2021-10-08,Hired
2483,2483,63,2023-10-26,Rejected
2484,2484,22,2024-08-06,Rejected
2485,2485,149,2023-08-01,Rejected
2486,2486,268,2022-09-14,Rejected
2487,2487,289,2021-11-16,Rejected
2488,2488,150,2022-11-14,Rejected
2489,2489,97,2025-09-28,Interviewed
2490,2490,44,2022-11-22,Interviewed
2491,2491,45,2021-04-25,Rejected
2492,2492,326,2021-09-26,Rejected
2493,2493,339,2024-10-08,Rejected
2494,2494,56,2024-08-30,Hired
2495,2495,321,2022-11-09,Hired
2496,2496,37,2023-07-24,Hired
2497,2497,4,2025-09-19,Hired
2498,2498,69,2024-06-06,Hired
2499,2499,123,2021-03-27,Rejected
2500,2500,181,2024-07-19,Rejected
2501,2501,163,2025-07-26,Hired
2502,2502,278,2022-05-27,Interviewed
2503,2503,76,2025-10-29,Rejected
2504,2504,87,2021-08-06,Rejected
2505,2505,14,2021-10-27,Rejected
2506,2506,252,2021-04-27,Interviewed
2507,2507,330,2023-06-13,Hired
2508,2508,193,2022-09-22,Hired
2509,2509,240,2025-06-25,Hired
2510,2510,167,2022-05-10,Rejected
2511,2511,40,2023-02-25,Interviewed
2512,2512,300,2023-04-07,Hired
2513,2513,193,2023-02-11,Rejected
2514,2514,129,2023-06-13,Interviewed
2515,2515,280,2025-09-09,Rejected
2516,2516,22,2024-09-17,Hired
2517,2517,194,2025-11-19,Interviewed
2518,2518,246,2022-07-05,Interviewed
2519,2519,125,2023-05-07,Interviewed
2520,2520,289,2022-06-11,Rejected
2521,2521,123,2021-04-18,Interviewed
2522,2522,129,2024-04-17,Rejected
2523,2523,241,2025-01-30,Interviewed
2524,2524,198,2021-10-31,Rejected
2525,2525,317,2023-02-09,Rejected
2526,2526,104,2022-02-13,Rejected
2527,2527,148,2025-07-11,Rejected
2528,2528,94,2022-01-18,Withdrawn
2529,2529,229,2022-07-22,Rejected
2530,2530,122,2024-12-18,Rejected
2531,2531,164,2024-01-19,Rejected
2532,2532,287,2024-04-10,Hired
2533,2533,127,2023-11-24,Interviewed
2534,2534,199,2021-01-16,Rejected
2535,2535,65,2024-04-01,Rejected
2536,2536,254,2025-02-18,Offer
2537,2537,310,2022-08-11,Rejected
2538,2538,62,2022-01-12,Withdrawn
2539,2539,257,2021-02-14,Rejected
2540,2540,181,2022-11-05,Rejected
2541,2541,25,2025-04-18,Hired
2542,2542,46,2025-03-05,Offer
2543,2543,17,2021-09-02,Interviewed
2544,2544,150,2025-12-05,Rejected
2545,2545,26,2022-08-13,Rejected
2546,2546,15,2021-10-21,Withdrawn
2547,2547,145,2025-01-04,Rejected
2548,2548,253,2025-09-18,Hired
2549,2549,74,2022-06-25,Interviewed
2550,2550,20,2023-04-13,Rejected
2551,2551,264,2022-04-17,Offer
2552,2552,109,2025-01-07,Interviewed
2553,2553,66,2025-08-30,Interviewed
2554,2554,6,2025-12-02,Rejected
2555,2555,296,2021-01-10,Rejected
2556,2556,220,2023-05-28,Rejected
2557,2557,96,2024-01-24,Interviewed
2558,2558,125,2023-03-16,Hired
2559,2559,113,2022-07-02,Hired
2560,2560,219,2024-11-21,Rejected
2561,2561,263,2024-09-12,Rejected
2562,2562,223,2021-12-21,Hired
2563,2563,194,2023-05-09,Offer
2564,2564,170,2024-10-17,Rejected
2565,2565,260,2024-08-21,Interviewed
2566,2566,233,2025-07-28,Rejected
2567,2567,164,2021-11-25,Interviewed
2568,2568,237,2021-05-19,Rejected
2569,2569,268,2024-04-18,Rejected
2570,2570,93,2022-09-23,Rejected
2571,2571,277,2022-10-30,Offer
2572,2572,346,2021-10-20,Hired
2573,2573,333,2025-05-02,Rejected
2574,2574,88,2021-10-27,Rejected
2575,2575,348,2023-02-23,Rejected
2576,2576,335,2024-11-01,Withdrawn
2577,2577,221,2023-11-18,Hired
2578,2578,78,2022-07-03,Rejected
2579,2579,165,2024-12-27,Offer
2580,2580,4,2021-05-05,Rejected
2581,2581,52,2024-04-15,Rejected
2582,2582,208,2022-11-02,Rejected
2583,2583,165,2025-01-04,Withdrawn
2584,2584,148,2023-12-14,Hired
2585,2585,264,2023-10-30,Interviewed
2586,2586,314,2025-09-04,Withdrawn
2587,2587,115,2024-03-17,Rejected
2588,2588,59,2021-04-23,Hired
2589,2589,136,2023-06-07,Hired
2590,2590,218,2024-05-18,Hired
2591,2591,280,2025-12-06,Rejected
2592,2592,320,2021-06-24,Interviewed
2593,2593,105,2021-04-30,Hired
2594,2594,110,2021-01-03,Hired
2595,2595,198,2025-05-13,Offer
2596,2596,264,2024-12-21,Rejected
2597,2597,316,2025-04-16,Interviewed
2598,2598,256,2023-05-01,Rejected
2599,2599,322,2025-03-15,Rejected
2600,2600,153,2023-08-24,Rejected
2601,2601,86,2021-08-12,Rejected
2602,2602,342,2021-03-05,Rejected
2603,2603,96,2023-04-03,Withdrawn
2604,2604,53,2023-05-30,Rejected
2605,2605,132,2025-01-07,Withdrawn
2606,2606,278,2021-02-16,Offer
2607,2607,28,2022-09-15,Hired
2608,2608,266,2025-01-29,Rejected
2609,2609,179,2023-04-12,Offer
2610,2610,348,2025-03-19,Interviewed
2611,2611,90,2021-12-17,Rejected
2612,2612,337,2022-03-23,Interviewed
2613,2613,46,2025-10-02,Rejected
2614,2614,215,2021-10-19,Hired
2615,2615,257,2023-07-04,Hired
2616,2616,303,2024-02-26,Rejected
2617,2617,92,2024-02-10,Withdrawn
2618,2618,140,2021-02-28,Rejected
2619,2619,281,2025-12-02,Rejected
2620,2620,55,2023-02-04,Withdrawn
2621,2621,215,2024-02-16,Rejected
2622,2622,5,2025-10-22,Rejected
2623,2623,315,2025-09-05,Interviewed
2624,2624,205,2024-05-09,Rejected
2625,2625,84,2023-06-11,Offer
2626,2626,180,2022-09-17,Rejected
2627,2627,108,2024-09-16,Rejected
2628,2628,26,2022-07-08,Rejected
2629,2629,260,2022-07-31,Interviewed
2630,2630,7,2022-04-03,Rejected
2631,2631,187,2025-03-19,Rejected
2632,2632,281,2025-10-14,Offer
2633,2633,185,2022-03-07,Hired
2634,2634,244,2023-07-29,Rejected
2635,2635,128,2024-12-14,Offer
2636,2636,79,2024-12-08,Offer
2637,2637,252,2023-11-11,Rejected
2638,2638,142,2024-05-08,Interviewed
2639,2639,171,2021-02-09,Offer
2640,2640,51,2023-06-03,Rejected
2641,2641,180,2021-05-14,Hired
2642,2642,292,2023-10-08,Rejected
2643,2643,308,2021-06-30,Hired
2644,2644,79,2022-01-05,Hired
2645,2645,167,2023-03-10,Offer
2646,2646,106,2024-11-19,Hired
2647,2647,125,2025-09-09,Rejected
2648,2648,340,2021-09-18,Rejected
2649,2649,350,2024-07-26,Offer
2650,2650,162,2022-10-11,Rejected
2651,2651,60,2021-09-05,Withdrawn
2652,2652,70,2022-06-09,Hired
2653,2653,328,2021-07-15,Rejected
2654,2654,203,2023-08-30,Rejected
2655,2655,191,2025-01-28,Interviewed
2656,2656,237,2023-09-24,Rejected
2657,2657,323,2021-08-20,Interviewed
2658,2658,127,2023-05-30,Hired
2659,2659,57,2022-12-12,Rejected
2660,2660,344,2022-01-30,Rejected
2661,2661,331,2022-09-22,Hired
2662,2662,47,2021-08-02,Rejected
2663,2663,262,2021-07-18,Interviewed
2664,2664,277,2021-02-26,Withdrawn
2665,2665,333,2022-04-01,Interviewed
2666,2666,336,2021-04-05,Rejected
2667,2667,145,2025-01-03,Interviewed
2668,2668,120,2022-12-23,Interviewed
2669,2669,51,2025-01-22,Interviewed
2670,2670,228,2022-01-08,Rejected
2671,2671,5,2025-03-07,Rejected
2672,2672,6,2023-07-12,Rejected
2673,2673,263,2022-11-06,Rejected
2674,2674,64,2024-08-17,Hired
2675,2675,331,2023-09-13,Offer
2676,2676,168,2023-11-13,Interviewed
2677,2677,39,2022-11-04,Rejected
2678,2678,190,2021-04-11,Rejected
2679,2679,178,2023-08-18,Rejected
2680,2680,26,2023-01-09,Hired
2681,2681,12,2022-08-16,Rejected
2682,2682,290,2024-08-13,Rejected
2683,2683,290,2024-04-01,Rejected
2684,2684,192,2024-06-05,Interviewed
2685,2685,25,2025-03-11,Rejected
2686,2686,15,2023-12-09,Rejected
2687,2687,181,2022-02-24,Rejected
2688,2688,52,2025-08-26,Rejected
2689,2689,318,2023-08-17,Rejected
2690,2690,336,2022-05-27,Rejected
2691,2691,256,2025-02-10,Hired
2692,2692,270,2025-03-20,Hired
2693,2693,120,2021-07-30,Rejected
2694,2694,54,2025-09-08,Rejected
2695,2695,228,2023-06-07,Interviewed
2696,2696,122,2022-03-26,Rejected
2697,2697,328,2024-11-26,Withdrawn
2698,2698,276,2022-01-24,Rejected
2699,2699,133,2023-12-21,Hired
2700,2700,237,2023-02-02,Rejected
2701,2701,133,2023-05-06,Rejected
2702,2702,240,2021-08-08,Offer
2703,2703,34,2024-10-02,Rejected
2704,2704,320,2021-11-06,Offer
2705,2705,94,2021-12-20,Hired
2706,2706,318,2024-03-08,Rejected
2707,2707,53,2023-10-09,Rejected
2708,2708,166,2025-10-24,Hired
2709,2709,137,2025-10-04,Rejected
2710,2710,263,2022-10-17,Interviewed
2711,2711,338,2024-09-01,Hired
2712,2712,36,2024-04-21,Withdrawn
2713,2713,188,2021-11-17,Rejected
2714,2714,26,2024-05-09,Hired
2715,2715,179,2025-05-08,Interviewed
2716,2716,82,2022-11-15,Withdrawn
2717,2717,21,2024-12-28,Rejected
2718,2718,58,2021-03-31,Hired
2719,2719,74,2025-10-13,Hired
2720,2720,75,2024-08-09,Withdrawn
2721,2721,198,2024-03-15,Rejected
2722,2722,342,2021-09-06,Rejected
2723,2723,135,2025-02-15,Interviewed
2724,2724,339,2025-01-13,Withdrawn
2725,2725,31,2022-08-11,Rejected
2726,2726,118,2021-08-09,Rejected
2727,2727,103,2025-11-25,Rejected
2728,2728,345,2025-09-20,Rejected
2729,2729,211,2023-01-02,Interviewed
2730,2730,127,2023-12-25,Hired
2731,2731,86,2025-01-16,Rejected
2732,2732,161,2025-03-15,Interviewed
2733,2733,180,2021-08-22,Rejected
2734,2734,183,2022-05-27,Rejected
2735,2735,98,2025-04-10,Withdrawn
2736,2736,350,2023-09-02,Offer
2737,2737,335,2022-05-30,Interviewed
2738,2738,192,2021-08-03,Rejected
2739,2739,72,2023-07-20,Hired
2740,2740,114,2025-04-04,Rejected
2741,2741,195,2025-08-07,Rejected
2742,2742,190,2022-06-17,Hired
2743,2743,120,2024-04-09,Interviewed
2744,2744,107,2022-03-07,Interviewed
2745,2745,92,2023-02-13,Rejected
2746,2746,35,2024-10-06,Offer
2747,2747,276,2023-05-07,Rejected
2748,2748,198,2025-11-02,Rejected
2749,2749,82,2025-03-05,Rejected
2750,2750,260,2022-07-08,Offer
2751,2751,96,2023-06-10,Rejected
2752,2752,265,2025-05-14,Rejected
2753,2753,206,2025-05-29,Hired
2754,2754,334,2025-01-29,Hired
2755,2755,74,2021-11-20,Interviewed
2756,2756,307,2023-09-11,Rejected
2757,2757,343,2024-01-25,Interviewed
2758,2758,159,2021-12-17,Rejected
2759,2759,154,2023-03-08,Withdrawn
2760,2760,168,2021-10-06,Withdrawn
2761,2761,345,2024-09-17,Hired
2762,2762,91,2021-10-05,Interviewed
2763,2763,14,2025-08-31,Rejected
2764,2764,211,2025-08-30,Interviewed
2765,2765,273,2022-02-19,Interviewed
2766,2766,292,2024-03-26,Withdrawn
2767,2767,60,2023-10-31,Hired
2768,2768,66,2022-03-02,Withdrawn
2769,2769,77,2025-10-06,Withdrawn
2770,2770,276,2024-03-15,Withdrawn
2771,2771,34,2023-12-14,Rejected
2772,2772,133,2021-05-14,Interviewed
2773,2773,42,2021-03-17,Rejected
2774,2774,295,2022-03-25,Hired
2775,2775,9,2021-10-24,Rejected
2776,2776,148,2025-08-12,Rejected
2777,2777,232,2022-12-28,Rejected
2778,2778,275,2023-01-24,Withdrawn
2779,2779,298,2024-01-29,Rejected
2780,2780,18,2021-02-22,Interviewed
2781,2781,322,2024-05-08,Offer
2782,2782,309,2022-03-18,Interviewed
2783,2783,201,2024-08-29,Withdrawn
2784,2784,302,2023-07-23,Hired
2785,2785,204,2025-04-28,Rejected
2786,2786,51,2022-02-09,Interviewed
2787,2787,139,2023-06-09,Rejected
2788,2788,19,2022-07-05,Rejected
2789,2789,20,2022-03-22,Hired
2790,2790,241,2021-02-02,Withdrawn
2791,2791,113,2024-08-29,Rejected
2792,2792,234,2022-04-03,Rejected
2793,2793,176,2025-09-11,Withdrawn
2794,2794,291,2022-07-09,Hired
2795,2795,336,2023-09-07,Rejected
2796,2796,85,2024-07-19,Rejected
2797,2797,276,2024-10-03,Interviewed
2798,2798,164,2025-06-25,Rejected
2799,2799,339,2024-07-22,Hired
2800,2800,157,2025-11-11,Hired
2801,2801,147,2025-06-15,Rejected
2802,2802,326,2024-05-17,Withdrawn
2803,2803,166,2024-10-13,Offer
2804,2804,47,2023-09-28,Interviewed
2805,2805,159,2023-02-11,Rejected
2806,2806,98,2024-11-15,Rejected
2807,2807,124,2021-03-16,Hired
2808,2808,40,2023-09-28,Rejected
2809,2809,151,2024-03-09,Rejected
2810,2810,125,2021-11-05,Rejected
2811,2811,155,2024-02-19,Hired
2812,2812,144,2025-06-07,Rejected
2813,2813,64,2025-04-11,Rejected
2814,2814,163,2025-04-07,Hired
2815,2815,301,2024-12-12,Rejected
2816,2816,191,2022-07-28,Rejected
2817,2817,154,2021-04-12,Rejected
2818,2818,185,2025-10-09,Hired
2819,2819,52,2023-07-03,Rejected
2820,2820,186,2023-07-12,Rejected
2821,2821,103,2023-11-13,Hired
2822,2822,131,2025-07-10,Hired
2823,2823,340,2023-12-09,Hired
2824,2824,166,2024-04-23,Rejected
2825,2825,20,2024-01-01,Rejected
2826,2826,182,2022-02-24,Withdrawn
2827,2827,314,2022-04-04,Rejected
2828,2828,347,2025-12-06,Offer
2829,2829,304,2023-12-19,Rejected
2830,2830,220,2022-12-24,Withdrawn
2831,2831,283,2022-03-22,Rejected
2832,2832,223,2024-02-25,Withdrawn
2833,2833,204,2024-01-27,Rejected
2834,2834,4,2021-09-20,Rejected
2835,2835,94,2024-06-09,Withdrawn
2836,2836,242,2023-03-18,Withdrawn
2837,2837,206,2025-12-03,Interviewed
2838,2838,178,2021-05-09,Hired
2839,2839,202,2023-12-15,Interviewed
2840,2840,254,2023-07-25,Interviewed
2841,2841,299,2023-05-06,Rejected
2842,2842,308,2024-09-29,Rejected
2843,2843,134,2023-09-09,Offer
2844,2844,325,2023-02-13,Rejected
2845,2845,349,2025-08-26,Rejected
2846,2846,292,2023-10-22,Hired
2847,2847,71,2025-07-23,Rejected
2848,2848,327,2021-01-08,Rejected
2849,2849,217,2022-09-26,Interviewed
2850,2850,339,2024-06-18,Rejected
2851,2851,225,2021-03-05,Interviewed
2852,2852,286,2024-03-18,Offer
2853,2853,48,2021-04-12,Hired
2854,2854,229,2022-12-04,Offer
2855,2855,267,2025-04-04,Interviewed
2856,2856,100,2023-06-27,Interviewed
2857,2857,287,2023-10-26,Offer
2858,2858,187,2025-12-08,Hired
2859,2859,9,2023-01-28,Rejected
2860,2860,20,2024-02-10,Offer
2861,2861,263,2025-02-01,Interviewed
2862,2862,217,2023-03-18,Rejected
2863,2863,120,2021-02-20,Offer
2864,2864,247,2024-09-06,Rejected
2865,2865,187,2022-08-23,Interviewed
2866,2866,292,2023-09-01,Rejected
2867,2867,307,2022-10-30,Withdrawn
2868,2868,295,2021-08-08,Interviewed
2869,2869,17,2024-02-01,Rejected
2870,2870,194,2023-09-14,Interviewed
2871,2871,11,2021-06-02,Rejected
2872,2872,29,2021-06-28,Interviewed
2873,2873,237,2025-02-13,Rejected
2874,2874,1,2024-11-24,Rejected
2875,2875,175,2022-08-10,Hired
2876,2876,155,2023-09-20,Rejected
2877,2877,237,2022-04-01,Hired
2878,2878,216,2025-04-20,Rejected
2879,2879,278,2024-11-29,Rejected
2880,2880,231,2023-10-12,Hired
2881,2881,12,2025-11-21,Rejected
2882,2882,36,2022-07-11,Withdrawn
2883,2883,33,2024-12-10,Interviewed
2884,2884,181,2024-11-18,Hired
2885,2885,7,2024-12-29,Rejected
2886,2886,222,2022-11-08,Offer
2887,2887,74,2025-02-01,Rejected
2888,2888,331,2022-02-27,Rejected
2889,2889,277,2024-08-09,Offer
2890,2890,170,2024-05-17,Rejected
2891,2891,314,2021-12-03,Rejected
2892,2892,323,2022-08-08,Offer
2893,2893,174,2021-07-17,Interviewed
2894,2894,211,2022-09-01,Interviewed
2895,2895,186,2023-12-22,Offer
2896,2896,234,2023-07-09,Interviewed
2897,2897,325,2023-09-29,Interviewed
2898,2898,163,2024-08-04,Hired
2899,2899,48,2024-06-29,Rejected
2900,2900,105,2024-06-20,Rejected
2901,2901,253,2023-11-23,Rejected
2902,2902,96,2025-04-16,Rejected
2903,2903,51,2025-06-08,Withdrawn
2904,2904,141,2022-08-13,Rejected
2905,2905,111,2021-04-13,Rejected
2906,2906,277,2021-03-11,Hired
2907,2907,218,2025-04-04,Hired
2908,2908,69,2021-04-29,Hired
2909,2909,7,2023-05-18,Rejected
2910,2910,288,2022-06-09,Rejected
2911,2911,102,2025-06-03,Rejected
2912,2912,135,2022-01-18,Rejected
2913,2913,182,2022-06-23,Withdrawn
2914,2914,147,2021-02-21,Withdrawn
2915,2915,67,2021-10-08,Rejected
2916,2916,55,2025-02-03,Interviewed
2917,2917,5,2023-11-12,Interviewed
2918,2918,4,2025-09-16,Hired
2919,2919,129,2025-11-16,Interviewed
2920,2920,286,2024-05-06,Rejected
2921,2921,190,2025-04-30,Rejected
2922,2922,311,2023-03-11,Rejected
2923,2923,30,2024-08-02,Offer
2924,2924,67,2021-06-03,Rejected
2925,2925,301,2024-12-13,Rejected
2926,2926,270,2025-06-01,Interviewed
2927,2927,299,2023-03-19,Rejected
2928,2928,244,2022-09-24,Hired
2929,2929,313,2021-12-07,Hired
2930,2930,260,2023-05-10,Rejected
2931,2931,165,2022-08-15,Hired
2932,2932,66,2024-12-29,Rejected
2933,2933,129,2021-05-16,Interviewed
2934,2934,233,2025-06-24,Interviewed
2935,2935,29,2024-04-27,Rejected
2936,2936,155,2023-09-27,Rejected
2937,2937,259,2023-01-29,Offer
2938,2938,333,2022-06-12,Interviewed
2939,2939,200,2024-12-23,Hired
2940,2940,113,2022-11-14,Rejected
2941,2941,4,2024-06-10,Rejected
2942,2942,313,2023-05-02,Rejected
2943,2943,274,2023-09-05,Rejected
2944,2944,44,2025-02-22,Rejected
2945,2945,199,2021-10-19,Rejected
2946,2946,167,2022-06-21,Hired
2947,2947,106,2025-04-11,Interviewed
2948,2948,336,2023-07-18,Rejected
2949,2949,238,2023-06-19,Interviewed
2950,2950,318,2021-07-01,Rejected
2951,2951,98,2021-11-24,Interviewed
2952,2952,196,2025-01-20,Rejected
2953,2953,62,2024-10-30,Interviewed
2954,2954,202,2023-06-14,Rejected
2955,2955,137,2021-05-19,Offer
2956,2956,326,2022-11-26,Rejected
2957,2957,329,2024-09-25,Offer
2958,2958,186,2023-09-30,Withdrawn
2959,2959,146,2022-08-26,Rejected
2960,2960,34,2024-05-24,Rejected
2961,2961,105,2022-10-26,Interviewed
2962,2962,112,2025-06-19,Rejected
2963,2963,171,2025-02-20,Interviewed
2964,2964,34,2024-07-16,Interviewed
2965,2965,293,2024-09-20,Interviewed
2966,2966,148,2021-04-17,Rejected
2967,2967,208,2021-11-13,Interviewed
2968,2968,248,2025-06-18,Rejected
2969,2969,140,2023-12-29,Hired
2970,2970,160,2025-05-14,Rejected
2971,2971,171,2024-07-23,Rejected
2972,2972,203,2022-11-10,Interviewed
2973,2973,81,2025-04-21,Interviewed
2974,2974,193,2024-12-17,Withdrawn
2975,2975,74,2023-11-12,Rejected
2976,2976,184,2021-07-23,Hired
2977,2977,272,2021-07-17,Withdrawn
2978,2978,120,2021-08-25,Rejected
2979,2979,120,2022-03-10,Interviewed
2980,2980,277,2025-08-20,Offer
2981,2981,153,2025-10-02,Rejected
2982,2982,329,2022-06-24,Withdrawn
2983,2983,139,2024-07-12,Rejected
2984,2984,17,2024-04-03,Rejected
2985,2985,40,2024-07-16,Rejected
2986,2986,234,2024-09-22,Hired
2987,2987,197,2022-04-11,Hired
2988,2988,10,2024-10-24,Hired
2989,2989,95,2025-10-10,Rejected
2990,2990,57,2024-06-26,Rejected
2991,2991,297,2022-05-09,Withdrawn
2992,2992,140,2022-05-12,Rejected
2993,2993,200,2024-02-10,Rejected
2994,2994,68,2024-08-21,Hired
2995,2995,206,2025-10-24,Rejected
2996,2996,134,2025-08-23,Rejected
2997,2997,121,2024-09-20,Interviewed
2998,2998,120,2021-02-06,Rejected
2999,2999,56,2024-03-19,Interviewed
3000,3000,224,2023-08-20,Interviewed
3001,3001,194,2023-10-06,Interviewed
3002,3002,25,2021-05-23,Hired
3003,3003,33,2023-01-25,Hired
3004,3004,266,2022-05-02,Rejected
3005,3005,120,2021-05-27,Hired
3006,3006,122,2025-02-26,Rejected
3007,3007,243,2023-12-08,Interviewed
3008,3008,339,2023-02-06,Rejected
3009,3009,94,2024-07-26,Interviewed
3010,3010,338,2025-08-01,Withdrawn
3011,3011,77,2021-09-18,Rejected
3012,3012,15,2025-09-05,Rejected
3013,3013,61,2022-02-21,Rejected
3014,3014,115,2025-07-08,Interviewed
3015,3015,69,2024-11-27,Withdrawn
3016,3016,66,2025-05-18,Rejected
3017,3017,102,2023-10-04,Hired
3018,3018,350,2022-11-18,Hired
3019,3019,254,2025-07-27,Hired
3020,3020,134,2022-12-14,Offer
3021,3021,152,2023-11-27,Rejected
3022,3022,252,2025-08-10,Rejected
3023,3023,149,2023-04-29,Hired
3024,3024,112,2022-05-18,Rejected
3025,3025,333,2023-01-04,Hired
3026,3026,60,2021-09-02,Rejected
3027,3027,65,2022-12-01,Rejected
3028,3028,258,2023-06-10,Rejected
3029,3029,94,2021-10-05,Rejected
3030,3030,326,2023-05-16,Hired
3031,3031,14,2023-09-22,Withdrawn
3032,3032,249,2021-11-12,Hired
3033,3033,272,2025-12-13,Rejected
3034,3034,12,2024-01-19,Rejected
3035,3035,152,2022-07-07,Rejected
3036,3036,295,2023-09-14,Interviewed
3037,3037,332,2024-10-14,Offer
3038,3038,41,2025-05-15,Withdrawn
3039,3039,248,2025-10-09,Interviewed
3040,3040,262,2022-04-01,Hired
3041,3041,178,2022-06-19,Rejected
3042,3042,202,2021-05-16,Rejected
3043,3043,300,2024-06-07,Rejected
3044,3044,295,2021-02-15,Rejected
3045,3045,1,2024-08-10,Rejected
3046,3046,162,2021-02-10,Rejected
3047,3047,46,2021-08-12,Interviewed
3048,3048,174,2023-11-11,Interviewed
3049,3049,295,2023-09-27,Rejected
3050,3050,76,2025-02-13,Rejected
3051,3051,125,2025-01-08,Interviewed
3052,3052,347,2021-01-10,Interviewed
3053,3053,229,2021-04-01,Rejected
3054,3054,165,2021-11-25,Hired
3055,3055,42,2023-06-09,Rejected
3056,3056,286,2022-04-23,Rejected
3057,3057,213,2021-06-30,Interviewed
3058,3058,326,2021-01-09,Rejected
3059,3059,220,2022-08-30,Hired
3060,3060,100,2023-11-26,Hired
3061,3061,246,2024-01-21,Hired
3062,3062,231,2022-12-14,Rejected
3063,3063,136,2021-10-14,Hired
3064,3064,293,2022-09-16,Hired
3065,3065,187,2023-03-17,Hired
3066,3066,130,2021-03-22,Interviewed
3067,3067,135,2025-06-28,Interviewed
3068,3068,32,2021-01-09,Rejected
3069,3069,118,2022-09-12,Interviewed
3070,3070,123,2025-01-31,Withdrawn
3071,3071,247,2025-06-24,Hired
3072,3072,210,2025-10-04,Rejected
3073,3073,332,2022-12-20,Hired
3074,3074,292,2023-09-17,Rejected
3075,3075,209,2024-12-08,Rejected
3076,3076,154,2025-06-14,Rejected
3077,3077,244,2025-07-16,Hired
3078,3078,63,2024-07-07,Interviewed
3079,3079,27,2022-04-08,Rejected
3080,3080,292,2024-11-29,Hired
3081,3081,276,2021-08-13,Interviewed
3082,3082,317,2022-02-06,Rejected
3083,3083,220,2023-07-20,Rejected
3084,3084,134,2022-05-16,Hired
3085,3085,21,2021-05-26,Withdrawn
3086,3086,102,2024-12-05,Rejected
3087,3087,232,2023-09-03,Rejected
3088,3088,58,2021-04-23,Offer
3089,3089,20,2024-08-27,Rejected
3090,3090,115,2022-01-22,Offer
3091,3091,128,2022-01-03,Offer
3092,3092,196,2022-07-03,Offer
3093,3093,204,2025-02-23,Rejected
3094,3094,186,2023-07-29,Interviewed
3095,3095,342,2021-09-09,Hired
3096,3096,62,2021-03-14,Rejected
3097,3097,146,2023-06-02,Rejected
3098,3098,60,2021-03-07,Rejected
3099,3099,45,2021-05-31,Interviewed
3100,3100,33,2024-04-18,Rejected
3101,3101,282,2023-07-12,Rejected
3102,3102,75,2021-07-19,Hired
3103,3103,272,2024-12-18,Rejected
3104,3104,190,2021-02-28,Withdrawn
3105,3105,229,2022-03-26,Rejected
3106,3106,121,2024-12-16,Rejected
3107,3107,234,2023-04-30,Rejected
3108,3108,193,2025-07-02,Rejected
3109,3109,218,2021-04-11,Interviewed
3110,3110,317,2023-08-21,Withdrawn
3111,3111,289,2021-01-16,Rejected
3112,3112,276,2021-09-06,Rejected
3113,3113,24,2023-10-12,Hired
3114,3114,275,2022-03-29,Interviewed
3115,3115,196,2023-03-23,Rejected
3116,3116,210,2023-12-09,Rejected
3117,3117,345,2022-10-13,Offer
3118,3118,70,2023-08-20,Hired
3119,3119,112,2025-08-31,Rejected
3120,3120,88,2024-05-05,Rejected
3121,3121,330,2024-09-08,Interviewed
3122,3122,90,2024-03-22,Interviewed
3123,3123,158,2023-12-05,Rejected
3124,3124,227,2024-05-05,Hired
3125,3125,15,2024-08-05,Withdrawn
3126,3126,204,2023-07-01,Hired
3127,3127,264,2024-04-15,Rejected
3128,3128,96,2021-03-26,Rejected
3129,3129,14,2023-04-30,Hired
3130,3130,206,2023-01-28,Hired
3131,3131,244,2022-05-31,Hired
3132,3132,17,2024-03-30,Rejected
3133,3133,346,2024-06-17,Offer
3134,3134,105,2023-04-16,Offer
3135,3135,315,2025-11-19,Rejected
3136,3136,126,2022-04-25,Rejected
3137,3137,32,2023-03-27,Offer
3138,3138,280,2025-05-20,Offer
3139,3139,192,2025-09-27,Hired
3140,3140,198,2021-02-25,Rejected
3141,3141,183,2022-03-25,Hired
3142,3142,163,2024-08-03,Hired
3143,3143,307,2022-01-09,Offer
3144,3144,2,2023-01-22,Interviewed
3145,3145,162,2022-12-10,Offer
3146,3146,167,2024-10-12,Rejected
3147,3147,344,2022-03-09,Interviewed
3148,3148,279,2021-10-16,Offer
3149,3149,309,2024-04-09,Interviewed
3150,3150,272,2023-12-24,Rejected
3151,3151,5,2021-06-10,Rejected
3152,3152,229,2025-01-14,Interviewed
3153,3153,239,2023-01-10,Rejected
3154,3154,263,2022-06-06,Interviewed
3155,3155,199,2023-02-18,Hired
3156,3156,38,2022-03-14,Hired
3157,3157,170,2024-08-27,Withdrawn
3158,3158,281,2023-08-22,Rejected
3159,3159,341,2022-01-18,Rejected
3160,3160,114,2021-10-07,Rejected
3161,3161,125,2025-11-15,Hired
3162,3162,60,2025-11-24,Hired
3163,3163,148,2021-12-26,Rejected
3164,3164,84,2023-06-13,Rejected
3165,3165,198,2023-05-14,Rejected
3166,3166,325,2021-06-12,Hired
3167,3167,33,2022-08-25,Offer
3168,3168,311,2025-05-14,Interviewed
3169,3169,317,2021-09-28,Hired
3170,3170,273,2025-09-18,Hired
3171,3171,56,2024-04-19,Interviewed
3172,3172,122,2023-08-14,Rejected
3173,3173,229,2025-01-05,Rejected
3174,3174,297,2023-09-08,Rejected
3175,3175,148,2025-11-01,Rejected
3176,3176,322,2023-09-12,Withdrawn
3177,3177,159,2022-02-26,Withdrawn
3178,3178,326,2024-07-02,Hired
3179,3179,208,2022-01-13,Hired
3180,3180,173,2025-03-29,Hired
3181,3181,44,2024-10-01,Rejected
3182,3182,149,2022-08-27,Offer
3183,3183,158,2024-01-28,Rejected
3184,3184,170,2022-09-11,Rejected
3185,3185,189,2022-07-18,Rejected
3186,3186,192,2023-11-05,Rejected
3187,3187,51,2021-11-08,Rejected
3188,3188,5,2022-07-12,Interviewed
3189,3189,237,2022-12-06,Rejected
3190,3190,213,2024-10-10,Withdrawn
3191,3191,262,2023-01-23,Offer
3192,3192,314,2025-11-19,Interviewed
3193,3193,100,2023-01-18,Rejected
3194,3194,157,2022-04-28,Hired
3195,3195,4,2022-03-27,Hired
3196,3196,197,2024-05-29,Withdrawn
3197,3197,64,2024-10-09,Rejected
3198,3198,269,2024-08-02,Rejected
3199,3199,151,2025-01-31,Offer
3200,3200,31,2024-05-20,Offer
