review_id,employee_id,review_year,review_date,performance_score,performance_rating,training_hours
1,1,2023,2023-12-15,3.6,Meets Expectations,14
2,1,2024,2024-12-15,3.0,Meets Expectations,39
3,1,2025,2025-12-15,2.8,Needs Improvement,5
4,2,2023,2023-12-15,3.1,Meets Expectations,21
5,2,2024,2024-12-15,3.1,Meets Expectations,11
6,2,2025,2025-12-15,4.2,Exceeds Expectations,37
7,3,2025,2025-12-15,3.6,Meets Expectations,5
8,4,2023,2023-12-15,3.8,Meets Expectations,32
9,4,2024,2024-12-15,4.0,Exceeds Expectations,10
10,5,2024,2024-12-15,2.9,Needs Improvement,19
11,5,2025,2025-12-15,4.9,Outstanding,21
12,6,2022,2022-12-15,2.9,Needs Improvement,28
13,6,2023,2023-12-15,4.1,Exceeds Expectations,27
14,6,2024,2024-12-15,2.6,Needs Improvement,18
15,6,2025,2025-12-15,3.1,Meets Expectations,39
16,7,2023,2023-12-15,3.2,Meets Expectations,29
17,7,2024,2024-12-15,4.2,Exceeds Expectations,37
18,7,2025,2025-12-15,3.7,Meets Expectations,19
19,9,2022,2022-12-15,2.6,Needs Improvement,34
20,9,2023,2023-12-15,3.4,Meets Expectations,9
21,10,2025,2025-12-15,3.2,Meets Expectations,7
22,11,2025,2025-12-15,2.4,Needs Improvement,21
23,13,2025,2025-12-15,2.3,Needs Improvement,22
24,14,2023,2023-12-15,3.3,Meets Expectations,11
25,14,2024,2024-12-15,2.5,Needs Improvement,26
26,14,2025,2025-12-15,2.9,Needs Improvement,30
27,15,2023,2023-12-15,4.2,Exceeds Expectations,28
28,15,2024,2024-12-15,2.5,Needs Improvement,19
29,15,2025,2025-12-15,3.0,Meets Expectations,19
30,16,2021,2021-12-15,3.8,Meets Expectations,18
31,16,2022,2022-12-15,3.8,Meets Expectations,3
32,16,2023,2023-12-15,3.0,Meets Expectations,4
33,16,2024,2024-12-15,2.3,Needs Improvement,37
34,16,2025,2025-12-15,3.4,Meets Expectations,14
35,17,2022,2022-12-15,1.8,Needs Improvement,5
36,17,2023,2023-12-15,3.0,Meets Expectations,18
37,17,2024,2024-12-15,4.3,Exceeds Expectations,30
38,17,2025,2025-12-15,3.5,Meets Expectations,20
39,18,2024,2024-12-15,3.4,Meets Expectations,33
40,18,2025,2025-12-15,3.4,Meets Expectations,33
41,19,2024,2024-12-15,3.6,Meets Expectations,22
42,20,2021,2021-12-15,4.4,Exceeds Expectations,28
43,20,2022,2022-12-15,3.4,Meets Expectations,28
44,22,2024,2024-12-15,3.1,Meets Expectations,13
45,23,2023,2023-12-15,3.6,Meets Expectations,21
46,23,2024,2024-12-15,2.8,Needs Improvement,19
47,23,2025,2025-12-15,2.7,Needs Improvement,3
48,24,2025,2025-12-15,3.9,Meets Expectations,40
49,25,2022,2022-12-15,3.8,Meets Expectations,18
50,25,2023,2023-12-15,3.0,Meets Expectations,17
51,25,2024,2024-12-15,4.2,Exceeds Expectations,5
52,25,2025,2025-12-15,3.3,Meets Expectations,39
53,26,2021,2021-12-15,4.0,Exceeds Expectations,37
54,26,2022,2022-12-15,4.0,Exceeds Expectations,5
55,26,2023,2023-12-15,4.0,Exceeds Expectations,5
56,26,2024,2024-12-15,2.6,Needs Improvement,25
57,26,2025,2025-12-15,3.6,Meets Expectations,17
58,27,2023,2023-12-15,3.7,Meets Expectations,30
59,27,2024,2024-12-15,4.5,Outstanding,25
60,27,2025,2025-12-15,4.2,Exceeds Expectations,22
61,28,2025,2025-12-15,4.3,Exceeds Expectations,2
62,29,2021,2021-12-15,3.8,Meets Expectations,6
63,29,2022,2022-12-15,4.0,Exceeds Expectations,24
64,29,2023,2023-12-15,5.0,Outstanding,34
65,29,2024,2024-12-15,2.8,Needs Improvement,4
66,29,2025,2025-12-15,3.2,Meets Expectations,32
67,30,2021,2021-12-15,3.8,Meets Expectations,27
68,30,2022,2022-12-15,2.8,Needs Improvement,2
69,31,2025,2025-12-15,2.8,Needs Improvement,37
70,33,2025,2025-12-15,3.9,Meets Expectations,6
71,34,2024,2024-12-15,4.3,Exceeds Expectations,26
72,34,2025,2025-12-15,3.8,Meets Expectations,17
73,35,2022,2022-12-15,2.0,Needs Improvement,6
74,35,2023,2023-12-15,4.8,Outstanding,15
75,35,2024,2024-12-15,3.4,Meets Expectations,14
76,35,2025,2025-12-15,3.1,Meets Expectations,6
77,36,2024,2024-12-15,4.5,Outstanding,23
78,36,2025,2025-12-15,1.8,Needs Improvement,7
79,37,2022,2022-12-15,2.7,Needs Improvement,26
80,38,2024,2024-12-15,2.5,Needs Improvement,36
81,39,2025,2025-12-15,3.4,Meets Expectations,18
82,40,2024,2024-12-15,3.7,Meets Expectations,22
83,40,2025,2025-12-15,3.0,Meets Expectations,40
84,41,2025,2025-12-15,2.9,Needs Improvement,36
85,42,2025,2025-12-15,3.2,Meets Expectations,32
86,43,2022,2022-12-15,2.9,Needs Improvement,7
87,43,2023,2023-12-15,2.9,Needs Improvement,18
88,43,2024,2024-12-15,4.2,Exceeds Expectations,2
89,43,2025,2025-12-15,2.7,Needs Improvement,16
90,45,2021,2021-12-15,3.0,Meets Expectations,30
91,45,2022,2022-12-15,3.6,Meets Expectations,12
92,45,2023,2023-12-15,3.9,Meets Expectations,37
93,45,2024,2024-12-15,3.7,Meets Expectations,9
94,45,2025,2025-12-15,3.3,Meets Expectations,27
95,46,2021,2021-12-15,3.3,Meets Expectations,38
96,47,2021,2021-12-15,3.4,Meets Expectations,2
97,47,2022,2022-12-15,3.4,Meets Expectations,39
98,47,2023,2023-12-15,3.1,Meets Expectations,9
99,47,2024,2024-12-15,4.8,Outstanding,28
100,47,2025,2025-12-15,3.6,Meets Expectations,9
101,49,2023,2023-12-15,4.4,Exceeds Expectations,40
102,49,2024,2024-12-15,2.3,Needs Improvement,18
103,49,2025,2025-12-15,3.4,Meets Expectations,9
104,50,2025,2025-12-15,4.0,Exceeds Expectations,15
105,51,2021,2021-12-15,3.0,Meets Expectations,39
106,51,2022,2022-12-15,4.0,Exceeds Expectations,17
107,51,2023,2023-12-15,3.8,Meets Expectations,28
108,51,2024,2024-12-15,3.7,Meets Expectations,39
109,51,2025,2025-12-15,3.5,Meets Expectations,31
110,52,2022,2022-12-15,3.6,Meets Expectations,4
111,52,2023,2023-12-15,5.0,Outstanding,2
112,52,2024,2024-12-15,4.5,Outstanding,18
113,52,2025,2025-12-15,2.9,Needs Improvement,11
114,53,2023,2023-12-15,2.7,Needs Improvement,34
115,53,2024,2024-12-15,4.4,Exceeds Expectations,11
116,54,2024,2024-12-15,3.8,Meets Expectations,4
117,54,2025,2025-12-15,3.9,Meets Expectations,30
118,55,2023,2023-12-15,3.1,Meets Expectations,32
119,55,2024,2024-12-15,2.5,Needs Improvement,32
120,55,2025,2025-12-15,3.6,Meets Expectations,21
121,56,2025,2025-12-15,4.7,Outstanding,28
122,58,2021,2021-12-15,5.0,Outstanding,6
123,58,2022,2022-12-15,4.1,Exceeds Expectations,36
124,58,2023,2023-12-15,2.1,Needs Improvement,15
125,58,2024,2024-12-15,4.1,Exceeds Expectations,23
126,58,2025,2025-12-15,2.9,Needs Improvement,23
127,59,2022,2022-12-15,3.7,Meets Expectations,15
128,59,2023,2023-12-15,3.5,Meets Expectations,22
129,59,2024,2024-12-15,2.6,Needs Improvement,20
130,60,2023,2023-12-15,2.0,Needs Improvement,19
131,60,2024,2024-12-15,4.2,Exceeds Expectations,15
132,60,2025,2025-12-15,3.7,Meets Expectations,17
133,61,2022,2022-12-15,3.0,Meets Expectations,23
134,62,2021,2021-12-15,3.9,Meets Expectations,20
135,62,2022,2022-12-15,2.9,Needs Improvement,3
136,62,2023,2023-12-15,2.7,Needs Improvement,37
137,62,2024,2024-12-15,2.6,Needs Improvement,3
138,62,2025,2025-12-15,4.3,Exceeds Expectations,13
139,63,2023,2023-12-15,3.4,Meets Expectations,22
140,63,2024,2024-12-15,4.0,Exceeds Expectations,40
141,64,2024,2024-12-15,3.9,Meets Expectations,14
142,64,2025,2025-12-15,3.3,Meets Expectations,29
143,65,2025,2025-12-15,3.7,Meets Expectations,14
144,66,2025,2025-12-15,2.9,Needs Improvement,21
145,67,2023,2023-12-15,4.3,Exceeds Expectations,21
146,67,2024,2024-12-15,2.6,Needs Improvement,10
147,67,2025,2025-12-15,1.4,Needs Improvement,13
148,68,2025,2025-12-15,3.2,Meets Expectations,2
149,69,2024,2024-12-15,2.4,Needs Improvement,36
150,69,2025,2025-12-15,3.0,Meets Expectations,24
151,70,2022,2022-12-15,3.5,Meets Expectations,4
152,70,2023,2023-12-15,3.1,Meets Expectations,38
153,70,2024,2024-12-15,3.5,Meets Expectations,17
154,70,2025,2025-12-15,3.3,Meets Expectations,8
155,71,2021,2021-12-15,3.2,Meets Expectations,21
156,71,2022,2022-12-15,4.8,Outstanding,40
157,71,2023,2023-12-15,4.3,Exceeds Expectations,34
158,71,2024,2024-12-15,1.7,Needs Improvement,9
159,71,2025,2025-12-15,3.8,Meets Expectations,7
160,72,2022,2022-12-15,3.6,Meets Expectations,24
161,72,2023,2023-12-15,2.9,Needs Improvement,5
162,72,2024,2024-12-15,3.5,Meets Expectations,37
163,72,2025,2025-12-15,2.6,Needs Improvement,18
164,73,2023,2023-12-15,3.3,Meets Expectations,2
165,73,2024,2024-12-15,2.3,Needs Improvement,14
166,73,2025,2025-12-15,4.4,Exceeds Expectations,14
167,74,2022,2022-12-15,2.8,Needs Improvement,34
168,75,2023,2023-12-15,3.1,Meets Expectations,10
169,75,2024,2024-12-15,3.4,Meets Expectations,24
170,75,2025,2025-12-15,3.6,Meets Expectations,38
171,76,2022,2022-12-15,3.3,Meets Expectations,36
172,76,2023,2023-12-15,2.8,Needs Improvement,19
173,76,2024,2024-12-15,3.3,Meets Expectations,20
174,76,2025,2025-12-15,3.4,Meets Expectations,12
175,77,2024,2024-12-15,4.2,Exceeds Expectations,30
176,77,2025,2025-12-15,3.2,Meets Expectations,8
177,78,2023,2023-12-15,3.7,Meets Expectations,39
178,78,2024,2024-12-15,3.3,Meets Expectations,24
179,78,2025,2025-12-15,3.0,Meets Expectations,36
180,79,2021,2021-12-15,3.5,Meets Expectations,30
181,79,2022,2022-12-15,3.9,Meets Expectations,37
182,79,2023,2023-12-15,2.5,Needs Improvement,7
183,80,2022,2022-12-15,2.5,Needs Improvement,5
184,80,2023,2023-12-15,3.7,Meets Expectations,14
185,80,2024,2024-12-15,1.6,Needs Improvement,34
186,80,2025,2025-12-15,2.8,Needs Improvement,26
187,82,2022,2022-12-15,4.1,Exceeds Expectations,16
188,82,2023,2023-12-15,4.0,Exceeds Expectations,20
189,82,2024,2024-12-15,3.5,Meets Expectations,16
190,82,2025,2025-12-15,2.2,Needs Improvement,7
191,83,2024,2024-12-15,4.5,Outstanding,6
192,83,2025,2025-12-15,2.7,Needs Improvement,15
193,84,2022,2022-12-15,4.1,Exceeds Expectations,21
194,84,2023,2023-12-15,3.4,Meets Expectations,30
195,84,2024,2024-12-15,3.6,Meets Expectations,16
196,84,2025,2025-12-15,2.6,Needs Improvement,17
197,85,2022,2022-12-15,2.3,Needs Improvement,18
198,85,2023,2023-12-15,3.6,Meets Expectations,3
199,85,2024,2024-12-15,3.5,Meets Expectations,22
200,85,2025,2025-12-15,3.2,Meets Expectations,19
201,86,2024,2024-12-15,3.1,Meets Expectations,10
202,86,2025,2025-12-15,4.2,Exceeds Expectations,36
203,87,2021,2021-12-15,3.4,Meets Expectations,29
204,87,2022,2022-12-15,4.3,Exceeds Expectations,30
205,87,2023,2023-12-15,4.0,Exceeds Expectations,2
206,87,2024,2024-12-15,2.8,Needs Improvement,39
207,87,2025,2025-12-15,3.5,Meets Expectations,25
208,88,2021,2021-12-15,3.4,Meets Expectations,27
209,88,2022,2022-12-15,2.4,Needs Improvement,22
210,88,2023,2023-12-15,4.6,Outstanding,21
211,88,2024,2024-12-15,4.1,Exceeds Expectations,13
212,89,2022,2022-12-15,3.1,Meets Expectations,19
213,89,2023,2023-12-15,3.1,Meets Expectations,34
214,89,2024,2024-12-15,5.0,Outstanding,13
215,89,2025,2025-12-15,4.0,Exceeds Expectations,39
216,90,2023,2023-12-15,3.1,Meets Expectations,7
217,90,2024,2024-12-15,4.1,Exceeds Expectations,3
218,90,2025,2025-12-15,3.1,Meets Expectations,33
219,91,2021,2021-12-15,2.7,Needs Improvement,15
220,91,2022,2022-12-15,3.8,Meets Expectations,38
221,91,2023,2023-12-15,2.4,Needs Improvement,21
222,91,2024,2024-12-15,3.0,Meets Expectations,40
223,92,2024,2024-12-15,2.8,Needs Improvement,16
224,92,2025,2025-12-15,3.0,Meets Expectations,11
225,93,2021,2021-12-15,3.4,Meets Expectations,32
226,93,2022,2022-12-15,5.0,Outstanding,14
227,93,2023,2023-12-15,3.3,Meets Expectations,9
228,94,2023,2023-12-15,3.8,Meets Expectations,11
229,94,2024,2024-12-15,3.1,Meets Expectations,22
230,94,2025,2025-12-15,4.0,Exceeds Expectations,3
231,96,2022,2022-12-15,3.4,Meets Expectations,14
232,96,2023,2023-12-15,3.9,Meets Expectations,16
233,96,2024,2024-12-15,3.2,Meets Expectations,2
234,96,2025,2025-12-15,2.3,Needs Improvement,13
235,97,2024,2024-12-15,3.7,Meets Expectations,8
236,97,2025,2025-12-15,3.2,Meets Expectations,36
237,98,2025,2025-12-15,3.0,Meets Expectations,16
238,99,2024,2024-12-15,2.1,Needs Improvement,29
239,100,2023,2023-12-15,2.6,Needs Improvement,25
240,100,2024,2024-12-15,2.0,Needs Improvement,37
241,100,2025,2025-12-15,3.2,Meets Expectations,32
242,101,2024,2024-12-15,4.0,Exceeds Expectations,25
243,101,2025,2025-12-15,5.0,Outstanding,39
244,103,2021,2021-12-15,3.4,Meets Expectations,2
245,103,2022,2022-12-15,5.0,Outstanding,5
246,103,2023,2023-12-15,3.5,Meets Expectations,8
247,103,2024,2024-12-15,3.1,Meets Expectations,40
248,103,2025,2025-12-15,5.0,Outstanding,39
249,104,2025,2025-12-15,3.1,Meets Expectations,5
250,105,2021,2021-12-15,2.8,Needs Improvement,16
251,105,2022,2022-12-15,3.7,Meets Expectations,4
252,105,2023,2023-12-15,4.3,Exceeds Expectations,18
253,105,2024,2024-12-15,4.0,Exceeds Expectations,38
254,105,2025,2025-12-15,3.1,Meets Expectations,28
255,106,2024,2024-12-15,4.7,Outstanding,12
256,106,2025,2025-12-15,2.8,Needs Improvement,25
257,107,2025,2025-12-15,2.7,Needs Improvement,26
258,108,2023,2023-12-15,3.4,Meets Expectations,10
259,108,2024,2024-12-15,4.3,Exceeds Expectations,22
260,108,2025,2025-12-15,4.4,Exceeds Expectations,22
261,109,2022,2022-12-15,3.1,Meets Expectations,11
262,109,2023,2023-12-15,3.7,Meets Expectations,4
263,109,2024,2024-12-15,3.2,Meets Expectations,23
264,109,2025,2025-12-15,3.2,Meets Expectations,3
265,110,2021,2021-12-15,3.6,Meets Expectations,38
266,110,2022,2022-12-15,3.3,Meets Expectations,36
267,110,2023,2023-12-15,3.6,Meets Expectations,38
268,110,2024,2024-12-15,4.5,Outstanding,14
269,110,2025,2025-12-15,4.0,Exceeds Expectations,18
270,111,2021,2021-12-15,3.1,Meets Expectations,15
271,111,2022,2022-12-15,3.6,Meets Expectations,14
272,112,2025,2025-12-15,3.1,Meets Expectations,38
273,113,2022,2022-12-15,3.3,Meets Expectations,17
274,113,2023,2023-12-15,4.0,Exceeds Expectations,15
275,113,2024,2024-12-15,3.1,Meets Expectations,28
276,113,2025,2025-12-15,3.9,Meets Expectations,32
277,114,2025,2025-12-15,3.5,Meets Expectations,22
278,115,2025,2025-12-15,3.4,Meets Expectations,10
279,116,2025,2025-12-15,2.2,Needs Improvement,21
280,117,2024,2024-12-15,3.3,Meets Expectations,39
281,117,2025,2025-12-15,3.4,Meets Expectations,40
282,118,2023,2023-12-15,2.7,Needs Improvement,11
283,118,2024,2024-12-15,3.4,Meets Expectations,14
284,118,2025,2025-12-15,4.6,Outstanding,40
285,119,2025,2025-12-15,2.5,Needs Improvement,32
286,120,2025,2025-12-15,4.4,Exceeds Expectations,35
287,121,2023,2023-12-15,3.2,Meets Expectations,22
288,121,2024,2024-12-15,2.9,Needs Improvement,35
289,122,2021,2021-12-15,3.8,Meets Expectations,40
290,122,2022,2022-12-15,3.4,Meets Expectations,31
291,122,2023,2023-12-15,3.0,Meets Expectations,21
292,122,2024,2024-12-15,3.7,Meets Expectations,11
293,122,2025,2025-12-15,3.1,Meets Expectations,32
294,123,2022,2022-12-15,4.4,Exceeds Expectations,13
295,123,2023,2023-12-15,4.0,Exceeds Expectations,11
296,123,2024,2024-12-15,4.1,Exceeds Expectations,4
297,123,2025,2025-12-15,2.6,Needs Improvement,37
298,124,2023,2023-12-15,2.7,Needs Improvement,4
299,124,2024,2024-12-15,3.9,Meets Expectations,2
300,124,2025,2025-12-15,4.4,Exceeds Expectations,17
301,125,2023,2023-12-15,2.8,Needs Improvement,38
302,125,2024,2024-12-15,2.3,Needs Improvement,16
303,125,2025,2025-12-15,2.7,Needs Improvement,13
304,126,2023,2023-12-15,2.9,Needs Improvement,32
305,126,2024,2024-12-15,2.2,Needs Improvement,14
306,126,2025,2025-12-15,3.3,Meets Expectations,15
307,127,2024,2024-12-15,3.7,Meets Expectations,7
308,127,2025,2025-12-15,3.8,Meets Expectations,12
309,128,2024,2024-12-15,4.7,Outstanding,27
310,128,2025,2025-12-15,3.5,Meets Expectations,19
311,129,2023,2023-12-15,2.3,Needs Improvement,9
312,129,2024,2024-12-15,4.7,Outstanding,28
313,129,2025,2025-12-15,3.6,Meets Expectations,9
314,131,2022,2022-12-15,3.9,Meets Expectations,26
315,131,2023,2023-12-15,4.1,Exceeds Expectations,35
316,131,2024,2024-12-15,3.7,Meets Expectations,4
317,131,2025,2025-12-15,3.1,Meets Expectations,18
318,132,2022,2022-12-15,2.3,Needs Improvement,10
319,132,2023,2023-12-15,3.4,Meets Expectations,6
320,132,2024,2024-12-15,4.2,Exceeds Expectations,40
321,132,2025,2025-12-15,2.6,Needs Improvement,32
322,133,2022,2022-12-15,3.6,Meets Expectations,14
323,133,2023,2023-12-15,4.0,Exceeds Expectations,32
324,134,2024,2024-12-15,3.3,Meets Expectations,22
325,134,2025,2025-12-15,2.5,Needs Improvement,10
326,135,2022,2022-12-15,3.2,Meets Expectations,38
327,135,2023,2023-12-15,3.2,Meets Expectations,19
328,135,2024,2024-12-15,2.7,Needs Improvement,28
329,135,2025,2025-12-15,4.7,Outstanding,36
330,137,2024,2024-12-15,2.3,Needs Improvement,10
331,137,2025,2025-12-15,3.0,Meets Expectations,13
332,138,2021,2021-12-15,2.9,Needs Improvement,14
333,138,2022,2022-12-15,3.2,Meets Expectations,21
334,138,2023,2023-12-15,2.6,Needs Improvement,8
335,138,2024,2024-12-15,3.5,Meets Expectations,16
336,138,2025,2025-12-15,3.1,Meets Expectations,38
337,139,2023,2023-12-15,3.6,Meets Expectations,22
338,139,2024,2024-12-15,2.7,Needs Improvement,35
339,139,2025,2025-12-15,3.2,Meets Expectations,5
340,140,2024,2024-12-15,3.8,Meets Expectations,18
341,140,2025,2025-12-15,3.1,Meets Expectations,6
342,141,2021,2021-12-15,3.4,Meets Expectations,39
343,141,2022,2022-12-15,3.6,Meets Expectations,18
344,141,2023,2023-12-15,3.0,Meets Expectations,35
345,141,2024,2024-12-15,3.8,Meets Expectations,29
346,141,2025,2025-12-15,3.9,Meets Expectations,39
347,142,2025,2025-12-15,3.9,Meets Expectations,37
348,143,2023,2023-12-15,2.5,Needs Improvement,39
349,143,2024,2024-12-15,2.5,Needs Improvement,29
350,143,2025,2025-12-15,3.8,Meets Expectations,15
351,144,2025,2025-12-15,3.4,Meets Expectations,28
352,145,2025,2025-12-15,2.4,Needs Improvement,27
353,146,2021,2021-12-15,3.3,Meets Expectations,19
354,146,2022,2022-12-15,3.8,Meets Expectations,23
355,146,2023,2023-12-15,3.7,Meets Expectations,24
356,146,2024,2024-12-15,2.0,Needs Improvement,4
357,146,2025,2025-12-15,3.4,Meets Expectations,21
358,147,2023,2023-12-15,2.7,Needs Improvement,39
359,147,2024,2024-12-15,3.2,Meets Expectations,23
360,147,2025,2025-12-15,1.9,Needs Improvement,17
361,149,2022,2022-12-15,4.6,Outstanding,14
362,149,2023,2023-12-15,3.4,Meets Expectations,5
363,149,2024,2024-12-15,5.0,Outstanding,37
364,149,2025,2025-12-15,3.4,Meets Expectations,16
365,150,2021,2021-12-15,4.5,Outstanding,20
366,150,2022,2022-12-15,4.1,Exceeds Expectations,11
367,150,2023,2023-12-15,2.9,Needs Improvement,17
368,150,2024,2024-12-15,3.8,Meets Expectations,4
369,151,2021,2021-12-15,3.3,Meets Expectations,17
370,151,2022,2022-12-15,2.9,Needs Improvement,33
371,151,2023,2023-12-15,3.5,Meets Expectations,8
372,151,2024,2024-12-15,4.4,Exceeds Expectations,30
373,151,2025,2025-12-15,2.7,Needs Improvement,17
374,152,2025,2025-12-15,5.0,Outstanding,16
375,153,2023,2023-12-15,4.2,Exceeds Expectations,13
376,153,2024,2024-12-15,3.6,Meets Expectations,30
377,153,2025,2025-12-15,2.9,Needs Improvement,7
378,154,2024,2024-12-15,4.2,Exceeds Expectations,31
379,155,2025,2025-12-15,4.1,Exceeds Expectations,18
380,156,2023,2023-12-15,3.6,Meets Expectations,28
381,156,2024,2024-12-15,4.0,Exceeds Expectations,8
382,157,2021,2021-12-15,3.8,Meets Expectations,14
383,157,2022,2022-12-15,3.2,Meets Expectations,38
384,157,2023,2023-12-15,3.6,Meets Expectations,37
385,157,2024,2024-12-15,3.9,Meets Expectations,13
386,157,2025,2025-12-15,3.2,Meets Expectations,10
387,158,2023,2023-12-15,3.0,Meets Expectations,8
388,158,2024,2024-12-15,3.1,Meets Expectations,4
389,158,2025,2025-12-15,2.5,Needs Improvement,39
390,159,2022,2022-12-15,4.1,Exceeds Expectations,10
391,159,2023,2023-12-15,4.2,Exceeds Expectations,22
392,159,2024,2024-12-15,3.6,Meets Expectations,6
393,159,2025,2025-12-15,3.9,Meets Expectations,22
394,160,2024,2024-12-15,3.5,Meets Expectations,27
395,160,2025,2025-12-15,2.8,Needs Improvement,11
396,161,2025,2025-12-15,2.9,Needs Improvement,5
397,162,2021,2021-12-15,3.3,Meets Expectations,7
398,162,2022,2022-12-15,4.6,Outstanding,12
399,162,2023,2023-12-15,4.7,Outstanding,25
400,162,2024,2024-12-15,2.9,Needs Improvement,16
401,162,2025,2025-12-15,3.7,Meets Expectations,15
402,163,2025,2025-12-15,3.0,Meets Expectations,29
403,164,2021,2021-12-15,3.0,Meets Expectations,34
404,164,2022,2022-12-15,3.8,Meets Expectations,36
405,164,2023,2023-12-15,3.4,Meets Expectations,35
406,164,2024,2024-12-15,3.0,Meets Expectations,9
407,164,2025,2025-12-15,4.4,Exceeds Expectations,14
408,165,2021,2021-12-15,3.1,Meets Expectations,38
409,165,2022,2022-12-15,4.6,Outstanding,22
410,165,2023,2023-12-15,3.3,Meets Expectations,19
411,165,2024,2024-12-15,3.1,Meets Expectations,5
412,165,2025,2025-12-15,4.3,Exceeds Expectations,8
413,166,2024,2024-12-15,3.1,Meets Expectations,35
414,166,2025,2025-12-15,4.3,Exceeds Expectations,2
415,167,2022,2022-12-15,4.5,Outstanding,22
416,167,2023,2023-12-15,2.6,Needs Improvement,39
417,167,2024,2024-12-15,4.2,Exceeds Expectations,16
418,167,2025,2025-12-15,3.2,Meets Expectations,24
419,168,2025,2025-12-15,3.5,Meets Expectations,35
420,169,2021,2021-12-15,3.5,Meets Expectations,40
421,170,2023,2023-12-15,4.0,Exceeds Expectations,23
422,170,2024,2024-12-15,3.4,Meets Expectations,36
423,170,2025,2025-12-15,3.0,Meets Expectations,18
424,171,2025,2025-12-15,4.2,Exceeds Expectations,27
425,172,2021,2021-12-15,4.0,Exceeds Expectations,40
426,173,2022,2022-12-15,3.0,Meets Expectations,35
427,173,2023,2023-12-15,4.8,Outstanding,35
428,173,2024,2024-12-15,3.5,Meets Expectations,18
429,173,2025,2025-12-15,3.8,Meets Expectations,20
430,174,2023,2023-12-15,3.2,Meets Expectations,13
431,174,2024,2024-12-15,5.0,Outstanding,32
432,175,2023,2023-12-15,3.4,Meets Expectations,39
433,175,2024,2024-12-15,2.9,Needs Improvement,25
434,175,2025,2025-12-15,3.9,Meets Expectations,37
435,176,2021,2021-12-15,3.0,Meets Expectations,27
436,176,2022,2022-12-15,2.6,Needs Improvement,2
437,176,2023,2023-12-15,3.3,Meets Expectations,25
438,176,2024,2024-12-15,3.2,Meets Expectations,38
439,176,2025,2025-12-15,4.3,Exceeds Expectations,18
440,177,2022,2022-12-15,2.8,Needs Improvement,36
441,177,2023,2023-12-15,3.9,Meets Expectations,13
442,177,2024,2024-12-15,3.8,Meets Expectations,35
443,177,2025,2025-12-15,2.8,Needs Improvement,10
444,178,2025,2025-12-15,3.3,Meets Expectations,8
445,179,2023,2023-12-15,2.3,Needs Improvement,12
446,179,2024,2024-12-15,3.3,Meets Expectations,39
447,179,2025,2025-12-15,2.3,Needs Improvement,30
448,180,2021,2021-12-15,3.0,Meets Expectations,17
449,180,2022,2022-12-15,2.7,Needs Improvement,9
450,180,2023,2023-12-15,3.9,Meets Expectations,22
451,181,2025,2025-12-15,3.2,Meets Expectations,6
452,182,2021,2021-12-15,3.9,Meets Expectations,27
453,182,2022,2022-12-15,3.8,Meets Expectations,14
454,182,2023,2023-12-15,3.3,Meets Expectations,23
455,182,2024,2024-12-15,3.5,Meets Expectations,12
456,182,2025,2025-12-15,3.5,Meets Expectations,4
457,183,2022,2022-12-15,3.0,Meets Expectations,5
458,183,2023,2023-12-15,2.4,Needs Improvement,19
459,183,2024,2024-12-15,3.1,Meets Expectations,19
460,183,2025,2025-12-15,2.5,Needs Improvement,29
461,184,2022,2022-12-15,3.7,Meets Expectations,35
462,184,2023,2023-12-15,3.8,Meets Expectations,3
463,184,2024,2024-12-15,3.9,Meets Expectations,22
464,184,2025,2025-12-15,1.7,Needs Improvement,4
465,185,2024,2024-12-15,3.5,Meets Expectations,28
466,185,2025,2025-12-15,3.2,Meets Expectations,6
467,186,2021,2021-12-15,2.5,Needs Improvement,26
468,186,2022,2022-12-15,4.1,Exceeds Expectations,4
469,186,2023,2023-12-15,4.5,Outstanding,23
470,186,2024,2024-12-15,2.8,Needs Improvement,36
471,187,2023,2023-12-15,3.1,Meets Expectations,3
472,187,2024,2024-12-15,2.6,Needs Improvement,32
473,187,2025,2025-12-15,2.3,Needs Improvement,5
474,188,2021,2021-12-15,3.5,Meets Expectations,7
475,188,2022,2022-12-15,4.0,Exceeds Expectations,13
476,188,2023,2023-12-15,3.4,Meets Expectations,15
477,188,2024,2024-12-15,3.7,Meets Expectations,12
478,189,2023,2023-12-15,3.1,Meets Expectations,34
479,189,2024,2024-12-15,3.6,Meets Expectations,38
480,189,2025,2025-12-15,3.8,Meets Expectations,32
481,190,2021,2021-12-15,4.1,Exceeds Expectations,39
482,190,2022,2022-12-15,2.9,Needs Improvement,18
483,190,2023,2023-12-15,1.9,Needs Improvement,23
484,190,2024,2024-12-15,3.3,Meets Expectations,36
485,190,2025,2025-12-15,2.7,Needs Improvement,34
486,191,2021,2021-12-15,2.7,Needs Improvement,28
487,191,2022,2022-12-15,2.0,Needs Improvement,33
488,193,2022,2022-12-15,3.8,Meets Expectations,7
489,193,2023,2023-12-15,3.9,Meets Expectations,8
490,194,2022,2022-12-15,3.9,Meets Expectations,19
491,194,2023,2023-12-15,4.1,Exceeds Expectations,33
492,194,2024,2024-12-15,3.0,Meets Expectations,29
493,194,2025,2025-12-15,2.2,Needs Improvement,26
494,195,2025,2025-12-15,2.9,Needs Improvement,16
495,196,2021,2021-12-15,2.6,Needs Improvement,35
496,196,2022,2022-12-15,2.7,Needs Improvement,23
497,196,2023,2023-12-15,3.5,Meets Expectations,2
498,196,2024,2024-12-15,4.3,Exceeds Expectations,14
499,196,2025,2025-12-15,3.5,Meets Expectations,36
500,197,2022,2022-12-15,3.1,Meets Expectations,11
501,197,2023,2023-12-15,4.0,Exceeds Expectations,19
502,197,2024,2024-12-15,4.5,Outstanding,24
503,197,2025,2025-12-15,3.8,Meets Expectations,19
504,198,2022,2022-12-15,4.5,Outstanding,27
505,198,2023,2023-12-15,3.1,Meets Expectations,23
506,198,2024,2024-12-15,2.9,Needs Improvement,15
507,198,2025,2025-12-15,3.1,Meets Expectations,4
508,199,2024,2024-12-15,5.0,Outstanding,8
509,199,2025,2025-12-15,4.1,Exceeds Expectations,17
510,200,2021,2021-12-15,3.7,Meets Expectations,32
511,200,2022,2022-12-15,4.1,Exceeds Expectations,25
512,200,2023,2023-12-15,3.0,Meets Expectations,2
513,200,2024,2024-12-15,4.1,Exceeds Expectations,24
514,200,2025,2025-12-15,3.9,Meets Expectations,29
515,201,2023,2023-12-15,3.7,Meets Expectations,17
516,202,2025,2025-12-15,2.2,Needs Improvement,5
517,203,2023,2023-12-15,2.8,Needs Improvement,32
518,203,2024,2024-12-15,4.1,Exceeds Expectations,29
519,204,2022,2022-12-15,3.1,Meets Expectations,33
520,204,2023,2023-12-15,3.0,Meets Expectations,22
521,204,2024,2024-12-15,2.8,Needs Improvement,5
522,204,2025,2025-12-15,3.8,Meets Expectations,27
523,205,2021,2021-12-15,3.4,Meets Expectations,4
524,205,2022,2022-12-15,2.0,Needs Improvement,31
525,205,2023,2023-12-15,3.0,Meets Expectations,8
526,205,2024,2024-12-15,3.8,Meets Expectations,35
527,205,2025,2025-12-15,4.4,Exceeds Expectations,17
528,206,2024,2024-12-15,3.0,Meets Expectations,31
529,206,2025,2025-12-15,3.6,Meets Expectations,5
530,207,2024,2024-12-15,3.4,Meets Expectations,36
531,207,2025,2025-12-15,3.3,Meets Expectations,13
532,208,2022,2022-12-15,3.5,Meets Expectations,3
533,208,2023,2023-12-15,3.5,Meets Expectations,11
534,208,2024,2024-12-15,3.9,Meets Expectations,6
535,208,2025,2025-12-15,3.6,Meets Expectations,6
536,209,2024,2024-12-15,3.1,Meets Expectations,14
537,209,2025,2025-12-15,3.2,Meets Expectations,24
538,210,2021,2021-12-15,4.2,Exceeds Expectations,23
539,210,2022,2022-12-15,2.9,Needs Improvement,12
540,210,2023,2023-12-15,3.5,Meets Expectations,18
541,210,2024,2024-12-15,3.9,Meets Expectations,12
542,210,2025,2025-12-15,2.9,Needs Improvement,32
543,211,2023,2023-12-15,2.6,Needs Improvement,33
544,211,2024,2024-12-15,3.2,Meets Expectations,23
545,212,2025,2025-12-15,4.5,Outstanding,37
546,213,2024,2024-12-15,2.9,Needs Improvement,35
547,213,2025,2025-12-15,2.3,Needs Improvement,32
548,214,2021,2021-12-15,3.4,Meets Expectations,23
549,214,2022,2022-12-15,4.8,Outstanding,19
550,214,2023,2023-12-15,3.4,Meets Expectations,25
551,214,2024,2024-12-15,3.7,Meets Expectations,37
552,214,2025,2025-12-15,1.8,Needs Improvement,38
553,216,2022,2022-12-15,3.2,Meets Expectations,5
554,216,2023,2023-12-15,3.4,Meets Expectations,31
555,216,2024,2024-12-15,2.4,Needs Improvement,12
556,216,2025,2025-12-15,3.8,Meets Expectations,14
557,217,2023,2023-12-15,2.3,Needs Improvement,13
558,217,2024,2024-12-15,3.6,Meets Expectations,35
559,217,2025,2025-12-15,4.2,Exceeds Expectations,33
560,218,2023,2023-12-15,3.8,Meets Expectations,22
561,218,2024,2024-12-15,4.2,Exceeds Expectations,11
562,218,2025,2025-12-15,3.6,Meets Expectations,2
563,219,2024,2024-12-15,3.3,Meets Expectations,40
564,219,2025,2025-12-15,4.5,Outstanding,31
565,220,2022,2022-12-15,3.4,Meets Expectations,6
566,220,2023,2023-12-15,3.3,Meets Expectations,2
567,220,2024,2024-12-15,3.8,Meets Expectations,5
568,220,2025,2025-12-15,2.4,Needs Improvement,18
569,221,2024,2024-12-15,3.5,Meets Expectations,16
570,221,2025,2025-12-15,3.3,Meets Expectations,23
571,222,2025,2025-12-15,3.5,Meets Expectations,13
572,223,2023,2023-12-15,3.6,Meets Expectations,3
573,223,2024,2024-12-15,3.8,Meets Expectations,13
574,224,2023,2023-12-15,4.4,Exceeds Expectations,38
575,224,2024,2024-12-15,2.1,Needs Improvement,22
576,224,2025,2025-12-15,4.4,Exceeds Expectations,5
577,225,2022,2022-12-15,3.0,Meets Expectations,6
578,225,2023,2023-12-15,4.5,Outstanding,2
579,225,2024,2024-12-15,3.0,Meets Expectations,19
580,225,2025,2025-12-15,4.4,Exceeds Expectations,13
581,226,2022,2022-12-15,4.2,Exceeds Expectations,36
582,226,2023,2023-12-15,3.9,Meets Expectations,23
583,226,2024,2024-12-15,3.2,Meets Expectations,22
584,226,2025,2025-12-15,3.2,Meets Expectations,34
585,227,2023,2023-12-15,3.7,Meets Expectations,17
586,227,2024,2024-12-15,3.2,Meets Expectations,13
587,227,2025,2025-12-15,3.3,Meets Expectations,32
588,228,2025,2025-12-15,2.6,Needs Improvement,36
589,230,2025,2025-12-15,2.8,Needs Improvement,20
590,231,2023,2023-12-15,4.6,Outstanding,35
591,231,2024,2024-12-15,4.7,Outstanding,25
592,231,2025,2025-12-15,4.1,Exceeds Expectations,25
593,232,2025,2025-12-15,3.7,Meets Expectations,5
594,233,2022,2022-12-15,3.0,Meets Expectations,39
595,233,2023,2023-12-15,3.9,Meets Expectations,25
596,233,2024,2024-12-15,2.1,Needs Improvement,25
597,233,2025,2025-12-15,3.3,Meets Expectations,19
598,234,2021,2021-12-15,1.9,Needs Improvement,3
599,234,2022,2022-12-15,3.7,Meets Expectations,31
600,234,2023,2023-12-15,2.4,Needs Improvement,28
601,234,2024,2024-12-15,3.0,Meets Expectations,19
602,234,2025,2025-12-15,4.1,Exceeds Expectations,29
603,235,2022,2022-12-15,1.8,Needs Improvement,40
604,235,2023,2023-12-15,2.0,Needs Improvement,23
605,235,2024,2024-12-15,3.7,Meets Expectations,19
606,235,2025,2025-12-15,2.9,Needs Improvement,17
607,236,2025,2025-12-15,3.1,Meets Expectations,37
608,237,2021,2021-12-15,4.0,Exceeds Expectations,11
609,237,2022,2022-12-15,3.0,Meets Expectations,37
610,237,2023,2023-12-15,3.8,Meets Expectations,3
611,237,2024,2024-12-15,2.5,Needs Improvement,34
612,237,2025,2025-12-15,3.5,Meets Expectations,33
613,238,2022,2022-12-15,4.2,Exceeds Expectations,24
614,238,2023,2023-12-15,4.2,Exceeds Expectations,33
615,238,2024,2024-12-15,3.1,Meets Expectations,23
616,239,2023,2023-12-15,2.8,Needs Improvement,16
617,239,2024,2024-12-15,3.2,Meets Expectations,17
618,239,2025,2025-12-15,4.1,Exceeds Expectations,8
619,240,2025,2025-12-15,3.8,Meets Expectations,4
620,241,2024,2024-12-15,2.6,Needs Improvement,21
621,241,2025,2025-12-15,3.7,Meets Expectations,2
622,242,2022,2022-12-15,2.8,Needs Improvement,40
623,242,2023,2023-12-15,3.3,Meets Expectations,4
624,242,2024,2024-12-15,3.3,Meets Expectations,28
625,242,2025,2025-12-15,2.7,Needs Improvement,13
626,243,2025,2025-12-15,4.3,Exceeds Expectations,12
627,244,2025,2025-12-15,4.2,Exceeds Expectations,12
628,245,2022,2022-12-15,4.1,Exceeds Expectations,25
629,245,2023,2023-12-15,4.5,Outstanding,39
630,245,2024,2024-12-15,3.1,Meets Expectations,2
631,245,2025,2025-12-15,3.1,Meets Expectations,32
632,246,2022,2022-12-15,3.7,Meets Expectations,3
633,246,2023,2023-12-15,4.6,Outstanding,28
634,246,2024,2024-12-15,2.9,Needs Improvement,16
635,246,2025,2025-12-15,1.9,Needs Improvement,8
636,248,2022,2022-12-15,2.8,Needs Improvement,2
637,248,2023,2023-12-15,3.7,Meets Expectations,24
638,248,2024,2024-12-15,3.5,Meets Expectations,36
639,248,2025,2025-12-15,3.6,Meets Expectations,33
640,249,2023,2023-12-15,3.8,Meets Expectations,37
641,249,2024,2024-12-15,4.4,Exceeds Expectations,16
642,249,2025,2025-12-15,3.2,Meets Expectations,35
643,250,2024,2024-12-15,3.1,Meets Expectations,16
644,250,2025,2025-12-15,3.5,Meets Expectations,36
645,251,2025,2025-12-15,2.9,Needs Improvement,28
646,252,2025,2025-12-15,4.0,Exceeds Expectations,26
647,254,2023,2023-12-15,3.1,Meets Expectations,8
648,254,2024,2024-12-15,2.5,Needs Improvement,8
649,254,2025,2025-12-15,3.5,Meets Expectations,18
650,255,2021,2021-12-15,2.9,Needs Improvement,15
651,255,2022,2022-12-15,2.9,Needs Improvement,19
652,256,2021,2021-12-15,3.0,Meets Expectations,33
653,256,2022,2022-12-15,3.4,Meets Expectations,17
654,256,2023,2023-12-15,3.3,Meets Expectations,38
655,256,2024,2024-12-15,2.2,Needs Improvement,14
656,256,2025,2025-12-15,2.2,Needs Improvement,31
657,257,2025,2025-12-15,3.2,Meets Expectations,40
658,258,2024,2024-12-15,3.0,Meets Expectations,38
659,258,2025,2025-12-15,4.6,Outstanding,36
660,259,2023,2023-12-15,3.9,Meets Expectations,3
661,260,2023,2023-12-15,3.8,Meets Expectations,37
662,260,2024,2024-12-15,4.0,Exceeds Expectations,19
663,260,2025,2025-12-15,3.9,Meets Expectations,26
664,261,2022,2022-12-15,3.7,Meets Expectations,25
665,261,2023,2023-12-15,3.3,Meets Expectations,22
666,261,2024,2024-12-15,4.5,Outstanding,6
667,262,2021,2021-12-15,3.6,Meets Expectations,24
668,262,2022,2022-12-15,3.9,Meets Expectations,25
669,262,2023,2023-12-15,3.2,Meets Expectations,24
670,262,2024,2024-12-15,1.7,Needs Improvement,19
671,262,2025,2025-12-15,2.0,Needs Improvement,11
672,263,2023,2023-12-15,3.7,Meets Expectations,18
673,263,2024,2024-12-15,2.9,Needs Improvement,34
674,263,2025,2025-12-15,3.8,Meets Expectations,16
675,264,2022,2022-12-15,3.9,Meets Expectations,5
676,264,2023,2023-12-15,4.9,Outstanding,16
677,264,2024,2024-12-15,3.8,Meets Expectations,10
678,264,2025,2025-12-15,3.3,Meets Expectations,2
679,265,2023,2023-12-15,3.3,Meets Expectations,8
680,265,2024,2024-12-15,1.8,Needs Improvement,27
681,265,2025,2025-12-15,2.6,Needs Improvement,4
682,266,2023,2023-12-15,4.0,Exceeds Expectations,24
683,266,2024,2024-12-15,3.5,Meets Expectations,14
684,266,2025,2025-12-15,2.1,Needs Improvement,24
685,267,2023,2023-12-15,4.4,Exceeds Expectations,10
686,267,2024,2024-12-15,2.2,Needs Improvement,31
687,267,2025,2025-12-15,3.5,Meets Expectations,2
688,268,2024,2024-12-15,4.4,Exceeds Expectations,28
689,268,2025,2025-12-15,4.0,Exceeds Expectations,3
690,269,2021,2021-12-15,3.0,Meets Expectations,18
691,269,2022,2022-12-15,3.4,Meets Expectations,23
692,269,2023,2023-12-15,2.3,Needs Improvement,38
693,269,2024,2024-12-15,3.7,Meets Expectations,18
694,269,2025,2025-12-15,2.0,Needs Improvement,19
695,270,2022,2022-12-15,3.3,Meets Expectations,22
696,270,2023,2023-12-15,4.3,Exceeds Expectations,39
697,270,2024,2024-12-15,4.0,Exceeds Expectations,9
698,270,2025,2025-12-15,3.3,Meets Expectations,25
699,271,2023,2023-12-15,3.3,Meets Expectations,16
700,271,2024,2024-12-15,3.7,Meets Expectations,22
701,271,2025,2025-12-15,3.8,Meets Expectations,12
702,272,2023,2023-12-15,3.3,Meets Expectations,27
703,272,2024,2024-12-15,2.6,Needs Improvement,21
704,272,2025,2025-12-15,4.1,Exceeds Expectations,33
705,273,2025,2025-12-15,2.9,Needs Improvement,15
706,274,2025,2025-12-15,3.0,Meets Expectations,18
707,275,2025,2025-12-15,4.4,Exceeds Expectations,18
708,276,2022,2022-12-15,1.1,Needs Improvement,21
709,276,2023,2023-12-15,4.1,Exceeds Expectations,40
710,276,2024,2024-12-15,3.0,Meets Expectations,27
711,276,2025,2025-12-15,4.1,Exceeds Expectations,3
712,277,2025,2025-12-15,3.4,Meets Expectations,26
713,278,2023,2023-12-15,4.0,Exceeds Expectations,12
714,278,2024,2024-12-15,3.0,Meets Expectations,21
715,278,2025,2025-12-15,2.0,Needs Improvement,37
716,279,2023,2023-12-15,3.2,Meets Expectations,9
717,279,2024,2024-12-15,4.1,Exceeds Expectations,16
718,279,2025,2025-12-15,3.9,Meets Expectations,17
719,280,2025,2025-12-15,3.0,Meets Expectations,32
720,281,2022,2022-12-15,2.5,Needs Improvement,6
721,281,2023,2023-12-15,3.0,Meets Expectations,29
722,281,2024,2024-12-15,3.6,Meets Expectations,10
723,281,2025,2025-12-15,3.0,Meets Expectations,6
724,282,2023,2023-12-15,3.1,Meets Expectations,30
725,282,2024,2024-12-15,3.7,Meets Expectations,35
726,282,2025,2025-12-15,3.9,Meets Expectations,6
727,283,2024,2024-12-15,3.7,Meets Expectations,11
728,283,2025,2025-12-15,1.9,Needs Improvement,38
729,284,2022,2022-12-15,4.6,Outstanding,3
730,284,2023,2023-12-15,3.4,Meets Expectations,22
731,284,2024,2024-12-15,3.5,Meets Expectations,37
732,284,2025,2025-12-15,3.7,Meets Expectations,11
733,285,2022,2022-12-15,3.3,Meets Expectations,16
734,285,2023,2023-12-15,3.3,Meets Expectations,7
735,285,2024,2024-12-15,3.6,Meets Expectations,27
736,285,2025,2025-12-15,3.3,Meets Expectations,5
737,286,2022,2022-12-15,4.6,Outstanding,27
738,286,2023,2023-12-15,2.3,Needs Improvement,40
739,286,2024,2024-12-15,4.4,Exceeds Expectations,10
740,286,2025,2025-12-15,3.6,Meets Expectations,3
741,287,2021,2021-12-15,2.7,Needs Improvement,5
742,288,2022,2022-12-15,2.9,Needs Improvement,27
743,288,2023,2023-12-15,3.8,Meets Expectations,15
744,288,2024,2024-12-15,3.2,Meets Expectations,35
745,289,2023,2023-12-15,2.7,Needs Improvement,8
746,290,2023,2023-12-15,2.9,Needs Improvement,23
747,290,2024,2024-12-15,2.8,Needs Improvement,25
748,290,2025,2025-12-15,4.1,Exceeds Expectations,11
749,291,2025,2025-12-15,4.3,Exceeds Expectations,27
750,293,2021,2021-12-15,3.0,Meets Expectations,23
751,293,2022,2022-12-15,3.9,Meets Expectations,31
752,293,2023,2023-12-15,3.6,Meets Expectations,40
753,293,2024,2024-12-15,4.9,Outstanding,38
754,293,2025,2025-12-15,3.0,Meets Expectations,16
755,294,2021,2021-12-15,2.6,Needs Improvement,20
756,294,2022,2022-12-15,2.7,Needs Improvement,3
757,294,2023,2023-12-15,4.7,Outstanding,26
758,294,2024,2024-12-15,2.7,Needs Improvement,7
759,294,2025,2025-12-15,3.7,Meets Expectations,35
760,295,2021,2021-12-15,2.9,Needs Improvement,11
761,295,2022,2022-12-15,4.1,Exceeds Expectations,12
762,296,2021,2021-12-15,3.7,Meets Expectations,36
763,296,2022,2022-12-15,3.8,Meets Expectations,32
764,296,2023,2023-12-15,4.2,Exceeds Expectations,11
765,296,2024,2024-12-15,4.4,Exceeds Expectations,15
766,296,2025,2025-12-15,2.2,Needs Improvement,24
767,297,2021,2021-12-15,3.5,Meets Expectations,27
768,298,2021,2021-12-15,1.8,Needs Improvement,9
769,298,2022,2022-12-15,3.5,Meets Expectations,16
770,298,2023,2023-12-15,3.0,Meets Expectations,20
771,298,2024,2024-12-15,1.0,Needs Improvement,24
772,298,2025,2025-12-15,3.5,Meets Expectations,24
773,299,2021,2021-12-15,2.8,Needs Improvement,18
774,299,2022,2022-12-15,2.7,Needs Improvement,33
775,299,2023,2023-12-15,2.9,Needs Improvement,38
776,299,2024,2024-12-15,3.3,Meets Expectations,34
777,299,2025,2025-12-15,2.3,Needs Improvement,17
778,300,2023,2023-12-15,3.6,Meets Expectations,9
779,300,2024,2024-12-15,4.7,Outstanding,37
780,300,2025,2025-12-15,3.5,Meets Expectations,6
781,301,2021,2021-12-15,2.8,Needs Improvement,40
782,301,2022,2022-12-15,3.1,Meets Expectations,35
783,301,2023,2023-12-15,2.9,Needs Improvement,14
784,301,2024,2024-12-15,3.2,Meets Expectations,20
785,301,2025,2025-12-15,3.7,Meets Expectations,2
786,302,2025,2025-12-15,4.1,Exceeds Expectations,23
787,303,2023,2023-12-15,3.7,Meets Expectations,22
788,303,2024,2024-12-15,2.5,Needs Improvement,25
789,303,2025,2025-12-15,3.8,Meets Expectations,32
790,304,2023,2023-12-15,3.4,Meets Expectations,28
791,304,2024,2024-12-15,3.4,Meets Expectations,8
792,304,2025,2025-12-15,4.3,Exceeds Expectations,30
793,306,2021,2021-12-15,3.0,Meets Expectations,13
794,306,2022,2022-12-15,1.3,Needs Improvement,39
795,306,2023,2023-12-15,3.8,Meets Expectations,25
796,306,2024,2024-12-15,4.1,Exceeds Expectations,39
797,306,2025,2025-12-15,3.0,Meets Expectations,37
798,307,2024,2024-12-15,4.0,Exceeds Expectations,10
799,307,2025,2025-12-15,2.9,Needs Improvement,39
800,308,2025,2025-12-15,3.6,Meets Expectations,29
801,309,2022,2022-12-15,3.8,Meets Expectations,5
802,309,2023,2023-12-15,1.4,Needs Improvement,5
803,310,2025,2025-12-15,3.9,Meets Expectations,35
804,311,2023,2023-12-15,3.2,Meets Expectations,24
805,311,2024,2024-12-15,2.9,Needs Improvement,38
806,311,2025,2025-12-15,2.1,Needs Improvement,16
807,312,2023,2023-12-15,3.5,Meets Expectations,31
808,312,2024,2024-12-15,3.1,Meets Expectations,3
809,312,2025,2025-12-15,3.5,Meets Expectations,38
810,313,2021,2021-12-15,3.4,Meets Expectations,22
811,313,2022,2022-12-15,2.9,Needs Improvement,37
812,313,2023,2023-12-15,3.0,Meets Expectations,23
813,313,2024,2024-12-15,3.3,Meets Expectations,21
814,313,2025,2025-12-15,5.0,Outstanding,16
815,314,2023,2023-12-15,4.4,Exceeds Expectations,7
816,314,2024,2024-12-15,4.5,Outstanding,22
817,314,2025,2025-12-15,4.0,Exceeds Expectations,35
818,315,2021,2021-12-15,3.5,Meets Expectations,2
819,315,2022,2022-12-15,3.5,Meets Expectations,38
820,315,2023,2023-12-15,2.8,Needs Improvement,22
821,315,2024,2024-12-15,4.5,Outstanding,29
822,315,2025,2025-12-15,3.0,Meets Expectations,26
823,316,2023,2023-12-15,3.8,Meets Expectations,9
824,316,2024,2024-12-15,4.0,Exceeds Expectations,22
825,317,2023,2023-12-15,3.8,Meets Expectations,2
826,317,2024,2024-12-15,3.9,Meets Expectations,12
827,317,2025,2025-12-15,4.2,Exceeds Expectations,18
828,318,2023,2023-12-15,3.8,Meets Expectations,10
829,318,2024,2024-12-15,3.2,Meets Expectations,32
830,318,2025,2025-12-15,4.5,Outstanding,24
831,319,2025,2025-12-15,3.4,Meets Expectations,19
832,320,2022,2022-12-15,4.3,Exceeds Expectations,13
833,320,2023,2023-12-15,3.7,Meets Expectations,7
834,320,2024,2024-12-15,4.1,Exceeds Expectations,19
835,320,2025,2025-12-15,4.9,Outstanding,12
836,321,2023,2023-12-15,3.0,Meets Expectations,6
837,321,2024,2024-12-15,3.2,Meets Expectations,14
838,321,2025,2025-12-15,2.6,Needs Improvement,27
839,322,2025,2025-12-15,3.0,Meets Expectations,4
840,323,2025,2025-12-15,4.2,Exceeds Expectations,7
841,324,2021,2021-12-15,3.4,Meets Expectations,38
842,324,2022,2022-12-15,2.7,Needs Improvement,14
843,324,2023,2023-12-15,2.4,Needs Improvement,13
844,325,2022,2022-12-15,1.2,Needs Improvement,15
845,325,2023,2023-12-15,2.7,Needs Improvement,21
846,325,2024,2024-12-15,3.7,Meets Expectations,17
847,325,2025,2025-12-15,3.3,Meets Expectations,27
848,326,2022,2022-12-15,3.6,Meets Expectations,40
849,326,2023,2023-12-15,3.8,Meets Expectations,30
850,326,2024,2024-12-15,3.0,Meets Expectations,22
851,326,2025,2025-12-15,4.8,Outstanding,9
852,327,2022,2022-12-15,2.3,Needs Improvement,26
853,327,2023,2023-12-15,2.4,Needs Improvement,15
854,327,2024,2024-12-15,3.4,Meets Expectations,13
855,327,2025,2025-12-15,3.9,Meets Expectations,7
856,328,2025,2025-12-15,3.2,Meets Expectations,11
857,329,2024,2024-12-15,3.4,Meets Expectations,7
858,329,2025,2025-12-15,3.5,Meets Expectations,14
859,330,2025,2025-12-15,3.1,Meets Expectations,34
860,331,2024,2024-12-15,3.4,Meets Expectations,8
861,332,2025,2025-12-15,3.5,Meets Expectations,37
862,333,2024,2024-12-15,3.6,Meets Expectations,27
863,333,2025,2025-12-15,3.3,Meets Expectations,35
864,334,2023,2023-12-15,3.4,Meets Expectations,11
865,334,2024,2024-12-15,3.5,Meets Expectations,37
866,334,2025,2025-12-15,3.4,Meets Expectations,38
867,335,2022,2022-12-15,3.9,Meets Expectations,39
868,335,2023,2023-12-15,2.8,Needs Improvement,25
869,335,2024,2024-12-15,4.2,Exceeds Expectations,37
870,335,2025,2025-12-15,3.5,Meets Expectations,7
871,336,2022,2022-12-15,3.9,Meets Expectations,10
872,336,2023,2023-12-15,4.1,Exceeds Expectations,10
873,336,2024,2024-12-15,4.7,Outstanding,15
874,337,2021,2021-12-15,2.9,Needs Improvement,10
875,337,2022,2022-12-15,4.2,Exceeds Expectations,28
876,337,2023,2023-12-15,3.4,Meets Expectations,38
877,337,2024,2024-12-15,4.1,Exceeds Expectations,40
878,337,2025,2025-12-15,2.2,Needs Improvement,18
879,338,2022,2022-12-15,3.4,Meets Expectations,10
880,338,2023,2023-12-15,4.2,Exceeds Expectations,22
881,338,2024,2024-12-15,4.0,Exceeds Expectations,14
882,338,2025,2025-12-15,2.7,Needs Improvement,36
883,339,2025,2025-12-15,3.0,Meets Expectations,4
884,340,2025,2025-12-15,3.4,Meets Expectations,28
885,341,2023,2023-12-15,3.9,Meets Expectations,37
886,341,2024,2024-12-15,3.6,Meets Expectations,27
887,342,2025,2025-12-15,3.4,Meets Expectations,35
888,343,2022,2022-12-15,3.4,Meets Expectations,39
889,343,2023,2023-12-15,2.9,Needs Improvement,29
890,343,2024,2024-12-15,2.8,Needs Improvement,35
891,343,2025,2025-12-15,4.1,Exceeds Expectations,27
892,344,2021,2021-12-15,3.8,Meets Expectations,16
893,344,2022,2022-12-15,4.2,Exceeds Expectations,21
894,344,2023,2023-12-15,4.7,Outstanding,17
895,344,2024,2024-12-15,5.0,Outstanding,10
896,344,2025,2025-12-15,3.3,Meets Expectations,29
897,345,2022,2022-12-15,3.3,Meets Expectations,16
898,345,2023,2023-12-15,3.3,Meets Expectations,25
899,345,2024,2024-12-15,4.2,Exceeds Expectations,14
900,345,2025,2025-12-15,2.0,Needs Improvement,16
901,346,2021,2021-12-15,4.3,Exceeds Expectations,18
902,346,2022,2022-12-15,4.3,Exceeds Expectations,26
903,346,2023,2023-12-15,4.0,Exceeds Expectations,15
904,346,2024,2024-12-15,3.8,Meets Expectations,5
905,346,2025,2025-12-15,4.1,Exceeds Expectations,34
906,347,2023,2023-12-15,3.3,Meets Expectations,20
907,347,2024,2024-12-15,3.2,Meets Expectations,31
908,347,2025,2025-12-15,3.4,Meets Expectations,30
909,348,2022,2022-12-15,3.0,Meets Expectations,21
910,348,2023,2023-12-15,3.9,Meets Expectations,30
911,348,2024,2024-12-15,2.8,Needs Improvement,34
912,348,2025,2025-12-15,3.2,Meets Expectations,17
913,349,2021,2021-12-15,2.8,Needs Improvement,17
914,349,2022,2022-12-15,3.6,Meets Expectations,15
915,349,2023,2023-12-15,2.7,Needs Improvement,20
916,349,2024,2024-12-15,2.8,Needs Improvement,18
917,349,2025,2025-12-15,3.0,Meets Expectations,39
918,350,2022,2022-12-15,2.7,Needs Improvement,21
919,350,2023,2023-12-15,3.3,Meets Expectations,29
920,350,2024,2024-12-15,3.8,Meets Expectations,5
921,350,2025,2025-12-15,2.5,Needs Improvement,3
922,351,2024,2024-12-15,4.4,Exceeds Expectations,14
923,351,2025,2025-12-15,4.3,Exceeds Expectations,27
924,352,2024,2024-12-15,3.4,Meets Expectations,21
925,352,2025,2025-12-15,3.1,Meets Expectations,11
926,353,2023,2023-12-15,3.8,Meets Expectations,11
927,353,2024,2024-12-15,4.0,Exceeds Expectations,39
928,353,2025,2025-12-15,3.4,Meets Expectations,10
929,354,2024,2024-12-15,3.7,Meets Expectations,35
930,354,2025,2025-12-15,3.2,Meets Expectations,31
931,355,2021,2021-12-15,4.0,Exceeds Expectations,24
932,355,2022,2022-12-15,1.9,Needs Improvement,8
933,355,2023,2023-12-15,3.5,Meets Expectations,19
934,355,2024,2024-12-15,3.1,Meets Expectations,33
935,355,2025,2025-12-15,4.0,Exceeds Expectations,22
936,356,2021,2021-12-15,2.9,Needs Improvement,24
937,356,2022,2022-12-15,3.8,Meets Expectations,12
938,356,2023,2023-12-15,2.9,Needs Improvement,6
939,356,2024,2024-12-15,3.3,Meets Expectations,22
940,356,2025,2025-12-15,3.5,Meets Expectations,34
941,357,2021,2021-12-15,3.6,Meets Expectations,14
942,357,2022,2022-12-15,2.4,Needs Improvement,14
943,357,2023,2023-12-15,2.8,Needs Improvement,32
944,357,2024,2024-12-15,3.5,Meets Expectations,3
945,358,2021,2021-12-15,3.0,Meets Expectations,23
946,358,2022,2022-12-15,3.2,Meets Expectations,15
947,358,2023,2023-12-15,4.7,Outstanding,22
948,358,2024,2024-12-15,2.9,Needs Improvement,15
949,358,2025,2025-12-15,2.8,Needs Improvement,38
950,359,2022,2022-12-15,4.4,Exceeds Expectations,39
951,359,2023,2023-12-15,3.9,Meets Expectations,24
952,359,2024,2024-12-15,4.0,Exceeds Expectations,2
953,359,2025,2025-12-15,3.4,Meets Expectations,39
954,360,2024,2024-12-15,2.7,Needs Improvement,31
955,360,2025,2025-12-15,4.7,Outstanding,33
956,361,2021,2021-12-15,3.7,Meets Expectations,40
957,361,2022,2022-12-15,2.7,Needs Improvement,9
958,361,2023,2023-12-15,3.2,Meets Expectations,37
959,361,2024,2024-12-15,4.2,Exceeds Expectations,22
960,361,2025,2025-12-15,3.8,Meets Expectations,38
961,363,2022,2022-12-15,4.5,Outstanding,34
962,363,2023,2023-12-15,3.8,Meets Expectations,10
963,363,2024,2024-12-15,2.7,Needs Improvement,28
964,363,2025,2025-12-15,4.0,Exceeds Expectations,22
965,364,2025,2025-12-15,4.3,Exceeds Expectations,29
966,365,2022,2022-12-15,3.1,Meets Expectations,19
967,366,2024,2024-12-15,3.9,Meets Expectations,18
968,366,2025,2025-12-15,3.5,Meets Expectations,36
969,367,2024,2024-12-15,2.3,Needs Improvement,4
970,367,2025,2025-12-15,4.3,Exceeds Expectations,35
971,368,2021,2021-12-15,2.1,Needs Improvement,29
972,368,2022,2022-12-15,4.7,Outstanding,35
973,369,2024,2024-12-15,2.7,Needs Improvement,4
974,369,2025,2025-12-15,1.6,Needs Improvement,30
975,370,2025,2025-12-15,3.8,Meets Expectations,29
976,371,2025,2025-12-15,2.8,Needs Improvement,31
977,372,2024,2024-12-15,4.1,Exceeds Expectations,34
978,372,2025,2025-12-15,4.4,Exceeds Expectations,16
979,373,2025,2025-12-15,1.7,Needs Improvement,31
980,374,2025,2025-12-15,4.0,Exceeds Expectations,17
981,375,2021,2021-12-15,3.2,Meets Expectations,14
982,375,2022,2022-12-15,3.0,Meets Expectations,11
983,375,2023,2023-12-15,2.7,Needs Improvement,31
984,375,2024,2024-12-15,2.9,Needs Improvement,2
985,375,2025,2025-12-15,4.2,Exceeds Expectations,21
986,376,2021,2021-12-15,4.1,Exceeds Expectations,22
987,376,2022,2022-12-15,2.4,Needs Improvement,31
988,377,2022,2022-12-15,4.2,Exceeds Expectations,12
989,377,2023,2023-12-15,3.6,Meets Expectations,16
990,377,2024,2024-12-15,3.4,Meets Expectations,31
991,377,2025,2025-12-15,3.5,Meets Expectations,6
992,378,2025,2025-12-15,2.8,Needs Improvement,40
993,379,2021,2021-12-15,2.7,Needs Improvement,39
994,380,2025,2025-12-15,2.4,Needs Improvement,30
995,381,2023,2023-12-15,3.6,Meets Expectations,15
996,381,2024,2024-12-15,4.3,Exceeds Expectations,27
997,381,2025,2025-12-15,2.8,Needs Improvement,21
998,382,2024,2024-12-15,3.2,Meets Expectations,28
999,383,2022,2022-12-15,2.6,Needs Improvement,5
1000,383,2023,2023-12-15,3.8,Meets Expectations,39
1001,383,2024,2024-12-15,3.9,Meets Expectations,11
1002,383,2025,2025-12-15,2.2,Needs Improvement,39
1003,384,2025,2025-12-15,3.5,Meets Expectations,11
1004,385,2021,2021-12-15,3.8,Meets Expectations,12
1005,385,2022,2022-12-15,3.4,Meets Expectations,29
1006,386,2024,2024-12-15,2.7,Needs Improvement,26
1007,387,2021,2021-12-15,3.3,Meets Expectations,19
1008,387,2022,2022-12-15,4.2,Exceeds Expectations,34
1009,387,2023,2023-12-15,3.5,Meets Expectations,12
1010,387,2024,2024-12-15,3.5,Meets Expectations,16
1011,387,2025,2025-12-15,4.1,Exceeds Expectations,38
1012,388,2021,2021-12-15,3.6,Meets Expectations,8
1013,388,2022,2022-12-15,2.5,Needs Improvement,14
1014,388,2023,2023-12-15,2.4,Needs Improvement,37
1015,388,2024,2024-12-15,2.8,Needs Improvement,2
1016,388,2025,2025-12-15,3.3,Meets Expectations,33
1017,389,2022,2022-12-15,3.1,Meets Expectations,40
1018,389,2023,2023-12-15,4.3,Exceeds Expectations,2
1019,390,2021,2021-12-15,3.0,Meets Expectations,33
1020,390,2022,2022-12-15,2.5,Needs Improvement,28
1021,390,2023,2023-12-15,3.7,Meets Expectations,26
1022,390,2024,2024-12-15,1.5,Needs Improvement,11
1023,390,2025,2025-12-15,4.9,Outstanding,16
1024,391,2024,2024-12-15,3.9,Meets Expectations,8
1025,392,2022,2022-12-15,4.1,Exceeds Expectations,17
1026,392,2023,2023-12-15,3.6,Meets Expectations,18
1027,392,2024,2024-12-15,4.4,Exceeds Expectations,29
1028,392,2025,2025-12-15,2.4,Needs Improvement,5
1029,393,2025,2025-12-15,4.1,Exceeds Expectations,30
1030,394,2024,2024-12-15,3.5,Meets Expectations,9
1031,395,2022,2022-12-15,4.6,Outstanding,24
1032,395,2023,2023-12-15,4.7,Outstanding,4
1033,395,2024,2024-12-15,3.5,Meets Expectations,2
1034,396,2022,2022-12-15,3.4,Meets Expectations,39
1035,396,2023,2023-12-15,2.8,Needs Improvement,40
1036,396,2024,2024-12-15,3.7,Meets Expectations,2
1037,396,2025,2025-12-15,3.2,Meets Expectations,19
1038,397,2024,2024-12-15,3.2,Meets Expectations,35
1039,397,2025,2025-12-15,3.3,Meets Expectations,38
1040,398,2021,2021-12-15,4.1,Exceeds Expectations,35
1041,399,2022,2022-12-15,4.4,Exceeds Expectations,35
1042,399,2023,2023-12-15,3.6,Meets Expectations,31
1043,399,2024,2024-12-15,2.8,Needs Improvement,14
1044,399,2025,2025-12-15,4.1,Exceeds Expectations,31
1045,400,2023,2023-12-15,2.6,Needs Improvement,35
1046,400,2024,2024-12-15,4.1,Exceeds Expectations,40
1047,400,2025,2025-12-15,2.9,Needs Improvement,32
1048,401,2024,2024-12-15,4.4,Exceeds Expectations,16
1049,401,2025,2025-12-15,2.9,Needs Improvement,35
1050,402,2023,2023-12-15,4.4,Exceeds Expectations,15
1051,402,2024,2024-12-15,3.8,Meets Expectations,26
1052,403,2022,2022-12-15,4.2,Exceeds Expectations,12
1053,403,2023,2023-12-15,3.3,Meets Expectations,29
1054,403,2024,2024-12-15,2.1,Needs Improvement,23
1055,403,2025,2025-12-15,4.1,Exceeds Expectations,26
1056,404,2022,2022-12-15,3.5,Meets Expectations,34
1057,404,2023,2023-12-15,3.5,Meets Expectations,14
1058,404,2024,2024-12-15,3.3,Meets Expectations,28
1059,404,2025,2025-12-15,1.3,Needs Improvement,13
1060,405,2021,2021-12-15,3.8,Meets Expectations,7
1061,406,2025,2025-12-15,3.4,Meets Expectations,29
1062,407,2024,2024-12-15,2.4,Needs Improvement,39
1063,407,2025,2025-12-15,3.2,Meets Expectations,22
1064,408,2024,2024-12-15,2.0,Needs Improvement,26
1065,408,2025,2025-12-15,3.9,Meets Expectations,17
1066,409,2022,2022-12-15,2.9,Needs Improvement,3
1067,409,2023,2023-12-15,2.7,Needs Improvement,40
1068,409,2024,2024-12-15,3.7,Meets Expectations,3
1069,409,2025,2025-12-15,3.4,Meets Expectations,23
1070,410,2021,2021-12-15,2.6,Needs Improvement,20
1071,410,2022,2022-12-15,3.8,Meets Expectations,40
1072,410,2023,2023-12-15,4.4,Exceeds Expectations,22
1073,410,2024,2024-12-15,4.4,Exceeds Expectations,13
1074,410,2025,2025-12-15,3.6,Meets Expectations,8
1075,411,2022,2022-12-15,3.5,Meets Expectations,39
1076,411,2023,2023-12-15,3.8,Meets Expectations,5
1077,411,2024,2024-12-15,3.8,Meets Expectations,28
1078,411,2025,2025-12-15,3.0,Meets Expectations,8
1079,412,2025,2025-12-15,2.3,Needs Improvement,12
1080,413,2024,2024-12-15,3.8,Meets Expectations,6
1081,413,2025,2025-12-15,2.3,Needs Improvement,38
1082,414,2024,2024-12-15,5.0,Outstanding,13
1083,415,2023,2023-12-15,3.4,Meets Expectations,32
1084,415,2024,2024-12-15,4.9,Outstanding,5
1085,415,2025,2025-12-15,1.6,Needs Improvement,37
1086,416,2021,2021-12-15,4.3,Exceeds Expectations,33
1087,416,2022,2022-12-15,2.3,Needs Improvement,21
1088,416,2023,2023-12-15,2.4,Needs Improvement,5
1089,416,2024,2024-12-15,3.1,Meets Expectations,25
1090,416,2025,2025-12-15,3.1,Meets Expectations,29
1091,417,2022,2022-12-15,2.2,Needs Improvement,10
1092,417,2023,2023-12-15,2.5,Needs Improvement,36
1093,417,2024,2024-12-15,3.0,Meets Expectations,4
1094,417,2025,2025-12-15,2.8,Needs Improvement,37
1095,418,2021,2021-12-15,3.1,Meets Expectations,6
1096,418,2022,2022-12-15,3.8,Meets Expectations,20
1097,418,2023,2023-12-15,3.1,Meets Expectations,40
1098,418,2024,2024-12-15,2.7,Needs Improvement,38
1099,418,2025,2025-12-15,3.5,Meets Expectations,22
1100,419,2023,2023-12-15,2.4,Needs Improvement,24
1101,419,2024,2024-12-15,3.1,Meets Expectations,17
1102,419,2025,2025-12-15,2.9,Needs Improvement,36
1103,420,2023,2023-12-15,4.5,Outstanding,16
1104,420,2024,2024-12-15,3.2,Meets Expectations,13
1105,420,2025,2025-12-15,3.9,Meets Expectations,25
1106,421,2022,2022-12-15,3.7,Meets Expectations,7
1107,421,2023,2023-12-15,4.4,Exceeds Expectations,22
1108,421,2024,2024-12-15,4.5,Outstanding,22
1109,421,2025,2025-12-15,4.5,Outstanding,38
1110,422,2023,2023-12-15,4.2,Exceeds Expectations,16
1111,423,2024,2024-12-15,3.6,Meets Expectations,33
1112,423,2025,2025-12-15,4.0,Exceeds Expectations,11
1113,424,2025,2025-12-15,3.0,Meets Expectations,25
1114,425,2022,2022-12-15,4.6,Outstanding,17
1115,425,2023,2023-12-15,4.6,Outstanding,9
1116,425,2024,2024-12-15,2.4,Needs Improvement,15
1117,425,2025,2025-12-15,2.9,Needs Improvement,13
1118,426,2023,2023-12-15,3.5,Meets Expectations,23
1119,426,2024,2024-12-15,3.4,Meets Expectations,8
1120,426,2025,2025-12-15,4.3,Exceeds Expectations,31
1121,427,2021,2021-12-15,2.8,Needs Improvement,17
1122,427,2022,2022-12-15,3.4,Meets Expectations,32
1123,427,2023,2023-12-15,3.2,Meets Expectations,38
1124,427,2024,2024-12-15,3.4,Meets Expectations,5
1125,427,2025,2025-12-15,2.7,Needs Improvement,30
1126,428,2024,2024-12-15,4.3,Exceeds Expectations,32
1127,428,2025,2025-12-15,2.8,Needs Improvement,3
1128,429,2025,2025-12-15,2.8,Needs Improvement,31
1129,430,2025,2025-12-15,1.9,Needs Improvement,28
1130,431,2021,2021-12-15,3.1,Meets Expectations,4
1131,431,2022,2022-12-15,2.6,Needs Improvement,5
1132,431,2023,2023-12-15,2.6,Needs Improvement,32
1133,431,2024,2024-12-15,2.2,Needs Improvement,25
1134,431,2025,2025-12-15,4.5,Outstanding,32
1135,432,2022,2022-12-15,3.1,Meets Expectations,10
1136,432,2023,2023-12-15,3.2,Meets Expectations,27
1137,432,2024,2024-12-15,4.0,Exceeds Expectations,6
1138,432,2025,2025-12-15,3.2,Meets Expectations,16
1139,434,2025,2025-12-15,3.4,Meets Expectations,19
1140,436,2025,2025-12-15,4.0,Exceeds Expectations,25
1141,437,2025,2025-12-15,2.6,Needs Improvement,23
1142,438,2025,2025-12-15,3.8,Meets Expectations,21
1143,439,2024,2024-12-15,3.0,Meets Expectations,37
1144,439,2025,2025-12-15,4.2,Exceeds Expectations,23
1145,440,2022,2022-12-15,3.1,Meets Expectations,37
1146,440,2023,2023-12-15,4.2,Exceeds Expectations,34
1147,440,2024,2024-12-15,3.6,Meets Expectations,38
1148,440,2025,2025-12-15,5.0,Outstanding,13
1149,441,2022,2022-12-15,3.5,Meets Expectations,12
1150,441,2023,2023-12-15,2.6,Needs Improvement,39
1151,441,2024,2024-12-15,4.6,Outstanding,37
1152,441,2025,2025-12-15,2.7,Needs Improvement,10
1153,442,2025,2025-12-15,3.7,Meets Expectations,13
1154,443,2024,2024-12-15,3.3,Meets Expectations,16
1155,443,2025,2025-12-15,3.0,Meets Expectations,26
1156,444,2023,2023-12-15,3.6,Meets Expectations,23
1157,444,2024,2024-12-15,2.9,Needs Improvement,37
1158,444,2025,2025-12-15,4.8,Outstanding,4
1159,445,2022,2022-12-15,3.5,Meets Expectations,10
1160,446,2024,2024-12-15,3.2,Meets Expectations,38
1161,446,2025,2025-12-15,3.7,Meets Expectations,4
1162,447,2023,2023-12-15,3.5,Meets Expectations,19
1163,447,2024,2024-12-15,4.6,Outstanding,18
1164,447,2025,2025-12-15,3.5,Meets Expectations,32
1165,448,2024,2024-12-15,3.3,Meets Expectations,20
1166,449,2023,2023-12-15,3.3,Meets Expectations,36
1167,449,2024,2024-12-15,2.6,Needs Improvement,16
1168,450,2023,2023-12-15,2.8,Needs Improvement,9
1169,450,2024,2024-12-15,3.5,Meets Expectations,32
1170,451,2023,2023-12-15,3.1,Meets Expectations,2
1171,451,2024,2024-12-15,2.9,Needs Improvement,22
1172,451,2025,2025-12-15,2.4,Needs Improvement,40
1173,452,2021,2021-12-15,3.9,Meets Expectations,39
1174,452,2022,2022-12-15,3.6,Meets Expectations,2
1175,453,2021,2021-12-15,3.5,Meets Expectations,12
1176,453,2022,2022-12-15,2.5,Needs Improvement,4
1177,453,2023,2023-12-15,3.6,Meets Expectations,4
1178,453,2024,2024-12-15,2.6,Needs Improvement,23
1179,453,2025,2025-12-15,3.6,Meets Expectations,6
1180,454,2025,2025-12-15,3.1,Meets Expectations,3
1181,455,2022,2022-12-15,3.7,Meets Expectations,27
1182,455,2023,2023-12-15,3.5,Meets Expectations,21
1183,455,2024,2024-12-15,2.9,Needs Improvement,11
1184,455,2025,2025-12-15,3.2,Meets Expectations,12
1185,456,2023,2023-12-15,2.4,Needs Improvement,22
1186,456,2024,2024-12-15,3.4,Meets Expectations,4
1187,456,2025,2025-12-15,3.5,Meets Expectations,8
1188,457,2024,2024-12-15,3.8,Meets Expectations,21
1189,457,2025,2025-12-15,3.0,Meets Expectations,13
1190,458,2021,2021-12-15,3.2,Meets Expectations,11
1191,458,2022,2022-12-15,3.1,Meets Expectations,32
1192,458,2023,2023-12-15,2.3,Needs Improvement,20
1193,458,2024,2024-12-15,4.5,Outstanding,15
1194,458,2025,2025-12-15,3.1,Meets Expectations,6
1195,459,2024,2024-12-15,3.7,Meets Expectations,29
1196,459,2025,2025-12-15,3.4,Meets Expectations,5
1197,460,2023,2023-12-15,4.0,Exceeds Expectations,8
1198,460,2024,2024-12-15,2.9,Needs Improvement,2
1199,460,2025,2025-12-15,4.1,Exceeds Expectations,9
1200,461,2025,2025-12-15,4.0,Exceeds Expectations,17
1201,462,2024,2024-12-15,2.6,Needs Improvement,27
1202,462,2025,2025-12-15,3.6,Meets Expectations,36
1203,463,2022,2022-12-15,2.8,Needs Improvement,29
1204,463,2023,2023-12-15,2.7,Needs Improvement,37
1205,463,2024,2024-12-15,4.4,Exceeds Expectations,38
1206,463,2025,2025-12-15,3.6,Meets Expectations,17
1207,464,2023,2023-12-15,3.9,Meets Expectations,15
1208,464,2024,2024-12-15,3.9,Meets Expectations,19
1209,464,2025,2025-12-15,4.9,Outstanding,11
1210,465,2023,2023-12-15,5.0,Outstanding,31
1211,465,2024,2024-12-15,3.1,Meets Expectations,27
1212,465,2025,2025-12-15,3.3,Meets Expectations,15
1213,466,2022,2022-12-15,3.1,Meets Expectations,27
1214,466,2023,2023-12-15,3.9,Meets Expectations,16
1215,466,2024,2024-12-15,3.9,Meets Expectations,4
1216,467,2024,2024-12-15,2.8,Needs Improvement,4
1217,467,2025,2025-12-15,3.4,Meets Expectations,10
1218,468,2025,2025-12-15,2.7,Needs Improvement,5
1219,469,2021,2021-12-15,2.7,Needs Improvement,36
1220,469,2022,2022-12-15,4.0,Exceeds Expectations,37
1221,469,2023,2023-12-15,3.2,Meets Expectations,2
1222,469,2024,2024-12-15,4.9,Outstanding,31
1223,469,2025,2025-12-15,3.9,Meets Expectations,15
1224,470,2021,2021-12-15,3.3,Meets Expectations,12
1225,470,2022,2022-12-15,3.3,Meets Expectations,26
1226,471,2021,2021-12-15,3.4,Meets Expectations,32
1227,471,2022,2022-12-15,1.8,Needs Improvement,11
1228,471,2023,2023-12-15,3.7,Meets Expectations,31
1229,471,2024,2024-12-15,4.3,Exceeds Expectations,24
1230,471,2025,2025-12-15,3.4,Meets Expectations,8
1231,472,2024,2024-12-15,3.7,Meets Expectations,9
1232,472,2025,2025-12-15,4.4,Exceeds Expectations,24
1233,473,2021,2021-12-15,3.0,Meets Expectations,38
1234,473,2022,2022-12-15,3.6,Meets Expectations,9
1235,473,2023,2023-12-15,3.7,Meets Expectations,3
1236,473,2024,2024-12-15,2.8,Needs Improvement,10
1237,473,2025,2025-12-15,3.6,Meets Expectations,13
1238,474,2021,2021-12-15,3.3,Meets Expectations,38
1239,474,2022,2022-12-15,2.9,Needs Improvement,8
1240,474,2023,2023-12-15,2.5,Needs Improvement,15
1241,474,2024,2024-12-15,3.7,Meets Expectations,34
1242,475,2025,2025-12-15,4.0,Exceeds Expectations,30
1243,476,2021,2021-12-15,4.1,Exceeds Expectations,28
1244,476,2022,2022-12-15,2.7,Needs Improvement,3
1245,476,2023,2023-12-15,3.1,Meets Expectations,21
1246,476,2024,2024-12-15,2.9,Needs Improvement,2
1247,476,2025,2025-12-15,2.9,Needs Improvement,30
1248,477,2025,2025-12-15,3.5,Meets Expectations,34
1249,478,2021,2021-12-15,4.5,Outstanding,14
1250,479,2022,2022-12-15,2.8,Needs Improvement,34
1251,479,2023,2023-12-15,3.8,Meets Expectations,19
1252,479,2024,2024-12-15,3.9,Meets Expectations,25
1253,479,2025,2025-12-15,2.3,Needs Improvement,11
1254,480,2023,2023-12-15,3.8,Meets Expectations,9
1255,480,2024,2024-12-15,3.1,Meets Expectations,23
1256,481,2023,2023-12-15,3.0,Meets Expectations,18
1257,481,2024,2024-12-15,5.0,Outstanding,31
1258,481,2025,2025-12-15,2.5,Needs Improvement,29
1259,482,2021,2021-12-15,3.7,Meets Expectations,10
1260,482,2022,2022-12-15,3.0,Meets Expectations,34
1261,482,2023,2023-12-15,5.0,Outstanding,24
1262,482,2024,2024-12-15,3.6,Meets Expectations,23
1263,482,2025,2025-12-15,3.1,Meets Expectations,11
1264,483,2024,2024-12-15,2.7,Needs Improvement,22
1265,483,2025,2025-12-15,3.5,Meets Expectations,22
1266,484,2021,2021-12-15,3.4,Meets Expectations,16
1267,484,2022,2022-12-15,2.8,Needs Improvement,9
1268,484,2023,2023-12-15,4.2,Exceeds Expectations,13
1269,484,2024,2024-12-15,2.7,Needs Improvement,24
1270,484,2025,2025-12-15,2.7,Needs Improvement,2
1271,485,2023,2023-12-15,4.1,Exceeds Expectations,37
1272,485,2024,2024-12-15,2.9,Needs Improvement,14
1273,485,2025,2025-12-15,4.3,Exceeds Expectations,35
1274,486,2025,2025-12-15,4.1,Exceeds Expectations,22
1275,488,2022,2022-12-15,3.1,Meets Expectations,2
1276,488,2023,2023-12-15,4.5,Outstanding,9
1277,488,2024,2024-12-15,2.6,Needs Improvement,32
1278,488,2025,2025-12-15,3.5,Meets Expectations,35
1279,489,2021,2021-12-15,3.5,Meets Expectations,40
1280,489,2022,2022-12-15,3.7,Meets Expectations,13
1281,489,2023,2023-12-15,3.3,Meets Expectations,37
1282,489,2024,2024-12-15,2.8,Needs Improvement,2
1283,489,2025,2025-12-15,2.3,Needs Improvement,28
1284,490,2022,2022-12-15,3.3,Meets Expectations,34
1285,490,2023,2023-12-15,3.7,Meets Expectations,28
1286,490,2024,2024-12-15,3.4,Meets Expectations,26
1287,490,2025,2025-12-15,2.9,Needs Improvement,18
1288,491,2022,2022-12-15,4.2,Exceeds Expectations,25
1289,491,2023,2023-12-15,2.4,Needs Improvement,32
1290,491,2024,2024-12-15,4.0,Exceeds Expectations,15
1291,491,2025,2025-12-15,3.6,Meets Expectations,18
1292,492,2022,2022-12-15,4.4,Exceeds Expectations,37
1293,492,2023,2023-12-15,4.6,Outstanding,17
1294,492,2024,2024-12-15,2.9,Needs Improvement,36
1295,492,2025,2025-12-15,2.2,Needs Improvement,8
1296,493,2021,2021-12-15,5.0,Outstanding,36
1297,493,2022,2022-12-15,2.3,Needs Improvement,34
1298,493,2023,2023-12-15,4.5,Outstanding,33
1299,493,2024,2024-12-15,3.4,Meets Expectations,31
1300,493,2025,2025-12-15,3.7,Meets Expectations,15
1301,494,2023,2023-12-15,3.9,Meets Expectations,30
1302,494,2024,2024-12-15,3.8,Meets Expectations,39
1303,494,2025,2025-12-15,3.3,Meets Expectations,25
1304,495,2024,2024-12-15,4.2,Exceeds Expectations,8
1305,495,2025,2025-12-15,2.6,Needs Improvement,25
1306,496,2023,2023-12-15,4.1,Exceeds Expectations,13
1307,496,2024,2024-12-15,3.2,Meets Expectations,11
1308,496,2025,2025-12-15,2.9,Needs Improvement,26
1309,497,2024,2024-12-15,4.6,Outstanding,3
1310,497,2025,2025-12-15,4.2,Exceeds Expectations,16
1311,498,2023,2023-12-15,4.6,Outstanding,19
1312,498,2024,2024-12-15,2.1,Needs Improvement,13
1313,498,2025,2025-12-15,3.9,Meets Expectations,13
1314,499,2021,2021-12-15,4.9,Outstanding,8
1315,500,2021,2021-12-15,4.6,Outstanding,3
1316,500,2022,2022-12-15,2.6,Needs Improvement,8
1317,500,2023,2023-12-15,3.9,Meets Expectations,6
1318,500,2024,2024-12-15,4.7,Outstanding,37
1319,500,2025,2025-12-15,4.4,Exceeds Expectations,28
1320,501,2024,2024-12-15,4.1,Exceeds Expectations,38
1321,501,2025,2025-12-15,5.0,Outstanding,22
1322,502,2024,2024-12-15,2.2,Needs Improvement,36
1323,503,2025,2025-12-15,3.1,Meets Expectations,16
1324,504,2021,2021-12-15,3.9,Meets Expectations,22
1325,504,2022,2022-12-15,3.6,Meets Expectations,29
1326,504,2023,2023-12-15,3.6,Meets Expectations,9
1327,504,2024,2024-12-15,4.1,Exceeds Expectations,39
1328,504,2025,2025-12-15,4.0,Exceeds Expectations,14
1329,505,2024,2024-12-15,4.8,Outstanding,10
1330,505,2025,2025-12-15,3.8,Meets Expectations,7
1331,506,2025,2025-12-15,3.7,Meets Expectations,28
1332,508,2023,2023-12-15,3.5,Meets Expectations,12
1333,508,2024,2024-12-15,3.9,Meets Expectations,37
1334,508,2025,2025-12-15,4.0,Exceeds Expectations,39
1335,510,2024,2024-12-15,4.0,Exceeds Expectations,6
1336,511,2023,2023-12-15,5.0,Outstanding,10
1337,511,2024,2024-12-15,3.6,Meets Expectations,19
1338,511,2025,2025-12-15,2.6,Needs Improvement,24
1339,512,2022,2022-12-15,3.7,Meets Expectations,28
1340,512,2023,2023-12-15,2.6,Needs Improvement,7
1341,512,2024,2024-12-15,4.8,Outstanding,9
1342,512,2025,2025-12-15,2.5,Needs Improvement,31
1343,513,2025,2025-12-15,3.0,Meets Expectations,39
1344,514,2023,2023-12-15,3.4,Meets Expectations,25
1345,514,2024,2024-12-15,2.1,Needs Improvement,12
1346,514,2025,2025-12-15,3.2,Meets Expectations,13
1347,515,2025,2025-12-15,3.6,Meets Expectations,4
1348,516,2023,2023-12-15,1.9,Needs Improvement,15
1349,516,2024,2024-12-15,3.1,Meets Expectations,28
1350,516,2025,2025-12-15,2.1,Needs Improvement,7
1351,517,2023,2023-12-15,3.9,Meets Expectations,15
1352,517,2024,2024-12-15,4.1,Exceeds Expectations,23
1353,517,2025,2025-12-15,3.8,Meets Expectations,4
1354,518,2023,2023-12-15,4.0,Exceeds Expectations,19
1355,518,2024,2024-12-15,4.4,Exceeds Expectations,12
1356,518,2025,2025-12-15,3.2,Meets Expectations,31
1357,519,2024,2024-12-15,2.7,Needs Improvement,8
1358,520,2022,2022-12-15,3.8,Meets Expectations,37
1359,520,2023,2023-12-15,3.0,Meets Expectations,29
1360,520,2024,2024-12-15,2.8,Needs Improvement,15
1361,520,2025,2025-12-15,3.2,Meets Expectations,35
1362,521,2021,2021-12-15,2.8,Needs Improvement,32
1363,521,2022,2022-12-15,3.3,Meets Expectations,18
1364,521,2023,2023-12-15,3.4,Meets Expectations,30
1365,521,2024,2024-12-15,2.6,Needs Improvement,36
1366,521,2025,2025-12-15,3.1,Meets Expectations,3
1367,522,2021,2021-12-15,4.1,Exceeds Expectations,37
1368,522,2022,2022-12-15,4.9,Outstanding,23
1369,522,2023,2023-12-15,2.9,Needs Improvement,35
1370,522,2024,2024-12-15,3.5,Meets Expectations,21
1371,522,2025,2025-12-15,3.9,Meets Expectations,17
1372,523,2025,2025-12-15,3.9,Meets Expectations,6
1373,524,2021,2021-12-15,2.9,Needs Improvement,16
1374,524,2022,2022-12-15,3.4,Meets Expectations,3
1375,524,2023,2023-12-15,1.8,Needs Improvement,4
1376,524,2024,2024-12-15,4.7,Outstanding,35
1377,524,2025,2025-12-15,2.5,Needs Improvement,39
1378,525,2021,2021-12-15,3.3,Meets Expectations,20
1379,525,2022,2022-12-15,2.8,Needs Improvement,39
1380,525,2023,2023-12-15,3.3,Meets Expectations,20
1381,525,2024,2024-12-15,4.2,Exceeds Expectations,18
1382,525,2025,2025-12-15,3.1,Meets Expectations,32
1383,528,2024,2024-12-15,3.9,Meets Expectations,27
1384,528,2025,2025-12-15,2.3,Needs Improvement,40
1385,529,2025,2025-12-15,4.7,Outstanding,24
1386,530,2023,2023-12-15,5.0,Outstanding,28
1387,530,2024,2024-12-15,3.5,Meets Expectations,30
1388,530,2025,2025-12-15,2.1,Needs Improvement,24
1389,531,2021,2021-12-15,3.4,Meets Expectations,30
1390,532,2021,2021-12-15,2.8,Needs Improvement,4
1391,532,2022,2022-12-15,3.7,Meets Expectations,23
1392,532,2023,2023-12-15,3.5,Meets Expectations,16
1393,532,2024,2024-12-15,1.9,Needs Improvement,7
1394,532,2025,2025-12-15,3.6,Meets Expectations,27
1395,533,2023,2023-12-15,2.7,Needs Improvement,22
1396,533,2024,2024-12-15,4.4,Exceeds Expectations,16
1397,534,2021,2021-12-15,3.3,Meets Expectations,25
1398,534,2022,2022-12-15,4.7,Outstanding,12
1399,534,2023,2023-12-15,3.5,Meets Expectations,16
1400,534,2024,2024-12-15,3.2,Meets Expectations,23
1401,534,2025,2025-12-15,3.8,Meets Expectations,14
1402,535,2022,2022-12-15,2.1,Needs Improvement,12
1403,535,2023,2023-12-15,3.0,Meets Expectations,8
1404,535,2024,2024-12-15,2.5,Needs Improvement,29
1405,535,2025,2025-12-15,3.1,Meets Expectations,13
1406,536,2025,2025-12-15,3.3,Meets Expectations,35
1407,537,2021,2021-12-15,3.3,Meets Expectations,24
1408,537,2022,2022-12-15,3.0,Meets Expectations,27
1409,537,2023,2023-12-15,2.8,Needs Improvement,39
1410,537,2024,2024-12-15,3.5,Meets Expectations,11
1411,537,2025,2025-12-15,2.4,Needs Improvement,8
1412,538,2022,2022-12-15,3.7,Meets Expectations,30
1413,538,2023,2023-12-15,3.5,Meets Expectations,30
1414,539,2023,2023-12-15,2.3,Needs Improvement,14
1415,539,2024,2024-12-15,2.9,Needs Improvement,14
1416,540,2021,2021-12-15,3.3,Meets Expectations,20
1417,540,2022,2022-12-15,3.8,Meets Expectations,39
1418,540,2023,2023-12-15,4.3,Exceeds Expectations,5
1419,540,2024,2024-12-15,2.6,Needs Improvement,14
1420,540,2025,2025-12-15,2.7,Needs Improvement,17
1421,541,2023,2023-12-15,3.4,Meets Expectations,39
1422,541,2024,2024-12-15,3.5,Meets Expectations,40
1423,541,2025,2025-12-15,4.2,Exceeds Expectations,20
1424,542,2025,2025-12-15,2.9,Needs Improvement,36
1425,545,2023,2023-12-15,2.4,Needs Improvement,22
1426,545,2024,2024-12-15,3.7,Meets Expectations,38
1427,545,2025,2025-12-15,2.3,Needs Improvement,5
1428,546,2023,2023-12-15,2.9,Needs Improvement,30
1429,546,2024,2024-12-15,2.4,Needs Improvement,18
1430,546,2025,2025-12-15,3.4,Meets Expectations,11
1431,547,2025,2025-12-15,3.0,Meets Expectations,8
1432,548,2023,2023-12-15,2.2,Needs Improvement,14
1433,548,2024,2024-12-15,4.1,Exceeds Expectations,23
1434,548,2025,2025-12-15,4.2,Exceeds Expectations,16
1435,549,2022,2022-12-15,3.1,Meets Expectations,38
1436,549,2023,2023-12-15,3.6,Meets Expectations,29
1437,549,2024,2024-12-15,3.9,Meets Expectations,3
1438,549,2025,2025-12-15,5.0,Outstanding,8
1439,550,2022,2022-12-15,3.2,Meets Expectations,16
1440,551,2024,2024-12-15,3.7,Meets Expectations,8
1441,551,2025,2025-12-15,3.4,Meets Expectations,11
1442,552,2025,2025-12-15,3.7,Meets Expectations,11
1443,553,2022,2022-12-15,4.4,Exceeds Expectations,27
1444,553,2023,2023-12-15,4.6,Outstanding,39
1445,553,2024,2024-12-15,3.1,Meets Expectations,32
1446,553,2025,2025-12-15,3.0,Meets Expectations,40
1447,554,2022,2022-12-15,2.9,Needs Improvement,25
1448,554,2023,2023-12-15,2.8,Needs Improvement,32
1449,554,2024,2024-12-15,4.5,Outstanding,24
1450,554,2025,2025-12-15,3.8,Meets Expectations,37
1451,555,2024,2024-12-15,3.7,Meets Expectations,19
1452,556,2024,2024-12-15,2.6,Needs Improvement,39
1453,556,2025,2025-12-15,2.7,Needs Improvement,35
1454,557,2024,2024-12-15,4.0,Exceeds Expectations,24
1455,557,2025,2025-12-15,3.3,Meets Expectations,7
1456,558,2021,2021-12-15,2.7,Needs Improvement,34
1457,558,2022,2022-12-15,3.1,Meets Expectations,32
1458,558,2023,2023-12-15,4.4,Exceeds Expectations,29
1459,558,2024,2024-12-15,2.1,Needs Improvement,12
1460,558,2025,2025-12-15,3.6,Meets Expectations,35
1461,559,2023,2023-12-15,3.9,Meets Expectations,2
1462,559,2024,2024-12-15,3.3,Meets Expectations,8
1463,559,2025,2025-12-15,4.3,Exceeds Expectations,13
1464,560,2022,2022-12-15,4.0,Exceeds Expectations,33
1465,560,2023,2023-12-15,3.7,Meets Expectations,39
1466,560,2024,2024-12-15,4.5,Outstanding,38
1467,560,2025,2025-12-15,4.1,Exceeds Expectations,4
1468,561,2025,2025-12-15,4.0,Exceeds Expectations,29
1469,562,2024,2024-12-15,4.6,Outstanding,20
1470,562,2025,2025-12-15,4.4,Exceeds Expectations,39
1471,563,2023,2023-12-15,4.3,Exceeds Expectations,35
1472,563,2024,2024-12-15,4.0,Exceeds Expectations,6
1473,563,2025,2025-12-15,3.3,Meets Expectations,3
1474,564,2021,2021-12-15,3.5,Meets Expectations,24
1475,564,2022,2022-12-15,4.6,Outstanding,24
1476,564,2023,2023-12-15,3.4,Meets Expectations,3
1477,564,2024,2024-12-15,3.1,Meets Expectations,9
1478,564,2025,2025-12-15,4.0,Exceeds Expectations,11
1479,565,2024,2024-12-15,3.9,Meets Expectations,15
1480,566,2021,2021-12-15,4.8,Outstanding,9
1481,566,2022,2022-12-15,3.3,Meets Expectations,31
1482,566,2023,2023-12-15,2.1,Needs Improvement,16
1483,566,2024,2024-12-15,5.0,Outstanding,32
1484,566,2025,2025-12-15,4.0,Exceeds Expectations,26
1485,567,2024,2024-12-15,3.5,Meets Expectations,18
1486,567,2025,2025-12-15,3.4,Meets Expectations,2
1487,568,2022,2022-12-15,4.4,Exceeds Expectations,3
1488,568,2023,2023-12-15,3.9,Meets Expectations,12
1489,568,2024,2024-12-15,3.8,Meets Expectations,28
1490,568,2025,2025-12-15,2.9,Needs Improvement,40
1491,569,2022,2022-12-15,3.2,Meets Expectations,17
1492,569,2023,2023-12-15,3.7,Meets Expectations,37
1493,569,2024,2024-12-15,4.4,Exceeds Expectations,25
1494,569,2025,2025-12-15,3.5,Meets Expectations,16
1495,570,2023,2023-12-15,3.0,Meets Expectations,6
1496,570,2024,2024-12-15,3.5,Meets Expectations,17
1497,570,2025,2025-12-15,4.5,Outstanding,16
1498,571,2023,2023-12-15,3.6,Meets Expectations,4
1499,571,2024,2024-12-15,2.7,Needs Improvement,12
1500,572,2023,2023-12-15,3.7,Meets Expectations,23
1501,573,2024,2024-12-15,3.9,Meets Expectations,20
1502,573,2025,2025-12-15,2.9,Needs Improvement,18
1503,574,2024,2024-12-15,4.0,Exceeds Expectations,30
1504,574,2025,2025-12-15,4.4,Exceeds Expectations,29
1505,575,2022,2022-12-15,2.9,Needs Improvement,32
1506,575,2023,2023-12-15,3.5,Meets Expectations,19
1507,575,2024,2024-12-15,4.0,Exceeds Expectations,19
1508,575,2025,2025-12-15,3.2,Meets Expectations,35
1509,576,2022,2022-12-15,4.7,Outstanding,31
1510,576,2023,2023-12-15,2.0,Needs Improvement,25
1511,576,2024,2024-12-15,3.1,Meets Expectations,19
1512,576,2025,2025-12-15,3.1,Meets Expectations,6
1513,577,2022,2022-12-15,3.0,Meets Expectations,2
1514,577,2023,2023-12-15,2.8,Needs Improvement,2
1515,577,2024,2024-12-15,2.5,Needs Improvement,21
1516,577,2025,2025-12-15,2.4,Needs Improvement,2
1517,579,2023,2023-12-15,2.2,Needs Improvement,38
1518,579,2024,2024-12-15,2.8,Needs Improvement,29
1519,579,2025,2025-12-15,2.6,Needs Improvement,18
1520,580,2023,2023-12-15,3.4,Meets Expectations,30
1521,580,2024,2024-12-15,2.4,Needs Improvement,40
1522,580,2025,2025-12-15,3.3,Meets Expectations,7
1523,581,2025,2025-12-15,2.6,Needs Improvement,21
1524,582,2022,2022-12-15,3.1,Meets Expectations,8
1525,582,2023,2023-12-15,3.6,Meets Expectations,11
1526,582,2024,2024-12-15,3.6,Meets Expectations,20
1527,582,2025,2025-12-15,2.6,Needs Improvement,36
1528,583,2022,2022-12-15,3.4,Meets Expectations,17
1529,583,2023,2023-12-15,3.3,Meets Expectations,32
1530,583,2024,2024-12-15,4.3,Exceeds Expectations,2
1531,583,2025,2025-12-15,3.4,Meets Expectations,2
1532,584,2022,2022-12-15,2.3,Needs Improvement,28
1533,584,2023,2023-12-15,3.9,Meets Expectations,23
1534,584,2024,2024-12-15,3.4,Meets Expectations,16
1535,584,2025,2025-12-15,3.0,Meets Expectations,38
1536,585,2024,2024-12-15,3.0,Meets Expectations,29
1537,585,2025,2025-12-15,2.8,Needs Improvement,24
1538,586,2022,2022-12-15,2.1,Needs Improvement,27
1539,586,2023,2023-12-15,3.1,Meets Expectations,16
1540,586,2024,2024-12-15,3.3,Meets Expectations,27
1541,586,2025,2025-12-15,4.2,Exceeds Expectations,8
1542,587,2025,2025-12-15,4.0,Exceeds Expectations,3
1543,588,2023,2023-12-15,4.4,Exceeds Expectations,12
1544,588,2024,2024-12-15,3.6,Meets Expectations,14
1545,588,2025,2025-12-15,4.2,Exceeds Expectations,36
1546,589,2023,2023-12-15,4.4,Exceeds Expectations,32
1547,589,2024,2024-12-15,2.1,Needs Improvement,3
1548,589,2025,2025-12-15,3.9,Meets Expectations,7
1549,590,2021,2021-12-15,3.4,Meets Expectations,16
1550,590,2022,2022-12-15,2.5,Needs Improvement,27
1551,590,2023,2023-12-15,2.3,Needs Improvement,23
1552,590,2024,2024-12-15,3.0,Meets Expectations,28
1553,590,2025,2025-12-15,2.3,Needs Improvement,31
1554,592,2025,2025-12-15,3.9,Meets Expectations,3
1555,593,2023,2023-12-15,4.0,Exceeds Expectations,32
1556,593,2024,2024-12-15,3.3,Meets Expectations,33
1557,593,2025,2025-12-15,3.1,Meets Expectations,24
1558,594,2025,2025-12-15,4.0,Exceeds Expectations,6
1559,595,2023,2023-12-15,3.7,Meets Expectations,26
1560,595,2024,2024-12-15,3.2,Meets Expectations,17
1561,595,2025,2025-12-15,2.6,Needs Improvement,13
1562,596,2022,2022-12-15,4.6,Outstanding,26
1563,596,2023,2023-12-15,3.0,Meets Expectations,16
1564,596,2024,2024-12-15,3.3,Meets Expectations,25
1565,597,2025,2025-12-15,3.4,Meets Expectations,13
1566,598,2025,2025-12-15,4.1,Exceeds Expectations,4
1567,599,2023,2023-12-15,3.9,Meets Expectations,20
1568,599,2024,2024-12-15,3.9,Meets Expectations,10
1569,599,2025,2025-12-15,3.4,Meets Expectations,28
1570,600,2024,2024-12-15,2.7,Needs Improvement,9
1571,601,2025,2025-12-15,3.4,Meets Expectations,19
1572,603,2022,2022-12-15,3.5,Meets Expectations,23
1573,603,2023,2023-12-15,3.9,Meets Expectations,39
1574,603,2024,2024-12-15,3.5,Meets Expectations,24
1575,603,2025,2025-12-15,4.7,Outstanding,24
1576,604,2022,2022-12-15,3.2,Meets Expectations,18
1577,604,2023,2023-12-15,1.6,Needs Improvement,18
1578,604,2024,2024-12-15,3.0,Meets Expectations,17
1579,604,2025,2025-12-15,3.2,Meets Expectations,4
1580,605,2021,2021-12-15,3.7,Meets Expectations,36
1581,606,2023,2023-12-15,4.1,Exceeds Expectations,33
1582,606,2024,2024-12-15,3.3,Meets Expectations,29
1583,606,2025,2025-12-15,3.4,Meets Expectations,9
1584,607,2024,2024-12-15,2.8,Needs Improvement,24
1585,607,2025,2025-12-15,3.3,Meets Expectations,9
1586,608,2022,2022-12-15,3.4,Meets Expectations,26
1587,608,2023,2023-12-15,3.3,Meets Expectations,19
1588,608,2024,2024-12-15,2.5,Needs Improvement,30
1589,608,2025,2025-12-15,4.5,Outstanding,11
1590,609,2021,2021-12-15,4.2,Exceeds Expectations,35
1591,609,2022,2022-12-15,2.0,Needs Improvement,14
1592,609,2023,2023-12-15,2.9,Needs Improvement,7
1593,610,2025,2025-12-15,4.4,Exceeds Expectations,28
1594,611,2025,2025-12-15,4.6,Outstanding,22
1595,612,2023,2023-12-15,2.8,Needs Improvement,13
1596,612,2024,2024-12-15,3.8,Meets Expectations,37
1597,612,2025,2025-12-15,3.4,Meets Expectations,21
1598,613,2024,2024-12-15,3.1,Meets Expectations,35
1599,613,2025,2025-12-15,4.2,Exceeds Expectations,28
1600,614,2023,2023-12-15,3.3,Meets Expectations,33
1601,614,2024,2024-12-15,1.9,Needs Improvement,27
1602,614,2025,2025-12-15,3.7,Meets Expectations,30
1603,615,2021,2021-12-15,2.8,Needs Improvement,9
1604,615,2022,2022-12-15,3.2,Meets Expectations,33
1605,615,2023,2023-12-15,3.1,Meets Expectations,10
1606,615,2024,2024-12-15,3.8,Meets Expectations,23
1607,617,2022,2022-12-15,3.7,Meets Expectations,4
1608,617,2023,2023-12-15,3.1,Meets Expectations,21
1609,617,2024,2024-12-15,2.6,Needs Improvement,40
1610,619,2021,2021-12-15,3.1,Meets Expectations,35
1611,619,2022,2022-12-15,2.6,Needs Improvement,9
1612,620,2023,2023-12-15,3.7,Meets Expectations,12
1613,620,2024,2024-12-15,4.0,Exceeds Expectations,8
1614,620,2025,2025-12-15,3.4,Meets Expectations,25
1615,621,2025,2025-12-15,3.3,Meets Expectations,7
1616,622,2025,2025-12-15,2.5,Needs Improvement,9
1617,623,2021,2021-12-15,3.1,Meets Expectations,32
1618,623,2022,2022-12-15,3.1,Meets Expectations,3
1619,623,2023,2023-12-15,3.7,Meets Expectations,31
1620,624,2022,2022-12-15,3.2,Meets Expectations,21
1621,624,2023,2023-12-15,3.0,Meets Expectations,13
1622,624,2024,2024-12-15,3.4,Meets Expectations,17
1623,624,2025,2025-12-15,2.6,Needs Improvement,16
1624,625,2023,2023-12-15,3.5,Meets Expectations,4
1625,625,2024,2024-12-15,2.9,Needs Improvement,2
1626,625,2025,2025-12-15,3.6,Meets Expectations,2
1627,626,2021,2021-12-15,4.1,Exceeds Expectations,18
1628,626,2022,2022-12-15,2.3,Needs Improvement,33
1629,626,2023,2023-12-15,3.5,Meets Expectations,12
1630,626,2024,2024-12-15,3.2,Meets Expectations,17
1631,627,2023,2023-12-15,3.4,Meets Expectations,25
1632,627,2024,2024-12-15,3.9,Meets Expectations,28
1633,627,2025,2025-12-15,2.6,Needs Improvement,16
1634,628,2021,2021-12-15,4.2,Exceeds Expectations,16
1635,628,2022,2022-12-15,5.0,Outstanding,7
1636,628,2023,2023-12-15,4.1,Exceeds Expectations,23
1637,628,2024,2024-12-15,3.2,Meets Expectations,10
1638,628,2025,2025-12-15,3.8,Meets Expectations,36
1639,629,2022,2022-12-15,3.7,Meets Expectations,9
1640,629,2023,2023-12-15,3.7,Meets Expectations,6
1641,629,2024,2024-12-15,3.3,Meets Expectations,9
1642,629,2025,2025-12-15,2.5,Needs Improvement,26
1643,630,2025,2025-12-15,3.7,Meets Expectations,4
1644,631,2024,2024-12-15,2.2,Needs Improvement,34
1645,632,2024,2024-12-15,3.0,Meets Expectations,34
1646,633,2023,2023-12-15,3.1,Meets Expectations,29
1647,633,2024,2024-12-15,2.9,Needs Improvement,19
1648,633,2025,2025-12-15,3.4,Meets Expectations,18
1649,635,2023,2023-12-15,3.9,Meets Expectations,31
1650,637,2024,2024-12-15,3.0,Meets Expectations,17
1651,637,2025,2025-12-15,2.7,Needs Improvement,11
1652,638,2023,2023-12-15,1.8,Needs Improvement,14
1653,638,2024,2024-12-15,3.4,Meets Expectations,21
1654,638,2025,2025-12-15,3.9,Meets Expectations,22
1655,639,2025,2025-12-15,2.9,Needs Improvement,2
1656,640,2023,2023-12-15,3.6,Meets Expectations,39
1657,640,2024,2024-12-15,3.7,Meets Expectations,5
1658,640,2025,2025-12-15,4.4,Exceeds Expectations,32
1659,641,2023,2023-12-15,3.5,Meets Expectations,4
1660,641,2024,2024-12-15,3.8,Meets Expectations,26
1661,641,2025,2025-12-15,4.7,Outstanding,11
1662,642,2025,2025-12-15,3.9,Meets Expectations,22
1663,643,2023,2023-12-15,3.3,Meets Expectations,15
1664,643,2024,2024-12-15,1.7,Needs Improvement,31
1665,643,2025,2025-12-15,3.0,Meets Expectations,12
1666,644,2021,2021-12-15,3.6,Meets Expectations,29
1667,644,2022,2022-12-15,4.5,Outstanding,8
1668,644,2023,2023-12-15,3.8,Meets Expectations,33
1669,644,2024,2024-12-15,2.8,Needs Improvement,23
1670,644,2025,2025-12-15,3.5,Meets Expectations,30
1671,645,2021,2021-12-15,3.7,Meets Expectations,21
1672,645,2022,2022-12-15,3.7,Meets Expectations,17
1673,645,2023,2023-12-15,2.0,Needs Improvement,22
1674,645,2024,2024-12-15,3.2,Meets Expectations,25
1675,645,2025,2025-12-15,4.1,Exceeds Expectations,21
1676,646,2021,2021-12-15,2.3,Needs Improvement,30
1677,646,2022,2022-12-15,3.2,Meets Expectations,10
1678,646,2023,2023-12-15,4.8,Outstanding,7
1679,646,2024,2024-12-15,3.1,Meets Expectations,14
1680,646,2025,2025-12-15,3.3,Meets Expectations,18
1681,648,2024,2024-12-15,4.0,Exceeds Expectations,5
1682,648,2025,2025-12-15,3.1,Meets Expectations,10
1683,649,2024,2024-12-15,2.3,Needs Improvement,35
1684,649,2025,2025-12-15,2.6,Needs Improvement,14
1685,650,2024,2024-12-15,4.6,Outstanding,38
1686,650,2025,2025-12-15,5.0,Outstanding,32
1687,651,2024,2024-12-15,4.3,Exceeds Expectations,23
1688,651,2025,2025-12-15,4.0,Exceeds Expectations,23
1689,652,2024,2024-12-15,3.8,Meets Expectations,9
1690,652,2025,2025-12-15,4.2,Exceeds Expectations,24
1691,653,2023,2023-12-15,2.5,Needs Improvement,17
1692,653,2024,2024-12-15,3.4,Meets Expectations,30
1693,653,2025,2025-12-15,4.8,Outstanding,37
1694,654,2021,2021-12-15,4.8,Outstanding,8
1695,654,2022,2022-12-15,3.3,Meets Expectations,32
1696,654,2023,2023-12-15,4.1,Exceeds Expectations,33
1697,655,2022,2022-12-15,3.0,Meets Expectations,2
1698,655,2023,2023-12-15,3.0,Meets Expectations,26
1699,655,2024,2024-12-15,3.5,Meets Expectations,23
1700,655,2025,2025-12-15,2.9,Needs Improvement,15
1701,656,2024,2024-12-15,2.3,Needs Improvement,38
1702,656,2025,2025-12-15,2.5,Needs Improvement,26
1703,657,2022,2022-12-15,1.7,Needs Improvement,32
1704,657,2023,2023-12-15,3.9,Meets Expectations,16
1705,657,2024,2024-12-15,3.6,Meets Expectations,14
1706,657,2025,2025-12-15,3.6,Meets Expectations,25
1707,658,2024,2024-12-15,3.7,Meets Expectations,14
1708,658,2025,2025-12-15,3.5,Meets Expectations,6
1709,659,2022,2022-12-15,3.4,Meets Expectations,21
1710,659,2023,2023-12-15,3.7,Meets Expectations,35
1711,659,2024,2024-12-15,3.3,Meets Expectations,33
1712,659,2025,2025-12-15,2.7,Needs Improvement,6
1713,660,2025,2025-12-15,3.3,Meets Expectations,13
1714,661,2023,2023-12-15,3.7,Meets Expectations,3
1715,661,2024,2024-12-15,4.0,Exceeds Expectations,21
1716,661,2025,2025-12-15,5.0,Outstanding,9
1717,662,2022,2022-12-15,3.2,Meets Expectations,7
1718,662,2023,2023-12-15,2.8,Needs Improvement,6
1719,662,2024,2024-12-15,4.6,Outstanding,26
1720,662,2025,2025-12-15,4.3,Exceeds Expectations,20
1721,663,2024,2024-12-15,3.2,Meets Expectations,27
1722,664,2025,2025-12-15,2.9,Needs Improvement,19
1723,665,2025,2025-12-15,2.7,Needs Improvement,6
1724,666,2023,2023-12-15,4.3,Exceeds Expectations,2
1725,666,2024,2024-12-15,3.0,Meets Expectations,35
1726,666,2025,2025-12-15,3.4,Meets Expectations,8
1727,667,2023,2023-12-15,2.4,Needs Improvement,25
1728,667,2024,2024-12-15,5.0,Outstanding,4
1729,667,2025,2025-12-15,2.4,Needs Improvement,9
1730,668,2022,2022-12-15,3.8,Meets Expectations,36
1731,669,2023,2023-12-15,4.5,Outstanding,7
1732,669,2024,2024-12-15,3.3,Meets Expectations,26
1733,669,2025,2025-12-15,3.5,Meets Expectations,37
1734,670,2022,2022-12-15,4.7,Outstanding,14
1735,670,2023,2023-12-15,4.9,Outstanding,6
1736,670,2024,2024-12-15,3.3,Meets Expectations,8
1737,671,2025,2025-12-15,3.5,Meets Expectations,32
1738,672,2023,2023-12-15,3.5,Meets Expectations,21
1739,672,2024,2024-12-15,4.0,Exceeds Expectations,36
1740,672,2025,2025-12-15,2.2,Needs Improvement,25
1741,673,2025,2025-12-15,3.1,Meets Expectations,7
1742,674,2021,2021-12-15,4.1,Exceeds Expectations,4
1743,674,2022,2022-12-15,2.5,Needs Improvement,2
1744,674,2023,2023-12-15,3.5,Meets Expectations,36
1745,674,2024,2024-12-15,4.1,Exceeds Expectations,5
1746,674,2025,2025-12-15,4.8,Outstanding,10
1747,675,2023,2023-12-15,3.4,Meets Expectations,13
1748,675,2024,2024-12-15,4.5,Outstanding,27
1749,675,2025,2025-12-15,3.1,Meets Expectations,10
1750,676,2023,2023-12-15,2.8,Needs Improvement,15
1751,676,2024,2024-12-15,2.8,Needs Improvement,37
1752,676,2025,2025-12-15,2.8,Needs Improvement,38
1753,677,2023,2023-12-15,5.0,Outstanding,6
1754,677,2024,2024-12-15,3.9,Meets Expectations,4
1755,677,2025,2025-12-15,3.1,Meets Expectations,31
1756,678,2021,2021-12-15,1.8,Needs Improvement,40
1757,678,2022,2022-12-15,3.0,Meets Expectations,18
1758,678,2023,2023-12-15,3.9,Meets Expectations,21
1759,678,2024,2024-12-15,3.5,Meets Expectations,22
1760,678,2025,2025-12-15,4.1,Exceeds Expectations,35
1761,679,2023,2023-12-15,3.1,Meets Expectations,17
1762,679,2024,2024-12-15,3.9,Meets Expectations,2
1763,679,2025,2025-12-15,3.5,Meets Expectations,21
1764,680,2025,2025-12-15,3.3,Meets Expectations,38
1765,681,2024,2024-12-15,3.2,Meets Expectations,22
1766,681,2025,2025-12-15,2.9,Needs Improvement,8
1767,682,2023,2023-12-15,2.6,Needs Improvement,17
1768,682,2024,2024-12-15,4.4,Exceeds Expectations,17
1769,682,2025,2025-12-15,2.4,Needs Improvement,27
1770,683,2022,2022-12-15,2.7,Needs Improvement,19
1771,683,2023,2023-12-15,3.3,Meets Expectations,36
1772,683,2024,2024-12-15,3.5,Meets Expectations,21
1773,683,2025,2025-12-15,4.0,Exceeds Expectations,5
1774,684,2025,2025-12-15,4.0,Exceeds Expectations,15
1775,685,2023,2023-12-15,2.6,Needs Improvement,14
1776,685,2024,2024-12-15,3.7,Meets Expectations,16
1777,685,2025,2025-12-15,5.0,Outstanding,25
1778,686,2023,2023-12-15,2.3,Needs Improvement,6
1779,686,2024,2024-12-15,3.7,Meets Expectations,38
1780,686,2025,2025-12-15,5.0,Outstanding,15
1781,687,2023,2023-12-15,4.5,Outstanding,5
1782,687,2024,2024-12-15,2.1,Needs Improvement,2
1783,687,2025,2025-12-15,4.2,Exceeds Expectations,7
1784,688,2024,2024-12-15,3.5,Meets Expectations,15
1785,688,2025,2025-12-15,4.5,Outstanding,38
1786,689,2021,2021-12-15,3.4,Meets Expectations,7
1787,689,2022,2022-12-15,3.4,Meets Expectations,25
1788,689,2023,2023-12-15,2.8,Needs Improvement,11
1789,689,2024,2024-12-15,4.5,Outstanding,17
1790,689,2025,2025-12-15,3.8,Meets Expectations,20
1791,690,2022,2022-12-15,3.6,Meets Expectations,10
1792,690,2023,2023-12-15,3.8,Meets Expectations,34
1793,691,2022,2022-12-15,2.3,Needs Improvement,3
1794,691,2023,2023-12-15,3.6,Meets Expectations,18
1795,691,2024,2024-12-15,3.7,Meets Expectations,7
1796,691,2025,2025-12-15,3.6,Meets Expectations,36
1797,692,2021,2021-12-15,3.9,Meets Expectations,34
1798,692,2022,2022-12-15,3.7,Meets Expectations,38
1799,692,2023,2023-12-15,3.2,Meets Expectations,8
1800,693,2021,2021-12-15,2.2,Needs Improvement,3
1801,693,2022,2022-12-15,2.5,Needs Improvement,34
1802,693,2023,2023-12-15,3.5,Meets Expectations,20
1803,693,2024,2024-12-15,2.6,Needs Improvement,9
1804,693,2025,2025-12-15,3.3,Meets Expectations,27
1805,694,2024,2024-12-15,2.6,Needs Improvement,4
1806,694,2025,2025-12-15,3.4,Meets Expectations,11
1807,695,2021,2021-12-15,3.5,Meets Expectations,4
1808,695,2022,2022-12-15,3.4,Meets Expectations,11
1809,695,2023,2023-12-15,3.3,Meets Expectations,7
1810,695,2024,2024-12-15,3.6,Meets Expectations,28
1811,695,2025,2025-12-15,2.2,Needs Improvement,3
1812,696,2021,2021-12-15,3.5,Meets Expectations,38
1813,696,2022,2022-12-15,3.8,Meets Expectations,25
1814,696,2023,2023-12-15,3.3,Meets Expectations,24
1815,696,2024,2024-12-15,3.3,Meets Expectations,30
1816,696,2025,2025-12-15,3.6,Meets Expectations,36
1817,697,2022,2022-12-15,3.0,Meets Expectations,22
1818,697,2023,2023-12-15,1.8,Needs Improvement,20
1819,697,2024,2024-12-15,2.9,Needs Improvement,18
1820,698,2024,2024-12-15,3.0,Meets Expectations,8
1821,698,2025,2025-12-15,3.8,Meets Expectations,29
1822,699,2024,2024-12-15,2.4,Needs Improvement,35
1823,699,2025,2025-12-15,3.4,Meets Expectations,28
1824,700,2025,2025-12-15,2.8,Needs Improvement,2
1825,701,2024,2024-12-15,3.7,Meets Expectations,35
1826,701,2025,2025-12-15,4.0,Exceeds Expectations,17
1827,702,2023,2023-12-15,2.6,Needs Improvement,26
1828,702,2024,2024-12-15,2.8,Needs Improvement,23
1829,702,2025,2025-12-15,3.4,Meets Expectations,30
1830,703,2022,2022-12-15,2.4,Needs Improvement,33
1831,703,2023,2023-12-15,3.0,Meets Expectations,26
1832,703,2024,2024-12-15,3.0,Meets Expectations,8
1833,705,2024,2024-12-15,3.5,Meets Expectations,9
1834,705,2025,2025-12-15,3.6,Meets Expectations,34
1835,706,2023,2023-12-15,4.0,Exceeds Expectations,28
1836,706,2024,2024-12-15,2.8,Needs Improvement,22
1837,706,2025,2025-12-15,3.9,Meets Expectations,25
1838,708,2022,2022-12-15,3.7,Meets Expectations,10
1839,708,2023,2023-12-15,3.4,Meets Expectations,26
1840,708,2024,2024-12-15,3.6,Meets Expectations,20
1841,708,2025,2025-12-15,4.0,Exceeds Expectations,27
1842,709,2024,2024-12-15,2.4,Needs Improvement,10
1843,709,2025,2025-12-15,3.2,Meets Expectations,33
1844,710,2025,2025-12-15,3.7,Meets Expectations,20
1845,711,2025,2025-12-15,4.1,Exceeds Expectations,25
1846,713,2022,2022-12-15,2.4,Needs Improvement,33
1847,713,2023,2023-12-15,3.2,Meets Expectations,32
1848,713,2024,2024-12-15,1.9,Needs Improvement,10
1849,713,2025,2025-12-15,2.1,Needs Improvement,11
1850,714,2021,2021-12-15,4.4,Exceeds Expectations,5
1851,714,2022,2022-12-15,3.0,Meets Expectations,30
1852,714,2023,2023-12-15,3.7,Meets Expectations,26
1853,714,2024,2024-12-15,3.8,Meets Expectations,6
1854,714,2025,2025-12-15,2.7,Needs Improvement,10
1855,715,2025,2025-12-15,5.0,Outstanding,32
1856,716,2022,2022-12-15,3.6,Meets Expectations,30
1857,716,2023,2023-12-15,3.2,Meets Expectations,3
1858,716,2024,2024-12-15,4.0,Exceeds Expectations,6
1859,716,2025,2025-12-15,3.9,Meets Expectations,17
1860,717,2022,2022-12-15,3.8,Meets Expectations,29
1861,717,2023,2023-12-15,3.5,Meets Expectations,11
1862,717,2024,2024-12-15,2.9,Needs Improvement,8
1863,717,2025,2025-12-15,4.4,Exceeds Expectations,10
1864,718,2024,2024-12-15,3.0,Meets Expectations,26
1865,718,2025,2025-12-15,3.9,Meets Expectations,2
1866,719,2022,2022-12-15,4.2,Exceeds Expectations,16
1867,719,2023,2023-12-15,3.1,Meets Expectations,26
1868,719,2024,2024-12-15,2.9,Needs Improvement,38
1869,719,2025,2025-12-15,3.8,Meets Expectations,11
1870,720,2025,2025-12-15,2.9,Needs Improvement,7
1871,721,2024,2024-12-15,3.0,Meets Expectations,15
1872,722,2024,2024-12-15,4.1,Exceeds Expectations,9
1873,723,2023,2023-12-15,3.4,Meets Expectations,39
1874,723,2024,2024-12-15,4.3,Exceeds Expectations,3
1875,723,2025,2025-12-15,5.0,Outstanding,6
1876,724,2025,2025-12-15,2.5,Needs Improvement,9
1877,725,2025,2025-12-15,3.0,Meets Expectations,19
1878,726,2024,2024-12-15,2.1,Needs Improvement,40
1879,726,2025,2025-12-15,2.7,Needs Improvement,22
1880,727,2021,2021-12-15,3.8,Meets Expectations,6
1881,727,2022,2022-12-15,3.2,Meets Expectations,33
1882,727,2023,2023-12-15,2.9,Needs Improvement,22
1883,727,2024,2024-12-15,2.8,Needs Improvement,4
1884,727,2025,2025-12-15,2.2,Needs Improvement,17
1885,728,2025,2025-12-15,3.7,Meets Expectations,26
1886,729,2023,2023-12-15,4.2,Exceeds Expectations,15
1887,729,2024,2024-12-15,2.9,Needs Improvement,27
1888,730,2021,2021-12-15,2.5,Needs Improvement,18
1889,730,2022,2022-12-15,3.7,Meets Expectations,17
1890,730,2023,2023-12-15,3.5,Meets Expectations,21
1891,730,2024,2024-12-15,3.6,Meets Expectations,5
1892,730,2025,2025-12-15,2.4,Needs Improvement,40
1893,731,2024,2024-12-15,3.8,Meets Expectations,31
1894,731,2025,2025-12-15,2.3,Needs Improvement,25
1895,732,2022,2022-12-15,1.9,Needs Improvement,23
1896,732,2023,2023-12-15,1.7,Needs Improvement,36
1897,733,2022,2022-12-15,3.3,Meets Expectations,20
1898,733,2023,2023-12-15,3.7,Meets Expectations,15
1899,733,2024,2024-12-15,2.1,Needs Improvement,8
1900,733,2025,2025-12-15,4.8,Outstanding,5
1901,734,2023,2023-12-15,2.1,Needs Improvement,4
1902,734,2024,2024-12-15,3.8,Meets Expectations,17
1903,734,2025,2025-12-15,4.8,Outstanding,2
1904,735,2022,2022-12-15,2.6,Needs Improvement,20
1905,735,2023,2023-12-15,2.8,Needs Improvement,14
1906,735,2024,2024-12-15,2.5,Needs Improvement,15
1907,735,2025,2025-12-15,2.8,Needs Improvement,21
1908,736,2023,2023-12-15,3.2,Meets Expectations,6
1909,736,2024,2024-12-15,3.5,Meets Expectations,38
1910,736,2025,2025-12-15,3.0,Meets Expectations,7
1911,737,2021,2021-12-15,3.4,Meets Expectations,37
1912,737,2022,2022-12-15,2.7,Needs Improvement,36
1913,737,2023,2023-12-15,3.6,Meets Expectations,14
1914,737,2024,2024-12-15,3.8,Meets Expectations,20
1915,737,2025,2025-12-15,3.5,Meets Expectations,27
1916,738,2023,2023-12-15,4.4,Exceeds Expectations,27
1917,739,2022,2022-12-15,3.2,Meets Expectations,28
1918,739,2023,2023-12-15,2.8,Needs Improvement,6
1919,739,2024,2024-12-15,2.9,Needs Improvement,32
1920,739,2025,2025-12-15,4.0,Exceeds Expectations,12
1921,740,2025,2025-12-15,2.5,Needs Improvement,36
1922,741,2021,2021-12-15,3.0,Meets Expectations,34
1923,741,2022,2022-12-15,3.5,Meets Expectations,31
1924,741,2023,2023-12-15,3.4,Meets Expectations,6
1925,742,2022,2022-12-15,3.5,Meets Expectations,4
1926,742,2023,2023-12-15,3.8,Meets Expectations,24
1927,742,2024,2024-12-15,3.9,Meets Expectations,21
1928,742,2025,2025-12-15,3.3,Meets Expectations,14
1929,743,2024,2024-12-15,3.6,Meets Expectations,18
1930,743,2025,2025-12-15,3.6,Meets Expectations,7
1931,744,2021,2021-12-15,5.0,Outstanding,24
1932,744,2022,2022-12-15,4.2,Exceeds Expectations,33
1933,744,2023,2023-12-15,2.8,Needs Improvement,14
1934,745,2022,2022-12-15,2.9,Needs Improvement,10
1935,746,2024,2024-12-15,4.5,Outstanding,19
1936,746,2025,2025-12-15,4.5,Outstanding,19
1937,747,2025,2025-12-15,3.3,Meets Expectations,23
1938,748,2025,2025-12-15,4.1,Exceeds Expectations,12
1939,749,2024,2024-12-15,3.1,Meets Expectations,20
1940,749,2025,2025-12-15,3.7,Meets Expectations,34
1941,750,2024,2024-12-15,2.8,Needs Improvement,36
1942,750,2025,2025-12-15,4.3,Exceeds Expectations,19
1943,751,2023,2023-12-15,2.6,Needs Improvement,29
1944,751,2024,2024-12-15,3.5,Meets Expectations,10
1945,751,2025,2025-12-15,4.4,Exceeds Expectations,18
1946,752,2022,2022-12-15,3.7,Meets Expectations,8
1947,754,2024,2024-12-15,4.6,Outstanding,11
1948,754,2025,2025-12-15,3.4,Meets Expectations,16
1949,755,2021,2021-12-15,3.1,Meets Expectations,2
1950,755,2022,2022-12-15,2.9,Needs Improvement,18
1951,755,2023,2023-12-15,2.6,Needs Improvement,15
1952,755,2024,2024-12-15,3.1,Meets Expectations,23
1953,755,2025,2025-12-15,3.7,Meets Expectations,3
1954,756,2024,2024-12-15,3.9,Meets Expectations,18
1955,756,2025,2025-12-15,2.7,Needs Improvement,21
1956,757,2022,2022-12-15,2.0,Needs Improvement,14
1957,757,2023,2023-12-15,3.9,Meets Expectations,9
1958,757,2024,2024-12-15,2.8,Needs Improvement,6
1959,757,2025,2025-12-15,4.3,Exceeds Expectations,29
1960,758,2022,2022-12-15,5.0,Outstanding,37
1961,758,2023,2023-12-15,3.8,Meets Expectations,13
1962,758,2024,2024-12-15,4.0,Exceeds Expectations,34
1963,758,2025,2025-12-15,3.7,Meets Expectations,16
1964,759,2025,2025-12-15,2.7,Needs Improvement,36
1965,760,2025,2025-12-15,2.1,Needs Improvement,16
1966,761,2025,2025-12-15,2.6,Needs Improvement,31
1967,762,2022,2022-12-15,3.1,Meets Expectations,31
1968,762,2023,2023-12-15,4.2,Exceeds Expectations,29
1969,762,2024,2024-12-15,2.6,Needs Improvement,17
1970,762,2025,2025-12-15,3.1,Meets Expectations,7
1971,763,2024,2024-12-15,3.7,Meets Expectations,27
1972,763,2025,2025-12-15,3.0,Meets Expectations,34
1973,764,2021,2021-12-15,2.6,Needs Improvement,28
1974,764,2022,2022-12-15,2.8,Needs Improvement,34
1975,764,2023,2023-12-15,2.8,Needs Improvement,3
1976,764,2024,2024-12-15,2.6,Needs Improvement,3
1977,764,2025,2025-12-15,3.0,Meets Expectations,34
1978,765,2021,2021-12-15,2.6,Needs Improvement,22
1979,765,2022,2022-12-15,3.1,Meets Expectations,23
1980,765,2023,2023-12-15,2.7,Needs Improvement,31
1981,765,2024,2024-12-15,4.8,Outstanding,19
1982,765,2025,2025-12-15,4.1,Exceeds Expectations,27
1983,766,2022,2022-12-15,2.5,Needs Improvement,27
1984,766,2023,2023-12-15,3.2,Meets Expectations,2
1985,766,2024,2024-12-15,2.8,Needs Improvement,27
1986,766,2025,2025-12-15,3.3,Meets Expectations,21
1987,767,2023,2023-12-15,2.6,Needs Improvement,23
1988,767,2024,2024-12-15,2.5,Needs Improvement,37
1989,767,2025,2025-12-15,3.0,Meets Expectations,5
1990,768,2025,2025-12-15,3.4,Meets Expectations,15
1991,769,2025,2025-12-15,4.3,Exceeds Expectations,31
1992,770,2021,2021-12-15,3.4,Meets Expectations,9
1993,770,2022,2022-12-15,2.5,Needs Improvement,10
1994,770,2023,2023-12-15,2.6,Needs Improvement,32
1995,770,2024,2024-12-15,4.3,Exceeds Expectations,12
1996,770,2025,2025-12-15,2.5,Needs Improvement,22
1997,771,2025,2025-12-15,2.4,Needs Improvement,12
1998,772,2024,2024-12-15,2.6,Needs Improvement,13
1999,772,2025,2025-12-15,2.7,Needs Improvement,14
2000,773,2024,2024-12-15,3.8,Meets Expectations,3
2001,773,2025,2025-12-15,5.0,Outstanding,6
2002,774,2022,2022-12-15,3.6,Meets Expectations,23
2003,774,2023,2023-12-15,2.5,Needs Improvement,20
2004,775,2022,2022-12-15,3.5,Meets Expectations,20
2005,775,2023,2023-12-15,2.1,Needs Improvement,25
2006,775,2024,2024-12-15,3.5,Meets Expectations,8
2007,775,2025,2025-12-15,2.2,Needs Improvement,37
2008,776,2022,2022-12-15,4.2,Exceeds Expectations,3
2009,777,2024,2024-12-15,2.5,Needs Improvement,4
2010,777,2025,2025-12-15,3.6,Meets Expectations,30
2011,778,2021,2021-12-15,3.1,Meets Expectations,28
2012,778,2022,2022-12-15,3.9,Meets Expectations,17
2013,778,2023,2023-12-15,4.6,Outstanding,15
2014,778,2024,2024-12-15,3.8,Meets Expectations,35
2015,778,2025,2025-12-15,3.4,Meets Expectations,17
2016,779,2024,2024-12-15,3.7,Meets Expectations,26
2017,779,2025,2025-12-15,2.1,Needs Improvement,14
2018,780,2025,2025-12-15,2.4,Needs Improvement,3
2019,781,2024,2024-12-15,3.0,Meets Expectations,21
2020,781,2025,2025-12-15,4.4,Exceeds Expectations,22
2021,782,2024,2024-12-15,2.4,Needs Improvement,18
2022,782,2025,2025-12-15,4.5,Outstanding,15
2023,783,2023,2023-12-15,4.4,Exceeds Expectations,11
2024,783,2024,2024-12-15,2.6,Needs Improvement,25
2025,783,2025,2025-12-15,3.5,Meets Expectations,27
2026,784,2024,2024-12-15,4.9,Outstanding,4
2027,784,2025,2025-12-15,4.4,Exceeds Expectations,4
2028,786,2021,2021-12-15,3.9,Meets Expectations,33
2029,786,2022,2022-12-15,3.7,Meets Expectations,25
2030,787,2025,2025-12-15,3.6,Meets Expectations,35
2031,788,2025,2025-12-15,2.2,Needs Improvement,16
2032,789,2024,2024-12-15,2.9,Needs Improvement,8
2033,789,2025,2025-12-15,4.0,Exceeds Expectations,36
2034,790,2021,2021-12-15,4.2,Exceeds Expectations,22
2035,790,2022,2022-12-15,3.9,Meets Expectations,18
2036,790,2023,2023-12-15,1.9,Needs Improvement,40
2037,790,2024,2024-12-15,2.8,Needs Improvement,3
2038,790,2025,2025-12-15,4.6,Outstanding,22
2039,791,2021,2021-12-15,3.7,Meets Expectations,25
2040,791,2022,2022-12-15,3.3,Meets Expectations,37
2041,791,2023,2023-12-15,4.0,Exceeds Expectations,34
2042,791,2024,2024-12-15,3.4,Meets Expectations,29
2043,792,2024,2024-12-15,2.5,Needs Improvement,18
2044,792,2025,2025-12-15,4.0,Exceeds Expectations,24
2045,793,2025,2025-12-15,2.8,Needs Improvement,28
2046,794,2021,2021-12-15,1.8,Needs Improvement,13
2047,794,2022,2022-12-15,2.7,Needs Improvement,3
2048,794,2023,2023-12-15,3.5,Meets Expectations,9
2049,794,2024,2024-12-15,3.6,Meets Expectations,35
2050,794,2025,2025-12-15,3.2,Meets Expectations,37
2051,795,2021,2021-12-15,3.5,Meets Expectations,2
2052,795,2022,2022-12-15,3.4,Meets Expectations,30
2053,795,2023,2023-12-15,3.8,Meets Expectations,17
2054,795,2024,2024-12-15,3.6,Meets Expectations,28
2055,795,2025,2025-12-15,3.1,Meets Expectations,29
2056,796,2024,2024-12-15,2.9,Needs Improvement,4
2057,796,2025,2025-12-15,3.5,Meets Expectations,15
2058,797,2023,2023-12-15,2.8,Needs Improvement,22
2059,797,2024,2024-12-15,2.2,Needs Improvement,23
2060,798,2023,2023-12-15,4.1,Exceeds Expectations,27
2061,798,2024,2024-12-15,2.9,Needs Improvement,19
2062,798,2025,2025-12-15,4.5,Outstanding,16
2063,799,2025,2025-12-15,4.2,Exceeds Expectations,31
2064,800,2023,2023-12-15,2.8,Needs Improvement,24
2065,800,2024,2024-12-15,3.4,Meets Expectations,5
2066,800,2025,2025-12-15,4.6,Outstanding,21
2067,801,2021,2021-12-15,3.6,Meets Expectations,7
2068,801,2022,2022-12-15,3.5,Meets Expectations,11
2069,801,2023,2023-12-15,4.7,Outstanding,25
2070,801,2024,2024-12-15,3.9,Meets Expectations,2
2071,801,2025,2025-12-15,4.2,Exceeds Expectations,38
2072,802,2023,2023-12-15,5.0,Outstanding,24
2073,802,2024,2024-12-15,4.4,Exceeds Expectations,9
2074,802,2025,2025-12-15,4.0,Exceeds Expectations,33
2075,803,2021,2021-12-15,3.4,Meets Expectations,13
2076,803,2022,2022-12-15,4.0,Exceeds Expectations,31
2077,804,2021,2021-12-15,1.9,Needs Improvement,9
2078,804,2022,2022-12-15,2.7,Needs Improvement,31
2079,804,2023,2023-12-15,3.7,Meets Expectations,19
2080,804,2024,2024-12-15,3.5,Meets Expectations,23
2081,804,2025,2025-12-15,2.3,Needs Improvement,16
2082,805,2021,2021-12-15,2.9,Needs Improvement,39
2083,805,2022,2022-12-15,3.4,Meets Expectations,8
2084,805,2023,2023-12-15,4.5,Outstanding,6
2085,805,2024,2024-12-15,4.1,Exceeds Expectations,23
2086,805,2025,2025-12-15,2.4,Needs Improvement,6
2087,806,2022,2022-12-15,4.8,Outstanding,29
2088,806,2023,2023-12-15,3.1,Meets Expectations,21
2089,806,2024,2024-12-15,3.4,Meets Expectations,37
2090,806,2025,2025-12-15,2.0,Needs Improvement,40
2091,807,2023,2023-12-15,3.1,Meets Expectations,24
2092,807,2024,2024-12-15,2.8,Needs Improvement,21
2093,807,2025,2025-12-15,3.8,Meets Expectations,25
2094,808,2024,2024-12-15,5.0,Outstanding,4
2095,808,2025,2025-12-15,4.5,Outstanding,37
2096,809,2025,2025-12-15,3.5,Meets Expectations,40
2097,810,2024,2024-12-15,3.4,Meets Expectations,37
2098,811,2025,2025-12-15,3.6,Meets Expectations,23
2099,812,2021,2021-12-15,3.0,Meets Expectations,28
2100,812,2022,2022-12-15,3.9,Meets Expectations,16
2101,812,2023,2023-12-15,2.8,Needs Improvement,5
2102,812,2024,2024-12-15,3.2,Meets Expectations,33
2103,812,2025,2025-12-15,2.9,Needs Improvement,11
2104,814,2021,2021-12-15,3.7,Meets Expectations,26
2105,814,2022,2022-12-15,3.2,Meets Expectations,24
2106,814,2023,2023-12-15,3.3,Meets Expectations,19
2107,814,2024,2024-12-15,3.6,Meets Expectations,27
2108,814,2025,2025-12-15,3.6,Meets Expectations,24
2109,815,2022,2022-12-15,3.1,Meets Expectations,31
2110,815,2023,2023-12-15,3.8,Meets Expectations,11
2111,815,2024,2024-12-15,2.3,Needs Improvement,2
2112,815,2025,2025-12-15,2.7,Needs Improvement,25
2113,816,2025,2025-12-15,2.3,Needs Improvement,24
2114,817,2021,2021-12-15,3.9,Meets Expectations,39
2115,817,2022,2022-12-15,3.2,Meets Expectations,21
2116,817,2023,2023-12-15,4.5,Outstanding,40
2117,817,2024,2024-12-15,3.1,Meets Expectations,26
2118,817,2025,2025-12-15,2.7,Needs Improvement,38
2119,818,2023,2023-12-15,2.8,Needs Improvement,20
2120,818,2024,2024-12-15,3.2,Meets Expectations,2
2121,818,2025,2025-12-15,3.0,Meets Expectations,6
2122,819,2022,2022-12-15,3.8,Meets Expectations,21
2123,819,2023,2023-12-15,2.8,Needs Improvement,37
2124,819,2024,2024-12-15,3.0,Meets Expectations,15
2125,819,2025,2025-12-15,3.2,Meets Expectations,39
2126,820,2023,2023-12-15,3.2,Meets Expectations,14
2127,820,2024,2024-12-15,3.5,Meets Expectations,28
2128,820,2025,2025-12-15,2.6,Needs Improvement,15
2129,821,2023,2023-12-15,3.2,Meets Expectations,32
2130,821,2024,2024-12-15,4.0,Exceeds Expectations,19
2131,821,2025,2025-12-15,3.2,Meets Expectations,9
2132,822,2023,2023-12-15,3.8,Meets Expectations,36
2133,822,2024,2024-12-15,3.8,Meets Expectations,9
2134,822,2025,2025-12-15,2.9,Needs Improvement,9
2135,823,2023,2023-12-15,4.6,Outstanding,21
2136,823,2024,2024-12-15,3.1,Meets Expectations,30
2137,823,2025,2025-12-15,3.0,Meets Expectations,37
2138,824,2021,2021-12-15,4.4,Exceeds Expectations,12
2139,824,2022,2022-12-15,2.8,Needs Improvement,8
2140,824,2023,2023-12-15,4.6,Outstanding,21
2141,824,2024,2024-12-15,3.3,Meets Expectations,4
2142,824,2025,2025-12-15,2.1,Needs Improvement,31
2143,825,2022,2022-12-15,3.6,Meets Expectations,32
2144,825,2023,2023-12-15,2.7,Needs Improvement,2
2145,825,2024,2024-12-15,3.7,Meets Expectations,22
2146,825,2025,2025-12-15,4.0,Exceeds Expectations,17
2147,826,2024,2024-12-15,3.2,Meets Expectations,36
2148,826,2025,2025-12-15,3.0,Meets Expectations,14
2149,827,2022,2022-12-15,3.3,Meets Expectations,7
2150,827,2023,2023-12-15,3.7,Meets Expectations,34
2151,827,2024,2024-12-15,3.4,Meets Expectations,35
2152,827,2025,2025-12-15,4.1,Exceeds Expectations,14
2153,828,2025,2025-12-15,4.2,Exceeds Expectations,4
2154,829,2024,2024-12-15,3.9,Meets Expectations,11
2155,829,2025,2025-12-15,2.6,Needs Improvement,22
2156,830,2024,2024-12-15,3.5,Meets Expectations,11
2157,830,2025,2025-12-15,4.1,Exceeds Expectations,22
2158,831,2025,2025-12-15,3.3,Meets Expectations,10
2159,832,2021,2021-12-15,2.7,Needs Improvement,25
2160,832,2022,2022-12-15,4.9,Outstanding,21
2161,832,2023,2023-12-15,3.7,Meets Expectations,39
2162,832,2024,2024-12-15,4.1,Exceeds Expectations,20
2163,832,2025,2025-12-15,4.2,Exceeds Expectations,11
2164,833,2022,2022-12-15,3.3,Meets Expectations,29
2165,833,2023,2023-12-15,3.0,Meets Expectations,3
2166,833,2024,2024-12-15,4.0,Exceeds Expectations,23
2167,833,2025,2025-12-15,4.6,Outstanding,19
2168,834,2022,2022-12-15,4.1,Exceeds Expectations,8
2169,834,2023,2023-12-15,3.3,Meets Expectations,40
2170,834,2024,2024-12-15,2.8,Needs Improvement,2
2171,834,2025,2025-12-15,2.8,Needs Improvement,16
2172,835,2022,2022-12-15,5.0,Outstanding,28
2173,835,2023,2023-12-15,1.0,Needs Improvement,21
2174,835,2024,2024-12-15,3.4,Meets Expectations,19
2175,835,2025,2025-12-15,3.2,Meets Expectations,33
2176,836,2021,2021-12-15,3.5,Meets Expectations,2
2177,836,2022,2022-12-15,2.3,Needs Improvement,3
2178,836,2023,2023-12-15,3.3,Meets Expectations,38
2179,836,2024,2024-12-15,3.3,Meets Expectations,40
2180,836,2025,2025-12-15,4.0,Exceeds Expectations,23
2181,837,2023,2023-12-15,3.1,Meets Expectations,31
2182,837,2024,2024-12-15,4.0,Exceeds Expectations,16
2183,837,2025,2025-12-15,4.1,Exceeds Expectations,31
2184,838,2022,2022-12-15,2.3,Needs Improvement,25
2185,838,2023,2023-12-15,4.3,Exceeds Expectations,9
2186,838,2024,2024-12-15,3.5,Meets Expectations,22
2187,838,2025,2025-12-15,4.0,Exceeds Expectations,32
2188,839,2022,2022-12-15,3.6,Meets Expectations,14
2189,839,2023,2023-12-15,2.7,Needs Improvement,34
2190,839,2024,2024-12-15,3.9,Meets Expectations,14
2191,839,2025,2025-12-15,3.7,Meets Expectations,32
2192,840,2022,2022-12-15,4.1,Exceeds Expectations,9
2193,840,2023,2023-12-15,4.5,Outstanding,8
2194,840,2024,2024-12-15,4.1,Exceeds Expectations,17
2195,840,2025,2025-12-15,4.8,Outstanding,32
2196,841,2025,2025-12-15,3.4,Meets Expectations,12
2197,842,2023,2023-12-15,4.3,Exceeds Expectations,6
2198,842,2024,2024-12-15,3.0,Meets Expectations,15
2199,842,2025,2025-12-15,4.0,Exceeds Expectations,9
2200,843,2023,2023-12-15,3.3,Meets Expectations,32
2201,843,2024,2024-12-15,3.4,Meets Expectations,7
2202,843,2025,2025-12-15,3.0,Meets Expectations,2
2203,844,2024,2024-12-15,2.6,Needs Improvement,11
2204,844,2025,2025-12-15,5.0,Outstanding,21
2205,845,2021,2021-12-15,4.2,Exceeds Expectations,17
2206,845,2022,2022-12-15,3.3,Meets Expectations,14
2207,845,2023,2023-12-15,3.9,Meets Expectations,38
2208,845,2024,2024-12-15,2.4,Needs Improvement,36
2209,845,2025,2025-12-15,2.6,Needs Improvement,4
2210,847,2021,2021-12-15,1.7,Needs Improvement,8
2211,847,2022,2022-12-15,2.9,Needs Improvement,36
2212,847,2023,2023-12-15,3.8,Meets Expectations,3
2213,847,2024,2024-12-15,4.1,Exceeds Expectations,23
2214,847,2025,2025-12-15,3.8,Meets Expectations,2
2215,848,2023,2023-12-15,3.0,Meets Expectations,16
2216,849,2023,2023-12-15,4.4,Exceeds Expectations,10
2217,849,2024,2024-12-15,3.0,Meets Expectations,26
2218,850,2022,2022-12-15,2.5,Needs Improvement,4
2219,850,2023,2023-12-15,3.9,Meets Expectations,40
2220,850,2024,2024-12-15,2.6,Needs Improvement,8
2221,850,2025,2025-12-15,4.7,Outstanding,4
2222,851,2024,2024-12-15,4.4,Exceeds Expectations,24
2223,853,2021,2021-12-15,3.4,Meets Expectations,15
2224,853,2022,2022-12-15,2.7,Needs Improvement,12
2225,853,2023,2023-12-15,3.0,Meets Expectations,4
2226,853,2024,2024-12-15,3.6,Meets Expectations,40
2227,853,2025,2025-12-15,3.4,Meets Expectations,36
2228,854,2025,2025-12-15,2.7,Needs Improvement,2
2229,855,2024,2024-12-15,3.0,Meets Expectations,27
2230,855,2025,2025-12-15,3.1,Meets Expectations,21
2231,856,2021,2021-12-15,2.8,Needs Improvement,12
2232,856,2022,2022-12-15,3.6,Meets Expectations,22
2233,856,2023,2023-12-15,2.8,Needs Improvement,24
2234,856,2024,2024-12-15,4.4,Exceeds Expectations,27
2235,856,2025,2025-12-15,4.4,Exceeds Expectations,30
2236,858,2022,2022-12-15,4.4,Exceeds Expectations,40
2237,859,2022,2022-12-15,3.8,Meets Expectations,6
2238,859,2023,2023-12-15,3.2,Meets Expectations,14
2239,859,2024,2024-12-15,2.7,Needs Improvement,8
2240,859,2025,2025-12-15,3.3,Meets Expectations,18
2241,860,2022,2022-12-15,2.7,Needs Improvement,33
2242,861,2025,2025-12-15,2.8,Needs Improvement,9
2243,863,2025,2025-12-15,2.4,Needs Improvement,31
2244,864,2022,2022-12-15,3.6,Meets Expectations,15
2245,866,2022,2022-12-15,4.0,Exceeds Expectations,21
2246,866,2023,2023-12-15,3.3,Meets Expectations,2
2247,866,2024,2024-12-15,4.4,Exceeds Expectations,11
2248,867,2023,2023-12-15,3.0,Meets Expectations,24
2249,867,2024,2024-12-15,3.5,Meets Expectations,24
2250,867,2025,2025-12-15,2.1,Needs Improvement,19
2251,868,2021,2021-12-15,4.1,Exceeds Expectations,10
2252,868,2022,2022-12-15,3.1,Meets Expectations,24
2253,868,2023,2023-12-15,4.4,Exceeds Expectations,15
2254,868,2024,2024-12-15,3.9,Meets Expectations,7
2255,868,2025,2025-12-15,4.1,Exceeds Expectations,14
2256,869,2023,2023-12-15,3.6,Meets Expectations,37
2257,869,2024,2024-12-15,3.5,Meets Expectations,2
2258,869,2025,2025-12-15,3.1,Meets Expectations,30
2259,870,2025,2025-12-15,2.8,Needs Improvement,18
2260,871,2025,2025-12-15,4.9,Outstanding,18
2261,872,2024,2024-12-15,3.6,Meets Expectations,20
2262,872,2025,2025-12-15,3.7,Meets Expectations,19
2263,873,2024,2024-12-15,2.6,Needs Improvement,19
2264,873,2025,2025-12-15,3.4,Meets Expectations,32
2265,874,2022,2022-12-15,3.2,Meets Expectations,2
2266,875,2023,2023-12-15,3.5,Meets Expectations,24
2267,875,2024,2024-12-15,3.4,Meets Expectations,32
2268,875,2025,2025-12-15,2.8,Needs Improvement,4
2269,876,2022,2022-12-15,3.9,Meets Expectations,36
2270,876,2023,2023-12-15,4.4,Exceeds Expectations,36
2271,876,2024,2024-12-15,4.6,Outstanding,9
2272,876,2025,2025-12-15,4.1,Exceeds Expectations,22
2273,877,2021,2021-12-15,3.2,Meets Expectations,8
2274,878,2024,2024-12-15,4.9,Outstanding,15
2275,879,2025,2025-12-15,3.0,Meets Expectations,17
2276,880,2023,2023-12-15,3.7,Meets Expectations,6
2277,880,2024,2024-12-15,3.0,Meets Expectations,14
2278,881,2025,2025-12-15,2.9,Needs Improvement,4
2279,882,2021,2021-12-15,4.7,Outstanding,28
2280,882,2022,2022-12-15,2.8,Needs Improvement,2
2281,882,2023,2023-12-15,3.9,Meets Expectations,33
2282,882,2024,2024-12-15,4.0,Exceeds Expectations,26
2283,882,2025,2025-12-15,3.1,Meets Expectations,7
2284,883,2023,2023-12-15,1.3,Needs Improvement,17
2285,883,2024,2024-12-15,5.0,Outstanding,9
2286,883,2025,2025-12-15,3.0,Meets Expectations,27
2287,884,2024,2024-12-15,2.4,Needs Improvement,21
2288,884,2025,2025-12-15,3.1,Meets Expectations,12
2289,885,2024,2024-12-15,2.4,Needs Improvement,30
2290,885,2025,2025-12-15,3.5,Meets Expectations,5
2291,886,2022,2022-12-15,3.4,Meets Expectations,32
2292,886,2023,2023-12-15,3.2,Meets Expectations,7
2293,888,2025,2025-12-15,4.0,Exceeds Expectations,34
2294,889,2025,2025-12-15,3.7,Meets Expectations,27
2295,890,2021,2021-12-15,3.9,Meets Expectations,6
2296,890,2022,2022-12-15,2.8,Needs Improvement,34
2297,890,2023,2023-12-15,2.8,Needs Improvement,24
2298,891,2022,2022-12-15,3.1,Meets Expectations,17
2299,891,2023,2023-12-15,3.0,Meets Expectations,5
2300,891,2024,2024-12-15,2.4,Needs Improvement,22
2301,892,2024,2024-12-15,3.2,Meets Expectations,25
2302,892,2025,2025-12-15,3.2,Meets Expectations,32
2303,893,2023,2023-12-15,1.7,Needs Improvement,30
2304,893,2024,2024-12-15,4.1,Exceeds Expectations,8
2305,893,2025,2025-12-15,4.0,Exceeds Expectations,23
2306,894,2024,2024-12-15,3.6,Meets Expectations,25
2307,894,2025,2025-12-15,3.2,Meets Expectations,14
2308,895,2022,2022-12-15,3.1,Meets Expectations,34
2309,895,2023,2023-12-15,3.7,Meets Expectations,14
2310,895,2024,2024-12-15,2.8,Needs Improvement,22
2311,895,2025,2025-12-15,3.4,Meets Expectations,25
2312,896,2021,2021-12-15,1.5,Needs Improvement,31
2313,896,2022,2022-12-15,3.1,Meets Expectations,10
2314,896,2023,2023-12-15,3.5,Meets Expectations,31
2315,896,2024,2024-12-15,3.7,Meets Expectations,22
2316,896,2025,2025-12-15,4.5,Outstanding,26
2317,897,2022,2022-12-15,3.0,Meets Expectations,18
2318,897,2023,2023-12-15,4.7,Outstanding,23
2319,897,2024,2024-12-15,3.6,Meets Expectations,10
2320,897,2025,2025-12-15,2.4,Needs Improvement,4
2321,898,2021,2021-12-15,4.3,Exceeds Expectations,12
2322,898,2022,2022-12-15,4.2,Exceeds Expectations,28
2323,898,2023,2023-12-15,4.6,Outstanding,23
2324,898,2024,2024-12-15,3.2,Meets Expectations,12
2325,899,2021,2021-12-15,3.2,Meets Expectations,18
2326,899,2022,2022-12-15,2.9,Needs Improvement,37
2327,899,2023,2023-12-15,2.8,Needs Improvement,33
2328,899,2024,2024-12-15,4.4,Exceeds Expectations,18
2329,900,2022,2022-12-15,3.7,Meets Expectations,14
2330,900,2023,2023-12-15,5.0,Outstanding,36
2331,900,2024,2024-12-15,3.5,Meets Expectations,3
2332,900,2025,2025-12-15,4.1,Exceeds Expectations,21
2333,901,2025,2025-12-15,2.8,Needs Improvement,16
2334,902,2023,2023-12-15,3.6,Meets Expectations,16
2335,902,2024,2024-12-15,3.8,Meets Expectations,30
2336,902,2025,2025-12-15,4.4,Exceeds Expectations,11
2337,903,2023,2023-12-15,2.8,Needs Improvement,4
2338,903,2024,2024-12-15,3.6,Meets Expectations,5
2339,903,2025,2025-12-15,3.3,Meets Expectations,31
2340,904,2023,2023-12-15,5.0,Outstanding,30
2341,905,2023,2023-12-15,3.8,Meets Expectations,39
2342,905,2024,2024-12-15,4.2,Exceeds Expectations,26
2343,905,2025,2025-12-15,3.1,Meets Expectations,22
2344,906,2021,2021-12-15,3.7,Meets Expectations,10
2345,906,2022,2022-12-15,3.9,Meets Expectations,6
2346,906,2023,2023-12-15,3.1,Meets Expectations,11
2347,906,2024,2024-12-15,2.3,Needs Improvement,16
2348,907,2025,2025-12-15,1.7,Needs Improvement,32
2349,908,2023,2023-12-15,4.8,Outstanding,21
2350,908,2024,2024-12-15,3.4,Meets Expectations,7
2351,908,2025,2025-12-15,3.8,Meets Expectations,16
2352,909,2023,2023-12-15,4.2,Exceeds Expectations,40
2353,909,2024,2024-12-15,4.2,Exceeds Expectations,8
2354,909,2025,2025-12-15,3.4,Meets Expectations,2
2355,911,2022,2022-12-15,4.4,Exceeds Expectations,16
2356,911,2023,2023-12-15,2.1,Needs Improvement,10
2357,911,2024,2024-12-15,3.7,Meets Expectations,15
2358,911,2025,2025-12-15,2.6,Needs Improvement,21
2359,912,2023,2023-12-15,4.4,Exceeds Expectations,37
2360,912,2024,2024-12-15,4.1,Exceeds Expectations,30
2361,912,2025,2025-12-15,3.2,Meets Expectations,7
2362,913,2022,2022-12-15,3.3,Meets Expectations,39
2363,913,2023,2023-12-15,2.9,Needs Improvement,4
2364,913,2024,2024-12-15,3.4,Meets Expectations,6
2365,913,2025,2025-12-15,2.8,Needs Improvement,5
2366,914,2022,2022-12-15,3.0,Meets Expectations,33
2367,914,2023,2023-12-15,3.2,Meets Expectations,18
2368,914,2024,2024-12-15,4.0,Exceeds Expectations,22
2369,914,2025,2025-12-15,3.6,Meets Expectations,31
2370,915,2023,2023-12-15,2.5,Needs Improvement,9
2371,915,2024,2024-12-15,3.6,Meets Expectations,22
2372,915,2025,2025-12-15,4.4,Exceeds Expectations,4
2373,916,2023,2023-12-15,3.3,Meets Expectations,5
2374,916,2024,2024-12-15,2.2,Needs Improvement,7
2375,916,2025,2025-12-15,4.6,Outstanding,20
2376,917,2025,2025-12-15,3.1,Meets Expectations,20
2377,918,2022,2022-12-15,4.2,Exceeds Expectations,25
2378,918,2023,2023-12-15,3.6,Meets Expectations,34
2379,918,2024,2024-12-15,3.8,Meets Expectations,33
2380,918,2025,2025-12-15,4.1,Exceeds Expectations,23
2381,919,2023,2023-12-15,3.9,Meets Expectations,22
2382,919,2024,2024-12-15,3.8,Meets Expectations,38
2383,919,2025,2025-12-15,3.4,Meets Expectations,17
2384,921,2023,2023-12-15,3.5,Meets Expectations,27
2385,921,2024,2024-12-15,3.3,Meets Expectations,18
2386,921,2025,2025-12-15,2.8,Needs Improvement,31
2387,924,2024,2024-12-15,3.9,Meets Expectations,31
2388,924,2025,2025-12-15,2.9,Needs Improvement,35
2389,925,2022,2022-12-15,1.6,Needs Improvement,39
2390,925,2023,2023-12-15,2.8,Needs Improvement,20
2391,925,2024,2024-12-15,2.7,Needs Improvement,12
2392,925,2025,2025-12-15,2.7,Needs Improvement,26
2393,926,2022,2022-12-15,3.7,Meets Expectations,23
2394,926,2023,2023-12-15,2.4,Needs Improvement,34
2395,926,2024,2024-12-15,4.8,Outstanding,9
2396,927,2021,2021-12-15,3.7,Meets Expectations,26
2397,927,2022,2022-12-15,1.6,Needs Improvement,27
2398,927,2023,2023-12-15,3.5,Meets Expectations,38
2399,927,2024,2024-12-15,3.9,Meets Expectations,20
2400,927,2025,2025-12-15,3.8,Meets Expectations,5
2401,928,2023,2023-12-15,2.8,Needs Improvement,5
2402,928,2024,2024-12-15,3.2,Meets Expectations,26
2403,928,2025,2025-12-15,2.2,Needs Improvement,18
2404,929,2021,2021-12-15,3.9,Meets Expectations,28
2405,929,2022,2022-12-15,3.7,Meets Expectations,26
2406,929,2023,2023-12-15,2.7,Needs Improvement,14
2407,930,2021,2021-12-15,3.9,Meets Expectations,21
2408,930,2022,2022-12-15,3.0,Meets Expectations,10
2409,931,2021,2021-12-15,3.7,Meets Expectations,24
2410,931,2022,2022-12-15,2.5,Needs Improvement,17
2411,931,2023,2023-12-15,4.0,Exceeds Expectations,24
2412,932,2022,2022-12-15,3.2,Meets Expectations,21
2413,932,2023,2023-12-15,3.7,Meets Expectations,14
2414,932,2024,2024-12-15,2.5,Needs Improvement,14
2415,932,2025,2025-12-15,2.8,Needs Improvement,14
2416,933,2024,2024-12-15,2.3,Needs Improvement,29
2417,933,2025,2025-12-15,3.4,Meets Expectations,30
2418,934,2023,2023-12-15,3.7,Meets Expectations,8
2419,934,2024,2024-12-15,4.7,Outstanding,27
2420,934,2025,2025-12-15,2.6,Needs Improvement,28
2421,935,2021,2021-12-15,4.0,Exceeds Expectations,20
2422,935,2022,2022-12-15,3.4,Meets Expectations,16
2423,935,2023,2023-12-15,3.9,Meets Expectations,38
2424,935,2024,2024-12-15,3.6,Meets Expectations,38
2425,935,2025,2025-12-15,3.3,Meets Expectations,3
2426,936,2025,2025-12-15,3.9,Meets Expectations,40
2427,937,2021,2021-12-15,2.9,Needs Improvement,35
2428,937,2022,2022-12-15,4.6,Outstanding,8
2429,937,2023,2023-12-15,4.8,Outstanding,23
2430,937,2024,2024-12-15,3.0,Meets Expectations,36
2431,938,2023,2023-12-15,3.8,Meets Expectations,11
2432,938,2024,2024-12-15,4.3,Exceeds Expectations,20
2433,938,2025,2025-12-15,5.0,Outstanding,28
2434,939,2025,2025-12-15,4.0,Exceeds Expectations,10
2435,940,2025,2025-12-15,2.6,Needs Improvement,27
2436,941,2025,2025-12-15,3.3,Meets Expectations,38
2437,942,2025,2025-12-15,2.5,Needs Improvement,19
2438,944,2023,2023-12-15,4.2,Exceeds Expectations,27
2439,944,2024,2024-12-15,3.0,Meets Expectations,36
2440,944,2025,2025-12-15,4.4,Exceeds Expectations,12
2441,945,2022,2022-12-15,2.5,Needs Improvement,15
2442,945,2023,2023-12-15,4.4,Exceeds Expectations,2
2443,945,2024,2024-12-15,3.0,Meets Expectations,12
2444,945,2025,2025-12-15,2.5,Needs Improvement,17
2445,946,2022,2022-12-15,4.8,Outstanding,2
2446,947,2023,2023-12-15,3.2,Meets Expectations,8
2447,947,2024,2024-12-15,3.5,Meets Expectations,25
2448,947,2025,2025-12-15,4.7,Outstanding,14
2449,948,2023,2023-12-15,3.5,Meets Expectations,34
2450,948,2024,2024-12-15,3.6,Meets Expectations,34
2451,948,2025,2025-12-15,2.3,Needs Improvement,39
2452,949,2024,2024-12-15,2.7,Needs Improvement,29
2453,950,2023,2023-12-15,3.7,Meets Expectations,31
2454,950,2024,2024-12-15,3.0,Meets Expectations,12
2455,950,2025,2025-12-15,3.7,Meets Expectations,7
2456,952,2022,2022-12-15,2.8,Needs Improvement,19
2457,952,2023,2023-12-15,4.2,Exceeds Expectations,23
2458,953,2021,2021-12-15,3.7,Meets Expectations,16
2459,953,2022,2022-12-15,4.5,Outstanding,36
2460,953,2023,2023-12-15,4.5,Outstanding,38
2461,953,2024,2024-12-15,4.1,Exceeds Expectations,27
2462,953,2025,2025-12-15,4.7,Outstanding,35
2463,954,2023,2023-12-15,3.5,Meets Expectations,33
2464,954,2024,2024-12-15,4.3,Exceeds Expectations,11
2465,954,2025,2025-12-15,3.0,Meets Expectations,37
2466,955,2023,2023-12-15,3.6,Meets Expectations,32
2467,955,2024,2024-12-15,2.5,Needs Improvement,4
2468,955,2025,2025-12-15,2.8,Needs Improvement,36
2469,956,2024,2024-12-15,3.6,Meets Expectations,17
2470,956,2025,2025-12-15,4.4,Exceeds Expectations,31
2471,957,2021,2021-12-15,3.1,Meets Expectations,31
2472,957,2022,2022-12-15,4.1,Exceeds Expectations,34
2473,957,2023,2023-12-15,4.3,Exceeds Expectations,24
2474,957,2024,2024-12-15,2.8,Needs Improvement,23
2475,957,2025,2025-12-15,2.5,Needs Improvement,38
2476,958,2025,2025-12-15,3.3,Meets Expectations,4
2477,959,2024,2024-12-15,2.4,Needs Improvement,10
2478,959,2025,2025-12-15,3.0,Meets Expectations,14
2479,960,2022,2022-12-15,4.3,Exceeds Expectations,26
2480,960,2023,2023-12-15,4.1,Exceeds Expectations,23
2481,960,2024,2024-12-15,3.6,Meets Expectations,28
2482,961,2023,2023-12-15,4.3,Exceeds Expectations,23
2483,962,2022,2022-12-15,3.8,Meets Expectations,25
2484,962,2023,2023-12-15,3.2,Meets Expectations,27
2485,962,2024,2024-12-15,2.8,Needs Improvement,30
2486,962,2025,2025-12-15,3.8,Meets Expectations,21
2487,964,2025,2025-12-15,4.1,Exceeds Expectations,17
2488,965,2023,2023-12-15,3.8,Meets Expectations,30
2489,965,2024,2024-12-15,3.5,Meets Expectations,2
2490,966,2023,2023-12-15,4.2,Exceeds Expectations,38
2491,967,2023,2023-12-15,2.4,Needs Improvement,34
2492,967,2024,2024-12-15,4.2,Exceeds Expectations,29
2493,967,2025,2025-12-15,2.8,Needs Improvement,21
2494,968,2023,2023-12-15,2.8,Needs Improvement,13
2495,968,2024,2024-12-15,4.0,Exceeds Expectations,21
2496,968,2025,2025-12-15,2.6,Needs Improvement,11
2497,969,2024,2024-12-15,3.3,Meets Expectations,40
2498,969,2025,2025-12-15,2.8,Needs Improvement,6
2499,970,2023,2023-12-15,2.4,Needs Improvement,28
2500,970,2024,2024-12-15,4.3,Exceeds Expectations,39
2501,970,2025,2025-12-15,2.9,Needs Improvement,37
2502,971,2023,2023-12-15,4.1,Exceeds Expectations,26
2503,971,2024,2024-12-15,3.1,Meets Expectations,21
2504,971,2025,2025-12-15,2.4,Needs Improvement,32
2505,972,2022,2022-12-15,3.6,Meets Expectations,18
2506,972,2023,2023-12-15,3.7,Meets Expectations,12
2507,972,2024,2024-12-15,4.1,Exceeds Expectations,2
2508,972,2025,2025-12-15,3.9,Meets Expectations,28
2509,973,2021,2021-12-15,3.5,Meets Expectations,20
2510,973,2022,2022-12-15,4.3,Exceeds Expectations,35
2511,973,2023,2023-12-15,4.1,Exceeds Expectations,32
2512,973,2024,2024-12-15,3.4,Meets Expectations,34
2513,973,2025,2025-12-15,3.4,Meets Expectations,33
2514,974,2022,2022-12-15,3.0,Meets Expectations,2
2515,974,2023,2023-12-15,3.4,Meets Expectations,9
2516,974,2024,2024-12-15,3.2,Meets Expectations,26
2517,974,2025,2025-12-15,3.7,Meets Expectations,35
2518,975,2022,2022-12-15,4.5,Outstanding,17
2519,975,2023,2023-12-15,4.9,Outstanding,14
2520,975,2024,2024-12-15,3.9,Meets Expectations,24
2521,975,2025,2025-12-15,3.7,Meets Expectations,40
2522,976,2025,2025-12-15,3.8,Meets Expectations,10
2523,977,2023,2023-12-15,3.4,Meets Expectations,25
2524,977,2024,2024-12-15,2.9,Needs Improvement,15
2525,977,2025,2025-12-15,3.7,Meets Expectations,31
2526,978,2025,2025-12-15,2.7,Needs Improvement,6
2527,979,2022,2022-12-15,3.5,Meets Expectations,6
2528,979,2023,2023-12-15,3.8,Meets Expectations,2
2529,979,2024,2024-12-15,1.7,Needs Improvement,38
2530,979,2025,2025-12-15,2.8,Needs Improvement,31
2531,980,2022,2022-12-15,2.1,Needs Improvement,38
2532,980,2023,2023-12-15,3.3,Meets Expectations,34
2533,980,2024,2024-12-15,3.5,Meets Expectations,17
2534,980,2025,2025-12-15,2.6,Needs Improvement,35
2535,981,2023,2023-12-15,3.6,Meets Expectations,8
2536,981,2024,2024-12-15,2.3,Needs Improvement,24
2537,981,2025,2025-12-15,2.4,Needs Improvement,30
2538,982,2021,2021-12-15,4.6,Outstanding,25
2539,982,2022,2022-12-15,3.9,Meets Expectations,14
2540,982,2023,2023-12-15,4.2,Exceeds Expectations,10
2541,982,2024,2024-12-15,4.0,Exceeds Expectations,38
2542,982,2025,2025-12-15,2.3,Needs Improvement,31
2543,984,2024,2024-12-15,3.4,Meets Expectations,28
2544,984,2025,2025-12-15,3.4,Meets Expectations,36
2545,985,2023,2023-12-15,3.1,Meets Expectations,14
2546,985,2024,2024-12-15,3.8,Meets Expectations,10
2547,986,2023,2023-12-15,4.2,Exceeds Expectations,18
2548,986,2024,2024-12-15,2.4,Needs Improvement,34
2549,986,2025,2025-12-15,4.1,Exceeds Expectations,6
2550,989,2024,2024-12-15,3.6,Meets Expectations,36
2551,989,2025,2025-12-15,3.4,Meets Expectations,20
2552,990,2022,2022-12-15,2.1,Needs Improvement,34
2553,990,2023,2023-12-15,2.3,Needs Improvement,28
2554,990,2024,2024-12-15,1.4,Needs Improvement,10
2555,990,2025,2025-12-15,3.6,Meets Expectations,36
2556,991,2024,2024-12-15,3.6,Meets Expectations,2
2557,991,2025,2025-12-15,2.7,Needs Improvement,9
2558,992,2024,2024-12-15,3.1,Meets Expectations,16
2559,992,2025,2025-12-15,3.1,Meets Expectations,34
2560,993,2021,2021-12-15,3.2,Meets Expectations,24
2561,993,2022,2022-12-15,1.6,Needs Improvement,27
2562,993,2023,2023-12-15,3.2,Meets Expectations,15
2563,993,2024,2024-12-15,3.3,Meets Expectations,17
2564,993,2025,2025-12-15,3.8,Meets Expectations,8
2565,994,2023,2023-12-15,3.3,Meets Expectations,10
2566,994,2024,2024-12-15,2.4,Needs Improvement,14
2567,994,2025,2025-12-15,3.1,Meets Expectations,20
2568,995,2022,2022-12-15,3.2,Meets Expectations,20
2569,995,2023,2023-12-15,3.7,Meets Expectations,23
2570,995,2024,2024-12-15,3.4,Meets Expectations,11
2571,995,2025,2025-12-15,3.5,Meets Expectations,20
2572,996,2024,2024-12-15,3.7,Meets Expectations,13
2573,996,2025,2025-12-15,4.6,Outstanding,25
2574,997,2022,2022-12-15,2.4,Needs Improvement,35
2575,997,2023,2023-12-15,3.9,Meets Expectations,13
2576,997,2024,2024-12-15,4.5,Outstanding,5
2577,997,2025,2025-12-15,3.0,Meets Expectations,17
2578,998,2022,2022-12-15,3.9,Meets Expectations,37
2579,998,2023,2023-12-15,2.9,Needs Improvement,39
2580,998,2024,2024-12-15,1.6,Needs Improvement,40
2581,998,2025,2025-12-15,4.1,Exceeds Expectations,39
2582,999,2025,2025-12-15,2.9,Needs Improvement,6
2583,1000,2024,2024-12-15,2.5,Needs Improvement,12
2584,1000,2025,2025-12-15,2.4,Needs Improvement,22
2585,1002,2025,2025-12-15,2.9,Needs Improvement,8
2586,1003,2022,2022-12-15,4.5,Outstanding,11
2587,1003,2023,2023-12-15,4.1,Exceeds Expectations,17
2588,1003,2024,2024-12-15,4.7,Outstanding,5
2589,1003,2025,2025-12-15,4.1,Exceeds Expectations,38
2590,1004,2021,2021-12-15,3.7,Meets Expectations,7
2591,1004,2022,2022-12-15,3.9,Meets Expectations,29
2592,1004,2023,2023-12-15,3.1,Meets Expectations,19
2593,1004,2024,2024-12-15,3.9,Meets Expectations,10
2594,1004,2025,2025-12-15,2.6,Needs Improvement,35
2595,1005,2025,2025-12-15,3.4,Meets Expectations,6
2596,1006,2021,2021-12-15,3.0,Meets Expectations,33
2597,1006,2022,2022-12-15,4.0,Exceeds Expectations,8
2598,1006,2023,2023-12-15,2.8,Needs Improvement,24
2599,1006,2024,2024-12-15,3.0,Meets Expectations,14
2600,1006,2025,2025-12-15,4.6,Outstanding,32
2601,1007,2022,2022-12-15,1.9,Needs Improvement,30
2602,1007,2023,2023-12-15,3.2,Meets Expectations,21
2603,1007,2024,2024-12-15,2.5,Needs Improvement,39
2604,1007,2025,2025-12-15,5.0,Outstanding,33
2605,1008,2024,2024-12-15,3.8,Meets Expectations,37
2606,1008,2025,2025-12-15,3.1,Meets Expectations,17
2607,1010,2023,2023-12-15,4.1,Exceeds Expectations,12
2608,1010,2024,2024-12-15,4.5,Outstanding,37
2609,1010,2025,2025-12-15,3.5,Meets Expectations,27
2610,1011,2025,2025-12-15,3.7,Meets Expectations,15
2611,1012,2023,2023-12-15,3.6,Meets Expectations,30
2612,1012,2024,2024-12-15,4.2,Exceeds Expectations,35
2613,1012,2025,2025-12-15,2.8,Needs Improvement,12
2614,1013,2023,2023-12-15,3.3,Meets Expectations,18
2615,1013,2024,2024-12-15,4.0,Exceeds Expectations,8
2616,1013,2025,2025-12-15,1.5,Needs Improvement,13
2617,1014,2022,2022-12-15,3.9,Meets Expectations,21
2618,1014,2023,2023-12-15,4.5,Outstanding,29
2619,1014,2024,2024-12-15,3.7,Meets Expectations,37
2620,1014,2025,2025-12-15,2.9,Needs Improvement,35
2621,1015,2025,2025-12-15,3.8,Meets Expectations,31
2622,1016,2024,2024-12-15,3.5,Meets Expectations,13
2623,1016,2025,2025-12-15,3.2,Meets Expectations,33
2624,1017,2023,2023-12-15,4.2,Exceeds Expectations,28
2625,1017,2024,2024-12-15,4.5,Outstanding,28
2626,1018,2025,2025-12-15,2.8,Needs Improvement,16
2627,1019,2022,2022-12-15,3.7,Meets Expectations,8
2628,1019,2023,2023-12-15,3.4,Meets Expectations,27
2629,1019,2024,2024-12-15,3.4,Meets Expectations,36
2630,1019,2025,2025-12-15,3.9,Meets Expectations,20
2631,1020,2022,2022-12-15,3.6,Meets Expectations,7
2632,1020,2023,2023-12-15,3.6,Meets Expectations,3
2633,1020,2024,2024-12-15,3.6,Meets Expectations,28
2634,1020,2025,2025-12-15,2.8,Needs Improvement,38
2635,1021,2024,2024-12-15,4.1,Exceeds Expectations,9
2636,1021,2025,2025-12-15,3.1,Meets Expectations,7
2637,1022,2023,2023-12-15,4.0,Exceeds Expectations,23
2638,1022,2024,2024-12-15,3.9,Meets Expectations,33
2639,1022,2025,2025-12-15,2.4,Needs Improvement,36
2640,1023,2022,2022-12-15,3.3,Meets Expectations,17
2641,1023,2023,2023-12-15,3.8,Meets Expectations,15
2642,1023,2024,2024-12-15,2.2,Needs Improvement,22
2643,1023,2025,2025-12-15,4.0,Exceeds Expectations,5
2644,1024,2024,2024-12-15,3.4,Meets Expectations,26
2645,1024,2025,2025-12-15,4.8,Outstanding,10
2646,1025,2022,2022-12-15,3.0,Meets Expectations,14
2647,1025,2023,2023-12-15,3.1,Meets Expectations,21
2648,1025,2024,2024-12-15,2.6,Needs Improvement,11
2649,1025,2025,2025-12-15,2.9,Needs Improvement,22
2650,1026,2025,2025-12-15,3.5,Meets Expectations,3
2651,1027,2022,2022-12-15,3.9,Meets Expectations,18
2652,1027,2023,2023-12-15,3.7,Meets Expectations,13
2653,1027,2024,2024-12-15,3.1,Meets Expectations,31
2654,1027,2025,2025-12-15,3.4,Meets Expectations,6
2655,1028,2021,2021-12-15,3.5,Meets Expectations,13
2656,1028,2022,2022-12-15,3.9,Meets Expectations,40
2657,1028,2023,2023-12-15,2.9,Needs Improvement,29
2658,1028,2024,2024-12-15,3.0,Meets Expectations,31
2659,1028,2025,2025-12-15,3.7,Meets Expectations,38
2660,1029,2021,2021-12-15,4.0,Exceeds Expectations,36
2661,1029,2022,2022-12-15,3.3,Meets Expectations,11
2662,1029,2023,2023-12-15,1.8,Needs Improvement,26
2663,1029,2024,2024-12-15,3.9,Meets Expectations,34
2664,1029,2025,2025-12-15,3.1,Meets Expectations,7
2665,1030,2022,2022-12-15,3.8,Meets Expectations,25
2666,1030,2023,2023-12-15,2.7,Needs Improvement,15
2667,1030,2024,2024-12-15,3.4,Meets Expectations,31
2668,1030,2025,2025-12-15,3.9,Meets Expectations,14
2669,1032,2023,2023-12-15,1.9,Needs Improvement,33
2670,1032,2024,2024-12-15,3.8,Meets Expectations,33
2671,1032,2025,2025-12-15,2.3,Needs Improvement,27
2672,1033,2022,2022-12-15,4.2,Exceeds Expectations,3
2673,1033,2023,2023-12-15,4.2,Exceeds Expectations,7
2674,1033,2024,2024-12-15,3.3,Meets Expectations,24
2675,1033,2025,2025-12-15,4.2,Exceeds Expectations,37
2676,1034,2024,2024-12-15,4.0,Exceeds Expectations,31
2677,1034,2025,2025-12-15,2.9,Needs Improvement,21
2678,1036,2023,2023-12-15,3.2,Meets Expectations,22
2679,1036,2024,2024-12-15,3.8,Meets Expectations,27
2680,1036,2025,2025-12-15,3.2,Meets Expectations,28
2681,1037,2023,2023-12-15,3.1,Meets Expectations,13
2682,1037,2024,2024-12-15,3.7,Meets Expectations,9
2683,1037,2025,2025-12-15,3.8,Meets Expectations,31
2684,1038,2025,2025-12-15,2.6,Needs Improvement,21
2685,1039,2024,2024-12-15,3.5,Meets Expectations,32
2686,1039,2025,2025-12-15,2.8,Needs Improvement,23
2687,1040,2021,2021-12-15,4.2,Exceeds Expectations,35
2688,1040,2022,2022-12-15,3.5,Meets Expectations,32
2689,1040,2023,2023-12-15,4.6,Outstanding,37
2690,1040,2024,2024-12-15,1.8,Needs Improvement,14
2691,1040,2025,2025-12-15,4.2,Exceeds Expectations,34
2692,1041,2022,2022-12-15,3.4,Meets Expectations,11
2693,1041,2023,2023-12-15,3.1,Meets Expectations,14
2694,1041,2024,2024-12-15,3.3,Meets Expectations,12
2695,1041,2025,2025-12-15,2.8,Needs Improvement,14
2696,1042,2023,2023-12-15,3.0,Meets Expectations,21
2697,1042,2024,2024-12-15,2.8,Needs Improvement,26
2698,1042,2025,2025-12-15,3.4,Meets Expectations,38
2699,1043,2024,2024-12-15,4.3,Exceeds Expectations,24
2700,1043,2025,2025-12-15,4.0,Exceeds Expectations,25
2701,1044,2025,2025-12-15,2.4,Needs Improvement,21
2702,1045,2025,2025-12-15,4.1,Exceeds Expectations,18
2703,1046,2022,2022-12-15,4.0,Exceeds Expectations,36
2704,1046,2023,2023-12-15,3.8,Meets Expectations,40
2705,1046,2024,2024-12-15,3.1,Meets Expectations,29
2706,1046,2025,2025-12-15,3.1,Meets Expectations,26
2707,1047,2024,2024-12-15,2.6,Needs Improvement,38
2708,1048,2022,2022-12-15,4.2,Exceeds Expectations,30
2709,1048,2023,2023-12-15,4.3,Exceeds Expectations,16
2710,1048,2024,2024-12-15,2.9,Needs Improvement,26
2711,1048,2025,2025-12-15,3.7,Meets Expectations,20
2712,1049,2024,2024-12-15,3.6,Meets Expectations,10
2713,1049,2025,2025-12-15,3.1,Meets Expectations,27
2714,1050,2022,2022-12-15,2.5,Needs Improvement,10
2715,1050,2023,2023-12-15,3.1,Meets Expectations,15
2716,1050,2024,2024-12-15,2.5,Needs Improvement,7
2717,1050,2025,2025-12-15,2.3,Needs Improvement,16
2718,1051,2025,2025-12-15,5.0,Outstanding,37
2719,1052,2021,2021-12-15,3.1,Meets Expectations,8
2720,1052,2022,2022-12-15,2.6,Needs Improvement,20
2721,1052,2023,2023-12-15,2.7,Needs Improvement,15
2722,1052,2024,2024-12-15,4.0,Exceeds Expectations,7
2723,1052,2025,2025-12-15,2.8,Needs Improvement,29
2724,1053,2021,2021-12-15,2.3,Needs Improvement,14
2725,1053,2022,2022-12-15,5.0,Outstanding,33
2726,1053,2023,2023-12-15,3.3,Meets Expectations,23
2727,1053,2024,2024-12-15,4.1,Exceeds Expectations,12
2728,1053,2025,2025-12-15,4.2,Exceeds Expectations,28
2729,1054,2024,2024-12-15,3.9,Meets Expectations,19
2730,1054,2025,2025-12-15,2.2,Needs Improvement,20
2731,1055,2021,2021-12-15,3.8,Meets Expectations,40
2732,1055,2022,2022-12-15,1.9,Needs Improvement,30
2733,1055,2023,2023-12-15,3.1,Meets Expectations,35
2734,1055,2024,2024-12-15,2.7,Needs Improvement,12
2735,1055,2025,2025-12-15,1.3,Needs Improvement,8
2736,1057,2022,2022-12-15,3.6,Meets Expectations,6
2737,1058,2022,2022-12-15,3.2,Meets Expectations,29
2738,1058,2023,2023-12-15,2.9,Needs Improvement,35
2739,1058,2024,2024-12-15,4.4,Exceeds Expectations,8
2740,1058,2025,2025-12-15,3.5,Meets Expectations,16
2741,1059,2025,2025-12-15,2.6,Needs Improvement,17
2742,1060,2024,2024-12-15,3.9,Meets Expectations,37
2743,1060,2025,2025-12-15,3.1,Meets Expectations,7
2744,1061,2022,2022-12-15,3.1,Meets Expectations,40
2745,1061,2023,2023-12-15,2.9,Needs Improvement,4
2746,1062,2021,2021-12-15,3.5,Meets Expectations,31
2747,1062,2022,2022-12-15,3.0,Meets Expectations,32
2748,1062,2023,2023-12-15,4.3,Exceeds Expectations,13
2749,1062,2024,2024-12-15,3.6,Meets Expectations,14
2750,1062,2025,2025-12-15,2.7,Needs Improvement,9
2751,1063,2022,2022-12-15,3.3,Meets Expectations,38
2752,1063,2023,2023-12-15,3.5,Meets Expectations,10
2753,1063,2024,2024-12-15,4.3,Exceeds Expectations,27
2754,1063,2025,2025-12-15,3.0,Meets Expectations,35
2755,1064,2022,2022-12-15,3.3,Meets Expectations,37
2756,1064,2023,2023-12-15,2.5,Needs Improvement,35
2757,1064,2024,2024-12-15,2.4,Needs Improvement,7
2758,1064,2025,2025-12-15,3.3,Meets Expectations,5
2759,1065,2022,2022-12-15,2.6,Needs Improvement,39
2760,1065,2023,2023-12-15,3.4,Meets Expectations,4
2761,1065,2024,2024-12-15,3.7,Meets Expectations,3
2762,1065,2025,2025-12-15,3.0,Meets Expectations,33
2763,1066,2025,2025-12-15,3.7,Meets Expectations,40
2764,1067,2021,2021-12-15,2.7,Needs Improvement,33
2765,1067,2022,2022-12-15,3.7,Meets Expectations,34
2766,1067,2023,2023-12-15,4.4,Exceeds Expectations,38
2767,1067,2024,2024-12-15,4.4,Exceeds Expectations,26
2768,1067,2025,2025-12-15,4.0,Exceeds Expectations,38
2769,1068,2024,2024-12-15,2.9,Needs Improvement,17
2770,1068,2025,2025-12-15,3.4,Meets Expectations,25
2771,1070,2022,2022-12-15,3.0,Meets Expectations,2
2772,1070,2023,2023-12-15,3.3,Meets Expectations,20
2773,1070,2024,2024-12-15,2.5,Needs Improvement,13
2774,1070,2025,2025-12-15,3.5,Meets Expectations,23
2775,1071,2023,2023-12-15,3.5,Meets Expectations,25
2776,1072,2023,2023-12-15,3.7,Meets Expectations,23
2777,1072,2024,2024-12-15,2.5,Needs Improvement,8
2778,1072,2025,2025-12-15,4.1,Exceeds Expectations,21
2779,1073,2022,2022-12-15,4.0,Exceeds Expectations,12
2780,1073,2023,2023-12-15,2.3,Needs Improvement,30
2781,1073,2024,2024-12-15,2.8,Needs Improvement,23
2782,1073,2025,2025-12-15,3.1,Meets Expectations,24
2783,1074,2024,2024-12-15,3.1,Meets Expectations,21
2784,1074,2025,2025-12-15,4.5,Outstanding,10
2785,1075,2022,2022-12-15,2.7,Needs Improvement,4
2786,1075,2023,2023-12-15,2.1,Needs Improvement,21
2787,1075,2024,2024-12-15,3.8,Meets Expectations,13
2788,1075,2025,2025-12-15,3.2,Meets Expectations,29
2789,1076,2021,2021-12-15,3.6,Meets Expectations,31
2790,1076,2022,2022-12-15,3.6,Meets Expectations,3
2791,1077,2023,2023-12-15,4.2,Exceeds Expectations,19
2792,1077,2024,2024-12-15,3.1,Meets Expectations,4
2793,1077,2025,2025-12-15,5.0,Outstanding,35
2794,1078,2022,2022-12-15,3.5,Meets Expectations,21
2795,1078,2023,2023-12-15,4.0,Exceeds Expectations,39
2796,1078,2024,2024-12-15,3.8,Meets Expectations,10
2797,1078,2025,2025-12-15,3.6,Meets Expectations,34
2798,1079,2022,2022-12-15,3.5,Meets Expectations,6
2799,1079,2023,2023-12-15,3.5,Meets Expectations,31
2800,1079,2024,2024-12-15,3.2,Meets Expectations,20
2801,1079,2025,2025-12-15,4.4,Exceeds Expectations,8
2802,1080,2023,2023-12-15,4.2,Exceeds Expectations,8
2803,1080,2024,2024-12-15,2.1,Needs Improvement,18
2804,1080,2025,2025-12-15,3.1,Meets Expectations,22
2805,1081,2021,2021-12-15,3.4,Meets Expectations,39
2806,1081,2022,2022-12-15,3.1,Meets Expectations,38
2807,1081,2023,2023-12-15,3.8,Meets Expectations,9
2808,1082,2023,2023-12-15,3.4,Meets Expectations,30
2809,1082,2024,2024-12-15,3.6,Meets Expectations,6
2810,1082,2025,2025-12-15,3.3,Meets Expectations,22
2811,1083,2021,2021-12-15,3.8,Meets Expectations,31
2812,1083,2022,2022-12-15,4.2,Exceeds Expectations,22
2813,1083,2023,2023-12-15,2.6,Needs Improvement,12
2814,1083,2024,2024-12-15,2.2,Needs Improvement,24
2815,1083,2025,2025-12-15,3.7,Meets Expectations,10
2816,1084,2023,2023-12-15,4.0,Exceeds Expectations,22
2817,1084,2024,2024-12-15,3.7,Meets Expectations,35
2818,1086,2022,2022-12-15,2.2,Needs Improvement,32
2819,1086,2023,2023-12-15,4.1,Exceeds Expectations,17
2820,1086,2024,2024-12-15,3.4,Meets Expectations,15
2821,1086,2025,2025-12-15,3.3,Meets Expectations,13
2822,1087,2023,2023-12-15,2.6,Needs Improvement,12
2823,1087,2024,2024-12-15,3.2,Meets Expectations,21
2824,1087,2025,2025-12-15,3.2,Meets Expectations,13
2825,1088,2023,2023-12-15,3.0,Meets Expectations,10
2826,1088,2024,2024-12-15,3.5,Meets Expectations,5
2827,1089,2024,2024-12-15,3.0,Meets Expectations,4
2828,1090,2023,2023-12-15,2.4,Needs Improvement,21
2829,1090,2024,2024-12-15,3.5,Meets Expectations,40
2830,1090,2025,2025-12-15,4.8,Outstanding,6
2831,1091,2023,2023-12-15,3.1,Meets Expectations,6
2832,1092,2025,2025-12-15,4.1,Exceeds Expectations,13
2833,1094,2024,2024-12-15,3.4,Meets Expectations,31
2834,1094,2025,2025-12-15,4.0,Exceeds Expectations,39
2835,1095,2025,2025-12-15,3.5,Meets Expectations,23
2836,1096,2021,2021-12-15,3.1,Meets Expectations,39
2837,1096,2022,2022-12-15,1.6,Needs Improvement,16
2838,1096,2023,2023-12-15,3.9,Meets Expectations,20
2839,1096,2024,2024-12-15,3.3,Meets Expectations,25
2840,1096,2025,2025-12-15,3.7,Meets Expectations,33
2841,1097,2021,2021-12-15,2.8,Needs Improvement,14
2842,1097,2022,2022-12-15,2.9,Needs Improvement,9
2843,1097,2023,2023-12-15,3.9,Meets Expectations,30
2844,1097,2024,2024-12-15,4.4,Exceeds Expectations,24
2845,1097,2025,2025-12-15,2.9,Needs Improvement,33
2846,1098,2022,2022-12-15,4.0,Exceeds Expectations,6
2847,1098,2023,2023-12-15,1.8,Needs Improvement,2
2848,1098,2024,2024-12-15,3.1,Meets Expectations,7
2849,1098,2025,2025-12-15,3.2,Meets Expectations,15
2850,1099,2023,2023-12-15,2.6,Needs Improvement,20
2851,1099,2024,2024-12-15,2.8,Needs Improvement,33
2852,1099,2025,2025-12-15,3.2,Meets Expectations,7
2853,1100,2023,2023-12-15,4.6,Outstanding,2
2854,1100,2024,2024-12-15,3.9,Meets Expectations,33
2855,1100,2025,2025-12-15,3.7,Meets Expectations,27
2856,1101,2021,2021-12-15,3.6,Meets Expectations,35
2857,1101,2022,2022-12-15,5.0,Outstanding,38
2858,1101,2023,2023-12-15,2.9,Needs Improvement,12
2859,1101,2024,2024-12-15,4.0,Exceeds Expectations,21
2860,1101,2025,2025-12-15,3.4,Meets Expectations,5
2861,1102,2024,2024-12-15,3.7,Meets Expectations,29
2862,1102,2025,2025-12-15,3.3,Meets Expectations,12
2863,1103,2025,2025-12-15,3.3,Meets Expectations,26
2864,1104,2021,2021-12-15,4.7,Outstanding,12
2865,1104,2022,2022-12-15,3.7,Meets Expectations,3
2866,1105,2023,2023-12-15,3.1,Meets Expectations,23
2867,1105,2024,2024-12-15,2.8,Needs Improvement,5
2868,1105,2025,2025-12-15,3.4,Meets Expectations,38
2869,1106,2022,2022-12-15,3.3,Meets Expectations,8
2870,1106,2023,2023-12-15,2.9,Needs Improvement,5
2871,1106,2024,2024-12-15,2.8,Needs Improvement,8
2872,1106,2025,2025-12-15,4.1,Exceeds Expectations,38
2873,1107,2022,2022-12-15,3.2,Meets Expectations,13
2874,1107,2023,2023-12-15,4.6,Outstanding,23
2875,1107,2024,2024-12-15,4.5,Outstanding,39
2876,1107,2025,2025-12-15,4.4,Exceeds Expectations,31
2877,1108,2022,2022-12-15,3.1,Meets Expectations,29
2878,1109,2025,2025-12-15,3.3,Meets Expectations,4
2879,1110,2021,2021-12-15,2.9,Needs Improvement,37
2880,1110,2022,2022-12-15,3.5,Meets Expectations,17
2881,1110,2023,2023-12-15,2.5,Needs Improvement,14
2882,1110,2024,2024-12-15,3.9,Meets Expectations,28
2883,1111,2025,2025-12-15,3.2,Meets Expectations,10
2884,1112,2025,2025-12-15,4.0,Exceeds Expectations,35
2885,1113,2025,2025-12-15,3.7,Meets Expectations,19
2886,1114,2021,2021-12-15,4.8,Outstanding,28
2887,1114,2022,2022-12-15,2.6,Needs Improvement,39
2888,1114,2023,2023-12-15,2.5,Needs Improvement,38
2889,1114,2024,2024-12-15,3.2,Meets Expectations,30
2890,1114,2025,2025-12-15,2.9,Needs Improvement,30
2891,1115,2023,2023-12-15,2.7,Needs Improvement,40
2892,1115,2024,2024-12-15,4.5,Outstanding,30
2893,1115,2025,2025-12-15,2.1,Needs Improvement,31
2894,1116,2023,2023-12-15,4.5,Outstanding,27
2895,1116,2024,2024-12-15,2.1,Needs Improvement,30
2896,1116,2025,2025-12-15,3.4,Meets Expectations,38
2897,1117,2021,2021-12-15,3.2,Meets Expectations,35
2898,1117,2022,2022-12-15,4.6,Outstanding,26
2899,1117,2023,2023-12-15,4.2,Exceeds Expectations,17
2900,1117,2024,2024-12-15,4.3,Exceeds Expectations,10
2901,1117,2025,2025-12-15,3.9,Meets Expectations,4
2902,1118,2024,2024-12-15,4.4,Exceeds Expectations,38
2903,1118,2025,2025-12-15,4.6,Outstanding,34
2904,1119,2024,2024-12-15,2.3,Needs Improvement,36
2905,1119,2025,2025-12-15,3.9,Meets Expectations,18
2906,1120,2025,2025-12-15,3.6,Meets Expectations,3
2907,1121,2021,2021-12-15,3.2,Meets Expectations,8
2908,1121,2022,2022-12-15,5.0,Outstanding,19
2909,1121,2023,2023-12-15,3.8,Meets Expectations,8
2910,1121,2024,2024-12-15,3.7,Meets Expectations,5
2911,1121,2025,2025-12-15,3.6,Meets Expectations,39
2912,1122,2025,2025-12-15,4.5,Outstanding,8
2913,1123,2024,2024-12-15,2.4,Needs Improvement,8
2914,1123,2025,2025-12-15,3.7,Meets Expectations,38
2915,1124,2021,2021-12-15,2.5,Needs Improvement,29
2916,1124,2022,2022-12-15,3.4,Meets Expectations,21
2917,1124,2023,2023-12-15,3.4,Meets Expectations,15
2918,1124,2024,2024-12-15,4.9,Outstanding,19
2919,1124,2025,2025-12-15,3.6,Meets Expectations,37
2920,1125,2024,2024-12-15,3.4,Meets Expectations,23
2921,1125,2025,2025-12-15,3.6,Meets Expectations,14
2922,1126,2022,2022-12-15,2.6,Needs Improvement,8
2923,1126,2023,2023-12-15,3.2,Meets Expectations,12
2924,1126,2024,2024-12-15,3.7,Meets Expectations,29
2925,1127,2025,2025-12-15,2.8,Needs Improvement,24
2926,1128,2023,2023-12-15,3.9,Meets Expectations,34
2927,1128,2024,2024-12-15,3.8,Meets Expectations,26
2928,1128,2025,2025-12-15,3.7,Meets Expectations,39
2929,1129,2021,2021-12-15,3.7,Meets Expectations,39
2930,1129,2022,2022-12-15,3.0,Meets Expectations,2
2931,1129,2023,2023-12-15,4.5,Outstanding,18
2932,1129,2024,2024-12-15,3.8,Meets Expectations,16
2933,1129,2025,2025-12-15,4.2,Exceeds Expectations,39
2934,1130,2024,2024-12-15,3.2,Meets Expectations,39
2935,1130,2025,2025-12-15,3.0,Meets Expectations,38
2936,1131,2025,2025-12-15,3.6,Meets Expectations,20
2937,1132,2024,2024-12-15,3.1,Meets Expectations,35
2938,1132,2025,2025-12-15,3.5,Meets Expectations,27
2939,1133,2022,2022-12-15,3.3,Meets Expectations,8
2940,1133,2023,2023-12-15,3.4,Meets Expectations,37
2941,1134,2023,2023-12-15,4.1,Exceeds Expectations,22
2942,1134,2024,2024-12-15,4.6,Outstanding,22
2943,1134,2025,2025-12-15,3.8,Meets Expectations,25
2944,1135,2021,2021-12-15,3.9,Meets Expectations,34
2945,1135,2022,2022-12-15,2.6,Needs Improvement,40
2946,1135,2023,2023-12-15,3.5,Meets Expectations,27
2947,1135,2024,2024-12-15,3.9,Meets Expectations,15
2948,1135,2025,2025-12-15,2.8,Needs Improvement,34
2949,1136,2023,2023-12-15,3.2,Meets Expectations,9
2950,1136,2024,2024-12-15,3.7,Meets Expectations,19
2951,1136,2025,2025-12-15,2.3,Needs Improvement,18
2952,1137,2025,2025-12-15,3.5,Meets Expectations,15
2953,1138,2025,2025-12-15,3.3,Meets Expectations,9
2954,1139,2021,2021-12-15,2.7,Needs Improvement,3
2955,1139,2022,2022-12-15,4.1,Exceeds Expectations,3
2956,1139,2023,2023-12-15,3.8,Meets Expectations,15
2957,1139,2024,2024-12-15,3.1,Meets Expectations,11
2958,1139,2025,2025-12-15,3.7,Meets Expectations,39
2959,1140,2021,2021-12-15,3.6,Meets Expectations,8
2960,1140,2022,2022-12-15,3.4,Meets Expectations,22
2961,1140,2023,2023-12-15,2.0,Needs Improvement,10
2962,1140,2024,2024-12-15,3.9,Meets Expectations,33
2963,1140,2025,2025-12-15,3.0,Meets Expectations,25
2964,1141,2021,2021-12-15,2.3,Needs Improvement,2
2965,1141,2022,2022-12-15,2.0,Needs Improvement,21
2966,1141,2023,2023-12-15,3.7,Meets Expectations,31
2967,1141,2024,2024-12-15,3.9,Meets Expectations,30
2968,1142,2023,2023-12-15,3.6,Meets Expectations,38
2969,1142,2024,2024-12-15,2.5,Needs Improvement,23
2970,1142,2025,2025-12-15,3.5,Meets Expectations,35
2971,1143,2021,2021-12-15,4.4,Exceeds Expectations,16
2972,1143,2022,2022-12-15,2.8,Needs Improvement,6
2973,1143,2023,2023-12-15,3.9,Meets Expectations,16
2974,1143,2024,2024-12-15,2.8,Needs Improvement,17
2975,1143,2025,2025-12-15,2.2,Needs Improvement,35
2976,1144,2023,2023-12-15,4.2,Exceeds Expectations,38
2977,1144,2024,2024-12-15,3.8,Meets Expectations,35
2978,1144,2025,2025-12-15,4.1,Exceeds Expectations,34
2979,1145,2025,2025-12-15,3.8,Meets Expectations,36
2980,1146,2021,2021-12-15,4.2,Exceeds Expectations,18
2981,1146,2022,2022-12-15,3.9,Meets Expectations,4
2982,1146,2023,2023-12-15,3.5,Meets Expectations,19
2983,1146,2024,2024-12-15,3.5,Meets Expectations,35
2984,1146,2025,2025-12-15,2.3,Needs Improvement,31
2985,1147,2022,2022-12-15,2.3,Needs Improvement,13
2986,1147,2023,2023-12-15,3.0,Meets Expectations,21
2987,1147,2024,2024-12-15,3.2,Meets Expectations,32
2988,1147,2025,2025-12-15,2.6,Needs Improvement,32
2989,1148,2024,2024-12-15,3.2,Meets Expectations,32
2990,1148,2025,2025-12-15,3.7,Meets Expectations,23
2991,1149,2024,2024-12-15,3.0,Meets Expectations,35
2992,1149,2025,2025-12-15,3.0,Meets Expectations,20
2993,1150,2024,2024-12-15,3.4,Meets Expectations,29
2994,1150,2025,2025-12-15,4.4,Exceeds Expectations,17
2995,1151,2023,2023-12-15,2.7,Needs Improvement,33
2996,1151,2024,2024-12-15,3.3,Meets Expectations,7
2997,1151,2025,2025-12-15,3.5,Meets Expectations,27
2998,1152,2021,2021-12-15,5.0,Outstanding,40
2999,1152,2022,2022-12-15,4.0,Exceeds Expectations,15
3000,1152,2023,2023-12-15,2.5,Needs Improvement,14
3001,1152,2024,2024-12-15,4.4,Exceeds Expectations,2
3002,1152,2025,2025-12-15,3.4,Meets Expectations,39
3003,1153,2022,2022-12-15,3.5,Meets Expectations,5
3004,1153,2023,2023-12-15,2.8,Needs Improvement,23
3005,1153,2024,2024-12-15,3.2,Meets Expectations,8
3006,1153,2025,2025-12-15,3.8,Meets Expectations,3
3007,1154,2022,2022-12-15,3.7,Meets Expectations,26
3008,1154,2023,2023-12-15,3.0,Meets Expectations,34
3009,1154,2024,2024-12-15,5.0,Outstanding,9
3010,1154,2025,2025-12-15,3.4,Meets Expectations,24
3011,1155,2022,2022-12-15,3.7,Meets Expectations,36
3012,1155,2023,2023-12-15,3.3,Meets Expectations,31
3013,1155,2024,2024-12-15,3.0,Meets Expectations,32
3014,1155,2025,2025-12-15,3.3,Meets Expectations,10
3015,1156,2024,2024-12-15,2.2,Needs Improvement,22
3016,1156,2025,2025-12-15,3.1,Meets Expectations,39
3017,1157,2021,2021-12-15,1.7,Needs Improvement,10
3018,1157,2022,2022-12-15,3.0,Meets Expectations,31
3019,1157,2023,2023-12-15,4.0,Exceeds Expectations,33
3020,1157,2024,2024-12-15,2.4,Needs Improvement,11
3021,1157,2025,2025-12-15,3.7,Meets Expectations,9
3022,1158,2023,2023-12-15,3.4,Meets Expectations,4
3023,1158,2024,2024-12-15,3.1,Meets Expectations,21
3024,1158,2025,2025-12-15,3.0,Meets Expectations,32
3025,1159,2025,2025-12-15,2.5,Needs Improvement,38
3026,1160,2022,2022-12-15,4.2,Exceeds Expectations,38
3027,1160,2023,2023-12-15,3.5,Meets Expectations,8
3028,1160,2024,2024-12-15,3.6,Meets Expectations,21
3029,1161,2024,2024-12-15,3.8,Meets Expectations,38
3030,1161,2025,2025-12-15,2.7,Needs Improvement,21
3031,1162,2023,2023-12-15,3.8,Meets Expectations,36
3032,1162,2024,2024-12-15,3.1,Meets Expectations,22
3033,1162,2025,2025-12-15,2.7,Needs Improvement,26
3034,1163,2021,2021-12-15,3.4,Meets Expectations,18
3035,1163,2022,2022-12-15,2.6,Needs Improvement,39
3036,1163,2023,2023-12-15,2.4,Needs Improvement,13
3037,1163,2024,2024-12-15,3.7,Meets Expectations,21
3038,1163,2025,2025-12-15,3.6,Meets Expectations,5
3039,1164,2022,2022-12-15,4.0,Exceeds Expectations,20
3040,1164,2023,2023-12-15,3.3,Meets Expectations,38
3041,1164,2024,2024-12-15,4.0,Exceeds Expectations,28
3042,1165,2025,2025-12-15,3.3,Meets Expectations,34
3043,1166,2022,2022-12-15,2.6,Needs Improvement,35
3044,1166,2023,2023-12-15,4.0,Exceeds Expectations,11
3045,1166,2024,2024-12-15,3.6,Meets Expectations,36
3046,1166,2025,2025-12-15,3.4,Meets Expectations,5
3047,1167,2023,2023-12-15,4.3,Exceeds Expectations,30
3048,1167,2024,2024-12-15,5.0,Outstanding,32
3049,1167,2025,2025-12-15,4.1,Exceeds Expectations,33
3050,1168,2023,2023-12-15,4.2,Exceeds Expectations,27
3051,1168,2024,2024-12-15,3.4,Meets Expectations,22
3052,1168,2025,2025-12-15,2.8,Needs Improvement,33
3053,1169,2021,2021-12-15,3.5,Meets Expectations,7
3054,1169,2022,2022-12-15,4.3,Exceeds Expectations,7
3055,1169,2023,2023-12-15,4.5,Outstanding,4
3056,1169,2024,2024-12-15,3.1,Meets Expectations,10
3057,1169,2025,2025-12-15,3.3,Meets Expectations,21
3058,1170,2022,2022-12-15,4.2,Exceeds Expectations,33
3059,1170,2023,2023-12-15,1.7,Needs Improvement,2
3060,1170,2024,2024-12-15,3.9,Meets Expectations,3
3061,1170,2025,2025-12-15,4.1,Exceeds Expectations,11
3062,1171,2022,2022-12-15,3.3,Meets Expectations,39
3063,1171,2023,2023-12-15,3.1,Meets Expectations,3
3064,1171,2024,2024-12-15,4.1,Exceeds Expectations,19
3065,1171,2025,2025-12-15,5.0,Outstanding,35
3066,1172,2025,2025-12-15,3.9,Meets Expectations,18
3067,1173,2021,2021-12-15,3.4,Meets Expectations,38
3068,1173,2022,2022-12-15,4.4,Exceeds Expectations,2
3069,1173,2023,2023-12-15,2.7,Needs Improvement,40
3070,1173,2024,2024-12-15,2.3,Needs Improvement,33
3071,1173,2025,2025-12-15,2.2,Needs Improvement,2
3072,1174,2023,2023-12-15,3.2,Meets Expectations,14
3073,1174,2024,2024-12-15,3.5,Meets Expectations,34
3074,1174,2025,2025-12-15,2.9,Needs Improvement,11
3075,1175,2021,2021-12-15,3.7,Meets Expectations,29
3076,1175,2022,2022-12-15,4.0,Exceeds Expectations,5
3077,1175,2023,2023-12-15,2.5,Needs Improvement,31
3078,1175,2024,2024-12-15,3.7,Meets Expectations,8
3079,1175,2025,2025-12-15,4.1,Exceeds Expectations,14
3080,1176,2022,2022-12-15,3.7,Meets Expectations,34
3081,1176,2023,2023-12-15,2.0,Needs Improvement,33
3082,1176,2024,2024-12-15,3.0,Meets Expectations,39
3083,1176,2025,2025-12-15,3.1,Meets Expectations,5
3084,1177,2022,2022-12-15,2.6,Needs Improvement,12
3085,1177,2023,2023-12-15,3.2,Meets Expectations,21
3086,1177,2024,2024-12-15,3.1,Meets Expectations,34
3087,1177,2025,2025-12-15,3.3,Meets Expectations,11
3088,1178,2025,2025-12-15,3.6,Meets Expectations,2
3089,1180,2021,2021-12-15,4.3,Exceeds Expectations,26
3090,1180,2022,2022-12-15,1.8,Needs Improvement,34
3091,1180,2023,2023-12-15,3.6,Meets Expectations,12
3092,1180,2024,2024-12-15,3.5,Meets Expectations,18
3093,1180,2025,2025-12-15,4.0,Exceeds Expectations,12
3094,1181,2025,2025-12-15,3.4,Meets Expectations,18
3095,1182,2022,2022-12-15,2.7,Needs Improvement,30
3096,1182,2023,2023-12-15,3.8,Meets Expectations,35
3097,1182,2024,2024-12-15,3.5,Meets Expectations,6
3098,1182,2025,2025-12-15,3.1,Meets Expectations,12
3099,1183,2024,2024-12-15,3.3,Meets Expectations,25
3100,1184,2025,2025-12-15,4.1,Exceeds Expectations,26
3101,1186,2022,2022-12-15,3.6,Meets Expectations,19
3102,1186,2023,2023-12-15,3.9,Meets Expectations,9
3103,1186,2024,2024-12-15,4.8,Outstanding,2
3104,1186,2025,2025-12-15,4.6,Outstanding,38
3105,1188,2025,2025-12-15,3.9,Meets Expectations,32
3106,1189,2021,2021-12-15,4.1,Exceeds Expectations,3
3107,1189,2022,2022-12-15,3.8,Meets Expectations,4
3108,1189,2023,2023-12-15,4.3,Exceeds Expectations,19
3109,1190,2023,2023-12-15,2.5,Needs Improvement,40
3110,1190,2024,2024-12-15,2.2,Needs Improvement,24
3111,1190,2025,2025-12-15,2.4,Needs Improvement,33
3112,1191,2022,2022-12-15,4.7,Outstanding,5
3113,1191,2023,2023-12-15,3.2,Meets Expectations,25
3114,1191,2024,2024-12-15,3.7,Meets Expectations,32
3115,1191,2025,2025-12-15,4.1,Exceeds Expectations,8
3116,1192,2023,2023-12-15,4.7,Outstanding,17
3117,1192,2024,2024-12-15,4.5,Outstanding,33
3118,1192,2025,2025-12-15,3.9,Meets Expectations,25
3119,1193,2022,2022-12-15,2.2,Needs Improvement,38
3120,1193,2023,2023-12-15,3.2,Meets Expectations,37
3121,1193,2024,2024-12-15,3.5,Meets Expectations,15
3122,1193,2025,2025-12-15,4.2,Exceeds Expectations,12
3123,1194,2022,2022-12-15,3.3,Meets Expectations,25
3124,1194,2023,2023-12-15,3.2,Meets Expectations,40
3125,1194,2024,2024-12-15,3.0,Meets Expectations,29
3126,1194,2025,2025-12-15,3.1,Meets Expectations,18
3127,1195,2022,2022-12-15,3.0,Meets Expectations,10
3128,1195,2023,2023-12-15,4.1,Exceeds Expectations,26
3129,1195,2024,2024-12-15,3.5,Meets Expectations,22
3130,1196,2023,2023-12-15,3.8,Meets Expectations,32
3131,1196,2024,2024-12-15,2.7,Needs Improvement,14
3132,1196,2025,2025-12-15,4.0,Exceeds Expectations,35
3133,1197,2025,2025-12-15,2.0,Needs Improvement,12
3134,1198,2021,2021-12-15,2.9,Needs Improvement,15
3135,1198,2022,2022-12-15,3.3,Meets Expectations,36
3136,1198,2023,2023-12-15,2.4,Needs Improvement,12
3137,1198,2024,2024-12-15,3.6,Meets Expectations,27
3138,1198,2025,2025-12-15,3.4,Meets Expectations,26
3139,1199,2021,2021-12-15,4.3,Exceeds Expectations,21
3140,1199,2022,2022-12-15,4.0,Exceeds Expectations,27
3141,1199,2023,2023-12-15,3.1,Meets Expectations,37
3142,1199,2024,2024-12-15,2.5,Needs Improvement,11
3143,1199,2025,2025-12-15,3.7,Meets Expectations,26
3144,1200,2022,2022-12-15,2.5,Needs Improvement,32
3145,1200,2023,2023-12-15,4.0,Exceeds Expectations,31
3146,1200,2024,2024-12-15,3.6,Meets Expectations,24
3147,1200,2025,2025-12-15,4.3,Exceeds Expectations,30
