salary_history_id,employee_id,effective_date,annual_salary,change_reason
1,1,2023-04-12,915000,Joining Salary
2,1,2024-04-12,1045000,Annual Revision
3,1,2025-04-12,1100000,Market Adjustment
4,2,2023-07-11,1065000,Joining Salary
5,2,2024-07-11,1160000,Annual Revision
6,3,2025-04-17,475000,Joining Salary
7,4,2023-10-03,1215000,Joining Salary
8,4,2024-10-03,1325000,Market Adjustment
9,5,2024-09-19,715000,Joining Salary
10,5,2025-09-19,815000,Promotion Increase
11,6,2022-07-01,1675000,Joining Salary
12,6,2023-07-01,1805000,Annual Revision
13,6,2025-07-01,1870000,Annual Revision
14,7,2023-08-27,540000,Joining Salary
15,7,2024-08-27,555000,Promotion Increase
16,7,2025-08-27,625000,Promotion Increase
17,8,2025-03-09,710000,Joining Salary
18,9,2021-12-25,1020000,Joining Salary
19,9,2022-12-25,1145000,Market Adjustment
20,10,2025-11-25,1470000,Joining Salary
21,11,2025-08-28,390000,Joining Salary
22,12,2024-02-20,585000,Joining Salary
23,13,2025-07-18,1010000,Joining Salary
24,14,2023-04-18,1700000,Joining Salary
25,14,2024-04-18,1915000,Market Adjustment
26,14,2025-04-18,2130000,Market Adjustment
27,15,2023-04-02,475000,Joining Salary
28,15,2024-04-02,495000,Annual Revision
29,15,2025-04-02,515000,Annual Revision
30,16,2021-10-27,1120000,Joining Salary
31,16,2023-10-27,1245000,Annual Revision
32,16,2024-10-27,1320000,Promotion Increase
33,16,2025-10-27,1375000,Annual Revision
34,17,2022-10-15,660000,Joining Salary
35,17,2023-10-15,695000,Market Adjustment
36,17,2025-10-15,725000,Annual Revision
37,18,2023-12-18,1205000,Joining Salary
38,18,2024-12-18,1325000,Market Adjustment
39,19,2024-10-04,1385000,Joining Salary
40,20,2021-01-22,1430000,Joining Salary
41,20,2022-01-22,1510000,Annual Revision
42,20,2023-01-22,1680000,Promotion Increase
43,21,2025-09-01,540000,Joining Salary
44,22,2024-04-15,835000,Joining Salary
45,23,2023-08-26,460000,Joining Salary
46,23,2024-08-26,515000,Annual Revision
47,24,2025-10-07,675000,Joining Salary
48,25,2022-01-25,1590000,Joining Salary
49,25,2023-01-25,1695000,Annual Revision
50,25,2025-01-25,1765000,Annual Revision
51,26,2021-08-19,1225000,Joining Salary
52,26,2022-08-19,1305000,Promotion Increase
53,26,2023-08-19,1415000,Promotion Increase
54,26,2024-08-19,1465000,Market Adjustment
55,26,2025-08-19,1575000,Promotion Increase
56,27,2023-03-13,910000,Joining Salary
57,27,2024-03-13,970000,Promotion Increase
58,27,2025-03-13,1030000,Market Adjustment
59,28,2025-04-22,1240000,Joining Salary
60,29,2021-02-23,900000,Joining Salary
61,29,2023-02-23,930000,Market Adjustment
62,29,2024-02-23,1010000,Market Adjustment
63,29,2025-02-23,1145000,Annual Revision
64,30,2021-09-25,580000,Joining Salary
65,30,2022-09-25,640000,Annual Revision
66,31,2025-09-16,1325000,Joining Salary
67,32,2025-01-17,480000,Joining Salary
68,33,2025-09-24,1260000,Joining Salary
69,34,2023-12-30,1535000,Joining Salary
70,34,2024-12-28,1650000,Market Adjustment
71,35,2022-02-08,680000,Joining Salary
72,35,2023-02-08,760000,Market Adjustment
73,35,2024-02-08,855000,Market Adjustment
74,35,2025-02-08,925000,Market Adjustment
75,36,2024-01-21,935000,Joining Salary
76,36,2025-01-21,1040000,Market Adjustment
77,37,2022-10-03,1255000,Joining Salary
78,38,2024-09-17,1495000,Joining Salary
79,39,2025-11-28,895000,Joining Salary
80,40,2023-12-29,1060000,Joining Salary
81,40,2024-12-28,1155000,Market Adjustment
82,40,2025-12-28,1275000,Promotion Increase
83,41,2025-10-12,1625000,Joining Salary
84,42,2025-01-29,1025000,Joining Salary
85,43,2022-10-19,740000,Joining Salary
86,43,2023-10-19,805000,Annual Revision
87,43,2024-10-19,865000,Promotion Increase
88,44,2025-09-20,1465000,Joining Salary
89,45,2021-02-28,480000,Joining Salary
90,45,2022-02-28,515000,Annual Revision
91,45,2023-02-28,580000,Promotion Increase
92,45,2024-02-28,615000,Promotion Increase
93,45,2025-02-28,645000,Market Adjustment
94,46,2021-08-12,465000,Joining Salary
95,47,2021-06-29,515000,Joining Salary
96,47,2022-06-28,585000,Market Adjustment
97,47,2023-06-28,660000,Market Adjustment
98,47,2024-06-28,730000,Market Adjustment
99,47,2025-06-28,830000,Annual Revision
100,48,2024-07-04,1135000,Joining Salary
101,49,2023-08-03,1575000,Joining Salary
102,49,2024-08-03,1790000,Promotion Increase
103,49,2025-08-03,1950000,Promotion Increase
104,50,2025-03-26,1155000,Joining Salary
105,51,2021-03-03,1420000,Joining Salary
106,51,2022-03-03,1575000,Annual Revision
107,51,2023-03-03,1740000,Annual Revision
108,51,2024-03-03,1960000,Annual Revision
109,52,2022-10-12,1225000,Joining Salary
110,52,2023-10-12,1275000,Annual Revision
111,52,2024-10-12,1440000,Promotion Increase
112,52,2025-10-12,1630000,Market Adjustment
113,53,2023-01-01,1370000,Joining Salary
114,53,2024-01-01,1540000,Promotion Increase
115,53,2025-01-01,1670000,Annual Revision
116,54,2024-09-12,790000,Joining Salary
117,55,2022-12-22,895000,Joining Salary
118,55,2023-12-22,945000,Market Adjustment
119,55,2024-12-22,980000,Market Adjustment
120,55,2025-12-22,1030000,Promotion Increase
121,56,2025-08-22,460000,Joining Salary
122,57,2022-03-16,730000,Joining Salary
123,58,2021-12-04,730000,Joining Salary
124,58,2023-12-04,830000,Annual Revision
125,58,2024-12-04,920000,Annual Revision
126,58,2025-12-04,1025000,Annual Revision
127,59,2022-08-30,735000,Joining Salary
128,59,2023-08-28,790000,Market Adjustment
129,59,2024-08-28,835000,Promotion Increase
130,60,2023-01-28,745000,Joining Salary
131,60,2024-01-28,845000,Market Adjustment
132,60,2025-01-28,875000,Promotion Increase
133,61,2022-06-09,850000,Joining Salary
134,62,2021-08-16,750000,Joining Salary
135,62,2023-08-16,805000,Annual Revision
136,62,2024-08-16,870000,Promotion Increase
137,62,2025-08-16,940000,Promotion Increase
138,63,2023-11-20,1230000,Joining Salary
139,64,2024-08-18,895000,Joining Salary
140,65,2025-04-26,720000,Joining Salary
141,66,2025-09-09,975000,Joining Salary
142,67,2023-04-29,930000,Joining Salary
143,67,2024-04-28,975000,Annual Revision
144,67,2025-04-28,1105000,Promotion Increase
145,68,2025-02-09,620000,Joining Salary
146,69,2024-08-27,835000,Joining Salary
147,69,2025-08-27,875000,Annual Revision
148,70,2022-01-08,485000,Joining Salary
149,70,2023-01-08,540000,Promotion Increase
150,70,2024-01-08,610000,Promotion Increase
151,70,2025-01-08,690000,Annual Revision
152,71,2021-07-13,1720000,Joining Salary
153,71,2025-07-13,1820000,Market Adjustment
154,72,2022-10-10,515000,Joining Salary
155,72,2023-10-10,550000,Market Adjustment
156,72,2024-10-10,570000,Annual Revision
157,72,2025-10-10,630000,Promotion Increase
158,73,2023-05-05,1480000,Joining Salary
159,73,2024-05-05,1670000,Market Adjustment
160,73,2025-05-05,1860000,Market Adjustment
161,74,2022-08-24,1265000,Joining Salary
162,75,2023-05-09,745000,Joining Salary
163,75,2024-05-09,820000,Market Adjustment
164,75,2025-05-09,875000,Promotion Increase
165,76,2022-08-04,830000,Joining Salary
166,76,2023-08-04,865000,Market Adjustment
167,76,2024-08-04,925000,Promotion Increase
168,76,2025-08-04,1055000,Market Adjustment
169,77,2024-04-07,1985000,Joining Salary
170,77,2025-04-07,2100000,Market Adjustment
171,78,2023-04-14,1335000,Joining Salary
172,78,2025-04-14,1405000,Promotion Increase
173,79,2021-11-21,720000,Joining Salary
174,79,2022-11-21,785000,Promotion Increase
175,79,2023-11-21,865000,Promotion Increase
176,80,2022-09-28,995000,Joining Salary
177,80,2024-09-28,1120000,Promotion Increase
178,80,2025-09-28,1180000,Annual Revision
179,81,2025-02-25,475000,Joining Salary
180,82,2022-07-16,860000,Joining Salary
181,82,2023-07-16,945000,Promotion Increase
182,83,2024-03-28,895000,Joining Salary
183,83,2025-03-28,945000,Promotion Increase
184,84,2022-10-12,1595000,Joining Salary
185,84,2023-10-12,1665000,Annual Revision
186,85,2022-12-02,965000,Joining Salary
187,85,2023-12-02,1025000,Promotion Increase
188,85,2025-12-02,1065000,Annual Revision
189,86,2024-12-14,605000,Joining Salary
190,86,2025-12-14,675000,Promotion Increase
191,87,2021-05-08,1230000,Joining Salary
192,87,2022-05-08,1385000,Market Adjustment
193,87,2023-05-08,1490000,Promotion Increase
194,87,2024-05-08,1545000,Annual Revision
195,87,2025-05-08,1745000,Annual Revision
196,88,2021-07-06,1070000,Joining Salary
197,88,2022-07-06,1175000,Annual Revision
198,88,2023-07-06,1335000,Annual Revision
199,88,2024-07-06,1410000,Promotion Increase
200,89,2022-01-05,620000,Joining Salary
201,89,2024-01-05,705000,Annual Revision
202,89,2025-01-05,765000,Market Adjustment
203,90,2023-07-15,1585000,Joining Salary
204,90,2024-07-15,1660000,Market Adjustment
205,91,2021-02-20,1650000,Joining Salary
206,91,2022-02-20,1735000,Market Adjustment
207,91,2023-02-20,1965000,Annual Revision
208,91,2025-02-20,2195000,Promotion Increase
209,92,2024-10-11,920000,Joining Salary
210,92,2025-10-11,1010000,Annual Revision
211,93,2021-06-07,1055000,Joining Salary
212,93,2024-06-07,1180000,Annual Revision
213,94,2023-01-16,1195000,Joining Salary
214,94,2024-01-16,1345000,Annual Revision
215,95,2025-08-20,1140000,Joining Salary
216,96,2022-06-10,1160000,Joining Salary
217,96,2023-06-10,1285000,Promotion Increase
218,96,2024-06-10,1390000,Annual Revision
219,96,2025-06-10,1455000,Annual Revision
220,97,2024-10-24,1410000,Joining Salary
221,97,2025-10-24,1570000,Promotion Increase
222,98,2025-01-31,870000,Joining Salary
223,99,2024-08-26,1655000,Joining Salary
224,100,2023-03-11,1500000,Joining Salary
225,100,2025-03-11,1680000,Promotion Increase
226,101,2024-10-20,1055000,Joining Salary
227,101,2025-10-20,1110000,Market Adjustment
228,102,2025-09-21,1180000,Joining Salary
229,103,2021-01-07,880000,Joining Salary
230,103,2023-01-07,950000,Annual Revision
231,103,2025-01-07,995000,Promotion Increase
232,104,2025-10-21,665000,Joining Salary
233,105,2021-08-12,880000,Joining Salary
234,105,2022-08-12,910000,Promotion Increase
235,105,2023-08-12,1010000,Market Adjustment
236,105,2025-08-12,1045000,Promotion Increase
237,106,2024-01-22,1115000,Joining Salary
238,106,2025-01-22,1235000,Market Adjustment
239,107,2025-06-08,695000,Joining Salary
240,108,2023-06-25,655000,Joining Salary
241,108,2024-06-25,720000,Market Adjustment
242,108,2025-06-25,745000,Promotion Increase
243,109,2022-08-20,900000,Joining Salary
244,109,2023-08-20,950000,Market Adjustment
245,109,2024-08-20,1075000,Annual Revision
246,110,2021-11-23,1175000,Joining Salary
247,110,2022-11-23,1250000,Promotion Increase
248,110,2023-11-23,1375000,Annual Revision
249,110,2024-11-23,1495000,Promotion Increase
250,110,2025-11-23,1600000,Market Adjustment
251,111,2021-03-08,1445000,Joining Salary
252,112,2025-05-28,700000,Joining Salary
253,113,2022-04-21,920000,Joining Salary
254,113,2023-04-21,980000,Annual Revision
255,113,2024-04-21,1015000,Annual Revision
256,113,2025-04-21,1100000,Annual Revision
257,114,2025-10-22,1330000,Joining Salary
258,115,2025-07-28,1005000,Joining Salary
259,116,2025-05-07,870000,Joining Salary
260,117,2024-02-01,1225000,Joining Salary
261,118,2023-05-02,930000,Joining Salary
262,118,2024-05-02,960000,Market Adjustment
263,119,2025-07-15,1080000,Joining Salary
264,120,2025-06-24,635000,Joining Salary
265,121,2023-10-28,1675000,Joining Salary
266,121,2024-10-28,1805000,Annual Revision
267,122,2021-08-02,625000,Joining Salary
268,122,2022-08-02,660000,Annual Revision
269,122,2023-08-02,680000,Market Adjustment
270,122,2025-08-02,705000,Annual Revision
271,123,2022-06-16,1145000,Joining Salary
272,123,2025-06-16,1290000,Promotion Increase
273,124,2023-11-29,1030000,Joining Salary
274,124,2024-11-28,1120000,Promotion Increase
275,125,2023-11-25,920000,Joining Salary
276,125,2024-11-25,1020000,Market Adjustment
277,125,2025-11-25,1085000,Market Adjustment
278,126,2023-06-01,1290000,Joining Salary
279,126,2024-06-01,1440000,Promotion Increase
280,126,2025-06-01,1535000,Market Adjustment
281,127,2024-07-08,935000,Joining Salary
282,127,2025-07-08,1065000,Promotion Increase
283,128,2024-07-07,1295000,Joining Salary
284,129,2023-08-03,970000,Joining Salary
285,129,2024-08-03,1030000,Market Adjustment
286,129,2025-08-03,1105000,Annual Revision
287,130,2025-02-08,1285000,Joining Salary
288,131,2021-12-31,390000,Joining Salary
289,131,2022-12-28,435000,Market Adjustment
290,131,2023-12-28,495000,Annual Revision
291,131,2024-12-28,535000,Annual Revision
292,132,2022-11-29,610000,Joining Salary
293,132,2023-11-28,690000,Annual Revision
294,132,2024-11-28,770000,Market Adjustment
295,132,2025-11-28,870000,Market Adjustment
296,133,2022-09-26,1275000,Joining Salary
297,134,2024-01-11,660000,Joining Salary
298,134,2025-01-11,725000,Market Adjustment
299,135,2022-06-12,790000,Joining Salary
300,135,2023-06-12,815000,Market Adjustment
301,135,2024-06-12,850000,Market Adjustment
302,135,2025-06-12,930000,Market Adjustment
303,136,2024-02-10,1060000,Joining Salary
304,137,2024-09-23,775000,Joining Salary
305,137,2025-09-23,810000,Market Adjustment
306,138,2021-09-24,1025000,Joining Salary
307,138,2023-09-24,1065000,Annual Revision
308,138,2024-09-24,1125000,Annual Revision
309,138,2025-09-24,1250000,Market Adjustment
310,139,2023-10-27,620000,Joining Salary
311,139,2024-10-27,640000,Annual Revision
312,140,2024-07-08,410000,Joining Salary
313,141,2021-03-05,1360000,Joining Salary
314,141,2022-03-05,1550000,Promotion Increase
315,141,2024-03-05,1730000,Promotion Increase
316,141,2025-03-05,1810000,Promotion Increase
317,142,2025-09-21,1410000,Joining Salary
318,143,2023-06-22,1595000,Joining Salary
319,143,2024-06-22,1785000,Market Adjustment
320,143,2025-06-22,1895000,Annual Revision
321,144,2025-11-03,725000,Joining Salary
322,145,2025-08-07,360000,Joining Salary
323,146,2021-06-13,1025000,Joining Salary
324,146,2022-06-13,1060000,Annual Revision
325,146,2023-06-13,1205000,Annual Revision
326,146,2025-06-13,1350000,Annual Revision
327,147,2023-05-20,790000,Joining Salary
328,147,2024-05-20,825000,Market Adjustment
329,148,2025-02-17,1125000,Joining Salary
330,149,2022-02-03,1270000,Joining Salary
331,149,2023-02-03,1370000,Annual Revision
332,149,2024-02-03,1490000,Market Adjustment
333,149,2025-02-03,1610000,Market Adjustment
334,150,2021-02-15,1160000,Joining Salary
335,150,2023-02-15,1245000,Market Adjustment
336,150,2025-02-15,1385000,Annual Revision
337,151,2021-01-24,1410000,Joining Salary
338,151,2022-01-24,1535000,Annual Revision
339,151,2023-01-24,1625000,Annual Revision
340,151,2024-01-24,1685000,Promotion Increase
341,152,2025-02-27,575000,Joining Salary
342,153,2023-01-28,1735000,Joining Salary
343,153,2024-01-28,1860000,Market Adjustment
344,153,2025-01-28,1990000,Market Adjustment
345,154,2024-10-07,1525000,Joining Salary
346,155,2025-08-13,755000,Joining Salary
347,156,2023-05-19,1200000,Joining Salary
348,156,2024-05-19,1350000,Promotion Increase
349,156,2025-05-19,1525000,Annual Revision
350,157,2021-03-29,1235000,Joining Salary
351,157,2025-03-28,1365000,Annual Revision
352,158,2022-12-16,490000,Joining Salary
353,158,2023-12-16,525000,Promotion Increase
354,158,2024-12-16,575000,Promotion Increase
355,158,2025-12-16,625000,Annual Revision
356,159,2022-01-31,1710000,Joining Salary
357,159,2024-01-28,1790000,Annual Revision
358,159,2025-01-28,1925000,Annual Revision
359,160,2024-07-28,915000,Joining Salary
360,160,2025-07-28,1040000,Annual Revision
361,161,2025-09-15,595000,Joining Salary
362,162,2021-03-03,1060000,Joining Salary
363,162,2022-03-03,1205000,Promotion Increase
364,162,2023-03-03,1295000,Annual Revision
365,162,2024-03-03,1460000,Annual Revision
366,162,2025-03-03,1520000,Promotion Increase
367,163,2025-11-23,1390000,Joining Salary
368,164,2021-01-10,1250000,Joining Salary
369,164,2022-01-10,1290000,Promotion Increase
370,164,2023-01-10,1375000,Annual Revision
371,164,2024-01-10,1500000,Market Adjustment
372,164,2025-01-10,1660000,Annual Revision
373,165,2021-10-05,1220000,Joining Salary
374,165,2022-10-05,1275000,Promotion Increase
375,165,2023-10-05,1425000,Annual Revision
376,165,2024-10-05,1595000,Annual Revision
377,165,2025-10-05,1740000,Promotion Increase
378,166,2023-12-20,1030000,Joining Salary
379,166,2024-12-20,1095000,Market Adjustment
380,166,2025-12-20,1240000,Annual Revision
381,167,2022-10-17,955000,Joining Salary
382,167,2023-10-17,1085000,Market Adjustment
383,167,2024-10-17,1140000,Market Adjustment
384,168,2025-10-22,565000,Joining Salary
385,169,2021-07-22,755000,Joining Salary
386,169,2022-07-22,785000,Annual Revision
387,170,2023-03-01,1335000,Joining Salary
388,170,2024-03-01,1450000,Market Adjustment
389,170,2025-03-01,1520000,Annual Revision
390,171,2025-01-10,600000,Joining Salary
391,172,2021-12-15,1245000,Joining Salary
392,173,2022-07-05,870000,Joining Salary
393,173,2024-07-05,935000,Annual Revision
394,173,2025-07-05,1025000,Annual Revision
395,174,2023-01-22,660000,Joining Salary
396,174,2024-01-22,710000,Market Adjustment
397,175,2023-08-16,540000,Joining Salary
398,175,2024-08-16,570000,Promotion Increase
399,175,2025-08-16,640000,Market Adjustment
400,176,2021-03-11,1270000,Joining Salary
401,176,2022-03-11,1370000,Market Adjustment
402,176,2023-03-11,1530000,Annual Revision
403,176,2024-03-11,1590000,Market Adjustment
404,176,2025-03-11,1760000,Market Adjustment
405,177,2022-04-16,650000,Joining Salary
406,177,2025-04-16,735000,Market Adjustment
407,178,2025-06-11,1185000,Joining Salary
408,179,2023-03-08,1365000,Joining Salary
409,179,2024-03-08,1525000,Market Adjustment
410,179,2025-03-08,1715000,Annual Revision
411,180,2021-10-17,1295000,Joining Salary
412,181,2025-04-08,1575000,Joining Salary
413,182,2021-02-27,825000,Joining Salary
414,182,2022-02-27,855000,Market Adjustment
415,182,2023-02-27,955000,Annual Revision
416,182,2025-02-27,1090000,Annual Revision
417,183,2022-04-13,1625000,Joining Salary
418,183,2023-04-13,1845000,Annual Revision
419,183,2024-04-13,2030000,Market Adjustment
420,184,2022-02-11,515000,Joining Salary
421,184,2023-02-11,560000,Annual Revision
422,184,2024-02-11,600000,Annual Revision
423,184,2025-02-11,620000,Market Adjustment
424,185,2024-12-01,695000,Joining Salary
425,185,2025-12-01,785000,Annual Revision
426,186,2021-07-07,785000,Joining Salary
427,186,2022-07-07,820000,Promotion Increase
428,186,2023-07-07,920000,Promotion Increase
429,186,2024-07-07,980000,Promotion Increase
430,186,2025-07-07,1105000,Market Adjustment
431,187,2023-12-10,1335000,Joining Salary
432,187,2024-12-10,1520000,Promotion Increase
433,187,2025-12-10,1720000,Market Adjustment
434,188,2021-03-07,895000,Joining Salary
435,188,2022-03-07,975000,Promotion Increase
436,188,2023-03-07,1010000,Promotion Increase
437,188,2024-03-07,1055000,Promotion Increase
438,189,2023-04-30,925000,Joining Salary
439,189,2024-04-28,1045000,Annual Revision
440,189,2025-04-28,1080000,Annual Revision
441,190,2021-11-09,1100000,Joining Salary
442,190,2023-11-09,1150000,Promotion Increase
443,190,2024-11-09,1245000,Annual Revision
444,190,2025-11-09,1350000,Market Adjustment
445,191,2021-06-09,525000,Joining Salary
446,191,2022-06-09,555000,Market Adjustment
447,191,2023-06-09,620000,Annual Revision
448,192,2025-07-31,510000,Joining Salary
449,193,2022-03-26,465000,Joining Salary
450,193,2023-03-26,505000,Promotion Increase
451,193,2024-03-26,570000,Promotion Increase
452,194,2022-11-08,1175000,Joining Salary
453,194,2023-11-08,1305000,Promotion Increase
454,194,2025-11-08,1380000,Promotion Increase
455,195,2025-11-01,415000,Joining Salary
456,196,2021-02-12,865000,Joining Salary
457,196,2022-02-12,930000,Annual Revision
458,196,2023-02-12,1035000,Annual Revision
459,196,2024-02-12,1100000,Market Adjustment
460,196,2025-02-12,1215000,Market Adjustment
461,197,2022-06-12,705000,Joining Salary
462,197,2023-06-12,765000,Market Adjustment
463,197,2024-06-12,815000,Annual Revision
464,197,2025-06-12,850000,Market Adjustment
465,198,2022-01-30,1580000,Joining Salary
466,198,2023-01-28,1650000,Market Adjustment
467,198,2025-01-28,1825000,Market Adjustment
468,199,2024-02-04,765000,Joining Salary
469,199,2025-02-04,825000,Market Adjustment
470,200,2021-05-23,1075000,Joining Salary
471,200,2022-05-23,1220000,Promotion Increase
472,200,2023-05-23,1275000,Annual Revision
473,200,2024-05-23,1335000,Market Adjustment
474,200,2025-05-23,1470000,Annual Revision
475,201,2023-12-14,700000,Joining Salary
476,202,2025-11-04,1285000,Joining Salary
477,203,2023-11-09,610000,Joining Salary
478,203,2024-11-09,645000,Market Adjustment
479,204,2022-11-04,1320000,Joining Salary
480,204,2023-11-04,1385000,Promotion Increase
481,204,2024-11-04,1515000,Annual Revision
482,204,2025-11-04,1665000,Promotion Increase
483,205,2021-04-16,575000,Joining Salary
484,205,2022-04-16,645000,Market Adjustment
485,205,2023-04-16,705000,Promotion Increase
486,205,2024-04-16,765000,Annual Revision
487,205,2025-04-16,795000,Promotion Increase
488,206,2024-11-09,610000,Joining Salary
489,206,2025-11-09,665000,Annual Revision
490,207,2024-07-09,1820000,Joining Salary
491,208,2022-02-28,1160000,Joining Salary
492,208,2023-02-28,1215000,Promotion Increase
493,208,2024-02-28,1320000,Promotion Increase
494,208,2025-02-28,1495000,Annual Revision
495,209,2024-09-04,870000,Joining Salary
496,209,2025-09-04,915000,Annual Revision
497,210,2021-09-09,990000,Joining Salary
498,210,2022-09-09,1070000,Annual Revision
499,210,2023-09-09,1150000,Annual Revision
500,211,2023-04-29,875000,Joining Salary
501,211,2024-04-28,990000,Market Adjustment
502,212,2025-06-28,470000,Joining Salary
503,213,2024-01-20,590000,Joining Salary
504,214,2021-06-11,1065000,Joining Salary
505,214,2022-06-11,1105000,Market Adjustment
506,214,2023-06-11,1240000,Market Adjustment
507,214,2024-06-11,1310000,Market Adjustment
508,215,2025-07-20,1105000,Joining Salary
509,216,2022-02-28,455000,Joining Salary
510,216,2023-02-28,515000,Market Adjustment
511,217,2023-11-02,1080000,Joining Salary
512,217,2024-11-02,1140000,Annual Revision
513,217,2025-11-02,1255000,Market Adjustment
514,218,2023-01-23,475000,Joining Salary
515,218,2024-01-23,515000,Annual Revision
516,218,2025-01-23,535000,Market Adjustment
517,219,2024-02-15,620000,Joining Salary
518,219,2025-02-15,685000,Market Adjustment
519,220,2022-12-09,1030000,Joining Salary
520,220,2023-12-09,1075000,Market Adjustment
521,220,2024-12-09,1220000,Market Adjustment
522,220,2025-12-09,1355000,Promotion Increase
523,221,2024-09-02,505000,Joining Salary
524,221,2025-09-02,530000,Promotion Increase
525,222,2025-06-10,1195000,Joining Salary
526,223,2023-02-15,570000,Joining Salary
527,223,2024-02-15,620000,Market Adjustment
528,223,2025-02-15,650000,Market Adjustment
529,224,2023-06-23,860000,Joining Salary
530,224,2024-06-23,920000,Annual Revision
531,224,2025-06-23,960000,Promotion Increase
532,225,2022-11-11,1040000,Joining Salary
533,225,2023-11-11,1175000,Promotion Increase
534,226,2022-05-06,710000,Joining Salary
535,226,2024-05-06,790000,Annual Revision
536,226,2025-05-06,860000,Annual Revision
537,227,2023-07-14,1435000,Joining Salary
538,228,2025-03-22,705000,Joining Salary
539,229,2025-04-05,760000,Joining Salary
540,230,2024-12-21,1505000,Joining Salary
541,231,2023-01-06,820000,Joining Salary
542,231,2025-01-06,905000,Annual Revision
543,232,2025-11-02,745000,Joining Salary
544,233,2021-12-24,1090000,Joining Salary
545,233,2022-12-24,1240000,Annual Revision
546,233,2023-12-24,1385000,Promotion Increase
547,233,2025-12-24,1540000,Promotion Increase
548,234,2021-04-01,1230000,Joining Salary
549,234,2023-04-01,1370000,Annual Revision
550,234,2024-04-01,1425000,Promotion Increase
551,234,2025-04-01,1515000,Market Adjustment
552,235,2022-11-17,655000,Joining Salary
553,235,2023-11-17,680000,Promotion Increase
554,235,2024-11-17,720000,Promotion Increase
555,236,2025-11-06,605000,Joining Salary
556,237,2021-11-30,600000,Joining Salary
557,237,2022-11-28,660000,Promotion Increase
558,237,2024-11-28,720000,Market Adjustment
559,237,2025-11-28,810000,Annual Revision
560,238,2022-01-25,1060000,Joining Salary
561,238,2025-01-25,1205000,Market Adjustment
562,239,2023-11-03,680000,Joining Salary
563,239,2024-11-03,730000,Annual Revision
564,239,2025-11-03,755000,Annual Revision
565,240,2025-07-13,1265000,Joining Salary
566,241,2024-02-27,430000,Joining Salary
567,241,2025-02-27,465000,Promotion Increase
568,242,2022-03-09,1155000,Joining Salary
569,242,2025-03-09,1205000,Annual Revision
570,243,2025-10-07,1210000,Joining Salary
571,244,2025-06-18,960000,Joining Salary
572,245,2022-09-24,720000,Joining Salary
573,245,2023-09-24,790000,Annual Revision
574,245,2024-09-24,890000,Annual Revision
575,246,2022-03-12,1615000,Joining Salary
576,246,2023-03-12,1840000,Promotion Increase
577,246,2025-03-12,1920000,Market Adjustment
578,247,2025-05-07,1040000,Joining Salary
579,248,2022-04-02,740000,Joining Salary
580,249,2023-11-03,860000,Joining Salary
581,249,2024-11-03,905000,Market Adjustment
582,249,2025-11-03,970000,Market Adjustment
583,250,2024-03-17,585000,Joining Salary
584,250,2025-03-17,665000,Promotion Increase
585,251,2025-08-09,1505000,Joining Salary
586,252,2025-04-09,1170000,Joining Salary
587,253,2025-01-12,1065000,Joining Salary
588,254,2023-10-22,850000,Joining Salary
589,254,2024-10-22,895000,Market Adjustment
590,254,2025-10-22,990000,Promotion Increase
591,255,2021-05-24,685000,Joining Salary
592,255,2022-05-24,775000,Promotion Increase
593,255,2023-05-24,815000,Annual Revision
594,256,2021-10-20,775000,Joining Salary
595,256,2023-10-20,865000,Market Adjustment
596,256,2025-10-20,905000,Annual Revision
597,257,2025-02-20,590000,Joining Salary
598,258,2024-01-13,675000,Joining Salary
599,258,2025-01-13,695000,Promotion Increase
600,259,2023-05-05,525000,Joining Salary
601,260,2023-12-04,1010000,Joining Salary
602,260,2024-12-04,1055000,Annual Revision
603,260,2025-12-04,1100000,Market Adjustment
604,261,2022-11-20,1155000,Joining Salary
605,261,2023-11-20,1295000,Market Adjustment
606,261,2024-11-20,1390000,Market Adjustment
607,262,2021-12-02,715000,Joining Salary
608,262,2024-12-02,750000,Annual Revision
609,262,2025-12-02,780000,Market Adjustment
610,263,2022-12-27,685000,Joining Salary
611,263,2023-12-27,765000,Market Adjustment
612,263,2024-12-27,790000,Promotion Increase
613,264,2022-08-07,1215000,Joining Salary
614,264,2024-08-07,1350000,Promotion Increase
615,264,2025-08-07,1455000,Market Adjustment
616,265,2023-07-19,1140000,Joining Salary
617,265,2024-07-19,1190000,Annual Revision
618,265,2025-07-19,1345000,Promotion Increase
619,266,2023-05-20,1485000,Joining Salary
620,266,2024-05-20,1645000,Annual Revision
621,267,2023-10-02,1025000,Joining Salary
622,267,2024-10-02,1090000,Promotion Increase
623,268,2024-01-02,665000,Joining Salary
624,268,2025-01-02,745000,Market Adjustment
625,269,2021-04-29,765000,Joining Salary
626,269,2022-04-28,815000,Annual Revision
627,269,2023-04-28,845000,Promotion Increase
628,269,2025-04-28,895000,Annual Revision
629,270,2022-01-15,490000,Joining Salary
630,270,2023-01-15,550000,Market Adjustment
631,270,2024-01-15,585000,Market Adjustment
632,271,2023-08-31,460000,Joining Salary
633,271,2025-08-28,500000,Market Adjustment
634,272,2023-09-24,615000,Joining Salary
635,272,2024-09-24,700000,Annual Revision
636,272,2025-09-24,730000,Market Adjustment
637,273,2025-07-30,1060000,Joining Salary
638,274,2025-08-29,465000,Joining Salary
639,275,2025-02-25,1195000,Joining Salary
640,276,2022-05-22,570000,Joining Salary
641,276,2023-05-22,615000,Market Adjustment
642,276,2025-05-22,635000,Annual Revision
643,277,2025-08-07,1145000,Joining Salary
644,278,2023-12-13,860000,Joining Salary
645,278,2025-12-13,910000,Market Adjustment
646,279,2023-12-15,845000,Joining Salary
647,279,2025-12-15,910000,Annual Revision
648,280,2025-02-27,640000,Joining Salary
649,281,2022-05-09,865000,Joining Salary
650,281,2023-05-09,900000,Market Adjustment
651,282,2023-03-08,755000,Joining Salary
652,282,2024-03-08,810000,Market Adjustment
653,282,2025-03-08,850000,Promotion Increase
654,283,2024-06-19,785000,Joining Salary
655,283,2025-06-19,850000,Promotion Increase
656,284,2022-12-15,1165000,Joining Salary
657,284,2023-12-15,1315000,Annual Revision
658,284,2024-12-15,1490000,Promotion Increase
659,285,2022-08-06,920000,Joining Salary
660,285,2023-08-06,960000,Market Adjustment
661,285,2024-08-06,995000,Market Adjustment
662,286,2022-11-29,1165000,Joining Salary
663,286,2023-11-28,1285000,Promotion Increase
664,286,2024-11-28,1365000,Annual Revision
665,286,2025-11-28,1520000,Promotion Increase
666,287,2021-11-05,785000,Joining Salary
667,288,2022-09-05,905000,Joining Salary
668,288,2023-09-05,980000,Promotion Increase
669,288,2024-09-05,1020000,Market Adjustment
670,289,2023-09-08,525000,Joining Salary
671,290,2023-04-21,805000,Joining Salary
672,290,2025-04-21,890000,Market Adjustment
673,291,2024-12-31,605000,Joining Salary
674,292,2025-08-05,1740000,Joining Salary
675,293,2021-08-10,1155000,Joining Salary
676,293,2022-08-10,1195000,Market Adjustment
677,293,2023-08-10,1255000,Promotion Increase
678,294,2021-08-31,1095000,Joining Salary
679,294,2023-08-28,1180000,Market Adjustment
680,294,2025-08-28,1230000,Promotion Increase
681,295,2021-04-17,835000,Joining Salary
682,295,2022-04-17,930000,Annual Revision
683,296,2021-09-30,1275000,Joining Salary
684,296,2022-09-28,1315000,Market Adjustment
685,297,2021-08-21,415000,Joining Salary
686,297,2022-08-21,455000,Promotion Increase
687,298,2021-04-02,1695000,Joining Salary
688,298,2024-04-02,1765000,Market Adjustment
689,298,2025-04-02,1935000,Annual Revision
690,299,2021-11-14,1165000,Joining Salary
691,299,2022-11-14,1235000,Annual Revision
692,299,2023-11-14,1365000,Market Adjustment
693,299,2024-11-14,1435000,Annual Revision
694,299,2025-11-14,1610000,Market Adjustment
695,300,2023-06-10,760000,Joining Salary
696,300,2024-06-10,850000,Annual Revision
697,300,2025-06-10,935000,Promotion Increase
698,301,2021-12-13,785000,Joining Salary
699,301,2023-12-13,830000,Promotion Increase
700,301,2025-12-13,885000,Market Adjustment
701,302,2025-04-28,1675000,Joining Salary
702,303,2023-05-26,820000,Joining Salary
703,303,2024-05-26,905000,Market Adjustment
704,304,2023-10-18,1015000,Joining Salary
705,304,2024-10-18,1055000,Annual Revision
706,304,2025-10-18,1140000,Market Adjustment
707,305,2025-05-10,740000,Joining Salary
708,306,2021-03-15,615000,Joining Salary
709,306,2022-03-15,675000,Market Adjustment
710,306,2023-03-15,700000,Annual Revision
711,306,2024-03-15,795000,Market Adjustment
712,306,2025-03-15,905000,Market Adjustment
713,307,2023-12-24,960000,Joining Salary
714,307,2024-12-24,1070000,Market Adjustment
715,307,2025-12-24,1150000,Promotion Increase
716,308,2025-05-09,1390000,Joining Salary
717,309,2022-05-31,650000,Joining Salary
718,310,2025-04-18,710000,Joining Salary
719,311,2023-07-27,695000,Joining Salary
720,311,2025-07-27,720000,Promotion Increase
721,312,2023-08-24,1205000,Joining Salary
722,312,2025-08-24,1355000,Promotion Increase
723,313,2021-11-03,1640000,Joining Salary
724,313,2022-11-03,1750000,Annual Revision
725,313,2024-11-03,1840000,Promotion Increase
726,313,2025-11-03,2030000,Annual Revision
727,314,2023-04-16,750000,Joining Salary
728,314,2024-04-16,775000,Promotion Increase
729,314,2025-04-16,850000,Market Adjustment
730,315,2021-08-25,1680000,Joining Salary
731,315,2023-08-25,1815000,Market Adjustment
732,315,2024-08-25,2025000,Market Adjustment
733,316,2023-02-23,1020000,Joining Salary
734,316,2024-02-23,1075000,Annual Revision
735,316,2025-02-23,1125000,Annual Revision
736,317,2023-08-04,380000,Joining Salary
737,317,2024-08-04,420000,Annual Revision
738,317,2025-08-04,475000,Market Adjustment
739,318,2023-04-22,1515000,Joining Salary
740,318,2024-04-22,1605000,Promotion Increase
741,318,2025-04-22,1820000,Annual Revision
742,319,2025-09-23,1395000,Joining Salary
743,320,2022-11-02,1305000,Joining Salary
744,320,2023-11-02,1445000,Annual Revision
745,320,2024-11-02,1600000,Market Adjustment
746,321,2023-09-03,1075000,Joining Salary
747,321,2024-09-03,1140000,Market Adjustment
748,321,2025-09-03,1290000,Market Adjustment
749,322,2025-10-17,800000,Joining Salary
750,323,2024-12-26,720000,Joining Salary
751,323,2025-12-26,775000,Annual Revision
752,324,2021-09-19,1125000,Joining Salary
753,324,2022-09-19,1215000,Annual Revision
754,325,2022-09-02,1595000,Joining Salary
755,325,2023-09-02,1810000,Annual Revision
756,325,2024-09-02,1905000,Annual Revision
757,325,2025-09-02,2040000,Promotion Increase
758,326,2021-12-26,705000,Joining Salary
759,326,2022-12-26,740000,Market Adjustment
760,326,2023-12-26,800000,Promotion Increase
761,326,2024-12-26,845000,Promotion Increase
762,326,2025-12-26,950000,Market Adjustment
763,327,2022-02-25,850000,Joining Salary
764,327,2023-02-25,960000,Promotion Increase
765,327,2024-02-25,1045000,Annual Revision
766,327,2025-02-25,1145000,Promotion Increase
767,328,2024-12-19,1425000,Joining Salary
768,329,2024-12-14,810000,Joining Salary
769,330,2025-11-03,980000,Joining Salary
770,331,2024-04-09,985000,Joining Salary
771,331,2025-04-09,1040000,Promotion Increase
772,332,2025-11-09,560000,Joining Salary
773,333,2024-12-03,765000,Joining Salary
774,333,2025-12-03,845000,Annual Revision
775,334,2023-11-13,1450000,Joining Salary
776,334,2025-11-13,1560000,Promotion Increase
777,335,2022-12-05,1140000,Joining Salary
778,335,2023-12-05,1175000,Promotion Increase
779,335,2024-12-05,1230000,Annual Revision
780,335,2025-12-05,1275000,Market Adjustment
781,336,2022-04-11,1200000,Joining Salary
782,336,2023-04-11,1245000,Annual Revision
783,336,2024-04-11,1385000,Promotion Increase
784,337,2021-01-04,1465000,Joining Salary
785,337,2023-01-04,1595000,Annual Revision
786,337,2024-01-04,1785000,Market Adjustment
787,338,2022-07-29,1215000,Joining Salary
788,338,2024-07-28,1290000,Promotion Increase
789,338,2025-07-28,1450000,Market Adjustment
790,339,2025-05-08,570000,Joining Salary
791,340,2025-06-01,865000,Joining Salary
792,341,2023-09-11,845000,Joining Salary
793,341,2024-09-11,900000,Promotion Increase
794,342,2025-04-25,1035000,Joining Salary
795,343,2022-02-04,1030000,Joining Salary
796,343,2024-02-04,1070000,Market Adjustment
797,344,2021-11-13,1210000,Joining Salary
798,344,2022-11-13,1295000,Promotion Increase
799,344,2023-11-13,1415000,Annual Revision
800,344,2025-11-13,1575000,Promotion Increase
801,345,2022-08-24,1345000,Joining Salary
802,345,2023-08-24,1425000,Annual Revision
803,345,2025-08-24,1500000,Market Adjustment
804,346,2021-01-16,550000,Joining Salary
805,346,2023-01-16,610000,Annual Revision
806,346,2025-01-16,685000,Annual Revision
807,347,2023-02-02,1265000,Joining Salary
808,347,2024-02-02,1430000,Promotion Increase
809,347,2025-02-02,1555000,Annual Revision
810,348,2022-08-20,1480000,Joining Salary
811,348,2023-08-20,1645000,Promotion Increase
812,348,2024-08-20,1875000,Promotion Increase
813,348,2025-08-20,2085000,Annual Revision
814,349,2021-06-02,680000,Joining Salary
815,349,2024-06-02,715000,Promotion Increase
816,350,2022-05-31,1145000,Joining Salary
817,350,2024-05-28,1185000,Promotion Increase
818,350,2025-05-28,1290000,Promotion Increase
819,351,2024-07-16,545000,Joining Salary
820,351,2025-07-16,595000,Market Adjustment
821,352,2024-02-09,905000,Joining Salary
822,352,2025-02-09,995000,Promotion Increase
823,353,2023-04-25,825000,Joining Salary
824,353,2024-04-25,920000,Annual Revision
825,353,2025-04-25,960000,Annual Revision
826,354,2024-02-26,1570000,Joining Salary
827,354,2025-02-26,1705000,Promotion Increase
828,355,2021-04-22,710000,Joining Salary
829,355,2022-04-22,760000,Annual Revision
830,355,2024-04-22,840000,Market Adjustment
831,355,2025-04-22,875000,Promotion Increase
832,356,2021-10-14,755000,Joining Salary
833,356,2022-10-14,800000,Promotion Increase
834,356,2023-10-14,835000,Annual Revision
835,356,2025-10-14,940000,Market Adjustment
836,357,2021-04-19,1040000,Joining Salary
837,357,2022-04-19,1110000,Annual Revision
838,357,2023-04-19,1155000,Annual Revision
839,358,2021-09-21,655000,Joining Salary
840,358,2022-09-21,745000,Promotion Increase
841,358,2025-09-21,815000,Market Adjustment
842,359,2022-03-13,655000,Joining Salary
843,359,2023-03-13,735000,Promotion Increase
844,359,2024-03-13,760000,Annual Revision
845,359,2025-03-13,865000,Annual Revision
846,360,2024-06-24,1420000,Joining Salary
847,360,2025-06-24,1545000,Market Adjustment
848,361,2021-02-03,805000,Joining Salary
849,361,2022-02-03,835000,Market Adjustment
850,361,2023-02-03,905000,Annual Revision
851,361,2025-02-03,995000,Promotion Increase
852,362,2025-06-18,815000,Joining Salary
853,363,2022-08-24,1450000,Joining Salary
854,363,2023-08-24,1635000,Market Adjustment
855,363,2024-08-24,1765000,Promotion Increase
856,364,2024-12-27,780000,Joining Salary
857,365,2022-09-16,515000,Joining Salary
858,365,2023-09-16,540000,Promotion Increase
859,366,2024-04-30,525000,Joining Salary
860,366,2025-04-28,590000,Promotion Increase
861,367,2024-09-23,1180000,Joining Salary
862,367,2025-09-23,1300000,Promotion Increase
863,368,2021-05-24,445000,Joining Salary
864,368,2022-05-24,475000,Annual Revision
865,369,2024-09-06,1980000,Joining Salary
866,370,2025-09-01,1420000,Joining Salary
867,371,2025-11-30,680000,Joining Salary
868,372,2024-06-28,635000,Joining Salary
869,372,2025-06-28,710000,Promotion Increase
870,373,2025-02-01,825000,Joining Salary
871,374,2025-06-05,740000,Joining Salary
872,375,2021-11-22,985000,Joining Salary
873,375,2023-11-22,1025000,Market Adjustment
874,376,2021-10-18,1030000,Joining Salary
875,376,2022-10-18,1165000,Annual Revision
876,376,2023-10-18,1310000,Annual Revision
877,377,2022-06-02,1045000,Joining Salary
878,377,2023-06-02,1115000,Market Adjustment
879,377,2024-06-02,1245000,Annual Revision
880,378,2025-06-15,1180000,Joining Salary
881,379,2021-10-08,1280000,Joining Salary
882,380,2025-08-25,1230000,Joining Salary
883,381,2023-07-23,545000,Joining Salary
884,381,2024-07-23,590000,Market Adjustment
885,381,2025-07-23,640000,Promotion Increase
886,382,2024-10-27,1060000,Joining Salary
887,382,2025-10-27,1155000,Market Adjustment
888,383,2022-02-28,1585000,Joining Salary
889,384,2025-03-03,965000,Joining Salary
890,385,2021-09-16,870000,Joining Salary
891,385,2022-09-16,930000,Promotion Increase
892,386,2024-05-14,1390000,Joining Salary
893,387,2021-01-23,680000,Joining Salary
894,387,2022-01-23,735000,Market Adjustment
895,387,2023-01-23,810000,Market Adjustment
896,387,2024-01-23,920000,Promotion Increase
897,388,2021-03-08,465000,Joining Salary
898,388,2022-03-08,525000,Annual Revision
899,388,2023-03-08,585000,Annual Revision
900,389,2022-11-24,550000,Joining Salary
901,389,2023-11-24,600000,Market Adjustment
902,390,2021-06-08,790000,Joining Salary
903,390,2022-06-08,875000,Promotion Increase
904,390,2023-06-08,975000,Market Adjustment
905,390,2024-06-08,1045000,Market Adjustment
906,391,2024-05-14,425000,Joining Salary
907,392,2022-12-11,935000,Joining Salary
908,392,2023-12-11,1000000,Promotion Increase
909,392,2024-12-11,1045000,Promotion Increase
910,392,2025-12-11,1135000,Annual Revision
911,393,2025-06-20,480000,Joining Salary
912,394,2024-10-14,665000,Joining Salary
913,395,2022-05-12,955000,Joining Salary
914,395,2025-05-12,1025000,Promotion Increase
915,396,2022-03-09,1230000,Joining Salary
916,396,2024-03-09,1350000,Market Adjustment
917,396,2025-03-09,1410000,Annual Revision
918,397,2024-07-17,550000,Joining Salary
919,397,2025-07-17,605000,Promotion Increase
920,398,2021-05-19,1475000,Joining Salary
921,399,2022-10-10,910000,Joining Salary
922,399,2023-10-10,1000000,Annual Revision
923,399,2024-10-10,1095000,Annual Revision
924,399,2025-10-10,1240000,Annual Revision
925,400,2023-03-24,390000,Joining Salary
926,400,2024-03-24,405000,Annual Revision
927,400,2025-03-24,435000,Promotion Increase
928,401,2024-10-17,1055000,Joining Salary
929,401,2025-10-17,1160000,Promotion Increase
930,402,2023-08-15,800000,Joining Salary
931,402,2024-08-15,850000,Promotion Increase
932,403,2022-03-13,755000,Joining Salary
933,403,2023-03-13,860000,Promotion Increase
934,403,2024-03-13,940000,Market Adjustment
935,403,2025-03-13,990000,Annual Revision
936,404,2022-10-12,920000,Joining Salary
937,404,2024-10-12,1010000,Promotion Increase
938,404,2025-10-12,1120000,Market Adjustment
939,405,2021-04-25,760000,Joining Salary
940,406,2025-02-23,795000,Joining Salary
941,407,2024-11-03,550000,Joining Salary
942,407,2025-11-03,600000,Market Adjustment
943,408,2024-05-15,645000,Joining Salary
944,408,2025-05-15,680000,Promotion Increase
945,409,2022-11-25,595000,Joining Salary
946,409,2024-11-25,670000,Promotion Increase
947,409,2025-11-25,740000,Promotion Increase
948,410,2021-10-19,445000,Joining Salary
949,410,2022-10-19,460000,Market Adjustment
950,410,2023-10-19,480000,Promotion Increase
951,410,2024-10-19,500000,Annual Revision
952,410,2025-10-19,545000,Annual Revision
953,411,2022-04-08,1055000,Joining Salary
954,411,2024-04-08,1100000,Promotion Increase
955,411,2025-04-08,1145000,Annual Revision
956,412,2025-03-12,1570000,Joining Salary
957,413,2024-11-07,730000,Joining Salary
958,414,2024-09-04,770000,Joining Salary
959,414,2025-09-04,805000,Annual Revision
960,415,2022-12-30,725000,Joining Salary
961,415,2024-12-28,750000,Promotion Increase
962,415,2025-12-28,825000,Promotion Increase
963,416,2021-02-21,1360000,Joining Salary
964,416,2023-02-21,1405000,Market Adjustment
965,416,2025-02-21,1475000,Annual Revision
966,417,2022-04-20,740000,Joining Salary
967,417,2024-04-20,820000,Market Adjustment
968,417,2025-04-20,855000,Market Adjustment
969,418,2021-11-28,635000,Joining Salary
970,418,2022-11-28,665000,Promotion Increase
971,418,2023-11-28,755000,Market Adjustment
972,418,2024-11-28,825000,Promotion Increase
973,419,2023-04-24,565000,Joining Salary
974,419,2024-04-24,640000,Market Adjustment
975,420,2023-05-05,1380000,Joining Salary
976,420,2024-05-05,1435000,Promotion Increase
977,420,2025-05-05,1495000,Market Adjustment
978,421,2022-03-29,1160000,Joining Salary
979,421,2023-03-28,1285000,Market Adjustment
980,421,2024-03-28,1325000,Promotion Increase
981,421,2025-03-28,1425000,Market Adjustment
982,422,2023-10-14,750000,Joining Salary
983,423,2024-11-12,670000,Joining Salary
984,423,2025-11-12,735000,Market Adjustment
985,424,2025-06-24,1955000,Joining Salary
986,425,2022-07-24,1030000,Joining Salary
987,425,2023-07-24,1100000,Market Adjustment
988,426,2023-10-04,1265000,Joining Salary
989,426,2025-10-04,1320000,Promotion Increase
990,427,2021-09-12,680000,Joining Salary
991,427,2022-09-12,720000,Promotion Increase
992,427,2023-09-12,750000,Market Adjustment
993,427,2024-09-12,820000,Market Adjustment
994,427,2025-09-12,895000,Promotion Increase
995,428,2024-04-11,500000,Joining Salary
996,428,2025-04-11,555000,Promotion Increase
997,429,2025-07-08,1120000,Joining Salary
998,430,2025-10-20,835000,Joining Salary
999,431,2021-04-07,950000,Joining Salary
1000,431,2022-04-07,1070000,Market Adjustment
1001,431,2023-04-07,1110000,Promotion Increase
1002,431,2024-04-07,1170000,Market Adjustment
1003,431,2025-04-07,1285000,Annual Revision
1004,432,2022-07-19,505000,Joining Salary
1005,432,2023-07-19,530000,Promotion Increase
1006,432,2024-07-19,595000,Annual Revision
1007,433,2023-01-09,405000,Joining Salary
1008,434,2025-02-20,1770000,Joining Salary
1009,435,2025-01-21,735000,Joining Salary
1010,436,2025-08-17,1475000,Joining Salary
1011,437,2025-09-24,830000,Joining Salary
1012,438,2025-08-02,480000,Joining Salary
1013,439,2024-06-15,1390000,Joining Salary
1014,440,2022-09-10,900000,Joining Salary
1015,440,2023-09-10,935000,Promotion Increase
1016,441,2022-04-03,740000,Joining Salary
1017,441,2023-04-03,795000,Annual Revision
1018,442,2025-09-23,1530000,Joining Salary
1019,443,2023-12-28,690000,Joining Salary
1020,444,2023-03-24,525000,Joining Salary
1021,444,2024-03-24,570000,Market Adjustment
1022,444,2025-03-24,610000,Annual Revision
1023,445,2022-01-25,1975000,Joining Salary
1024,446,2024-10-27,845000,Joining Salary
1025,446,2025-10-27,930000,Market Adjustment
1026,447,2023-01-04,990000,Joining Salary
1027,447,2024-01-04,1075000,Promotion Increase
1028,447,2025-01-04,1130000,Promotion Increase
1029,448,2024-11-09,580000,Joining Salary
1030,448,2025-11-09,600000,Market Adjustment
1031,449,2023-10-28,915000,Joining Salary
1032,449,2024-10-28,965000,Promotion Increase
1033,450,2023-04-11,735000,Joining Salary
1034,450,2025-04-11,790000,Annual Revision
1035,451,2023-09-04,720000,Joining Salary
1036,451,2024-09-04,800000,Market Adjustment
1037,451,2025-09-04,835000,Annual Revision
1038,452,2021-02-23,795000,Joining Salary
1039,452,2022-02-23,840000,Market Adjustment
1040,453,2021-06-06,1070000,Joining Salary
1041,453,2022-06-06,1105000,Annual Revision
1042,453,2023-06-06,1175000,Promotion Increase
1043,453,2024-06-06,1320000,Annual Revision
1044,453,2025-06-06,1455000,Promotion Increase
1045,454,2025-11-20,765000,Joining Salary
1046,455,2022-02-09,1250000,Joining Salary
1047,455,2023-02-09,1330000,Promotion Increase
1048,455,2024-02-09,1485000,Market Adjustment
1049,455,2025-02-09,1690000,Annual Revision
1050,456,2023-01-14,1215000,Joining Salary
1051,456,2024-01-14,1270000,Promotion Increase
1052,456,2025-01-14,1380000,Annual Revision
1053,457,2024-09-08,1240000,Joining Salary
1054,457,2025-09-08,1370000,Market Adjustment
1055,458,2021-01-27,640000,Joining Salary
1056,458,2022-01-27,680000,Annual Revision
1057,458,2023-01-27,760000,Market Adjustment
1058,458,2024-01-27,850000,Promotion Increase
1059,458,2025-01-27,960000,Annual Revision
1060,459,2024-06-12,645000,Joining Salary
1061,459,2025-06-12,680000,Annual Revision
1062,460,2023-08-24,1260000,Joining Salary
1063,460,2024-08-24,1415000,Annual Revision
1064,460,2025-08-24,1480000,Annual Revision
1065,461,2025-02-09,465000,Joining Salary
1066,462,2024-02-13,700000,Joining Salary
1067,462,2025-02-13,790000,Annual Revision
1068,463,2022-05-18,530000,Joining Salary
1069,463,2023-05-18,580000,Market Adjustment
1070,463,2024-05-18,610000,Market Adjustment
1071,463,2025-05-18,630000,Promotion Increase
1072,464,2023-07-26,1260000,Joining Salary
1073,464,2024-07-26,1420000,Promotion Increase
1074,464,2025-07-26,1615000,Market Adjustment
1075,465,2023-10-10,1525000,Joining Salary
1076,465,2024-10-10,1730000,Market Adjustment
1077,465,2025-10-10,1845000,Promotion Increase
1078,466,2022-11-07,1605000,Joining Salary
1079,467,2024-11-01,1300000,Joining Salary
1080,467,2025-11-01,1450000,Annual Revision
1081,468,2025-07-09,1160000,Joining Salary
1082,469,2021-10-18,1415000,Joining Salary
1083,469,2022-10-18,1460000,Promotion Increase
1084,469,2023-10-18,1650000,Market Adjustment
1085,469,2025-10-18,1775000,Market Adjustment
1086,470,2021-12-09,1255000,Joining Salary
1087,470,2022-12-09,1310000,Market Adjustment
1088,471,2021-12-02,1680000,Joining Salary
1089,471,2022-12-02,1805000,Promotion Increase
1090,471,2023-12-02,1975000,Promotion Increase
1091,471,2024-12-02,2250000,Annual Revision
1092,471,2025-12-02,2565000,Market Adjustment
1093,472,2024-05-05,1755000,Joining Salary
1094,472,2025-05-05,1975000,Market Adjustment
1095,473,2021-10-18,610000,Joining Salary
1096,473,2023-10-18,640000,Annual Revision
1097,473,2025-10-18,725000,Market Adjustment
1098,474,2021-11-30,605000,Joining Salary
1099,474,2022-11-28,685000,Market Adjustment
1100,474,2023-11-28,770000,Market Adjustment
1101,474,2024-11-28,815000,Annual Revision
1102,475,2025-02-22,1175000,Joining Salary
1103,476,2021-01-25,1295000,Joining Salary
1104,476,2024-01-25,1440000,Promotion Increase
1105,477,2025-03-03,795000,Joining Salary
1106,478,2021-11-15,1470000,Joining Salary
1107,479,2022-11-08,1270000,Joining Salary
1108,479,2023-11-08,1390000,Annual Revision
1109,479,2024-11-08,1535000,Market Adjustment
1110,479,2025-11-08,1655000,Market Adjustment
1111,480,2023-12-13,460000,Joining Salary
1112,481,2023-08-30,770000,Joining Salary
1113,481,2025-08-28,815000,Market Adjustment
1114,482,2021-02-08,1315000,Joining Salary
1115,482,2024-02-08,1395000,Market Adjustment
1116,482,2025-02-08,1515000,Promotion Increase
1117,483,2024-04-24,1775000,Joining Salary
1118,483,2025-04-24,1965000,Promotion Increase
1119,484,2021-05-14,1085000,Joining Salary
1120,484,2022-05-14,1180000,Annual Revision
1121,484,2023-05-14,1320000,Market Adjustment
1122,485,2023-04-12,980000,Joining Salary
1123,485,2024-04-12,1060000,Annual Revision
1124,486,2025-10-24,735000,Joining Salary
1125,487,2024-03-16,675000,Joining Salary
1126,488,2022-04-20,480000,Joining Salary
1127,488,2024-04-20,500000,Market Adjustment
1128,488,2025-04-20,540000,Market Adjustment
1129,489,2021-06-06,1095000,Joining Salary
1130,489,2024-06-06,1220000,Market Adjustment
1131,489,2025-06-06,1345000,Annual Revision
1132,490,2022-10-27,605000,Joining Salary
1133,490,2023-10-27,675000,Market Adjustment
1134,490,2024-10-27,710000,Annual Revision
1135,490,2025-10-27,805000,Annual Revision
1136,491,2022-06-18,1160000,Joining Salary
1137,491,2023-06-18,1320000,Annual Revision
1138,491,2024-06-18,1365000,Promotion Increase
1139,491,2025-06-18,1490000,Promotion Increase
1140,492,2022-03-26,1525000,Joining Salary
1141,492,2023-03-26,1730000,Promotion Increase
1142,492,2024-03-26,1900000,Promotion Increase
1143,493,2021-02-24,1685000,Joining Salary
1144,493,2022-02-24,1815000,Market Adjustment
1145,493,2024-02-24,2010000,Annual Revision
1146,494,2023-09-04,845000,Joining Salary
1147,494,2024-09-04,930000,Annual Revision
1148,494,2025-09-04,1005000,Market Adjustment
1149,495,2024-12-01,790000,Joining Salary
1150,496,2023-08-29,1280000,Joining Salary
1151,496,2024-08-28,1325000,Market Adjustment
1152,497,2024-02-13,1200000,Joining Salary
1153,497,2025-02-13,1335000,Annual Revision
1154,498,2023-01-31,1085000,Joining Salary
1155,498,2024-01-28,1135000,Annual Revision
1156,498,2025-01-28,1205000,Annual Revision
1157,499,2021-05-17,640000,Joining Salary
1158,500,2021-07-14,1095000,Joining Salary
1159,500,2022-07-14,1140000,Market Adjustment
1160,500,2023-07-14,1300000,Market Adjustment
1161,500,2024-07-14,1400000,Annual Revision
1162,500,2025-07-14,1500000,Annual Revision
1163,501,2024-10-04,1270000,Joining Salary
1164,501,2025-10-04,1435000,Annual Revision
1165,502,2024-10-09,800000,Joining Salary
1166,503,2025-09-09,1005000,Joining Salary
1167,504,2021-03-16,525000,Joining Salary
1168,504,2022-03-16,590000,Promotion Increase
1169,504,2024-03-16,615000,Market Adjustment
1170,504,2025-03-16,650000,Market Adjustment
1171,505,2024-03-18,705000,Joining Salary
1172,505,2025-03-18,800000,Annual Revision
1173,506,2025-01-10,1105000,Joining Salary
1174,507,2025-08-13,560000,Joining Salary
1175,508,2023-03-18,370000,Joining Salary
1176,508,2024-03-18,385000,Promotion Increase
1177,508,2025-03-18,425000,Market Adjustment
1178,509,2025-05-26,745000,Joining Salary
1179,510,2024-11-03,700000,Joining Salary
1180,510,2025-11-03,775000,Annual Revision
1181,511,2023-09-26,1235000,Joining Salary
1182,511,2024-09-26,1320000,Promotion Increase
1183,511,2025-09-26,1495000,Annual Revision
1184,512,2022-06-02,585000,Joining Salary
1185,512,2025-06-02,605000,Annual Revision
1186,513,2025-07-03,1000000,Joining Salary
1187,514,2023-06-07,935000,Joining Salary
1188,514,2024-06-07,970000,Promotion Increase
1189,514,2025-06-07,1065000,Annual Revision
1190,515,2025-08-03,510000,Joining Salary
1191,516,2023-01-02,1100000,Joining Salary
1192,516,2024-01-02,1210000,Annual Revision
1193,516,2025-01-02,1275000,Annual Revision
1194,517,2023-08-28,1525000,Joining Salary
1195,517,2024-08-28,1670000,Promotion Increase
1196,518,2023-08-20,865000,Joining Salary
1197,518,2024-08-20,920000,Market Adjustment
1198,518,2025-08-20,1045000,Market Adjustment
1199,519,2024-02-07,360000,Joining Salary
1200,519,2025-02-07,405000,Market Adjustment
1201,520,2022-05-10,1505000,Joining Salary
1202,520,2023-05-10,1665000,Promotion Increase
1203,520,2024-05-10,1745000,Annual Revision
1204,520,2025-05-10,1925000,Annual Revision
1205,521,2021-05-31,1225000,Joining Salary
1206,521,2024-05-28,1390000,Promotion Increase
1207,521,2025-05-28,1450000,Annual Revision
1208,522,2021-03-24,665000,Joining Salary
1209,522,2023-03-24,705000,Promotion Increase
1210,522,2024-03-24,755000,Promotion Increase
1211,523,2025-07-30,740000,Joining Salary
1212,524,2021-10-10,1470000,Joining Salary
1213,524,2022-10-10,1525000,Annual Revision
1214,524,2023-10-10,1630000,Market Adjustment
1215,524,2024-10-10,1840000,Market Adjustment
1216,525,2021-08-20,585000,Joining Salary
1217,525,2025-08-20,635000,Promotion Increase
1218,526,2025-08-10,890000,Joining Salary
1219,527,2024-12-18,830000,Joining Salary
1220,528,2024-11-09,940000,Joining Salary
1221,528,2025-11-09,975000,Annual Revision
1222,529,2025-07-30,1290000,Joining Salary
1223,530,2023-03-29,1085000,Joining Salary
1224,530,2024-03-28,1160000,Promotion Increase
1225,530,2025-03-28,1250000,Promotion Increase
1226,531,2021-11-21,680000,Joining Salary
1227,532,2021-06-10,1515000,Joining Salary
1228,532,2023-06-10,1610000,Annual Revision
1229,532,2024-06-10,1780000,Market Adjustment
1230,532,2025-06-10,1860000,Market Adjustment
1231,533,2022-12-28,550000,Joining Salary
1232,533,2024-12-28,570000,Annual Revision
1233,534,2021-06-08,1305000,Joining Salary
1234,534,2022-06-08,1410000,Market Adjustment
1235,534,2023-06-08,1580000,Annual Revision
1236,534,2024-06-08,1790000,Market Adjustment
1237,534,2025-06-08,1860000,Promotion Increase
1238,535,2022-03-12,1150000,Joining Salary
1239,535,2023-03-12,1295000,Market Adjustment
1240,535,2024-03-12,1395000,Market Adjustment
1241,535,2025-03-12,1460000,Annual Revision
1242,536,2025-04-09,515000,Joining Salary
1243,537,2021-01-30,630000,Joining Salary
1244,537,2022-01-28,670000,Market Adjustment
1245,537,2023-01-28,720000,Market Adjustment
1246,537,2024-01-28,805000,Annual Revision
1247,538,2022-01-13,980000,Joining Salary
1248,538,2023-01-13,1090000,Market Adjustment
1249,538,2024-01-13,1125000,Annual Revision
1250,539,2023-06-16,755000,Joining Salary
1251,539,2024-06-16,840000,Annual Revision
1252,540,2021-06-26,1690000,Joining Salary
1253,540,2022-06-26,1905000,Promotion Increase
1254,540,2023-06-26,1985000,Market Adjustment
1255,540,2024-06-26,2200000,Market Adjustment
1256,540,2025-06-26,2360000,Promotion Increase
1257,541,2023-08-03,610000,Joining Salary
1258,541,2024-08-03,655000,Market Adjustment
1259,541,2025-08-03,725000,Annual Revision
1260,542,2025-07-09,620000,Joining Salary
1261,543,2023-05-17,1455000,Joining Salary
1262,544,2025-03-22,765000,Joining Salary
1263,545,2023-04-10,590000,Joining Salary
1264,546,2023-03-15,865000,Joining Salary
1265,546,2025-03-15,920000,Market Adjustment
1266,547,2025-08-29,1510000,Joining Salary
1267,548,2023-02-05,490000,Joining Salary
1268,548,2024-02-05,525000,Annual Revision
1269,548,2025-02-05,580000,Promotion Increase
1270,549,2022-09-23,1880000,Joining Salary
1271,549,2023-09-23,1975000,Promotion Increase
1272,549,2024-09-23,2150000,Market Adjustment
1273,549,2025-09-23,2280000,Market Adjustment
1274,550,2022-09-20,820000,Joining Salary
1275,551,2023-12-28,945000,Joining Salary
1276,551,2024-12-28,1035000,Annual Revision
1277,551,2025-12-28,1070000,Promotion Increase
1278,552,2025-04-23,1520000,Joining Salary
1279,553,2022-12-09,735000,Joining Salary
1280,553,2023-12-09,780000,Promotion Increase
1281,553,2025-12-09,850000,Market Adjustment
1282,554,2022-06-13,1385000,Joining Salary
1283,554,2023-06-13,1475000,Annual Revision
1284,554,2024-06-13,1555000,Market Adjustment
1285,554,2025-06-13,1630000,Promotion Increase
1286,555,2024-02-29,465000,Joining Salary
1287,555,2025-02-28,485000,Annual Revision
1288,556,2024-05-04,820000,Joining Salary
1289,556,2025-05-04,935000,Annual Revision
1290,557,2024-03-13,1180000,Joining Salary
1291,557,2025-03-13,1225000,Market Adjustment
1292,558,2021-12-14,1070000,Joining Salary
1293,558,2022-12-14,1215000,Market Adjustment
1294,558,2024-12-14,1360000,Promotion Increase
1295,558,2025-12-14,1470000,Promotion Increase
1296,559,2023-07-22,640000,Joining Salary
1297,559,2024-07-22,710000,Promotion Increase
1298,559,2025-07-22,755000,Annual Revision
1299,560,2022-03-01,900000,Joining Salary
1300,560,2024-03-01,945000,Annual Revision
1301,561,2025-02-08,995000,Joining Salary
1302,562,2024-02-13,1315000,Joining Salary
1303,562,2025-02-13,1395000,Promotion Increase
1304,563,2023-06-12,1660000,Joining Salary
1305,563,2024-06-12,1775000,Annual Revision
1306,563,2025-06-12,1885000,Promotion Increase
1307,564,2021-05-16,940000,Joining Salary
1308,564,2022-05-16,1065000,Promotion Increase
1309,564,2023-05-16,1120000,Promotion Increase
1310,564,2024-05-16,1170000,Market Adjustment
1311,564,2025-05-16,1305000,Annual Revision
1312,565,2024-03-01,715000,Joining Salary
1313,565,2025-03-01,805000,Annual Revision
1314,566,2021-07-29,470000,Joining Salary
1315,566,2022-07-28,530000,Promotion Increase
1316,566,2025-07-28,550000,Annual Revision
1317,567,2024-11-09,895000,Joining Salary
1318,568,2022-09-23,1090000,Joining Salary
1319,568,2023-09-23,1130000,Promotion Increase
1320,568,2024-09-23,1190000,Market Adjustment
1321,569,2022-10-09,645000,Joining Salary
1322,569,2023-10-09,690000,Market Adjustment
1323,569,2024-10-09,735000,Promotion Increase
1324,569,2025-10-09,795000,Market Adjustment
1325,570,2023-10-05,580000,Joining Salary
1326,570,2025-10-05,650000,Annual Revision
1327,571,2023-04-15,685000,Joining Salary
1328,571,2024-04-15,715000,Market Adjustment
1329,571,2025-04-15,770000,Annual Revision
1330,572,2023-03-13,565000,Joining Salary
1331,573,2024-03-31,640000,Joining Salary
1332,573,2025-03-28,695000,Market Adjustment
1333,574,2024-08-27,1450000,Joining Salary
1334,574,2025-08-27,1585000,Annual Revision
1335,575,2022-03-15,885000,Joining Salary
1336,575,2025-03-15,985000,Annual Revision
1337,576,2022-06-06,1510000,Joining Salary
1338,576,2023-06-06,1600000,Annual Revision
1339,576,2024-06-06,1820000,Market Adjustment
1340,577,2022-08-13,695000,Joining Salary
1341,577,2023-08-13,750000,Market Adjustment
1342,577,2024-08-13,800000,Annual Revision
1343,578,2023-01-24,930000,Joining Salary
1344,579,2023-02-27,650000,Joining Salary
1345,579,2024-02-27,700000,Promotion Increase
1346,579,2025-02-27,745000,Market Adjustment
1347,580,2023-11-26,610000,Joining Salary
1348,580,2024-11-26,685000,Promotion Increase
1349,580,2025-11-26,725000,Annual Revision
1350,581,2025-10-21,720000,Joining Salary
1351,582,2022-09-25,910000,Joining Salary
1352,582,2023-09-25,1010000,Market Adjustment
1353,582,2024-09-25,1140000,Promotion Increase
1354,582,2025-09-25,1270000,Promotion Increase
1355,583,2021-12-19,960000,Joining Salary
1356,583,2022-12-19,1010000,Annual Revision
1357,583,2023-12-19,1150000,Promotion Increase
1358,584,2022-09-03,535000,Joining Salary
1359,584,2024-09-03,565000,Promotion Increase
1360,584,2025-09-03,625000,Promotion Increase
1361,585,2024-05-16,485000,Joining Salary
1362,585,2025-05-16,530000,Annual Revision
1363,586,2022-05-05,550000,Joining Salary
1364,586,2025-05-05,575000,Annual Revision
1365,587,2025-09-11,1605000,Joining Salary
1366,588,2023-08-28,465000,Joining Salary
1367,588,2025-08-28,490000,Promotion Increase
1368,589,2023-10-01,1895000,Joining Salary
1369,589,2024-10-01,2140000,Market Adjustment
1370,589,2025-10-01,2305000,Market Adjustment
1371,590,2021-09-25,910000,Joining Salary
1372,590,2024-09-25,950000,Promotion Increase
1373,590,2025-09-25,985000,Promotion Increase
1374,591,2025-04-27,1120000,Joining Salary
1375,592,2025-07-02,615000,Joining Salary
1376,593,2023-09-07,605000,Joining Salary
1377,593,2024-09-07,630000,Market Adjustment
1378,593,2025-09-07,700000,Annual Revision
1379,594,2025-01-29,805000,Joining Salary
1380,595,2023-07-09,515000,Joining Salary
1381,595,2024-07-09,535000,Annual Revision
1382,595,2025-07-09,565000,Promotion Increase
1383,596,2022-12-14,550000,Joining Salary
1384,596,2023-12-14,625000,Promotion Increase
1385,597,2025-03-08,845000,Joining Salary
1386,598,2025-07-03,400000,Joining Salary
1387,599,2022-12-19,640000,Joining Salary
1388,599,2023-12-19,725000,Promotion Increase
1389,599,2025-12-19,760000,Market Adjustment
1390,600,2024-07-25,1725000,Joining Salary
1391,601,2025-05-19,1180000,Joining Salary
1392,602,2025-04-14,805000,Joining Salary
1393,603,2022-01-07,810000,Joining Salary
1394,603,2024-01-07,860000,Promotion Increase
1395,603,2025-01-07,960000,Promotion Increase
1396,604,2022-06-27,1385000,Joining Salary
1397,604,2024-06-27,1455000,Promotion Increase
1398,604,2025-06-27,1500000,Promotion Increase
1399,605,2021-09-01,1180000,Joining Salary
1400,606,2023-04-16,710000,Joining Salary
1401,606,2025-04-16,765000,Annual Revision
1402,607,2024-05-11,670000,Joining Salary
1403,607,2025-05-11,730000,Annual Revision
1404,608,2022-05-10,1270000,Joining Salary
1405,608,2024-05-10,1335000,Annual Revision
1406,608,2025-05-10,1420000,Market Adjustment
1407,609,2021-07-25,875000,Joining Salary
1408,609,2022-07-25,970000,Market Adjustment
1409,609,2023-07-25,1005000,Market Adjustment
1410,610,2025-06-03,515000,Joining Salary
1411,611,2025-06-17,1320000,Joining Salary
1412,612,2023-11-13,765000,Joining Salary
1413,612,2024-11-13,805000,Promotion Increase
1414,612,2025-11-13,880000,Annual Revision
1415,613,2024-06-23,1415000,Joining Salary
1416,613,2025-06-23,1500000,Annual Revision
1417,614,2023-01-07,455000,Joining Salary
1418,614,2024-01-07,500000,Market Adjustment
1419,614,2025-01-07,525000,Promotion Increase
1420,615,2021-07-08,535000,Joining Salary
1421,615,2022-07-08,580000,Market Adjustment
1422,615,2023-07-08,605000,Market Adjustment
1423,615,2024-07-08,665000,Market Adjustment
1424,615,2025-07-08,695000,Promotion Increase
1425,616,2024-04-21,840000,Joining Salary
1426,617,2022-11-02,535000,Joining Salary
1427,618,2025-02-02,760000,Joining Salary
1428,619,2021-08-21,375000,Joining Salary
1429,619,2022-08-21,410000,Market Adjustment
1430,620,2023-09-17,590000,Joining Salary
1431,620,2025-09-17,630000,Annual Revision
1432,621,2024-12-29,1130000,Joining Salary
1433,622,2025-10-09,905000,Joining Salary
1434,623,2021-12-03,1065000,Joining Salary
1435,623,2022-12-03,1100000,Market Adjustment
1436,623,2023-12-03,1160000,Market Adjustment
1437,624,2022-06-28,760000,Joining Salary
1438,624,2023-06-28,850000,Market Adjustment
1439,624,2024-06-28,940000,Market Adjustment
1440,624,2025-06-28,1005000,Annual Revision
1441,625,2023-11-02,905000,Joining Salary
1442,625,2025-11-02,1020000,Annual Revision
1443,626,2021-04-22,730000,Joining Salary
1444,626,2022-04-22,790000,Market Adjustment
1445,626,2024-04-22,825000,Market Adjustment
1446,627,2023-08-31,435000,Joining Salary
1447,627,2024-08-28,480000,Promotion Increase
1448,627,2025-08-28,535000,Market Adjustment
1449,628,2021-08-06,820000,Joining Salary
1450,628,2024-08-06,900000,Annual Revision
1451,629,2022-12-14,1405000,Joining Salary
1452,629,2023-12-14,1580000,Market Adjustment
1453,630,2025-01-03,605000,Joining Salary
1454,631,2024-04-12,1470000,Joining Salary
1455,631,2025-04-12,1650000,Promotion Increase
1456,632,2024-08-08,1175000,Joining Salary
1457,633,2023-04-28,1405000,Joining Salary
1458,633,2025-04-28,1590000,Promotion Increase
1459,634,2025-05-26,1010000,Joining Salary
1460,635,2023-03-15,1470000,Joining Salary
1461,635,2024-03-15,1645000,Annual Revision
1462,636,2025-08-17,660000,Joining Salary
1463,637,2024-07-25,670000,Joining Salary
1464,637,2025-07-25,740000,Market Adjustment
1465,638,2023-03-22,1250000,Joining Salary
1466,638,2024-03-22,1345000,Promotion Increase
1467,638,2025-03-22,1490000,Annual Revision
1468,639,2025-04-02,925000,Joining Salary
1469,640,2023-08-15,1625000,Joining Salary
1470,640,2024-08-15,1780000,Promotion Increase
1471,640,2025-08-15,2000000,Promotion Increase
1472,641,2023-10-15,740000,Joining Salary
1473,641,2024-10-15,800000,Market Adjustment
1474,641,2025-10-15,830000,Annual Revision
1475,642,2025-05-25,1325000,Joining Salary
1476,643,2023-02-09,600000,Joining Salary
1477,643,2024-02-09,625000,Market Adjustment
1478,643,2025-02-09,700000,Market Adjustment
1479,644,2021-02-16,715000,Joining Salary
1480,644,2022-02-16,785000,Promotion Increase
1481,644,2023-02-16,860000,Market Adjustment
1482,644,2024-02-16,945000,Promotion Increase
1483,644,2025-02-16,1005000,Annual Revision
1484,645,2021-06-26,595000,Joining Salary
1485,645,2022-06-26,635000,Annual Revision
1486,645,2023-06-26,715000,Promotion Increase
1487,646,2021-10-31,815000,Joining Salary
1488,646,2022-10-28,870000,Annual Revision
1489,646,2023-10-28,975000,Promotion Increase
1490,646,2025-10-28,1005000,Market Adjustment
1491,647,2025-05-23,625000,Joining Salary
1492,648,2024-04-20,1255000,Joining Salary
1493,648,2025-04-20,1325000,Promotion Increase
1494,649,2024-05-25,1100000,Joining Salary
1495,649,2025-05-25,1230000,Promotion Increase
1496,650,2024-05-24,755000,Joining Salary
1497,650,2025-05-24,840000,Annual Revision
1498,651,2024-11-29,1320000,Joining Salary
1499,652,2024-10-13,775000,Joining Salary
1500,652,2025-10-13,820000,Annual Revision
1501,653,2023-11-17,590000,Joining Salary
1502,653,2024-11-17,645000,Market Adjustment
1503,653,2025-11-17,665000,Promotion Increase
1504,654,2021-11-25,1210000,Joining Salary
1505,654,2022-11-25,1350000,Promotion Increase
1506,654,2023-11-25,1480000,Annual Revision
1507,655,2022-06-02,990000,Joining Salary
1508,655,2023-06-02,1115000,Market Adjustment
1509,655,2024-06-02,1220000,Annual Revision
1510,655,2025-06-02,1380000,Market Adjustment
1511,656,2024-08-01,1790000,Joining Salary
1512,656,2025-08-01,1870000,Market Adjustment
1513,657,2022-11-28,1385000,Joining Salary
1514,657,2023-11-28,1530000,Annual Revision
1515,657,2024-11-28,1605000,Market Adjustment
1516,657,2025-11-28,1725000,Market Adjustment
1517,658,2024-10-12,700000,Joining Salary
1518,659,2022-03-09,1175000,Joining Salary
1519,660,2025-01-17,925000,Joining Salary
1520,661,2023-12-05,815000,Joining Salary
1521,661,2024-12-05,890000,Annual Revision
1522,661,2025-12-05,940000,Market Adjustment
1523,662,2022-03-17,1215000,Joining Salary
1524,662,2024-03-17,1300000,Market Adjustment
1525,662,2025-03-17,1440000,Promotion Increase
1526,663,2024-07-23,1430000,Joining Salary
1527,664,2025-05-05,910000,Joining Salary
1528,665,2025-06-14,1075000,Joining Salary
1529,666,2023-11-23,665000,Joining Salary
1530,666,2024-11-23,720000,Promotion Increase
1531,667,2023-06-09,1240000,Joining Salary
1532,667,2024-06-09,1285000,Promotion Increase
1533,667,2025-06-09,1365000,Market Adjustment
1534,668,2022-10-25,665000,Joining Salary
1535,669,2023-09-08,1120000,Joining Salary
1536,669,2024-09-08,1240000,Annual Revision
1537,669,2025-09-08,1330000,Market Adjustment
1538,670,2022-08-05,635000,Joining Salary
1539,670,2024-08-05,710000,Market Adjustment
1540,671,2025-10-20,1540000,Joining Salary
1541,672,2023-05-23,545000,Joining Salary
1542,672,2024-05-23,600000,Annual Revision
1543,673,2025-05-25,1625000,Joining Salary
1544,674,2021-04-05,470000,Joining Salary
1545,674,2022-04-05,525000,Promotion Increase
1546,674,2024-04-05,545000,Annual Revision
1547,674,2025-04-05,565000,Promotion Increase
1548,675,2023-04-09,1420000,Joining Salary
1549,675,2025-04-09,1470000,Market Adjustment
1550,676,2023-04-02,495000,Joining Salary
1551,676,2024-04-02,525000,Promotion Increase
1552,676,2025-04-02,565000,Annual Revision
1553,677,2023-02-13,1315000,Joining Salary
1554,678,2021-10-30,645000,Joining Salary
1555,678,2022-10-28,695000,Annual Revision
1556,678,2023-10-28,730000,Annual Revision
1557,678,2024-10-28,795000,Annual Revision
1558,679,2023-08-24,1115000,Joining Salary
1559,679,2024-08-24,1185000,Promotion Increase
1560,680,2025-06-30,925000,Joining Salary
1561,681,2024-06-07,560000,Joining Salary
1562,681,2025-06-07,630000,Market Adjustment
1563,682,2023-07-12,630000,Joining Salary
1564,682,2024-07-12,710000,Market Adjustment
1565,682,2025-07-12,795000,Annual Revision
1566,683,2022-03-26,1360000,Joining Salary
1567,683,2024-03-26,1490000,Promotion Increase
1568,683,2025-03-26,1610000,Annual Revision
1569,684,2025-01-27,540000,Joining Salary
1570,685,2023-06-12,555000,Joining Salary
1571,686,2023-08-16,395000,Joining Salary
1572,686,2024-08-16,430000,Promotion Increase
1573,686,2025-08-16,465000,Market Adjustment
1574,687,2023-05-19,1270000,Joining Salary
1575,687,2025-05-19,1425000,Annual Revision
1576,688,2024-04-05,715000,Joining Salary
1577,689,2021-08-23,775000,Joining Salary
1578,689,2022-08-23,810000,Promotion Increase
1579,689,2023-08-23,910000,Annual Revision
1580,690,2022-03-19,1595000,Joining Salary
1581,691,2022-01-14,695000,Joining Salary
1582,691,2023-01-14,760000,Annual Revision
1583,691,2024-01-14,850000,Market Adjustment
1584,691,2025-01-14,885000,Promotion Increase
1585,692,2021-05-05,1105000,Joining Salary
1586,692,2022-05-05,1230000,Annual Revision
1587,692,2023-05-05,1380000,Market Adjustment
1588,693,2021-06-14,1140000,Joining Salary
1589,693,2022-06-14,1220000,Market Adjustment
1590,693,2023-06-14,1305000,Annual Revision
1591,693,2024-06-14,1370000,Market Adjustment
1592,693,2025-06-14,1485000,Market Adjustment
1593,694,2024-04-27,1095000,Joining Salary
1594,695,2021-08-27,925000,Joining Salary
1595,695,2023-08-27,980000,Market Adjustment
1596,695,2025-08-27,1020000,Promotion Increase
1597,696,2021-11-17,1415000,Joining Salary
1598,696,2022-11-17,1465000,Promotion Increase
1599,696,2023-11-17,1550000,Annual Revision
1600,696,2024-11-17,1610000,Promotion Increase
1601,697,2022-02-08,1765000,Joining Salary
1602,697,2023-02-08,1975000,Market Adjustment
1603,698,2024-09-13,480000,Joining Salary
1604,698,2025-09-13,540000,Promotion Increase
1605,699,2024-07-18,1335000,Joining Salary
1606,699,2025-07-18,1475000,Promotion Increase
1607,700,2025-09-09,520000,Joining Salary
1608,701,2024-03-20,505000,Joining Salary
1609,702,2023-11-02,1285000,Joining Salary
1610,702,2025-11-02,1455000,Annual Revision
1611,703,2022-12-05,685000,Joining Salary
1612,704,2025-06-29,1105000,Joining Salary
1613,705,2024-04-01,780000,Joining Salary
1614,705,2025-04-01,875000,Market Adjustment
1615,706,2023-04-13,970000,Joining Salary
1616,706,2024-04-13,1060000,Market Adjustment
1617,706,2025-04-13,1090000,Market Adjustment
1618,707,2023-01-17,1220000,Joining Salary
1619,708,2022-07-06,560000,Joining Salary
1620,708,2023-07-06,620000,Promotion Increase
1621,708,2024-07-06,675000,Annual Revision
1622,708,2025-07-06,755000,Promotion Increase
1623,709,2024-02-20,605000,Joining Salary
1624,709,2025-02-20,660000,Promotion Increase
1625,710,2025-04-26,1990000,Joining Salary
1626,711,2025-06-04,875000,Joining Salary
1627,712,2024-02-03,1900000,Joining Salary
1628,713,2022-07-01,930000,Joining Salary
1629,713,2023-07-01,1010000,Market Adjustment
1630,713,2024-07-01,1085000,Market Adjustment
1631,714,2021-10-05,1195000,Joining Salary
1632,714,2022-10-05,1285000,Annual Revision
1633,714,2023-10-05,1355000,Market Adjustment
1634,714,2024-10-05,1470000,Promotion Increase
1635,714,2025-10-05,1650000,Annual Revision
1636,715,2025-09-28,1255000,Joining Salary
1637,716,2022-02-21,1160000,Joining Salary
1638,716,2024-02-21,1215000,Promotion Increase
1639,717,2022-09-05,1035000,Joining Salary
1640,717,2023-09-05,1135000,Market Adjustment
1641,717,2025-09-05,1210000,Annual Revision
1642,718,2024-04-18,1785000,Joining Salary
1643,718,2025-04-18,1905000,Promotion Increase
1644,719,2022-08-14,1280000,Joining Salary
1645,719,2023-08-14,1320000,Annual Revision
1646,719,2024-08-14,1425000,Promotion Increase
1647,719,2025-08-14,1580000,Market Adjustment
1648,720,2025-04-25,1080000,Joining Salary
1649,721,2024-09-24,455000,Joining Salary
1650,722,2024-02-05,520000,Joining Salary
1651,722,2025-02-05,565000,Annual Revision
1652,723,2023-11-14,1380000,Joining Salary
1653,723,2025-11-14,1500000,Market Adjustment
1654,724,2025-10-09,1310000,Joining Salary
1655,725,2025-01-31,960000,Joining Salary
1656,726,2024-02-02,1775000,Joining Salary
1657,726,2025-02-02,2010000,Annual Revision
1658,727,2021-06-18,1355000,Joining Salary
1659,727,2023-06-18,1505000,Market Adjustment
1660,727,2024-06-18,1655000,Annual Revision
1661,727,2025-06-18,1735000,Annual Revision
1662,728,2025-06-11,1535000,Joining Salary
1663,729,2023-05-07,605000,Joining Salary
1664,729,2024-05-07,665000,Market Adjustment
1665,730,2021-04-29,585000,Joining Salary
1666,730,2022-04-28,640000,Annual Revision
1667,730,2023-04-28,710000,Annual Revision
1668,730,2024-04-28,805000,Promotion Increase
1669,730,2025-04-28,910000,Market Adjustment
1670,731,2024-03-25,1740000,Joining Salary
1671,731,2025-03-25,1850000,Market Adjustment
1672,732,2022-07-30,855000,Joining Salary
1673,732,2023-07-28,970000,Market Adjustment
1674,733,2022-09-01,830000,Joining Salary
1675,733,2023-09-01,910000,Promotion Increase
1676,734,2023-10-03,1700000,Joining Salary
1677,735,2022-10-24,735000,Joining Salary
1678,735,2023-10-24,790000,Annual Revision
1679,735,2024-10-24,900000,Market Adjustment
1680,735,2025-10-24,935000,Promotion Increase
1681,736,2023-06-06,670000,Joining Salary
1682,736,2024-06-06,735000,Promotion Increase
1683,737,2021-09-01,1515000,Joining Salary
1684,737,2022-09-01,1670000,Market Adjustment
1685,737,2023-09-01,1730000,Market Adjustment
1686,737,2024-09-01,1920000,Promotion Increase
1687,737,2025-09-01,1990000,Market Adjustment
1688,738,2023-05-09,790000,Joining Salary
1689,738,2024-05-09,825000,Market Adjustment
1690,739,2022-01-13,1330000,Joining Salary
1691,739,2024-01-13,1480000,Market Adjustment
1692,740,2025-02-12,920000,Joining Salary
1693,741,2021-09-20,1570000,Joining Salary
1694,741,2022-09-20,1780000,Annual Revision
1695,741,2023-09-20,1865000,Promotion Increase
1696,742,2022-09-24,1460000,Joining Salary
1697,742,2023-09-24,1600000,Promotion Increase
1698,742,2024-09-24,1810000,Annual Revision
1699,742,2025-09-24,1885000,Annual Revision
1700,743,2024-01-05,1460000,Joining Salary
1701,743,2025-01-05,1610000,Market Adjustment
1702,744,2021-08-30,525000,Joining Salary
1703,744,2023-08-28,580000,Promotion Increase
1704,744,2024-08-28,650000,Annual Revision
1705,745,2022-06-30,1445000,Joining Salary
1706,746,2024-04-21,415000,Joining Salary
1707,746,2025-04-21,435000,Promotion Increase
1708,747,2025-01-02,1370000,Joining Salary
1709,748,2025-10-30,1120000,Joining Salary
1710,749,2024-06-27,1430000,Joining Salary
1711,750,2024-01-29,975000,Joining Salary
1712,750,2025-01-28,1020000,Annual Revision
1713,751,2023-02-07,1350000,Joining Salary
1714,751,2024-02-07,1445000,Promotion Increase
1715,751,2025-02-07,1645000,Market Adjustment
1716,752,2022-04-20,945000,Joining Salary
1717,752,2023-04-20,1040000,Promotion Increase
1718,753,2025-01-31,555000,Joining Salary
1719,754,2024-05-22,1305000,Joining Salary
1720,754,2025-05-22,1390000,Annual Revision
1721,755,2021-05-10,1180000,Joining Salary
1722,755,2022-05-10,1255000,Promotion Increase
1723,755,2024-05-10,1425000,Promotion Increase
1724,755,2025-05-10,1545000,Annual Revision
1725,756,2024-01-25,745000,Joining Salary
1726,756,2025-01-25,840000,Annual Revision
1727,757,2022-06-06,1620000,Joining Salary
1728,757,2024-06-06,1825000,Annual Revision
1729,757,2025-06-06,2040000,Annual Revision
1730,758,2022-04-01,855000,Joining Salary
1731,758,2023-04-01,895000,Market Adjustment
1732,759,2025-04-03,770000,Joining Salary
1733,760,2025-11-12,1170000,Joining Salary
1734,761,2025-04-07,710000,Joining Salary
1735,762,2022-04-22,690000,Joining Salary
1736,762,2023-04-22,775000,Promotion Increase
1737,762,2025-04-22,800000,Market Adjustment
1738,763,2024-10-05,1195000,Joining Salary
1739,763,2025-10-05,1235000,Market Adjustment
1740,764,2021-04-03,715000,Joining Salary
1741,764,2023-04-03,735000,Promotion Increase
1742,764,2024-04-03,780000,Annual Revision
1743,764,2025-04-03,860000,Annual Revision
1744,765,2021-07-22,1445000,Joining Salary
1745,765,2022-07-22,1635000,Annual Revision
1746,765,2023-07-22,1830000,Promotion Increase
1747,765,2024-07-22,1995000,Promotion Increase
1748,765,2025-07-22,2065000,Market Adjustment
1749,766,2022-09-13,690000,Joining Salary
1750,766,2024-09-13,740000,Promotion Increase
1751,766,2025-09-13,830000,Market Adjustment
1752,767,2023-04-13,660000,Joining Salary
1753,767,2024-04-13,730000,Annual Revision
1754,768,2025-10-16,650000,Joining Salary
1755,769,2025-03-27,670000,Joining Salary
1756,770,2021-05-20,590000,Joining Salary
1757,770,2022-05-20,620000,Annual Revision
1758,770,2023-05-20,660000,Market Adjustment
1759,770,2024-05-20,750000,Promotion Increase
1760,770,2025-05-20,785000,Annual Revision
1761,771,2025-03-14,1380000,Joining Salary
1762,772,2024-03-11,1870000,Joining Salary
1763,773,2024-06-22,1065000,Joining Salary
1764,773,2025-06-22,1185000,Promotion Increase
1765,774,2022-09-17,1180000,Joining Salary
1766,774,2023-09-17,1260000,Market Adjustment
1767,775,2022-03-22,720000,Joining Salary
1768,775,2024-03-22,810000,Annual Revision
1769,775,2025-03-22,870000,Annual Revision
1770,776,2022-08-31,1475000,Joining Salary
1771,777,2024-02-17,1445000,Joining Salary
1772,777,2025-02-17,1615000,Market Adjustment
1773,778,2021-11-19,465000,Joining Salary
1774,778,2022-11-19,505000,Annual Revision
1775,778,2023-11-19,575000,Promotion Increase
1776,778,2024-11-19,650000,Market Adjustment
1777,778,2025-11-19,680000,Annual Revision
1778,779,2024-01-06,1340000,Joining Salary
1779,779,2025-01-06,1405000,Annual Revision
1780,780,2025-08-08,1270000,Joining Salary
1781,781,2024-08-26,895000,Joining Salary
1782,781,2025-08-26,1000000,Promotion Increase
1783,782,2024-06-30,1005000,Joining Salary
1784,782,2025-06-28,1075000,Market Adjustment
1785,783,2023-07-21,660000,Joining Salary
1786,783,2024-07-21,710000,Market Adjustment
1787,783,2025-07-21,760000,Promotion Increase
1788,784,2024-08-23,540000,Joining Salary
1789,784,2025-08-23,585000,Annual Revision
1790,785,2025-05-30,755000,Joining Salary
1791,786,2021-11-18,1260000,Joining Salary
1792,786,2022-11-18,1395000,Market Adjustment
1793,787,2025-04-06,960000,Joining Salary
1794,788,2025-11-07,1060000,Joining Salary
1795,789,2024-09-22,585000,Joining Salary
1796,789,2025-09-22,605000,Promotion Increase
1797,790,2021-10-15,1305000,Joining Salary
1798,790,2024-10-15,1420000,Annual Revision
1799,791,2021-08-31,535000,Joining Salary
1800,791,2022-08-28,595000,Promotion Increase
1801,791,2023-08-28,620000,Annual Revision
1802,791,2025-08-28,690000,Promotion Increase
1803,792,2024-10-17,1250000,Joining Salary
1804,793,2025-06-16,455000,Joining Salary
1805,794,2021-09-09,975000,Joining Salary
1806,794,2022-09-09,1010000,Promotion Increase
1807,794,2023-09-09,1090000,Annual Revision
1808,794,2024-09-09,1200000,Annual Revision
1809,794,2025-09-09,1335000,Promotion Increase
1810,795,2021-03-03,1400000,Joining Salary
1811,795,2022-03-03,1570000,Promotion Increase
1812,795,2023-03-03,1755000,Market Adjustment
1813,795,2025-03-03,1820000,Promotion Increase
1814,796,2024-05-24,1125000,Joining Salary
1815,796,2025-05-24,1245000,Annual Revision
1816,797,2023-10-21,1100000,Joining Salary
1817,797,2024-10-21,1240000,Promotion Increase
1818,798,2023-06-01,585000,Joining Salary
1819,799,2025-09-24,1290000,Joining Salary
1820,800,2023-11-11,1005000,Joining Salary
1821,800,2024-11-11,1140000,Annual Revision
1822,801,2021-05-25,1370000,Joining Salary
1823,801,2022-05-25,1465000,Annual Revision
1824,801,2024-05-25,1625000,Promotion Increase
1825,802,2023-05-01,1630000,Joining Salary
1826,803,2021-09-05,1300000,Joining Salary
1827,803,2022-09-05,1435000,Annual Revision
1828,804,2021-12-07,1485000,Joining Salary
1829,804,2022-12-07,1545000,Annual Revision
1830,804,2023-12-07,1640000,Promotion Increase
1831,804,2024-12-07,1735000,Market Adjustment
1832,805,2021-01-10,660000,Joining Salary
1833,805,2022-01-10,740000,Annual Revision
1834,805,2024-01-10,805000,Promotion Increase
1835,805,2025-01-10,885000,Promotion Increase
1836,806,2021-12-31,400000,Joining Salary
1837,806,2024-12-28,420000,Annual Revision
1838,806,2025-12-28,475000,Promotion Increase
1839,807,2023-07-17,1170000,Joining Salary
1840,807,2024-07-17,1225000,Annual Revision
1841,807,2025-07-17,1300000,Promotion Increase
1842,808,2024-12-04,1495000,Joining Salary
1843,809,2025-01-03,700000,Joining Salary
1844,810,2024-06-22,970000,Joining Salary
1845,811,2025-10-14,1310000,Joining Salary
1846,812,2021-08-04,610000,Joining Salary
1847,812,2022-08-04,655000,Promotion Increase
1848,812,2023-08-04,705000,Market Adjustment
1849,812,2024-08-04,735000,Market Adjustment
1850,813,2024-08-01,460000,Joining Salary
1851,814,2021-03-03,940000,Joining Salary
1852,814,2022-03-03,1035000,Market Adjustment
1853,814,2025-03-03,1100000,Market Adjustment
1854,815,2022-03-27,745000,Joining Salary
1855,815,2023-03-27,790000,Market Adjustment
1856,815,2024-03-27,860000,Annual Revision
1857,815,2025-03-27,900000,Market Adjustment
1858,816,2025-11-07,1090000,Joining Salary
1859,817,2021-07-23,565000,Joining Salary
1860,817,2022-07-23,630000,Market Adjustment
1861,817,2023-07-23,655000,Annual Revision
1862,817,2024-07-23,680000,Promotion Increase
1863,817,2025-07-23,735000,Annual Revision
1864,818,2023-06-18,475000,Joining Salary
1865,818,2024-06-18,525000,Annual Revision
1866,818,2025-06-18,560000,Promotion Increase
1867,819,2022-06-24,565000,Joining Salary
1868,819,2023-06-24,595000,Annual Revision
1869,819,2024-06-24,675000,Market Adjustment
1870,819,2025-06-24,715000,Market Adjustment
1871,820,2023-02-19,480000,Joining Salary
1872,820,2025-02-19,525000,Annual Revision
1873,821,2023-09-06,625000,Joining Salary
1874,821,2024-09-06,660000,Promotion Increase
1875,821,2025-09-06,720000,Promotion Increase
1876,822,2023-07-21,950000,Joining Salary
1877,822,2025-07-21,1020000,Promotion Increase
1878,823,2023-07-26,1115000,Joining Salary
1879,823,2024-07-26,1265000,Promotion Increase
1880,823,2025-07-26,1345000,Market Adjustment
1881,824,2021-05-13,1135000,Joining Salary
1882,824,2023-05-13,1235000,Market Adjustment
1883,824,2025-05-13,1280000,Annual Revision
1884,825,2022-02-18,600000,Joining Salary
1885,825,2023-02-18,660000,Promotion Increase
1886,825,2024-02-18,720000,Promotion Increase
1887,825,2025-02-18,810000,Annual Revision
1888,826,2024-01-12,1390000,Joining Salary
1889,827,2022-03-30,1080000,Joining Salary
1890,827,2023-03-28,1120000,Annual Revision
1891,827,2024-03-28,1260000,Annual Revision
1892,827,2025-03-28,1380000,Market Adjustment
1893,828,2025-10-31,490000,Joining Salary
1894,829,2024-07-30,720000,Joining Salary
1895,829,2025-07-28,805000,Annual Revision
1896,830,2024-03-20,1035000,Joining Salary
1897,830,2025-03-20,1090000,Market Adjustment
1898,831,2025-10-01,1065000,Joining Salary
1899,832,2021-05-01,1015000,Joining Salary
1900,832,2022-05-01,1095000,Annual Revision
1901,832,2024-05-01,1225000,Market Adjustment
1902,833,2022-12-09,685000,Joining Salary
1903,833,2023-12-09,750000,Market Adjustment
1904,833,2024-12-09,850000,Annual Revision
1905,833,2025-12-09,930000,Annual Revision
1906,834,2022-11-21,1175000,Joining Salary
1907,834,2023-11-21,1330000,Promotion Increase
1908,834,2024-11-21,1460000,Annual Revision
1909,834,2025-11-21,1570000,Promotion Increase
1910,835,2022-04-12,670000,Joining Salary
1911,835,2023-04-12,710000,Market Adjustment
1912,835,2024-04-12,790000,Promotion Increase
1913,835,2025-04-12,830000,Market Adjustment
1914,836,2021-10-09,625000,Joining Salary
1915,836,2023-10-09,680000,Promotion Increase
1916,836,2024-10-09,760000,Promotion Increase
1917,836,2025-10-09,785000,Promotion Increase
1918,837,2023-07-31,1330000,Joining Salary
1919,837,2024-07-28,1375000,Promotion Increase
1920,838,2022-04-26,1820000,Joining Salary
1921,838,2023-04-26,2000000,Market Adjustment
1922,838,2024-04-26,2235000,Annual Revision
1923,839,2022-09-08,435000,Joining Salary
1924,839,2023-09-08,455000,Promotion Increase
1925,839,2024-09-08,485000,Promotion Increase
1926,840,2022-08-04,540000,Joining Salary
1927,840,2024-08-04,570000,Promotion Increase
1928,840,2025-08-04,615000,Annual Revision
1929,841,2025-01-31,1085000,Joining Salary
1930,842,2023-03-09,965000,Joining Salary
1931,842,2024-03-09,1085000,Promotion Increase
1932,843,2023-08-27,1150000,Joining Salary
1933,843,2024-08-27,1230000,Promotion Increase
1934,843,2025-08-27,1340000,Annual Revision
1935,844,2024-01-09,1340000,Joining Salary
1936,845,2021-11-23,995000,Joining Salary
1937,845,2022-11-23,1130000,Annual Revision
1938,845,2023-11-23,1235000,Market Adjustment
1939,845,2024-11-23,1300000,Annual Revision
1940,845,2025-11-23,1365000,Market Adjustment
1941,846,2024-01-20,680000,Joining Salary
1942,847,2021-03-18,1415000,Joining Salary
1943,847,2022-03-18,1520000,Market Adjustment
1944,847,2023-03-18,1570000,Annual Revision
1945,847,2024-03-18,1700000,Market Adjustment
1946,847,2025-03-18,1870000,Market Adjustment
1947,848,2023-12-01,1270000,Joining Salary
1948,849,2023-08-05,1180000,Joining Salary
1949,849,2024-08-05,1275000,Promotion Increase
1950,849,2025-08-05,1445000,Market Adjustment
1951,850,2022-06-25,960000,Joining Salary
1952,850,2023-06-25,1095000,Market Adjustment
1953,850,2024-06-25,1240000,Market Adjustment
1954,850,2025-06-25,1280000,Annual Revision
1955,851,2024-11-01,1270000,Joining Salary
1956,852,2024-07-02,1035000,Joining Salary
1957,853,2021-08-27,485000,Joining Salary
1958,853,2023-08-27,545000,Market Adjustment
1959,853,2024-08-27,590000,Market Adjustment
1960,853,2025-08-27,635000,Annual Revision
1961,854,2025-05-11,490000,Joining Salary
1962,855,2024-12-13,560000,Joining Salary
1963,855,2025-12-13,590000,Promotion Increase
1964,856,2021-11-25,860000,Joining Salary
1965,856,2022-11-25,910000,Promotion Increase
1966,856,2023-11-25,1025000,Annual Revision
1967,856,2024-11-25,1165000,Promotion Increase
1968,856,2025-11-25,1255000,Annual Revision
1969,857,2024-05-28,1035000,Joining Salary
1970,858,2022-04-21,755000,Joining Salary
1971,858,2023-04-21,810000,Promotion Increase
1972,859,2022-02-27,945000,Joining Salary
1973,859,2023-02-27,980000,Market Adjustment
1974,859,2024-02-27,1065000,Market Adjustment
1975,859,2025-02-27,1130000,Market Adjustment
1976,860,2022-12-11,1155000,Joining Salary
1977,861,2025-07-30,710000,Joining Salary
1978,862,2025-02-14,1420000,Joining Salary
1979,863,2025-07-01,595000,Joining Salary
1980,864,2022-01-19,1140000,Joining Salary
1981,865,2023-03-01,800000,Joining Salary
1982,866,2022-04-30,650000,Joining Salary
1983,866,2023-04-28,700000,Promotion Increase
1984,866,2024-04-28,770000,Promotion Increase
1985,866,2025-04-28,860000,Promotion Increase
1986,867,2023-08-19,610000,Joining Salary
1987,867,2024-08-19,665000,Market Adjustment
1988,867,2025-08-19,750000,Annual Revision
1989,868,2021-07-20,1785000,Joining Salary
1990,869,2023-03-23,485000,Joining Salary
1991,869,2024-03-23,540000,Market Adjustment
1992,870,2025-10-20,645000,Joining Salary
1993,871,2025-10-08,1530000,Joining Salary
1994,872,2024-01-24,530000,Joining Salary
1995,872,2025-01-24,565000,Market Adjustment
1996,873,2024-06-09,1665000,Joining Salary
1997,873,2025-06-09,1800000,Market Adjustment
1998,874,2022-06-07,1365000,Joining Salary
1999,874,2023-06-07,1410000,Market Adjustment
2000,875,2023-05-09,695000,Joining Salary
2001,875,2025-05-09,750000,Promotion Increase
2002,876,2022-10-24,570000,Joining Salary
2003,876,2024-10-24,640000,Market Adjustment
2004,876,2025-10-24,675000,Annual Revision
2005,877,2021-12-03,1575000,Joining Salary
2006,878,2024-11-29,665000,Joining Salary
2007,878,2025-11-28,755000,Annual Revision
2008,879,2025-04-29,1405000,Joining Salary
2009,880,2023-06-30,920000,Joining Salary
2010,880,2024-06-28,955000,Market Adjustment
2011,880,2025-06-28,1060000,Promotion Increase
2012,881,2025-05-05,740000,Joining Salary
2013,882,2021-01-19,1305000,Joining Salary
2014,882,2022-01-19,1365000,Promotion Increase
2015,882,2024-01-19,1505000,Market Adjustment
2016,882,2025-01-19,1560000,Market Adjustment
2017,883,2023-11-12,485000,Joining Salary
2018,883,2024-11-12,505000,Annual Revision
2019,883,2025-11-12,555000,Promotion Increase
2020,884,2024-03-07,640000,Joining Salary
2021,884,2025-03-07,675000,Market Adjustment
2022,885,2024-11-05,1525000,Joining Salary
2023,885,2025-11-05,1680000,Annual Revision
2024,886,2022-11-26,1560000,Joining Salary
2025,887,2025-03-31,750000,Joining Salary
2026,888,2025-06-15,595000,Joining Salary
2027,889,2025-06-23,1665000,Joining Salary
2028,890,2021-10-04,735000,Joining Salary
2029,890,2023-10-04,770000,Market Adjustment
2030,891,2021-12-23,555000,Joining Salary
2031,891,2022-12-23,575000,Annual Revision
2032,891,2023-12-23,645000,Promotion Increase
2033,892,2024-05-25,670000,Joining Salary
2034,892,2025-05-25,710000,Market Adjustment
2035,893,2023-05-30,435000,Joining Salary
2036,893,2024-05-28,470000,Promotion Increase
2037,894,2024-11-05,1275000,Joining Salary
2038,894,2025-11-05,1425000,Market Adjustment
2039,895,2022-08-01,1340000,Joining Salary
2040,895,2023-08-01,1525000,Market Adjustment
2041,895,2024-08-01,1635000,Market Adjustment
2042,896,2021-01-12,590000,Joining Salary
2043,896,2022-01-12,640000,Promotion Increase
2044,896,2023-01-12,725000,Annual Revision
2045,896,2024-01-12,760000,Annual Revision
2046,896,2025-01-12,860000,Promotion Increase
2047,897,2022-08-21,1390000,Joining Salary
2048,897,2025-08-21,1555000,Annual Revision
2049,898,2021-07-08,830000,Joining Salary
2050,898,2022-07-08,880000,Annual Revision
2051,898,2023-07-08,995000,Market Adjustment
2052,898,2025-07-08,1065000,Annual Revision
2053,899,2021-02-08,690000,Joining Salary
2054,899,2022-02-08,735000,Annual Revision
2055,899,2023-02-08,785000,Annual Revision
2056,899,2024-02-08,875000,Promotion Increase
2057,900,2022-05-27,550000,Joining Salary
2058,900,2023-05-27,580000,Annual Revision
2059,900,2025-05-27,650000,Promotion Increase
2060,901,2025-04-06,925000,Joining Salary
2061,902,2023-08-15,1120000,Joining Salary
2062,902,2025-08-15,1195000,Promotion Increase
2063,903,2023-05-28,670000,Joining Salary
2064,903,2024-05-28,755000,Market Adjustment
2065,903,2025-05-28,860000,Market Adjustment
2066,904,2023-09-29,1400000,Joining Salary
2067,905,2023-01-20,830000,Joining Salary
2068,905,2024-01-20,910000,Annual Revision
2069,906,2021-11-16,975000,Joining Salary
2070,906,2022-11-16,1065000,Annual Revision
2071,906,2023-11-16,1190000,Promotion Increase
2072,906,2024-11-16,1260000,Promotion Increase
2073,907,2025-01-10,570000,Joining Salary
2074,908,2023-07-20,1350000,Joining Salary
2075,908,2024-07-20,1415000,Market Adjustment
2076,908,2025-07-20,1550000,Annual Revision
2077,909,2023-04-10,1050000,Joining Salary
2078,909,2025-04-10,1100000,Promotion Increase
2079,910,2024-02-28,1860000,Joining Salary
2080,911,2022-01-26,525000,Joining Salary
2081,911,2023-01-26,550000,Annual Revision
2082,911,2024-01-26,610000,Market Adjustment
2083,911,2025-01-26,655000,Promotion Increase
2084,912,2023-02-23,685000,Joining Salary
2085,912,2024-02-23,780000,Promotion Increase
2086,912,2025-02-23,885000,Promotion Increase
2087,913,2022-04-20,810000,Joining Salary
2088,913,2023-04-20,875000,Market Adjustment
2089,914,2022-07-11,655000,Joining Salary
2090,914,2023-07-11,725000,Promotion Increase
2091,914,2024-07-11,755000,Promotion Increase
2092,914,2025-07-11,860000,Market Adjustment
2093,915,2023-08-31,605000,Joining Salary
2094,915,2025-08-28,660000,Annual Revision
2095,916,2023-08-19,485000,Joining Salary
2096,916,2024-08-19,525000,Promotion Increase
2097,917,2025-05-09,1200000,Joining Salary
2098,918,2022-06-30,450000,Joining Salary
2099,918,2023-06-28,485000,Promotion Increase
2100,918,2024-06-28,510000,Market Adjustment
2101,918,2025-06-28,530000,Promotion Increase
2102,919,2023-09-12,955000,Joining Salary
2103,919,2024-09-12,1040000,Promotion Increase
2104,919,2025-09-12,1120000,Annual Revision
2105,920,2024-07-13,960000,Joining Salary
2106,921,2023-05-08,1120000,Joining Salary
2107,921,2024-05-08,1245000,Market Adjustment
2108,921,2025-05-08,1305000,Market Adjustment
2109,922,2023-03-01,1120000,Joining Salary
2110,923,2024-05-11,490000,Joining Salary
2111,924,2024-07-30,795000,Joining Salary
2112,924,2025-07-28,865000,Annual Revision
2113,925,2021-12-18,530000,Joining Salary
2114,925,2022-12-18,550000,Market Adjustment
2115,925,2023-12-18,615000,Promotion Increase
2116,925,2024-12-18,690000,Market Adjustment
2117,925,2025-12-18,755000,Annual Revision
2118,926,2022-02-03,560000,Joining Salary
2119,926,2023-02-03,630000,Annual Revision
2120,926,2024-02-03,665000,Annual Revision
2121,926,2025-02-03,690000,Annual Revision
2122,927,2021-06-16,1575000,Joining Salary
2123,927,2022-06-16,1685000,Annual Revision
2124,927,2023-06-16,1875000,Annual Revision
2125,927,2024-06-16,2050000,Promotion Increase
2126,927,2025-06-16,2305000,Annual Revision
2127,928,2022-12-25,445000,Joining Salary
2128,928,2023-12-25,470000,Annual Revision
2129,928,2024-12-25,495000,Promotion Increase
2130,929,2021-10-26,760000,Joining Salary
2131,929,2023-10-26,820000,Annual Revision
2132,930,2021-07-05,1260000,Joining Salary
2133,930,2022-07-05,1405000,Promotion Increase
2134,931,2021-05-25,660000,Joining Salary
2135,931,2024-05-25,700000,Promotion Increase
2136,932,2022-05-15,1415000,Joining Salary
2137,932,2023-05-15,1485000,Market Adjustment
2138,933,2024-10-24,1220000,Joining Salary
2139,933,2025-10-24,1275000,Market Adjustment
2140,934,2023-10-13,1365000,Joining Salary
2141,934,2025-10-13,1410000,Promotion Increase
2142,935,2021-12-01,980000,Joining Salary
2143,935,2022-12-01,1065000,Market Adjustment
2144,936,2025-03-13,815000,Joining Salary
2145,937,2021-11-26,485000,Joining Salary
2146,937,2022-11-26,505000,Market Adjustment
2147,937,2023-11-26,520000,Annual Revision
2148,937,2024-11-26,570000,Annual Revision
2149,938,2023-11-21,730000,Joining Salary
2150,938,2025-11-21,760000,Annual Revision
2151,939,2025-11-28,870000,Joining Salary
2152,940,2025-07-06,530000,Joining Salary
2153,941,2025-07-26,1270000,Joining Salary
2154,942,2025-06-09,650000,Joining Salary
2155,943,2025-01-28,1040000,Joining Salary
2156,944,2023-07-25,550000,Joining Salary
2157,944,2024-07-25,625000,Annual Revision
2158,945,2022-09-28,670000,Joining Salary
2159,945,2024-09-28,720000,Promotion Increase
2160,945,2025-09-28,805000,Promotion Increase
2161,946,2022-03-27,1595000,Joining Salary
2162,946,2023-03-27,1780000,Annual Revision
2163,947,2023-07-10,655000,Joining Salary
2164,947,2024-07-10,745000,Market Adjustment
2165,948,2023-01-15,755000,Joining Salary
2166,948,2024-01-15,825000,Market Adjustment
2167,948,2025-01-15,870000,Market Adjustment
2168,949,2024-09-29,710000,Joining Salary
2169,950,2023-02-14,770000,Joining Salary
2170,950,2024-02-14,820000,Market Adjustment
2171,950,2025-02-14,870000,Annual Revision
2172,951,2025-02-24,675000,Joining Salary
2173,952,2022-07-04,630000,Joining Salary
2174,952,2023-07-04,670000,Annual Revision
2175,952,2024-07-04,690000,Promotion Increase
2176,953,2021-09-09,565000,Joining Salary
2177,953,2024-09-09,605000,Market Adjustment
2178,954,2023-11-09,1235000,Joining Salary
2179,954,2024-11-09,1295000,Promotion Increase
2180,954,2025-11-09,1430000,Market Adjustment
2181,955,2023-09-08,990000,Joining Salary
2182,955,2024-09-08,1090000,Promotion Increase
2183,955,2025-09-08,1210000,Promotion Increase
2184,956,2024-10-20,550000,Joining Salary
2185,956,2025-10-20,570000,Market Adjustment
2186,957,2021-02-28,1260000,Joining Salary
2187,957,2022-02-28,1300000,Promotion Increase
2188,957,2023-02-28,1425000,Promotion Increase
2189,957,2025-02-28,1510000,Promotion Increase
2190,958,2025-07-28,720000,Joining Salary
2191,959,2024-06-03,1225000,Joining Salary
2192,959,2025-06-03,1365000,Promotion Increase
2193,960,2022-05-27,480000,Joining Salary
2194,960,2024-05-27,515000,Promotion Increase
2195,961,2023-06-03,835000,Joining Salary
2196,962,2022-10-23,540000,Joining Salary
2197,962,2024-10-23,610000,Market Adjustment
2198,962,2025-10-23,665000,Annual Revision
2199,963,2023-03-16,650000,Joining Salary
2200,964,2025-06-09,715000,Joining Salary
2201,965,2023-02-02,665000,Joining Salary
2202,965,2024-02-02,690000,Promotion Increase
2203,965,2025-02-02,765000,Promotion Increase
2204,966,2023-06-12,650000,Joining Salary
2205,967,2023-02-21,1280000,Joining Salary
2206,967,2024-02-21,1360000,Market Adjustment
2207,967,2025-02-21,1425000,Promotion Increase
2208,968,2023-04-25,890000,Joining Salary
2209,968,2025-04-25,1010000,Market Adjustment
2210,969,2024-11-17,560000,Joining Salary
2211,969,2025-11-17,590000,Annual Revision
2212,970,2023-05-27,1195000,Joining Salary
2213,970,2024-05-27,1345000,Promotion Increase
2214,970,2025-05-27,1520000,Market Adjustment
2215,971,2023-01-21,535000,Joining Salary
2216,971,2024-01-21,610000,Market Adjustment
2217,971,2025-01-21,680000,Promotion Increase
2218,972,2022-03-15,1480000,Joining Salary
2219,972,2023-03-15,1625000,Annual Revision
2220,972,2025-03-15,1750000,Market Adjustment
2221,973,2021-09-21,1165000,Joining Salary
2222,973,2022-09-21,1290000,Promotion Increase
2223,973,2023-09-21,1460000,Annual Revision
2224,973,2024-09-21,1540000,Market Adjustment
2225,973,2025-09-21,1695000,Annual Revision
2226,974,2022-02-12,580000,Joining Salary
2227,974,2023-02-12,630000,Annual Revision
2228,974,2025-02-12,695000,Market Adjustment
2229,975,2022-10-25,1115000,Joining Salary
2230,975,2023-10-25,1155000,Market Adjustment
2231,975,2024-10-25,1220000,Market Adjustment
2232,975,2025-10-25,1280000,Market Adjustment
2233,976,2025-05-02,1005000,Joining Salary
2234,977,2023-07-14,575000,Joining Salary
2235,977,2024-07-14,615000,Market Adjustment
2236,978,2025-09-08,855000,Joining Salary
2237,979,2022-02-14,1600000,Joining Salary
2238,979,2023-02-14,1725000,Market Adjustment
2239,979,2024-02-14,1810000,Market Adjustment
2240,980,2021-12-23,845000,Joining Salary
2241,980,2022-12-23,885000,Promotion Increase
2242,980,2023-12-23,995000,Market Adjustment
2243,980,2024-12-23,1050000,Annual Revision
2244,980,2025-12-23,1165000,Annual Revision
2245,981,2023-07-10,905000,Joining Salary
2246,981,2024-07-10,990000,Market Adjustment
2247,981,2025-07-10,1105000,Market Adjustment
2248,982,2021-01-04,1180000,Joining Salary
2249,982,2022-01-04,1330000,Promotion Increase
2250,982,2023-01-04,1375000,Market Adjustment
2251,982,2025-01-04,1450000,Annual Revision
2252,983,2025-05-23,1310000,Joining Salary
2253,984,2024-04-02,800000,Joining Salary
2254,984,2025-04-02,860000,Promotion Increase
2255,985,2023-11-26,1765000,Joining Salary
2256,986,2023-02-10,910000,Joining Salary
2257,986,2024-02-10,1010000,Promotion Increase
2258,987,2023-05-22,1280000,Joining Salary
2259,988,2023-03-04,670000,Joining Salary
2260,989,2024-10-18,1600000,Joining Salary
2261,989,2025-10-18,1700000,Promotion Increase
2262,990,2022-07-24,750000,Joining Salary
2263,990,2024-07-24,840000,Promotion Increase
2264,990,2025-07-24,870000,Annual Revision
2265,991,2024-07-10,590000,Joining Salary
2266,991,2025-07-10,640000,Promotion Increase
2267,992,2024-05-13,1780000,Joining Salary
2268,993,2021-06-07,935000,Joining Salary
2269,993,2022-06-07,1020000,Annual Revision
2270,993,2023-06-07,1125000,Annual Revision
2271,993,2024-06-07,1240000,Market Adjustment
2272,993,2025-06-07,1335000,Promotion Increase
2273,994,2023-11-02,1875000,Joining Salary
2274,994,2025-11-02,2060000,Promotion Increase
2275,995,2021-12-17,660000,Joining Salary
2276,995,2024-12-17,750000,Annual Revision
2277,995,2025-12-17,790000,Annual Revision
2278,996,2024-04-25,690000,Joining Salary
2279,996,2025-04-25,755000,Market Adjustment
2280,997,2022-01-03,645000,Joining Salary
2281,997,2023-01-03,670000,Market Adjustment
2282,998,2022-03-10,1040000,Joining Salary
2283,998,2023-03-10,1080000,Market Adjustment
2284,998,2024-03-10,1145000,Promotion Increase
2285,998,2025-03-10,1215000,Market Adjustment
2286,999,2025-01-20,1190000,Joining Salary
2287,1000,2024-03-30,720000,Joining Salary
2288,1000,2025-03-28,820000,Market Adjustment
2289,1001,2024-01-07,1495000,Joining Salary
2290,1002,2025-06-13,555000,Joining Salary
2291,1003,2022-10-29,655000,Joining Salary
2292,1003,2025-10-28,680000,Market Adjustment
2293,1004,2021-08-22,620000,Joining Salary
2294,1004,2022-08-22,670000,Market Adjustment
2295,1004,2023-08-22,700000,Market Adjustment
2296,1004,2024-08-22,740000,Market Adjustment
2297,1005,2025-03-28,610000,Joining Salary
2298,1006,2021-08-03,1220000,Joining Salary
2299,1006,2022-08-03,1305000,Market Adjustment
2300,1006,2023-08-03,1420000,Annual Revision
2301,1007,2022-05-24,1050000,Joining Salary
2302,1008,2024-03-29,750000,Joining Salary
2303,1009,2025-10-06,1240000,Joining Salary
2304,1010,2023-12-12,485000,Joining Salary
2305,1010,2025-12-12,510000,Market Adjustment
2306,1011,2024-12-26,950000,Joining Salary
2307,1012,2023-07-14,580000,Joining Salary
2308,1012,2024-07-14,605000,Promotion Increase
2309,1012,2025-07-14,670000,Promotion Increase
2310,1013,2023-12-05,1140000,Joining Salary
2311,1013,2024-12-05,1295000,Promotion Increase
2312,1013,2025-12-05,1385000,Annual Revision
2313,1014,2022-05-29,1370000,Joining Salary
2314,1014,2023-05-28,1450000,Market Adjustment
2315,1014,2024-05-28,1505000,Market Adjustment
2316,1014,2025-05-28,1615000,Market Adjustment
2317,1015,2025-07-21,1105000,Joining Salary
2318,1016,2024-06-27,585000,Joining Salary
2319,1016,2025-06-27,660000,Promotion Increase
2320,1017,2023-09-15,890000,Joining Salary
2321,1018,2025-01-01,1565000,Joining Salary
2322,1019,2022-04-27,445000,Joining Salary
2323,1019,2024-04-27,480000,Annual Revision
2324,1019,2025-04-27,510000,Market Adjustment
2325,1020,2022-11-23,1400000,Joining Salary
2326,1020,2023-11-23,1585000,Annual Revision
2327,1020,2024-11-23,1775000,Market Adjustment
2328,1020,2025-11-23,1935000,Promotion Increase
2329,1021,2024-04-14,785000,Joining Salary
2330,1021,2025-04-14,860000,Annual Revision
2331,1022,2023-02-02,720000,Joining Salary
2332,1022,2024-02-02,770000,Annual Revision
2333,1023,2022-12-13,1015000,Joining Salary
2334,1023,2023-12-13,1070000,Promotion Increase
2335,1023,2024-12-13,1125000,Annual Revision
2336,1023,2025-12-13,1170000,Promotion Increase
2337,1024,2024-09-11,1130000,Joining Salary
2338,1024,2025-09-11,1230000,Annual Revision
2339,1025,2022-07-19,870000,Joining Salary
2340,1025,2023-07-19,910000,Annual Revision
2341,1025,2025-07-19,945000,Market Adjustment
2342,1026,2025-11-27,1290000,Joining Salary
2343,1027,2022-05-26,1680000,Joining Salary
2344,1027,2023-05-26,1905000,Market Adjustment
2345,1027,2024-05-26,2020000,Annual Revision
2346,1027,2025-05-26,2100000,Annual Revision
2347,1028,2021-06-09,725000,Joining Salary
2348,1028,2022-06-09,795000,Annual Revision
2349,1028,2024-06-09,880000,Market Adjustment
2350,1029,2021-11-03,1385000,Joining Salary
2351,1029,2022-11-03,1575000,Promotion Increase
2352,1029,2023-11-03,1745000,Promotion Increase
2353,1029,2024-11-03,1830000,Promotion Increase
2354,1029,2025-11-03,1950000,Market Adjustment
2355,1030,2022-04-30,1725000,Joining Salary
2356,1030,2023-04-28,1860000,Annual Revision
2357,1030,2024-04-28,1965000,Market Adjustment
2358,1031,2024-01-29,845000,Joining Salary
2359,1032,2022-12-31,730000,Joining Salary
2360,1032,2023-12-28,780000,Promotion Increase
2361,1032,2024-12-28,820000,Annual Revision
2362,1032,2025-12-28,925000,Market Adjustment
2363,1033,2022-02-01,815000,Joining Salary
2364,1033,2023-02-01,900000,Market Adjustment
2365,1033,2025-02-01,1005000,Promotion Increase
2366,1034,2024-04-19,1285000,Joining Salary
2367,1034,2025-04-19,1370000,Market Adjustment
2368,1035,2025-09-13,1515000,Joining Salary
2369,1036,2023-06-22,1330000,Joining Salary
2370,1036,2024-06-22,1505000,Market Adjustment
2371,1036,2025-06-22,1685000,Promotion Increase
2372,1037,2023-06-20,1075000,Joining Salary
2373,1037,2024-06-20,1205000,Market Adjustment
2374,1038,2025-01-21,1500000,Joining Salary
2375,1039,2024-01-27,685000,Joining Salary
2376,1040,2021-01-22,1130000,Joining Salary
2377,1040,2022-01-22,1185000,Promotion Increase
2378,1040,2023-01-22,1250000,Promotion Increase
2379,1040,2024-01-22,1365000,Market Adjustment
2380,1040,2025-01-22,1450000,Annual Revision
2381,1041,2022-08-12,825000,Joining Salary
2382,1041,2023-08-12,850000,Promotion Increase
2383,1041,2024-08-12,895000,Promotion Increase
2384,1041,2025-08-12,1005000,Market Adjustment
2385,1042,2023-10-04,990000,Joining Salary
2386,1042,2024-10-04,1120000,Annual Revision
2387,1042,2025-10-04,1265000,Annual Revision
2388,1043,2024-01-14,1525000,Joining Salary
2389,1043,2025-01-14,1680000,Annual Revision
2390,1044,2025-06-15,750000,Joining Salary
2391,1045,2025-05-30,425000,Joining Salary
2392,1046,2022-01-22,790000,Joining Salary
2393,1046,2023-01-22,860000,Market Adjustment
2394,1046,2024-01-22,895000,Market Adjustment
2395,1046,2025-01-22,995000,Annual Revision
2396,1047,2024-09-25,1700000,Joining Salary
2397,1048,2022-02-01,1255000,Joining Salary
2398,1048,2023-02-01,1355000,Market Adjustment
2399,1048,2024-02-01,1440000,Promotion Increase
2400,1049,2024-06-03,925000,Joining Salary
2401,1049,2025-06-03,1035000,Annual Revision
2402,1050,2022-02-06,1465000,Joining Salary
2403,1050,2023-02-06,1520000,Promotion Increase
2404,1050,2024-02-06,1730000,Promotion Increase
2405,1050,2025-02-06,1935000,Annual Revision
2406,1051,2025-09-17,1245000,Joining Salary
2407,1052,2021-09-23,560000,Joining Salary
2408,1052,2022-09-23,575000,Promotion Increase
2409,1052,2023-09-23,640000,Annual Revision
2410,1052,2024-09-23,685000,Annual Revision
2411,1052,2025-09-23,765000,Market Adjustment
2412,1053,2021-02-01,1295000,Joining Salary
2413,1053,2025-02-01,1345000,Market Adjustment
2414,1054,2024-03-20,570000,Joining Salary
2415,1054,2025-03-20,640000,Market Adjustment
2416,1055,2021-10-18,545000,Joining Salary
2417,1055,2022-10-18,570000,Market Adjustment
2418,1055,2023-10-18,600000,Market Adjustment
2419,1055,2024-10-18,635000,Market Adjustment
2420,1056,2024-02-25,690000,Joining Salary
2421,1057,2022-11-01,865000,Joining Salary
2422,1058,2022-03-01,890000,Joining Salary
2423,1058,2023-03-01,965000,Market Adjustment
2424,1058,2024-03-01,1075000,Promotion Increase
2425,1059,2025-01-05,1375000,Joining Salary
2426,1060,2024-09-30,715000,Joining Salary
2427,1061,2022-11-17,1005000,Joining Salary
2428,1061,2023-11-17,1125000,Promotion Increase
2429,1062,2021-11-10,1580000,Joining Salary
2430,1062,2022-11-10,1700000,Market Adjustment
2431,1062,2024-11-10,1860000,Promotion Increase
2432,1062,2025-11-10,1990000,Annual Revision
2433,1063,2022-03-19,1040000,Joining Salary
2434,1063,2023-03-19,1130000,Promotion Increase
2435,1063,2024-03-19,1280000,Market Adjustment
2436,1064,2022-05-13,1140000,Joining Salary
2437,1064,2023-05-13,1280000,Annual Revision
2438,1064,2024-05-13,1425000,Annual Revision
2439,1065,2022-11-15,1760000,Joining Salary
2440,1065,2023-11-15,1995000,Promotion Increase
2441,1065,2025-11-15,2095000,Promotion Increase
2442,1066,2025-02-11,860000,Joining Salary
2443,1067,2021-09-05,1185000,Joining Salary
2444,1067,2022-09-05,1305000,Annual Revision
2445,1067,2023-09-05,1445000,Promotion Increase
2446,1067,2024-09-05,1605000,Market Adjustment
2447,1067,2025-09-05,1810000,Promotion Increase
2448,1068,2024-07-23,1590000,Joining Salary
2449,1068,2025-07-23,1725000,Market Adjustment
2450,1069,2023-12-28,1810000,Joining Salary
2451,1070,2022-06-18,850000,Joining Salary
2452,1070,2023-06-18,920000,Promotion Increase
2453,1070,2025-06-18,960000,Promotion Increase
2454,1071,2023-03-24,1430000,Joining Salary
2455,1072,2023-10-03,970000,Joining Salary
2456,1072,2025-10-03,1000000,Market Adjustment
2457,1073,2021-12-27,1555000,Joining Salary
2458,1073,2022-12-27,1730000,Market Adjustment
2459,1073,2023-12-27,1865000,Market Adjustment
2460,1073,2024-12-27,2040000,Market Adjustment
2461,1073,2025-12-27,2295000,Promotion Increase
2462,1074,2024-05-30,690000,Joining Salary
2463,1074,2025-05-28,785000,Promotion Increase
2464,1075,2022-09-22,550000,Joining Salary
2465,1075,2023-09-22,590000,Promotion Increase
2466,1075,2024-09-22,630000,Promotion Increase
2467,1076,2021-12-03,1055000,Joining Salary
2468,1076,2022-12-03,1200000,Promotion Increase
2469,1077,2023-05-09,1025000,Joining Salary
2470,1077,2024-05-09,1150000,Market Adjustment
2471,1077,2025-05-09,1235000,Promotion Increase
2472,1078,2022-03-11,1180000,Joining Salary
2473,1078,2023-03-11,1225000,Promotion Increase
2474,1078,2024-03-11,1370000,Promotion Increase
2475,1078,2025-03-11,1530000,Promotion Increase
2476,1079,2022-04-30,1020000,Joining Salary
2477,1079,2025-04-28,1055000,Promotion Increase
2478,1080,2023-04-07,1585000,Joining Salary
2479,1080,2024-04-07,1760000,Market Adjustment
2480,1080,2025-04-07,1950000,Market Adjustment
2481,1081,2021-08-21,555000,Joining Salary
2482,1081,2023-08-21,595000,Promotion Increase
2483,1081,2024-08-21,645000,Market Adjustment
2484,1082,2023-07-24,570000,Joining Salary
2485,1082,2024-07-24,635000,Promotion Increase
2486,1082,2025-07-24,705000,Market Adjustment
2487,1083,2021-03-04,1725000,Joining Salary
2488,1083,2022-03-04,1895000,Promotion Increase
2489,1083,2024-03-04,1955000,Promotion Increase
2490,1084,2023-05-21,1080000,Joining Salary
2491,1085,2025-05-09,1185000,Joining Salary
2492,1086,2022-01-12,600000,Joining Salary
2493,1086,2023-01-12,620000,Annual Revision
2494,1086,2025-01-12,675000,Annual Revision
2495,1087,2023-05-02,915000,Joining Salary
2496,1087,2025-05-02,1030000,Market Adjustment
2497,1088,2023-08-15,1475000,Joining Salary
2498,1088,2024-08-15,1665000,Promotion Increase
2499,1089,2024-12-04,1260000,Joining Salary
2500,1090,2023-01-27,895000,Joining Salary
2501,1090,2025-01-27,995000,Annual Revision
2502,1091,2022-12-29,795000,Joining Salary
2503,1091,2023-12-28,905000,Promotion Increase
2504,1092,2025-08-22,660000,Joining Salary
2505,1093,2024-06-08,1140000,Joining Salary
2506,1094,2024-07-23,500000,Joining Salary
2507,1094,2025-07-23,570000,Promotion Increase
2508,1095,2025-10-28,710000,Joining Salary
2509,1096,2021-04-05,440000,Joining Salary
2510,1096,2022-04-05,475000,Annual Revision
2511,1096,2024-04-05,495000,Market Adjustment
2512,1096,2025-04-05,540000,Promotion Increase
2513,1097,2021-01-15,630000,Joining Salary
2514,1097,2022-01-15,715000,Promotion Increase
2515,1097,2023-01-15,805000,Market Adjustment
2516,1097,2024-01-15,905000,Market Adjustment
2517,1097,2025-01-15,995000,Market Adjustment
2518,1098,2022-01-18,1395000,Joining Salary
2519,1098,2024-01-18,1590000,Annual Revision
2520,1098,2025-01-18,1810000,Annual Revision
2521,1099,2023-06-27,1110000,Joining Salary
2522,1099,2025-06-27,1230000,Market Adjustment
2523,1100,2023-06-16,1590000,Joining Salary
2524,1100,2025-06-16,1765000,Promotion Increase
2525,1101,2021-02-07,860000,Joining Salary
2526,1101,2024-02-07,965000,Market Adjustment
2527,1102,2024-10-29,1410000,Joining Salary
2528,1102,2025-10-28,1545000,Annual Revision
2529,1103,2025-05-03,720000,Joining Salary
2530,1104,2021-07-04,745000,Joining Salary
2531,1104,2022-07-04,770000,Market Adjustment
2532,1104,2023-07-04,845000,Annual Revision
2533,1105,2023-10-08,585000,Joining Salary
2534,1105,2025-10-08,605000,Promotion Increase
2535,1106,2022-06-15,1570000,Joining Salary
2536,1106,2023-06-15,1765000,Annual Revision
2537,1106,2024-06-15,1945000,Annual Revision
2538,1106,2025-06-15,2100000,Annual Revision
2539,1107,2022-04-15,635000,Joining Salary
2540,1107,2023-04-15,705000,Annual Revision
2541,1107,2025-04-15,775000,Market Adjustment
2542,1108,2022-10-20,705000,Joining Salary
2543,1109,2025-07-19,640000,Joining Salary
2544,1110,2021-09-28,1740000,Joining Salary
2545,1110,2022-09-28,1945000,Market Adjustment
2546,1110,2023-09-28,2050000,Market Adjustment
2547,1111,2025-07-18,1150000,Joining Salary
2548,1112,2025-03-26,555000,Joining Salary
2549,1113,2025-10-15,1460000,Joining Salary
2550,1114,2021-09-11,645000,Joining Salary
2551,1114,2023-09-11,695000,Annual Revision
2552,1114,2024-09-11,790000,Promotion Increase
2553,1115,2023-09-04,1265000,Joining Salary
2554,1115,2024-09-04,1330000,Market Adjustment
2555,1115,2025-09-04,1395000,Market Adjustment
2556,1116,2023-07-17,700000,Joining Salary
2557,1116,2024-07-17,750000,Market Adjustment
2558,1116,2025-07-17,790000,Promotion Increase
2559,1117,2021-01-07,575000,Joining Salary
2560,1117,2022-01-07,595000,Promotion Increase
2561,1117,2024-01-07,660000,Market Adjustment
2562,1117,2025-01-07,735000,Annual Revision
2563,1118,2024-06-10,785000,Joining Salary
2564,1118,2025-06-10,890000,Market Adjustment
2565,1119,2024-03-10,860000,Joining Salary
2566,1119,2025-03-10,900000,Annual Revision
2567,1120,2025-08-08,1160000,Joining Salary
2568,1121,2021-04-29,830000,Joining Salary
2569,1121,2024-04-28,935000,Promotion Increase
2570,1121,2025-04-28,1040000,Promotion Increase
2571,1122,2025-07-03,725000,Joining Salary
2572,1123,2024-05-31,640000,Joining Salary
2573,1123,2025-05-28,710000,Market Adjustment
2574,1124,2021-07-14,735000,Joining Salary
2575,1124,2022-07-14,825000,Annual Revision
2576,1124,2023-07-14,885000,Market Adjustment
2577,1124,2024-07-14,960000,Market Adjustment
2578,1124,2025-07-14,1040000,Annual Revision
2579,1125,2024-04-21,1200000,Joining Salary
2580,1126,2022-08-08,945000,Joining Salary
2581,1126,2023-08-08,1030000,Annual Revision
2582,1126,2024-08-08,1070000,Annual Revision
2583,1127,2025-09-21,725000,Joining Salary
2584,1128,2023-06-29,955000,Joining Salary
2585,1128,2024-06-28,1030000,Market Adjustment
2586,1129,2021-10-08,605000,Joining Salary
2587,1129,2022-10-08,645000,Market Adjustment
2588,1129,2024-10-08,715000,Promotion Increase
2589,1129,2025-10-08,740000,Annual Revision
2590,1130,2024-02-03,700000,Joining Salary
2591,1130,2025-02-03,770000,Market Adjustment
2592,1131,2025-05-21,1065000,Joining Salary
2593,1132,2024-09-19,1345000,Joining Salary
2594,1132,2025-09-19,1475000,Promotion Increase
2595,1133,2022-11-04,1085000,Joining Salary
2596,1133,2023-11-04,1175000,Promotion Increase
2597,1134,2023-07-06,1090000,Joining Salary
2598,1134,2024-07-06,1130000,Annual Revision
2599,1135,2021-04-14,1620000,Joining Salary
2600,1135,2022-04-14,1725000,Annual Revision
2601,1135,2023-04-14,1790000,Market Adjustment
2602,1135,2024-04-14,2035000,Annual Revision
2603,1135,2025-04-14,2120000,Market Adjustment
2604,1136,2023-05-13,785000,Joining Salary
2605,1136,2024-05-13,840000,Annual Revision
2606,1137,2025-11-15,1025000,Joining Salary
2607,1138,2025-11-15,765000,Joining Salary
2608,1139,2021-08-02,1235000,Joining Salary
2609,1139,2022-08-02,1340000,Promotion Increase
2610,1139,2025-08-02,1455000,Annual Revision
2611,1140,2021-09-30,1415000,Joining Salary
2612,1140,2022-09-28,1525000,Promotion Increase
2613,1140,2023-09-28,1575000,Promotion Increase
2614,1140,2025-09-28,1690000,Annual Revision
2615,1141,2021-12-10,605000,Joining Salary
2616,1141,2022-12-10,630000,Annual Revision
2617,1141,2023-12-10,670000,Market Adjustment
2618,1141,2024-12-10,705000,Market Adjustment
2619,1142,2023-05-24,405000,Joining Salary
2620,1142,2024-05-24,440000,Promotion Increase
2621,1142,2025-05-24,485000,Annual Revision
2622,1143,2021-01-03,1330000,Joining Salary
2623,1143,2022-01-03,1370000,Promotion Increase
2624,1143,2023-01-03,1495000,Promotion Increase
2625,1143,2024-01-03,1680000,Market Adjustment
2626,1143,2025-01-03,1845000,Annual Revision
2627,1144,2023-11-29,1155000,Joining Salary
2628,1144,2025-11-28,1310000,Annual Revision
2629,1145,2025-07-09,700000,Joining Salary
2630,1146,2021-03-06,1510000,Joining Salary
2631,1146,2022-03-06,1585000,Market Adjustment
2632,1146,2023-03-06,1645000,Market Adjustment
2633,1146,2024-03-06,1700000,Annual Revision
2634,1146,2025-03-06,1785000,Market Adjustment
2635,1147,2022-09-17,625000,Joining Salary
2636,1148,2024-01-25,635000,Joining Salary
2637,1149,2024-07-09,680000,Joining Salary
2638,1150,2024-04-27,1400000,Joining Salary
2639,1150,2025-04-27,1500000,Promotion Increase
2640,1151,2023-07-16,1010000,Joining Salary
2641,1151,2024-07-16,1115000,Market Adjustment
2642,1152,2021-10-21,645000,Joining Salary
2643,1152,2023-10-21,730000,Annual Revision
2644,1152,2024-10-21,765000,Annual Revision
2645,1153,2022-01-09,1920000,Joining Salary
2646,1153,2024-01-09,2020000,Promotion Increase
2647,1153,2025-01-09,2225000,Annual Revision
2648,1154,2022-09-07,405000,Joining Salary
2649,1154,2023-09-07,450000,Promotion Increase
2650,1154,2024-09-07,510000,Annual Revision
2651,1154,2025-09-07,535000,Annual Revision
2652,1155,2022-03-19,1565000,Joining Salary
2653,1155,2023-03-19,1740000,Annual Revision
2654,1155,2024-03-19,1940000,Promotion Increase
2655,1156,2024-12-01,1275000,Joining Salary
2656,1156,2025-12-01,1360000,Promotion Increase
2657,1157,2021-09-05,600000,Joining Salary
2658,1157,2022-09-05,670000,Market Adjustment
2659,1157,2023-09-05,705000,Annual Revision
2660,1157,2024-09-05,740000,Market Adjustment
2661,1158,2023-04-30,795000,Joining Salary
2662,1158,2024-04-28,870000,Market Adjustment
2663,1158,2025-04-28,965000,Promotion Increase
2664,1159,2025-02-28,1005000,Joining Salary
2665,1160,2022-12-09,1540000,Joining Salary
2666,1160,2023-12-09,1740000,Promotion Increase
2667,1160,2024-12-09,1920000,Annual Revision
2668,1161,2024-06-24,730000,Joining Salary
2669,1161,2025-06-24,765000,Promotion Increase
2670,1162,2023-05-19,740000,Joining Salary
2671,1163,2021-07-30,560000,Joining Salary
2672,1163,2023-07-28,605000,Market Adjustment
2673,1163,2024-07-28,625000,Annual Revision
2674,1163,2025-07-28,655000,Market Adjustment
2675,1164,2022-09-18,1060000,Joining Salary
2676,1164,2023-09-18,1100000,Annual Revision
2677,1164,2024-09-18,1220000,Market Adjustment
2678,1165,2025-02-12,1275000,Joining Salary
2679,1166,2022-01-28,960000,Joining Salary
2680,1166,2025-01-28,1015000,Promotion Increase
2681,1167,2023-11-03,1070000,Joining Salary
2682,1167,2024-11-03,1215000,Promotion Increase
2683,1167,2025-11-03,1265000,Promotion Increase
2684,1168,2023-03-22,420000,Joining Salary
2685,1168,2024-03-22,470000,Annual Revision
2686,1168,2025-03-22,485000,Annual Revision
2687,1169,2021-02-25,740000,Joining Salary
2688,1169,2022-02-25,765000,Promotion Increase
2689,1169,2023-02-25,825000,Annual Revision
2690,1169,2024-02-25,930000,Promotion Increase
2691,1169,2025-02-25,1050000,Annual Revision
2692,1170,2022-11-30,860000,Joining Salary
2693,1170,2023-11-28,975000,Promotion Increase
2694,1171,2022-06-20,615000,Joining Salary
2695,1171,2023-06-20,640000,Market Adjustment
2696,1171,2024-06-20,705000,Market Adjustment
2697,1171,2025-06-20,775000,Promotion Increase
2698,1172,2025-07-12,975000,Joining Salary
2699,1173,2021-06-12,910000,Joining Salary
2700,1173,2022-06-12,960000,Market Adjustment
2701,1173,2023-06-12,1075000,Market Adjustment
2702,1173,2024-06-12,1190000,Annual Revision
2703,1173,2025-06-12,1355000,Promotion Increase
2704,1174,2023-06-08,590000,Joining Salary
2705,1174,2024-06-08,650000,Promotion Increase
2706,1174,2025-06-08,690000,Annual Revision
2707,1175,2021-02-22,590000,Joining Salary
2708,1175,2023-02-22,645000,Promotion Increase
2709,1175,2024-02-22,700000,Market Adjustment
2710,1175,2025-02-22,730000,Annual Revision
2711,1176,2022-07-23,1505000,Joining Salary
2712,1176,2024-07-23,1575000,Promotion Increase
2713,1177,2022-12-10,605000,Joining Salary
2714,1177,2023-12-10,665000,Annual Revision
2715,1177,2025-12-10,755000,Market Adjustment
2716,1178,2025-08-09,805000,Joining Salary
2717,1179,2024-01-13,1965000,Joining Salary
2718,1180,2021-11-21,1500000,Joining Salary
2719,1180,2023-11-21,1680000,Promotion Increase
2720,1180,2025-11-21,1785000,Promotion Increase
2721,1181,2025-10-15,700000,Joining Salary
2722,1182,2022-01-29,1790000,Joining Salary
2723,1182,2023-01-28,2025000,Promotion Increase
2724,1182,2024-01-28,2135000,Market Adjustment
2725,1183,2024-03-24,695000,Joining Salary
2726,1183,2025-03-24,775000,Market Adjustment
2727,1184,2025-02-25,780000,Joining Salary
2728,1185,2025-09-01,635000,Joining Salary
2729,1186,2022-10-14,775000,Joining Salary
2730,1186,2023-10-14,820000,Market Adjustment
2731,1186,2025-10-14,925000,Market Adjustment
2732,1187,2023-05-03,1045000,Joining Salary
2733,1188,2025-07-12,515000,Joining Salary
2734,1189,2021-02-19,625000,Joining Salary
2735,1189,2022-02-19,655000,Annual Revision
2736,1189,2023-02-19,685000,Annual Revision
2737,1189,2024-02-19,760000,Promotion Increase
2738,1190,2023-07-18,500000,Joining Salary
2739,1190,2024-07-18,525000,Market Adjustment
2740,1190,2025-07-18,575000,Market Adjustment
2741,1191,2022-05-11,1040000,Joining Salary
2742,1191,2023-05-11,1135000,Promotion Increase
2743,1191,2024-05-11,1245000,Annual Revision
2744,1191,2025-05-11,1385000,Market Adjustment
2745,1192,2023-08-18,1215000,Joining Salary
2746,1192,2024-08-18,1265000,Market Adjustment
2747,1192,2025-08-18,1390000,Market Adjustment
2748,1193,2022-06-27,1320000,Joining Salary
2749,1193,2023-06-27,1450000,Annual Revision
2750,1193,2024-06-27,1560000,Market Adjustment
2751,1193,2025-06-27,1615000,Annual Revision
2752,1194,2022-08-05,1210000,Joining Salary
2753,1194,2023-08-05,1335000,Annual Revision
2754,1194,2024-08-05,1390000,Annual Revision
2755,1194,2025-08-05,1510000,Market Adjustment
2756,1195,2022-09-08,700000,Joining Salary
2757,1195,2023-09-08,770000,Market Adjustment
2758,1195,2024-09-08,805000,Annual Revision
2759,1196,2023-08-26,730000,Joining Salary
2760,1196,2024-08-26,805000,Market Adjustment
2761,1197,2025-06-15,680000,Joining Salary
2762,1198,2021-01-22,710000,Joining Salary
2763,1198,2022-01-22,750000,Promotion Increase
2764,1198,2025-01-22,830000,Promotion Increase
2765,1199,2021-02-10,690000,Joining Salary
2766,1199,2022-02-10,725000,Annual Revision
2767,1199,2023-02-10,755000,Annual Revision
2768,1199,2024-02-10,845000,Annual Revision
2769,1199,2025-02-10,955000,Promotion Increase
2770,1200,2022-10-12,720000,Joining Salary
2771,1200,2024-10-12,765000,Market Adjustment
